model_config,model_label,family,archive_layout,condition,repeat_index,split_seed,nas_trial_id,best_epoch,train_acc,val_acc,test_acc,train_loss,val_loss,test_loss,train_accuracy_macro_levels,val_accuracy_macro_levels,test_accuracy_macro_levels,train_f1_macro_levels,val_f1_macro_levels,test_f1_macro_levels,train_precision_macro_levels,val_precision_macro_levels,test_precision_macro_levels,train_recall_macro_levels,val_recall_macro_levels,test_recall_macro_levels,train_accuracy_overall,val_accuracy_overall,test_accuracy_overall,train_f1_macro_overall,val_f1_macro_overall,test_f1_macro_overall,train_precision_macro_overall,val_precision_macro_overall,test_precision_macro_overall,train_recall_macro_overall,val_recall_macro_overall,test_recall_macro_overall,train_oa_overall,train_omae_overall,train_qwk_overall,train_ser_overall,val_oa_overall,val_omae_overall,val_qwk_overall,val_ser_overall,test_oa_overall,test_omae_overall,test_qwk_overall,test_ser_overall,run_dir
nas_best_convnext3d_3d,ConvNeXt 3D,convnext3d,3d_level_stack,left_neural_foraminal_narrowing,1,42,313,1,0.7474294090340053,0.7749152609857463,0.7804054134600872,0.8735370426657924,0.5935146341889591,0.5996623748057598,0.7781317885590152,0.7749152542372881,0.7804054054054055,0.2892373042865998,0.2887763879122616,0.2899925699161249,,,,,,,0.7781317885590152,0.7749152542372881,0.7804054054054054,0.2917413259488516,0.2910618792971734,0.2922201138519924,,,,,,,0.7781317885590152,0.2955829109341057,0.6678249538494951,0.0737146994931209,0.7749152542372881,0.2657627118644067,0.0,0.0406779661016949,0.7804054054054054,0.2918918918918919,0.6717468404843732,0.0722972972972973,nas_best_convnext3d_3d/left_neural_foraminal_narrowing/repeat_01
nas_best_convnext3d_3d,ConvNeXt 3D,convnext3d,3d_level_stack,left_neural_foraminal_narrowing,2,142,313,1,0.7588703954332036,0.7640678052174843,0.768918925040477,0.795304955929453,0.6025684158680803,0.5877331519449079,0.7829109341057204,0.7640677966101694,0.768918918918919,0.2903596036565186,0.2862960846192743,0.2871727263848972,,,,,,,0.7829109341057205,0.7640677966101694,0.768918918918919,0.2927463244253107,0.2887522418652319,0.2897886427298192,,,,,,,0.7829109341057205,0.2893555394641564,0.6747012580544829,0.0722664735698769,0.7640677966101694,0.2766101694915254,0.0,0.0406779661016949,0.768918918918919,0.3067567567567567,0.655488987691621,0.0756756756756756,nas_best_convnext3d_3d/left_neural_foraminal_narrowing/repeat_02
nas_best_convnext3d_3d,ConvNeXt 3D,convnext3d,3d_level_stack,left_neural_foraminal_narrowing,3,242,313,1,0.7440579827281012,0.7743243317346316,0.7628378465368941,1.0607643178407695,0.5761499171321457,0.5903365555647258,0.7820289855072464,0.7743243243243242,0.7628378378378378,0.2902512378929732,0.288378724542299,0.2855347587404527,,,,,,,0.7820289855072464,0.7743243243243243,0.7628378378378379,0.2925612665365431,0.2909367859862909,0.2884885652229462,,,,,,,0.7820289855072464,0.2902898550724637,0.6737688879226003,0.0723188405797101,0.7743243243243243,0.2668918918918919,0.0,0.0412162162162162,0.7628378378378379,0.3148648648648648,0.6467017193657587,0.0777027027027027,nas_best_convnext3d_3d/left_neural_foraminal_narrowing/repeat_03
nas_best_convnext3d_3d,ConvNeXt 3D,convnext3d,3d_level_stack,left_neural_foraminal_narrowing,4,342,313,1,0.7475742331714754,0.7735593288631762,0.7668918967247009,0.9001437808662804,0.553836957074828,0.610946130108189,0.7813178855901521,0.7735593220338982,0.7668918918918919,0.2900970405230502,0.2875359896600857,0.2870900299448761,,,,,,,0.781317885590152,0.7735593220338983,0.7668918918918919,0.2924119241192411,0.2907747196738022,0.2893562778840025,,,,,,,0.781317885590152,0.2912382331643736,0.672820170231363,0.0725561187545257,0.7735593220338983,0.263728813559322,0.0,0.0372881355932203,0.7668918918918919,0.3094594594594594,0.6524402176711929,0.0763513513513513,nas_best_convnext3d_3d/left_neural_foraminal_narrowing/repeat_04
nas_best_convnext3d_3d,ConvNeXt 3D,convnext3d,3d_level_stack,left_neural_foraminal_narrowing,5,442,313,1,0.7415340224175826,0.7763513584394712,0.7809523887374774,0.8919527818773659,0.5703531858083364,0.5928574873476612,0.777713458755427,0.7763513513513514,0.780952380952381,0.2891980040426374,0.2886911730658931,0.2902470815541113,,,,,,,0.777713458755427,0.7763513513513514,0.780952380952381,0.2916530988820145,0.2913655382274629,0.2923351158645276,,,,,,,0.777713458755427,0.2960926193921852,0.6670287230526397,0.0738060781476121,0.7763513513513514,0.2662162162162162,0.0,0.0425675675675675,0.780952380952381,0.291156462585034,0.6731358529111338,0.0721088435374149,nas_best_convnext3d_3d/left_neural_foraminal_narrowing/repeat_05
nas_best_convnext3d_3d,ConvNeXt 3D,convnext3d,3d_level_stack,left_subarticular_stenosis,1,42,362,1,0.6884462276302961,0.727472532199416,0.7377777867847019,1.293448953894505,0.7091767146037176,0.6932355297936333,0.7212749003984065,0.7274725274725276,0.7377777777777778,0.2760150393745112,0.2770888608322155,0.2796906227405111,,,,,,,0.7212749003984064,0.7274725274725274,0.7377777777777778,0.2793568496744129,0.280746395250212,0.2830349531116794,,,,,,,0.7212749003984064,0.3713147410358566,0.5826960641761701,0.0925896414342629,0.7274725274725274,0.3663003663003663,0.0,0.0937728937728937,0.7377777777777778,0.3481481481481481,0.61,0.0859259259259259,nas_best_convnext3d_3d/left_subarticular_stenosis/repeat_01
nas_best_convnext3d_3d,ConvNeXt 3D,convnext3d,3d_level_stack,left_subarticular_stenosis,2,142,362,1,0.6977635901956893,0.7304029382847168,0.6967033051745796,1.0798753574252509,0.7056352376064539,0.8036305048526862,0.729552715654952,0.7304029304029304,0.6967032967032967,0.2780083867737395,0.277116306139131,0.270371527975707,,,,,,,0.729552715654952,0.7304029304029304,0.6967032967032967,0.2812105538622579,0.2813999435506633,0.273747841105354,,,,,,,0.729552715654952,0.3603833865814696,0.5948729459549811,0.0899361022364217,0.7304029304029304,0.3545787545787546,0.0,0.0849816849816849,0.6967032967032967,0.4029304029304029,0.5478547854785479,0.0996336996336996,nas_best_convnext3d_3d/left_subarticular_stenosis/repeat_02
nas_best_convnext3d_3d,ConvNeXt 3D,convnext3d,3d_level_stack,left_subarticular_stenosis,3,242,362,1,0.6951548974129583,0.7246268738561602,0.7254612600891353,1.0869091907316395,0.7194437731557818,0.7083182004984895,0.7245432883240668,0.7246268656716419,0.7254612546125461,0.2769033435054829,0.2759908034753707,0.276657086521733,,,,,,,0.7245432883240667,0.7246268656716418,0.7254612546125462,0.2800908867600098,0.2801096206548392,0.2802965497576276,,,,,,,0.7245432883240667,0.3667990468625893,0.5876746477551702,0.091342335186656,0.7246268656716418,0.3619402985074627,0.0,0.0865671641791044,0.7254612546125462,0.3638376383763838,0.5937048059447585,0.0892988929889298,nas_best_convnext3d_3d/left_subarticular_stenosis/repeat_03
nas_best_convnext3d_3d,ConvNeXt 3D,convnext3d,3d_level_stack,left_subarticular_stenosis,4,342,362,1,0.7048374405935773,0.720588240553351,0.7320754818196566,,0.7566543764927808,0.7553646033664919,0.7240285487708169,0.7205882352941175,0.7320754716981133,0.2766726937186893,0.2753182173649265,0.2785030059800079,,,,,,,0.7240285487708168,0.7205882352941176,0.7320754716981132,0.2799754676479607,0.2792022792022792,0.2817719680464778,,,,,,,0.7240285487708168,0.3678033306899286,0.5865142928276755,0.0918318794607454,0.7205882352941176,0.3691176470588235,0.0,0.0897058823529411,0.7320754716981132,0.3554716981132075,0.6026037300363276,0.0875471698113207,nas_best_convnext3d_3d/left_subarticular_stenosis/repeat_04
nas_best_convnext3d_3d,ConvNeXt 3D,convnext3d,3d_level_stack,left_subarticular_stenosis,5,442,362,1,0.6941176577099556,0.7096296341330917,0.719259269590731,,0.7459299219979181,0.7484654135174221,0.729093799682035,0.7096296296296296,0.7192592592592593,0.2778021238034087,0.2729793034322768,0.2755173169715992,,,,,,,0.729093799682035,0.7096296296296296,0.7192592592592593,0.2811082505823219,0.2767186597342576,0.278902771793767,,,,,,,0.729093799682035,0.3608903020667726,0.5944206777301138,0.0899841017488076,0.7096296296296296,0.3718518518518519,0.0,0.0814814814814814,0.7192592592592593,0.3725925925925926,0.5820812465219811,0.0918518518518518,nas_best_convnext3d_3d/left_subarticular_stenosis/repeat_05
nas_best_convnext3d_3d,ConvNeXt 3D,convnext3d,3d_level_stack,right_neural_foraminal_narrowing,1,42,371,1,0.7672250655907744,0.7743243309291633,0.7858108153214326,,,,0.7825200291332848,0.7743243243243243,0.7858108108108108,0.2904586780368953,0.288665982264653,0.291064539685018,,,,,,,0.7825200291332848,0.7743243243243243,0.7858108108108108,0.2926643240445643,0.2909367859862909,0.2933535124227519,,,,,,,0.7825200291332848,0.2897305171158048,0.6741720406601814,0.0722505462490895,0.7743243243243243,0.2695945945945946,0.0,0.0439189189189189,0.7858108108108108,0.2844594594594594,0.6805485017775521,0.0702702702702702,nas_best_convnext3d_3d/right_neural_foraminal_narrowing/repeat_01
nas_best_convnext3d_3d,ConvNeXt 3D,convnext3d,3d_level_stack,right_neural_foraminal_narrowing,2,142,371,1,0.7670794006515748,0.7885135202794462,0.7641891974049646,,,,0.784122359796067,0.7885135135135135,0.7641891891891891,0.2908987978805419,0.2916086475042451,0.2859771560155101,,,,,,,0.784122359796067,0.7885135135135135,0.7641891891891892,0.2930002177226213,0.2939176426142803,0.2887782458828035,,,,,,,0.784122359796067,0.2875455207574654,0.6766506855062727,0.0716678805535324,0.7885135135135135,0.2486486486486486,0.0,0.0371621621621621,0.7641891891891892,0.3135135135135135,0.6477145277628199,0.0777027027027027,nas_best_convnext3d_3d/right_neural_foraminal_narrowing/repeat_02
nas_best_convnext3d_3d,ConvNeXt 3D,convnext3d,3d_level_stack,right_neural_foraminal_narrowing,3,242,371,1,0.7581091030727733,0.7687074919136203,0.7682432500091759,,,,0.787490909090909,0.7687074829931972,0.7682432432432431,0.2913872445850599,0.287312434034709,0.2879799704339073,,,,,,,0.7874909090909091,0.7687074829931972,0.7682432432432432,0.2937043968861041,0.2897435897435897,0.2896446312571647,,,,,,,0.7874909090909091,0.2832,0.6816445712591468,0.0706909090909091,0.7687074829931972,0.2714285714285714,0.0,0.0401360544217687,0.7682432432432432,0.3074324324324324,0.655157267667305,0.0756756756756756,nas_best_convnext3d_3d/right_neural_foraminal_narrowing/repeat_03
nas_best_convnext3d_3d,ConvNeXt 3D,convnext3d,3d_level_stack,right_neural_foraminal_narrowing,4,342,371,1,0.7667880673870412,0.7878378420262724,0.7668918967247009,,,,0.7836853605243992,0.7878378378378379,0.7668918918918919,0.2905563015740022,0.2917911275642517,0.287374984113628,,,,,,,0.7836853605243991,0.7878378378378378,0.7668918918918919,0.2929086702055261,0.2937767699672461,0.2893562778840025,,,,,,,0.7836853605243991,0.2881281864530226,0.6760656253402862,0.0718135469774217,0.7878378378378378,0.25,0.0,0.0378378378378378,0.7668918918918919,0.3101351351351351,0.6510895302151607,0.077027027027027,nas_best_convnext3d_3d/right_neural_foraminal_narrowing/repeat_04
nas_best_convnext3d_3d,ConvNeXt 3D,convnext3d,3d_level_stack,right_neural_foraminal_narrowing,5,442,371,1,0.7684593120979708,0.7667796652195817,0.7775510306261024,,,,0.7859011627906977,0.766779661016949,0.7775510204081633,0.2911403151360543,0.2872274862612972,0.2892200643976619,,,,,,,0.7859011627906977,0.7667796610169492,0.7775510204081633,0.2933723990125064,0.2893323100537222,0.2916188289322617,,,,,,,0.7859011627906977,0.2850290697674418,0.6796817387191049,0.0709302325581395,0.7667796610169492,0.2711864406779661,0.0,0.0379661016949152,0.7775510204081633,0.2959183673469387,0.667687595712098,0.073469387755102,nas_best_convnext3d_3d/right_neural_foraminal_narrowing/repeat_05
nas_best_convnext3d_3d,ConvNeXt 3D,convnext3d,3d_level_stack,right_subarticular_stenosis,1,42,364,1,0.6906497712747419,0.7204545510537697,0.7215827405452728,1.0118141421803204,0.7101745768026873,0.7222510018794657,0.7215530903328051,0.7204545454545455,0.7215827338129497,0.2758782468519276,0.2753669656300813,0.2765628334927886,,,,,,,0.7215530903328051,0.7204545454545455,0.7215827338129497,0.2794194360060143,0.2791721708498458,0.2794261039141941,,,,,,,0.7215530903328051,0.3709984152139461,0.5827090022594839,0.0925515055467511,0.7204545454545455,0.3719696969696969,0.0,0.0924242424242424,0.7215827338129497,0.3705035971223021,0.5830146026014653,0.0920863309352518,nas_best_convnext3d_3d/right_subarticular_stenosis/repeat_01
nas_best_convnext3d_3d,ConvNeXt 3D,convnext3d,3d_level_stack,right_subarticular_stenosis,2,142,364,1,0.6945194709480897,0.73211679710959,0.7143911502678016,0.9830299900390498,0.720256118878831,0.7795578089587363,0.720571882446386,0.7321167883211679,0.7143911439114392,0.2757152362164368,0.2787314163641909,0.2739043308463053,,,,,,,0.720571882446386,0.7321167883211679,0.7143911439114391,0.2791985966208106,0.2817811490377862,0.2778016932127995,,,,,,,0.720571882446386,0.3722001588562351,0.5814759005487251,0.0927720413026211,0.7321167883211679,0.3532846715328467,0.0,0.0854014598540146,0.7143911439114391,0.3793357933579336,0.5747525683042245,0.0937269372693726,nas_best_convnext3d_3d/right_subarticular_stenosis/repeat_02
nas_best_convnext3d_3d,ConvNeXt 3D,convnext3d,3d_level_stack,right_subarticular_stenosis,3,242,364,1,0.7098412822163295,0.6988764130667354,0.7097472976691456,0.9421274255192468,0.7881668627485354,0.7621779704352148,0.7287301587301588,0.698876404494382,0.7097472924187727,0.2776593503109581,0.2706177358481219,0.2729514926907902,,,,,,,0.7287301587301588,0.698876404494382,0.7097472924187725,0.2810271477978759,0.2742504409171076,0.2767454954954955,,,,,,,0.7287301587301588,0.3614285714285714,0.5935453138025486,0.0901587301587301,0.698876404494382,0.3925093632958801,0.0,0.0913857677902621,0.7097472924187725,0.3855595667870036,0.568183505307698,0.0953068592057761,nas_best_convnext3d_3d/right_subarticular_stenosis/repeat_03
nas_best_convnext3d_3d,ConvNeXt 3D,convnext3d,3d_level_stack,right_subarticular_stenosis,4,342,364,1,0.6992088694927059,0.7176470642580706,0.7201492595138834,0.9210279763122148,0.7094972142401863,0.7257407521133992,0.7224683544303797,0.7176470588235295,0.7201492537313433,0.2763322642149069,0.2746031973603554,0.2751694708188416,,,,,,,0.7224683544303797,0.7176470588235294,0.7201492537313433,0.2796252066874885,0.2785388127853881,0.2791033984092552,,,,,,,0.7224683544303797,0.3697784810126582,0.5844109621544666,0.0922468354430379,0.7176470588235294,0.3713235294117647,0.0,0.0889705882352941,0.7201492537313433,0.3723880597014925,0.5824448115332632,0.0925373134328358,nas_best_convnext3d_3d/right_subarticular_stenosis/repeat_04
nas_best_convnext3d_3d,ConvNeXt 3D,convnext3d,3d_level_stack,right_subarticular_stenosis,5,442,364,1,0.700796193947458,0.734065939327736,0.7170909146829085,0.9645791577685412,0.6997818553840721,0.7177975650267168,0.7195859872611465,0.7340659340659341,0.717090909090909,0.2756360550339848,0.2786282918072599,0.2744837786889931,,,,,,,0.7195859872611465,0.734065934065934,0.7170909090909091,0.2789764484365836,0.2822137727080693,0.2784131017930255,,,,,,,0.7195859872611465,0.3735668789808917,0.579827995825012,0.0931528662420382,0.734065934065934,0.3553113553113553,0.0,0.0893772893772893,0.7170909090909091,0.3752727272727272,0.5787796445636217,0.0923636363636363,nas_best_convnext3d_3d/right_subarticular_stenosis/repeat_05
nas_best_convnext3d_3d,ConvNeXt 3D,convnext3d,3d_level_stack,spinal_canal_stenosis,1,42,314,1,0.8681235986269769,0.8678321730006825,0.8867132913816226,0.6126212533605485,0.4916444429150828,0.4160344308906502,0.8780708364732479,0.8678321678321679,0.8867132867132866,0.3110003061133081,0.3091551346806698,0.3126539146850454,,,,,,,0.8780708364732479,0.8678321678321679,0.8867132867132868,0.3116924805392825,0.3097466616747785,0.3133185075364467,,,,,,,0.8780708364732479,0.162170308967596,0.8180791889887871,0.040241145440844,0.8678321678321679,0.1811188811188811,0.0,0.0489510489510489,0.8867132867132868,0.1496503496503496,0.8335084629719804,0.0363636363636363,nas_best_convnext3d_3d/spinal_canal_stenosis/repeat_01
nas_best_convnext3d_3d,ConvNeXt 3D,convnext3d,3d_level_stack,spinal_canal_stenosis,2,142,314,1,0.8566917386270108,0.8701388902134366,0.8811387975444998,0.6979643536241431,0.4705742713477876,0.4368567065836272,0.878796992481203,0.8701388888888889,0.8811387900355871,0.3111544391823006,0.3095519458050016,0.3115780495045529,,,,,,,0.878796992481203,0.8701388888888889,0.8811387900355871,0.3118296782455578,0.3101869043198416,0.31227140875268,,,,,,,0.878796992481203,0.161203007518797,0.8191658191424236,0.04,0.8701388888888889,0.1763888888888889,0.0,0.0465277777777777,0.8811387900355871,0.1572953736654804,0.8239700374531835,0.0384341637010676,nas_best_convnext3d_3d/spinal_canal_stenosis/repeat_02
nas_best_convnext3d_3d,ConvNeXt 3D,convnext3d,3d_level_stack,spinal_canal_stenosis,3,242,314,1,0.8663670545213678,0.8727915242788227,0.8818505400016214,0.5504372070344646,0.5211066072905443,0.4562533843559727,0.8780524344569288,0.872791519434629,0.8818505338078293,0.3110007977866335,0.310109104514969,0.3116737360521899,,,,,,,0.8780524344569288,0.872791519434629,0.8818505338078292,0.3116890023399277,0.310691823899371,0.3124054462934947,,,,,,,0.8780524344569288,0.1622471910112359,0.8178037540744071,0.0402996254681648,0.872791519434629,0.1766784452296819,0.0,0.0494699646643109,0.8818505338078292,0.1565836298932384,0.8244104658738898,0.0384341637010676,nas_best_convnext3d_3d/spinal_canal_stenosis/repeat_03
nas_best_convnext3d_3d,ConvNeXt 3D,convnext3d,3d_level_stack,spinal_canal_stenosis,4,342,314,1,0.8662650700075081,0.879432626649843,0.8678200725453122,0.6225175226488745,0.4469125587889488,0.4650135605392984,0.8796686746987952,0.8794326241134751,0.8678200692041523,0.3113078895192048,0.3114297300673809,0.3089630005478284,,,,,,,0.8796686746987952,0.8794326241134752,0.8678200692041522,0.3119942312314718,0.3119496855345912,0.30974434975917,,,,,,,0.8796686746987952,0.1600903614457831,0.8202057341562881,0.0397590361445783,0.8794326241134752,0.1723404255319149,0.0,0.05177304964539,0.8678200692041522,0.1750865051903114,0.8043591074208615,0.0429065743944636,nas_best_convnext3d_3d/spinal_canal_stenosis/repeat_04
nas_best_convnext3d_3d,ConvNeXt 3D,convnext3d,3d_level_stack,spinal_canal_stenosis,5,442,314,1,0.8539969945385445,0.8748251795768738,0.8857142908647916,0.6607967898317052,0.4535456139307756,0.415711612236209,0.8767722473604828,0.8748251748251749,0.8857142857142858,0.31073035005411,0.3104611095369409,0.3125831208716917,,,,,,,0.8767722473604826,0.8748251748251749,0.8857142857142857,0.3114468643681856,0.3110779559865722,0.3131313131313131,,,,,,,0.8767722473604826,0.1639517345399698,0.8158877447097431,0.0407239819004524,0.8748251748251749,0.1783216783216783,0.0,0.0531468531468531,0.8857142857142857,0.1512195121951219,0.8306240167802832,0.0369337979094076,nas_best_convnext3d_3d/spinal_canal_stenosis/repeat_05
nas_best_convnext_2d,ConvNeXt 2D,convnext,2d,left_neural_foraminal_narrowing,1,42,2,19,0.864156420122101,0.8474576190366583,0.8594594775019465,0.3188618822947177,0.3748484700413073,0.3406740491454665,0.8799420709630702,0.8474576271186439,0.8594594594594593,0.6553113269256815,0.5660693411608061,0.6001323810592526,,,,,,,0.8799420709630702,0.847457627118644,0.8594594594594595,0.7631523746174276,0.6646215633178453,0.7146309886767902,,,,,,,0.8799420709630702,0.1598841419261404,0.8203735599327033,0.0398262128892107,0.847457627118644,0.1545762711864406,0.6849124985165371,0.0020338983050847,0.8594594594594595,0.1858108108108108,0.7922817709512926,0.0452702702702702,nas_best_convnext_2d/left_neural_foraminal_narrowing/repeat_01
nas_best_convnext_2d,ConvNeXt 2D,convnext,2d,left_neural_foraminal_narrowing,2,142,2,17,0.883997115166959,0.8467796889402098,0.8540540402000015,0.2678533784726838,0.3821519269781597,0.3566661235448476,0.9020999275887036,0.8467796610169491,0.854054054054054,0.7405770249002669,0.5949489967013468,0.6205715265799544,,,,,,,0.9020999275887038,0.8467796610169491,0.8540540540540541,0.8112652458512372,0.6978296553918693,0.6829035613742217,,,,,,,0.9020999275887038,0.1303403330919623,0.8536373276909646,0.0324402606806661,0.8467796610169491,0.1586440677966101,0.6828742642682931,0.0054237288135593,0.8540540540540541,0.1939189189189189,0.7821214096976769,0.0479729729729729,nas_best_convnext_2d/left_neural_foraminal_narrowing/repeat_02
nas_best_convnext_2d,ConvNeXt 2D,convnext,2d,left_neural_foraminal_narrowing,3,242,2,11,0.8598550870798636,0.8472973076072899,0.8364865071064717,0.3374506551286448,0.3494246473183503,0.3597457537779936,0.8707246376811595,0.8472972972972974,0.8364864864864865,0.6385075104865863,0.5424472196565233,0.6000011789469073,,,,,,,0.8707246376811594,0.8472972972972973,0.8364864864864865,0.7302379281994106,0.6688482621253954,0.6889495022519622,,,,,,,0.8707246376811594,0.1721739130434782,0.8065217391304348,0.0428985507246376,0.8472972972972973,0.1574324324324324,0.6748554656230543,0.0047297297297297,0.8364864864864865,0.2162162162162162,0.7583781206806076,0.0527027027027027,nas_best_convnext_2d/left_neural_foraminal_narrowing/repeat_03
nas_best_convnext_2d,ConvNeXt 2D,convnext,2d,left_neural_foraminal_narrowing,4,342,2,27,0.9165822058203944,0.8515254311642404,0.8371621676393457,0.2026275822772744,0.4006807212102211,0.440144471220068,0.9293265749456916,0.8515254237288137,0.8371621621621621,0.805846826008304,0.5721583484538738,0.5376541941693087,,,,,,,0.9293265749456916,0.8515254237288136,0.8371621621621622,0.8759104862960604,0.6890907516016437,0.6403458925989071,,,,,,,0.9293265749456916,0.0941346850108617,0.8942223653812187,0.0234612599565532,0.8515254237288136,0.151864406779661,0.6834096183304135,0.0033898305084745,0.8371621621621622,0.2162162162162162,0.7573595738769855,0.0533783783783783,nas_best_convnext_2d/left_neural_foraminal_narrowing/repeat_04
nas_best_convnext_2d,ConvNeXt 2D,convnext,2d,left_neural_foraminal_narrowing,5,442,2,13,0.8800289551532045,0.8520270328263979,0.8523809840890015,0.2856390910969801,0.3602648409637245,0.3637308231016405,0.8908827785817655,0.852027027027027,0.8523809523809524,0.7303473237387007,0.6548773553542925,0.5926448710685833,,,,,,,0.8908827785817656,0.852027027027027,0.8523809523809524,0.7895050549307833,0.7132970958867194,0.7001579883648253,,,,,,,0.8908827785817656,0.1452966714905933,0.836663744963441,0.0361794500723589,0.852027027027027,0.1533783783783783,0.7080739896554747,0.0054054054054054,0.8523809523809524,0.1959183673469387,0.7801635991820041,0.0482993197278911,nas_best_convnext_2d/left_neural_foraminal_narrowing/repeat_05
nas_best_convnext_2d,ConvNeXt 2D,convnext,2d,left_subarticular_stenosis,1,42,52,28,0.9615936437451033,0.8490842497829116,0.8340740976510225,0.1017026092307976,0.52493078935714,0.5775797994048507,0.9717928286852592,0.8490842490842491,0.834074074074074,0.9587900794095344,0.6957581304538121,0.6763246104663796,,,,,,,0.971792828685259,0.8490842490842491,0.8340740740740741,0.9597693843395946,0.7280206968276479,0.7051309953568841,,,,,,,0.971792828685259,0.0374501992031872,0.9580594893446128,0.0092430278884462,0.8490842490842491,0.1597069597069597,0.7823066936424565,0.0087912087912087,0.8340740740740741,0.22,0.7537520844913841,0.054074074074074,nas_best_convnext_2d/left_subarticular_stenosis/repeat_01
nas_best_convnext_2d,ConvNeXt 2D,convnext,2d,left_subarticular_stenosis,2,142,52,16,0.879073497586357,0.8578754530284868,0.8219780284406502,0.2905087710950321,0.3605970063488998,0.4359814618533347,0.8787539936102237,0.8578754578754578,0.821978021978022,0.7638481749131749,0.6973482214448956,0.6694703605357615,,,,,,,0.8787539936102237,0.8578754578754578,0.8219780219780219,0.7923704890949597,0.7316904364621587,0.7015518331383378,,,,,,,0.8787539936102237,0.1613418530351437,0.8188788080176064,0.0400958466453674,0.8578754578754578,0.1443223443223443,0.8048641876717857,0.0021978021978021,0.8219780219780219,0.2358974358974359,0.735973597359736,0.0578754578754578,nas_best_convnext_2d/left_subarticular_stenosis/repeat_02
nas_best_convnext_2d,ConvNeXt 2D,convnext,2d,left_subarticular_stenosis,3,242,52,16,0.8692613417331523,0.843283606998956,0.8546125519319654,0.2979726380682635,0.4029713424284066,0.3716110840054895,0.8802223987291502,0.8432835820895523,0.8546125461254611,0.7648021200167859,0.6820062171978873,0.687844942804929,,,,,,,0.8802223987291501,0.8432835820895522,0.8546125461254612,0.7917340925179605,0.7251561830858732,0.7537601887162341,,,,,,,0.8802223987291501,0.1594916600476568,0.820738941028919,0.0397140587768069,0.8432835820895522,0.1611940298507462,0.7753777156931221,0.0044776119402985,0.8546125461254612,0.192619926199262,0.7849640685461581,0.0472324723247232,nas_best_convnext_2d/left_subarticular_stenosis/repeat_03
nas_best_convnext_2d,ConvNeXt 2D,convnext,2d,left_subarticular_stenosis,4,342,52,12,0.8410785161815495,0.8573529755367952,0.8324528190324891,0.3690553057486816,0.3569088858716628,0.3838615188058817,0.847898493259318,0.8573529411764704,0.8324528301886793,0.6887595914629512,0.7245510723709181,0.6188458870718396,,,,,,,0.847898493259318,0.8573529411764705,0.8324528301886792,0.7274710851202079,0.7503924359314124,0.6894950843938091,,,,,,,0.847898493259318,0.2026962727993655,0.7721216598151263,0.0505947660586835,0.8573529411764705,0.1492647058823529,0.7875606797832067,0.0066176470588235,0.8324528301886792,0.2218867924528302,0.7522635009668703,0.0543396226415094,nas_best_convnext_2d/left_subarticular_stenosis/repeat_04
nas_best_convnext_2d,ConvNeXt 2D,convnext,2d,left_subarticular_stenosis,5,442,52,20,0.8593004924883334,0.8325925977141769,0.8251851863331265,0.3302645636381898,0.3989666819572449,0.3858379924738848,0.8642289348171701,0.8325925925925926,0.8251851851851851,0.7375807510337994,0.6395253059947834,0.6703470013837566,,,,,,,0.8642289348171701,0.8325925925925926,0.8251851851851851,0.7796589192339148,0.7376299408680317,0.7199894662740359,,,,,,,0.8642289348171701,0.1807631160572337,0.7969960662772678,0.0449920508744038,0.8325925925925926,0.1688888888888889,0.7743957956365899,0.0014814814814814,0.8251851851851851,0.2318518518518518,0.7404113396331296,0.057037037037037,nas_best_convnext_2d/left_subarticular_stenosis/repeat_05
nas_best_convnext_2d,ConvNeXt 2D,convnext,2d,right_neural_foraminal_narrowing,1,42,42,11,0.8852148614308301,0.85608108945795,0.8540540595312376,0.2822184334987285,0.363452677791183,0.3456245934641039,0.8887108521485798,0.856081081081081,0.854054054054054,0.6812265903379915,0.5927080771433009,0.5549699084844543,,,,,,,0.8887108521485797,0.856081081081081,0.8540540540540541,0.7620502869778821,0.6834494158349574,0.668356811526047,,,,,,,0.8887108521485797,0.1481427530954115,0.8334973215261834,0.0368536052439912,0.856081081081081,0.152027027027027,0.6805312342874976,0.0081081081081081,0.8540540540540541,0.1925675675675675,0.7851730858978231,0.0466216216216216,nas_best_convnext_2d/right_neural_foraminal_narrowing/repeat_01
nas_best_convnext_2d,ConvNeXt 2D,convnext,2d,right_neural_foraminal_narrowing,2,142,42,10,0.8900218516132385,0.8641891994991818,0.8364864893861719,0.2678538610139904,0.3464450079041558,0.3986573863673854,0.9015294974508375,0.8641891891891891,0.8364864864864865,0.7788976840430414,0.60776304202193,0.5385723944519488,,,,,,,0.9015294974508375,0.8641891891891892,0.8364864864864865,0.8051873217496569,0.6955303456146625,0.6557476383765918,,,,,,,0.9015294974508375,0.1310997815003641,0.8526131407508017,0.0326292789512017,0.8641891891891892,0.1405405405405405,0.7203801794686747,0.0047297297297297,0.8364864864864865,0.2168918918918919,0.7567293042153378,0.0533783783783783,nas_best_convnext_2d/right_neural_foraminal_narrowing/repeat_02
nas_best_convnext_2d,ConvNeXt 2D,convnext,2d,right_neural_foraminal_narrowing,3,242,42,9,0.8679272760477933,0.8476190506195536,0.8527027030248899,0.3212599498575384,0.3744355200910244,0.3586329511694006,0.8736,0.8476190476190476,0.8527027027027028,0.5966664810301208,0.5612141644206823,0.582614633506846,,,,,,,0.8736,0.8476190476190476,0.8527027027027027,0.7025479961769898,0.6806394066407618,0.6649865864912129,,,,,,,0.8736,0.1684363636363636,0.8106456341324612,0.0420363636363636,0.8476190476190476,0.1578231292517006,0.6546648100258603,0.0054421768707482,0.8527027027027027,0.1945945945945946,0.7825225652064944,0.0472972972972973,nas_best_convnext_2d/right_neural_foraminal_narrowing/repeat_03
nas_best_convnext_2d,ConvNeXt 2D,convnext,2d,right_neural_foraminal_narrowing,4,342,42,10,0.8879825325231003,0.8506756618216231,0.8364865119392807,0.2735512133332299,0.3956947648847425,0.4125578145723085,0.9000728332119448,0.8506756756756756,0.8364864864864865,0.7419476691235012,0.6242852715339282,0.6376697992829378,,,,,,,0.9000728332119446,0.8506756756756757,0.8364864864864865,0.8052545786565037,0.6838622967856934,0.6879047211149537,,,,,,,0.9000728332119446,0.1331391114348142,0.8502731525349472,0.0332119446467589,0.8506756756756757,0.1533783783783783,0.6861457649376231,0.004054054054054,0.8364864864864865,0.2168918918918919,0.7567293042153378,0.0533783783783783,nas_best_convnext_2d/right_neural_foraminal_narrowing/repeat_04
nas_best_convnext_2d,ConvNeXt 2D,convnext,2d,right_neural_foraminal_narrowing,5,442,42,16,0.8806686165720917,0.856271198846526,0.8557823211157403,0.2774686269288839,0.3595266709893436,0.359244944692469,0.8953488372093024,0.8562711864406779,0.8557823129251702,0.6723622585545316,0.5594897379177712,0.558277957210393,,,,,,,0.8953488372093024,0.856271186440678,0.85578231292517,0.7802116077056285,0.6873755916357526,0.6785445028763301,,,,,,,0.8953488372093024,0.1393895348837209,0.8432420142149211,0.0347383720930232,0.856271186440678,0.1464406779661017,0.6910850357627039,0.0027118644067796,0.85578231292517,0.191156462585034,0.7858967807869187,0.046938775510204,nas_best_convnext_2d/right_neural_foraminal_narrowing/repeat_05
nas_best_convnext_2d,ConvNeXt 2D,convnext,2d,right_subarticular_stenosis,1,42,139,17,0.8291600776361021,0.8310606172590544,0.8208633009478342,0.4017892300421387,0.4000376986734795,0.4059515020830168,0.8378763866877972,0.831060606060606,0.820863309352518,0.662290930043213,0.6728191281394303,0.6284136812461634,,,,,,,0.8378763866877972,0.831060606060606,0.820863309352518,0.7117204593440359,0.7124755599667769,0.6957029764104515,,,,,,,0.8378763866877972,0.2160063391442155,0.7570459305434127,0.0538827258320126,0.831060606060606,0.1765151515151515,0.7568469612422968,0.0075757575757575,0.820863309352518,0.237410071942446,0.7340550882555386,0.058273381294964,nas_best_convnext_2d/right_subarticular_stenosis/repeat_01
nas_best_convnext_2d,ConvNeXt 2D,convnext,2d,right_subarticular_stenosis,2,142,139,9,0.8204924716563146,0.8299269954653552,0.8243542500527582,0.4175198853157928,0.4061671464982694,0.4161150409286752,0.8263701350277998,0.8299270072992702,0.8243542435424354,0.6327885659721174,0.6364794467346979,0.646302343685887,,,,,,,0.8263701350277999,0.82992700729927,0.8243542435424355,0.6848810663291488,0.6992417205974709,0.7052721264665585,,,,,,,0.8263701350277999,0.2311358220810166,0.7402551943308664,0.0575059571088165,0.82992700729927,0.1744525547445255,0.7523781405497267,0.0043795620437956,0.8243542435424355,0.233210332103321,0.7389369874644363,0.0575645756457564,nas_best_convnext_2d/right_subarticular_stenosis/repeat_02
nas_best_convnext_2d,ConvNeXt 2D,convnext,2d,right_subarticular_stenosis,3,242,139,14,0.8276190583668058,0.8367041253418511,0.8303249108231885,0.4101287667713468,0.4001124632938971,0.4017239161346793,0.8382539682539683,0.8367041198501871,0.8303249097472925,0.6535972581351442,0.6698771311912768,0.6578057699346889,,,,,,,0.8382539682539683,0.8367041198501872,0.8303249097472925,0.7076313689772386,0.7313838940709801,0.7162014891789324,,,,,,,0.8382539682539683,0.2153968253968254,0.7579473746874628,0.0536507936507936,0.8367041198501872,0.1700374531835206,0.7732942222690471,0.0067415730337078,0.8303249097472925,0.2245487364620938,0.7495963309559,0.0548736462093862,nas_best_convnext_2d/right_subarticular_stenosis/repeat_03
nas_best_convnext_2d,ConvNeXt 2D,convnext,2d,right_subarticular_stenosis,4,342,139,25,0.8484177287620834,0.8323529537986306,0.8156716716823293,0.3444483906407899,0.3938385318307316,0.4108278617930056,0.867879746835443,0.8323529411764706,0.8156716417910447,0.716854740431092,0.694661367636626,0.632370311503858,,,,,,,0.867879746835443,0.8323529411764706,0.8156716417910448,0.7726434876750324,0.719794855561752,0.6906412423769609,,,,,,,0.867879746835443,0.1759493670886076,0.8023255442838114,0.0438291139240506,0.8323529411764706,0.1705882352941176,0.7675263349073738,0.0029411764705882,0.8156716417910448,0.2440298507462686,0.7277831542414737,0.0597014925373134,nas_best_convnext_2d/right_subarticular_stenosis/repeat_04
nas_best_convnext_2d,ConvNeXt 2D,convnext,2d,right_subarticular_stenosis,5,442,139,15,0.8321656170923999,0.8329670394296611,0.8181818138469349,0.3872434204551065,0.3856419416574331,0.4232284001870589,0.8417197452229299,0.832967032967033,0.8181818181818183,0.6964829308091958,0.6246031427105502,0.6049938548114786,,,,,,,0.8417197452229299,0.832967032967033,0.8181818181818182,0.7208423933058232,0.6952989158127233,0.6775409224007355,,,,,,,0.8417197452229299,0.210828025477707,0.7629062646345848,0.0525477707006369,0.832967032967033,0.1728937728937729,0.7560598539110701,0.0058608058608058,0.8181818181818182,0.2407272727272727,0.7304559434886944,0.0589090909090909,nas_best_convnext_2d/right_subarticular_stenosis/repeat_05
nas_best_convnext_2d,ConvNeXt 2D,convnext,2d,spinal_canal_stenosis,1,42,9,18,0.953127371114991,0.9237762210252402,0.9272727411943716,0.1143145076677865,0.2256868669203111,0.2240023625480545,0.9683496608892238,0.9237762237762236,0.9272727272727274,0.8778764219248849,0.6471492888465563,0.592228057888646,,,,,,,0.9683496608892238,0.9237762237762238,0.9272727272727272,0.8832499374171814,0.7272607341595106,0.6891091117190694,,,,,,,0.9683496608892238,0.042049736247174,0.9528760151376792,0.0103993971363978,0.9237762237762238,0.079020979020979,0.8105694848602288,0.0027972027972027,0.9272727272727272,0.0951048951048951,0.8952891082366466,0.0223776223776223,nas_best_convnext_2d/spinal_canal_stenosis/repeat_01
nas_best_convnext_2d,ConvNeXt 2D,convnext,2d,spinal_canal_stenosis,2,142,9,37,0.9963909808854412,0.909027808242374,0.9245551631543985,0.0093876487946599,0.4313310517205132,0.3794189309734466,0.9986466165413532,0.909027777777778,0.9245551601423488,0.9968644831636342,0.6047577161627533,0.5998965632933355,,,,,,,0.9986466165413532,0.9090277777777778,0.9245551601423488,0.9961794948902184,0.6773946004818692,0.7123582830438583,,,,,,,0.9986466165413532,0.0015037593984962,0.9986468202565242,0.0001503759398496,0.9090277777777778,0.0951388888888888,0.7726954907768779,0.0041666666666666,0.9245551601423488,0.098932384341637,0.8901990160703428,0.0234875444839857,nas_best_convnext_2d/spinal_canal_stenosis/repeat_02
nas_best_convnext_2d,ConvNeXt 2D,convnext,2d,spinal_canal_stenosis,3,242,9,14,0.9508614397674018,0.922968210053528,0.9309608635104848,0.1227984730056609,0.2416613548467521,0.233511290092061,0.9544569288389512,0.9229681978798586,0.9309608540925266,0.7376442961577891,0.6561641481783463,0.5670538217399458,,,,,,,0.9544569288389512,0.9229681978798586,0.9309608540925268,0.8270249523305332,0.7362751043910465,0.7164516102783073,,,,,,,0.9544569288389512,0.0603745318352059,0.932464321833914,0.0148314606741573,0.9229681978798586,0.0826855123674911,0.784245613431698,0.0056537102473498,0.9309608540925268,0.0903914590747331,0.8998400780739224,0.0213523131672597,nas_best_convnext_2d/spinal_canal_stenosis/repeat_03
nas_best_convnext_2d,ConvNeXt 2D,convnext,2d,spinal_canal_stenosis,4,342,9,15,0.9504518178572138,0.9269503748163264,0.916262969013729,0.1257694376161299,0.2096955683214444,0.2571334890428299,0.9492469879518072,0.926950354609929,0.9162629757785468,0.7884105161243118,0.6076250009627132,0.6238912595238891,,,,,,,0.9492469879518072,0.926950354609929,0.9162629757785468,0.80587898775447,0.6999579925320688,0.7117754337821228,,,,,,,0.9492469879518072,0.0673192771084337,0.92462427698444,0.0165662650602409,0.926950354609929,0.0801418439716312,0.773141326675038,0.0070921985815602,0.9162629757785468,0.1107266435986159,0.8765555735027549,0.0269896193771626,nas_best_convnext_2d/spinal_canal_stenosis/repeat_04
nas_best_convnext_2d,ConvNeXt 2D,convnext,2d,spinal_canal_stenosis,5,442,9,5,0.9177979033097602,0.920279737952706,0.9247386852207916,0.1962968133513564,0.213017754621439,0.2032834623748832,0.9330316742081448,0.9202797202797204,0.924738675958188,0.6733719575123758,0.5938018821236472,0.5838704137361901,,,,,,,0.9330316742081448,0.9202797202797204,0.924738675958188,0.7347312916134103,0.6637239880111746,0.6887342306177137,,,,,,,0.9330316742081448,0.0891402714932126,0.8998755515329788,0.0221719457013574,0.9202797202797204,0.0881118881118881,0.7715484647417805,0.0083916083916083,0.924738675958188,0.0989547038327526,0.8900527571638099,0.0236933797909407,nas_best_convnext_2d/spinal_canal_stenosis/repeat_05
nas_best_efficientnet3d_3d,EfficientNet 3D,efficientnet3d,3d_level_stack,left_neural_foraminal_narrowing,1,42,277,2,0.7677045726499896,0.7749152609857463,0.7804054134600872,0.5980399796964464,0.8449810337212126,0.8199332539696951,0.7781317885590152,0.7749152542372881,0.7804054054054055,0.2892373042865998,0.2887763879122616,0.2899925699161249,,,,,,,0.7781317885590152,0.7749152542372881,0.7804054054054054,0.2917413259488516,0.2910618792971734,0.2922201138519924,,,,,,,0.7781317885590152,0.2955829109341057,0.6678249538494951,0.0737146994931209,0.7749152542372881,0.2657627118644067,0.0,0.0406779661016949,0.7804054054054054,0.2918918918918919,0.6717468404843732,0.0722972972972973,nas_best_efficientnet3d_3d/left_neural_foraminal_narrowing/repeat_01
nas_best_efficientnet3d_3d,EfficientNet 3D,efficientnet3d,3d_level_stack,left_neural_foraminal_narrowing,2,142,277,45,0.8194062404663643,0.8128813687017409,0.8135135197961653,0.4217848657784818,0.4489633569272898,0.4235956366803195,0.828095582910934,0.8128813559322033,0.8135135135135135,0.4498713645733402,0.4418673138677567,0.4302904249571943,,,,,,,0.8280955829109341,0.8128813559322033,0.8135135135135135,0.5454649173972869,0.5291522399453082,0.5170952152341018,,,,,,,0.8280955829109341,0.2288196958725561,0.7430496433934082,0.0569152787834902,0.8128813559322033,0.1972881355932203,0.5039575486770629,0.0101694915254237,0.8135135135135135,0.2472972972972973,0.7225619281410399,0.0608108108108108,nas_best_efficientnet3d_3d/left_neural_foraminal_narrowing/repeat_02
nas_best_efficientnet3d_3d,EfficientNet 3D,efficientnet3d,3d_level_stack,left_neural_foraminal_narrowing,3,242,277,6,0.7785507362821827,0.7750000067659326,0.7628378465368941,0.5678363034690636,0.5934617293847574,0.6011221988781078,0.7817391304347826,0.7749999999999999,0.7628378378378378,0.2906528937194499,0.2898177661208755,0.2855347587404527,,,,,,,0.7817391304347826,0.775,0.7628378378378379,0.2930344495530801,0.2934807090719499,0.2884885652229462,,,,,,,0.7817391304347826,0.2907246376811594,0.6732608695652174,0.072463768115942,0.775,0.2662162162162162,0.0028334530260493,0.0412162162162162,0.7628378378378379,0.3148648648648648,0.6467017193657587,0.0777027027027027,nas_best_efficientnet3d_3d/left_neural_foraminal_narrowing/repeat_03
nas_best_efficientnet3d_3d,EfficientNet 3D,efficientnet3d,3d_level_stack,left_neural_foraminal_narrowing,4,342,277,49,0.8247646749839672,0.8427118747921313,0.8141891996602755,0.4012689741084232,0.4104804685560323,0.4487338209071675,0.8437364228819696,0.8427118644067797,0.8141891891891891,0.4855493369377792,0.4712972273502728,0.4402327506957991,,,,,,,0.8437364228819696,0.8427118644067797,0.8141891891891891,0.6106851266777465,0.6093414963725321,0.5507901189719372,,,,,,,0.8437364228819696,0.2081100651701665,0.7661561855110242,0.0518464880521361,0.8427118644067797,0.1661016949152542,0.598899626820367,0.0088135593220338,0.8141891891891891,0.2466216216216216,0.722928317234367,0.0608108108108108,nas_best_efficientnet3d_3d/left_neural_foraminal_narrowing/repeat_04
nas_best_efficientnet3d_3d,EfficientNet 3D,efficientnet3d,3d_level_stack,left_neural_foraminal_narrowing,5,442,277,38,0.8358900288251996,0.8277027155901935,0.8170068126146485,0.3925836264828352,0.4276451188567522,0.4169701402690134,0.8454413892908829,0.8277027027027029,0.8170068027210885,0.489944127784682,0.4272241654944594,0.4312550713085952,,,,,,,0.8454413892908827,0.8277027027027027,0.8170068027210884,0.5790486865797163,0.5197520528017124,0.4937508341014826,,,,,,,0.8454413892908827,0.2057887120115774,0.7686794455649455,0.0512301013024602,0.8277027027027027,0.179054054054054,0.5497957109983052,0.0067567567567567,0.8170068027210884,0.2428571428571428,0.7279224093925472,0.0598639455782312,nas_best_efficientnet3d_3d/left_neural_foraminal_narrowing/repeat_05
nas_best_efficientnet3d_3d,EfficientNet 3D,efficientnet3d,3d_level_stack,left_subarticular_stenosis,1,42,290,8,0.7274900519990352,0.736996346450114,0.7496296383716442,,0.6336197700255957,0.6214056681703638,0.7337051792828686,0.736996336996337,0.7496296296296296,0.3336993169458828,0.3267773270966371,0.3307308857031331,,,,,,,0.7337051792828685,0.736996336996337,0.7496296296296296,0.3843879567889111,0.3645111487867143,0.382814994619663,,,,,,,0.7337051792828685,0.3547410358565737,0.6013385080445888,0.0884462151394422,0.736996336996337,0.3406593406593406,0.2028389167087199,0.0776556776556776,0.7496296296296296,0.3325925925925926,0.6270150083379655,0.0822222222222222,nas_best_efficientnet3d_3d/left_subarticular_stenosis/repeat_01
nas_best_efficientnet3d_3d,EfficientNet 3D,efficientnet3d,3d_level_stack,left_subarticular_stenosis,2,142,290,1,0.7158147087112402,0.7304029382847168,0.6967033051745796,0.764878875912188,0.686117811517401,0.7844939284272247,0.729552715654952,0.7304029304029304,0.6967032967032967,0.2780083867737395,0.277116306139131,0.270371527975707,,,,,,,0.729552715654952,0.7304029304029304,0.6967032967032967,0.2812105538622579,0.2813999435506633,0.273747841105354,,,,,,,0.729552715654952,0.3603833865814696,0.5948729459549811,0.0899361022364217,0.7304029304029304,0.3545787545787546,0.0,0.0849816849816849,0.6967032967032967,0.4029304029304029,0.5478547854785479,0.0996336996336996,nas_best_efficientnet3d_3d/left_subarticular_stenosis/repeat_02
nas_best_efficientnet3d_3d,EfficientNet 3D,efficientnet3d,3d_level_stack,left_subarticular_stenosis,3,242,290,1,0.7196187564927117,0.7246268738561602,0.7254612600891353,0.7450200000672799,0.6964180451720509,0.699201055998292,0.7245432883240668,0.7246268656716419,0.7254612546125461,0.2769033435054829,0.2759908034753707,0.276657086521733,,,,,,,0.7245432883240667,0.7246268656716418,0.7254612546125462,0.2800908867600098,0.2801096206548392,0.2802965497576276,,,,,,,0.7245432883240667,0.3667990468625893,0.5876746477551702,0.091342335186656,0.7246268656716418,0.3619402985074627,0.0,0.0865671641791044,0.7254612546125462,0.3638376383763838,0.5937048059447585,0.0892988929889298,nas_best_efficientnet3d_3d/left_subarticular_stenosis/repeat_03
nas_best_efficientnet3d_3d,EfficientNet 3D,efficientnet3d,3d_level_stack,left_subarticular_stenosis,4,342,290,5,0.7291039002026762,0.7419117715428857,0.7486792555395162,0.6841815016177039,0.6154823842294076,0.6397247051292996,0.7381443298969073,0.7419117647058824,0.7486792452830188,0.3498743022995162,0.3656889245938776,0.3581774607770009,,,,,,,0.7381443298969073,0.7419117647058824,0.7486792452830189,0.4247690220767854,0.4356519824644335,0.4275921380451519,,,,,,,0.7381443298969073,0.3489294210943695,0.6077544455140049,0.0870737509912767,0.7419117647058824,0.3264705882352941,0.3690795984730666,0.0683823529411764,0.7486792452830189,0.3335849056603773,0.6266984261144621,0.0822641509433962,nas_best_efficientnet3d_3d/left_subarticular_stenosis/repeat_04
nas_best_efficientnet3d_3d,EfficientNet 3D,efficientnet3d,3d_level_stack,left_subarticular_stenosis,5,442,290,9,0.7572337157775564,0.7400000117443226,0.7466666707286128,0.5880770124198902,0.5934757515236183,0.5929477623215428,0.7643879173290937,0.7399999999999999,0.7466666666666665,0.3705157069061466,0.3580389419706175,0.35364038241083,,,,,,,0.7643879173290938,0.74,0.7466666666666667,0.5045727714511744,0.4870716220596174,0.4763207348442059,,,,,,,0.7643879173290938,0.3138314785373609,0.6474374923137939,0.0782193958664547,0.74,0.3059259259259259,0.4279886694493321,0.0459259259259259,0.7466666666666667,0.337037037037037,0.6210350584307178,0.0837037037037037,nas_best_efficientnet3d_3d/left_subarticular_stenosis/repeat_05
nas_best_efficientnet3d_3d,EfficientNet 3D,efficientnet3d,3d_level_stack,right_neural_foraminal_narrowing,1,42,314,1,0.7602330800485021,0.7743243309291633,0.7858108153214326,0.6973104958584598,0.5996087241817165,0.5747547036892658,0.7825200291332848,0.7743243243243243,0.7858108108108108,0.2904586780368953,0.288665982264653,0.291064539685018,,,,,,,0.7825200291332848,0.7743243243243243,0.7858108108108108,0.2926643240445643,0.2909367859862909,0.2933535124227519,,,,,,,0.7825200291332848,0.2897305171158048,0.6741720406601814,0.0722505462490895,0.7743243243243243,0.2695945945945946,0.0,0.0439189189189189,0.7858108108108108,0.2844594594594594,0.6805485017775521,0.0702702702702702,nas_best_efficientnet3d_3d/right_neural_foraminal_narrowing/repeat_01
nas_best_efficientnet3d_3d,EfficientNet 3D,efficientnet3d,3d_level_stack,right_neural_foraminal_narrowing,2,142,314,1,0.7707210611185712,0.7885135202794462,0.7641891974049646,0.6802022408718448,0.5630936421252586,0.5895261659815505,0.784122359796067,0.7885135135135135,0.7641891891891891,0.2908987978805419,0.2916086475042451,0.2859771560155101,,,,,,,0.784122359796067,0.7885135135135135,0.7641891891891892,0.2930002177226213,0.2939176426142803,0.2887782458828035,,,,,,,0.784122359796067,0.2875455207574654,0.6766506855062727,0.0716678805535324,0.7885135135135135,0.2486486486486486,0.0,0.0371621621621621,0.7641891891891892,0.3135135135135135,0.6477145277628199,0.0777027027027027,nas_best_efficientnet3d_3d/right_neural_foraminal_narrowing/repeat_02
nas_best_efficientnet3d_3d,EfficientNet 3D,efficientnet3d,3d_level_stack,right_neural_foraminal_narrowing,3,242,314,1,0.7630545565431768,0.7687074919136203,0.7682432500091759,0.7517458825544877,0.597861259972968,0.6292941513899211,0.787490909090909,0.7687074829931972,0.7682432432432431,0.2913872445850599,0.287312434034709,0.2879799704339073,,,,,,,0.7874909090909091,0.7687074829931972,0.7682432432432432,0.2937043968861041,0.2897435897435897,0.2896446312571647,,,,,,,0.7874909090909091,0.2832,0.6816445712591468,0.0706909090909091,0.7687074829931972,0.2714285714285714,0.0,0.0401360544217687,0.7682432432432432,0.3074324324324324,0.655157267667305,0.0756756756756756,nas_best_efficientnet3d_3d/right_neural_foraminal_narrowing/repeat_03
nas_best_efficientnet3d_3d,EfficientNet 3D,efficientnet3d,3d_level_stack,right_neural_foraminal_narrowing,4,342,314,1,0.7657684019162372,0.7878378420262724,0.7668918967247009,0.6890126308948561,0.5810213048715849,0.6154471547216982,0.7836853605243992,0.7878378378378379,0.7668918918918919,0.2905563015740022,0.2917911275642517,0.287374984113628,,,,,,,0.7836853605243991,0.7878378378378378,0.7668918918918919,0.2929086702055261,0.2937767699672461,0.2893562778840025,,,,,,,0.7836853605243991,0.2881281864530226,0.6760656253402862,0.0718135469774217,0.7878378378378378,0.25,0.0,0.0378378378378378,0.7668918918918919,0.3101351351351351,0.6510895302151607,0.077027027027027,nas_best_efficientnet3d_3d/right_neural_foraminal_narrowing/repeat_04
nas_best_efficientnet3d_3d,EfficientNet 3D,efficientnet3d,3d_level_stack,right_neural_foraminal_narrowing,5,442,314,1,0.7598837316036224,0.7667796652195817,0.7775510306261024,0.7617888264358044,0.6381007744094073,0.5887162150168905,0.7859011627906977,0.766779661016949,0.7775510204081633,0.2911403151360543,0.2872274862612972,0.2892200643976619,,,,,,,0.7859011627906977,0.7667796610169492,0.7775510204081633,0.2933723990125064,0.2893323100537222,0.2916188289322617,,,,,,,0.7859011627906977,0.2850290697674418,0.6796817387191049,0.0709302325581395,0.7667796610169492,0.2711864406779661,0.0,0.0379661016949152,0.7775510204081633,0.2959183673469387,0.667687595712098,0.073469387755102,nas_best_efficientnet3d_3d/right_neural_foraminal_narrowing/repeat_05
nas_best_efficientnet3d_3d,EfficientNet 3D,efficientnet3d,3d_level_stack,right_subarticular_stenosis,1,42,216,43,0.833914432963932,0.8166666735302318,0.8079136841588741,0.3976487336937108,0.4622185338627208,0.450113966739435,0.851188589540412,0.8166666666666667,0.8079136690647483,0.675976861448702,0.603874830794613,0.6275671693242744,,,,,,,0.8511885895404121,0.8166666666666667,0.8079136690647482,0.7439095486080584,0.6946612451330595,0.6874286650329388,,,,,,,0.8511885895404121,0.1980982567353407,0.7773549420605117,0.0492868462757527,0.8166666666666667,0.1962121212121212,0.7308814197125393,0.0128787878787878,0.8079136690647482,0.2553956834532374,0.7128155045154061,0.0633093525179856,nas_best_efficientnet3d_3d/right_subarticular_stenosis/repeat_01
nas_best_efficientnet3d_3d,EfficientNet 3D,efficientnet3d,3d_level_stack,right_subarticular_stenosis,2,142,216,44,0.8125496522787548,0.8138686218400941,0.7963099728211266,0.4339387544902001,0.4373364474651587,0.4669614276982761,0.8319301032565528,0.8138686131386861,0.796309963099631,0.6383365627145525,0.5779753952783396,0.565932006180954,,,,,,,0.8319301032565528,0.8138686131386861,0.796309963099631,0.6886131107758403,0.6553456739997047,0.635045261729308,,,,,,,0.8319301032565528,0.2238284352660842,0.7483009419339455,0.055758538522637,0.8138686131386861,0.1985401459854014,0.6974800831312782,0.0124087591240875,0.796309963099631,0.2708487084870848,0.6965149367140249,0.0671586715867158,nas_best_efficientnet3d_3d/right_subarticular_stenosis/repeat_02
nas_best_efficientnet3d_3d,EfficientNet 3D,efficientnet3d,3d_level_stack,right_subarticular_stenosis,3,242,216,15,0.7734920755265251,0.7955056245853839,0.7718411694795216,0.5173090018923321,0.5134458524011047,0.5247802904366586,0.7892063492063492,0.7955056179775282,0.771841155234657,0.524822035615002,0.559627632046192,0.498934708182947,,,,,,,0.7892063492063492,0.7955056179775281,0.771841155234657,0.6270853310112176,0.674612746759396,0.619473328786256,,,,,,,0.7892063492063492,0.2806349206349206,0.6846868301976661,0.0698412698412698,0.7955056179775281,0.2187265917602996,0.7022498033246913,0.0142322097378277,0.771841155234657,0.3032490974729241,0.6601718324496868,0.0750902527075812,nas_best_efficientnet3d_3d/right_subarticular_stenosis/repeat_03
nas_best_efficientnet3d_3d,EfficientNet 3D,efficientnet3d,3d_level_stack,right_subarticular_stenosis,4,342,216,23,0.7876582398444791,0.803676484262242,0.7783582237229418,0.4909387047909483,0.4947651563321842,0.4982956581151307,0.8058544303797468,0.8036764705882353,0.778358208955224,0.5660308319460008,0.5850967970716008,0.5374376556673806,,,,,,,0.8058544303797468,0.8036764705882353,0.7783582089552239,0.6506044166263706,0.6666209708601357,0.6184094311029296,,,,,,,0.8058544303797468,0.2585443037974683,0.7095396843366287,0.0643987341772151,0.8036764705882353,0.2161764705882353,0.6709471532562521,0.0198529411764705,0.7783582089552239,0.2940298507462686,0.6715097493965254,0.0723880597014925,nas_best_efficientnet3d_3d/right_subarticular_stenosis/repeat_04
nas_best_efficientnet3d_3d,EfficientNet 3D,efficientnet3d,3d_level_stack,right_subarticular_stenosis,5,442,216,18,0.7828025582489694,0.821245435939167,0.8087272908470847,0.4927805920315396,0.4514094700306763,0.4972751832008362,0.8092356687898089,0.8212454212454213,0.8087272727272726,0.5719010110163618,0.584163805940248,0.5817140967944855,,,,,,,0.8092356687898089,0.8212454212454212,0.8087272727272727,0.6605124987965191,0.6717174597158545,0.6784811989887324,,,,,,,0.8092356687898089,0.254140127388535,0.7142173888807823,0.0633757961783439,0.8212454212454212,0.189010989010989,0.7469223438806667,0.0102564102564102,0.8087272727272727,0.2538181818181818,0.7148330596606458,0.0625454545454545,nas_best_efficientnet3d_3d/right_subarticular_stenosis/repeat_05
nas_best_efficientnet3d_3d,EfficientNet 3D,efficientnet3d,3d_level_stack,spinal_canal_stenosis,1,42,361,1,0.8370761207467017,0.8678321730006825,0.8867132913816226,,0.6809034120369625,0.5848535993299284,0.8780708364732479,0.8678321678321679,0.8867132867132866,0.3110003061133081,0.3091551346806698,0.3126539146850454,,,,,,,0.8780708364732479,0.8678321678321679,0.8867132867132868,0.3116924805392825,0.3097466616747785,0.3133185075364467,,,,,,,0.8780708364732479,0.162170308967596,0.8180791889887871,0.040241145440844,0.8678321678321679,0.1811188811188811,0.0,0.0489510489510489,0.8867132867132868,0.1496503496503496,0.8335084629719804,0.0363636363636363,nas_best_efficientnet3d_3d/spinal_canal_stenosis/repeat_01
nas_best_efficientnet3d_3d,EfficientNet 3D,efficientnet3d,3d_level_stack,spinal_canal_stenosis,2,142,361,1,0.8410526436074336,0.8701388902134366,0.8811387975444998,1.076713418142688,0.4800897033678161,0.4379346230700346,0.878796992481203,0.8701388888888889,0.8811387900355871,0.3111544391823006,0.3095519458050016,0.3115780495045529,,,,,,,0.878796992481203,0.8701388888888889,0.8811387900355871,0.3118296782455578,0.3101869043198416,0.31227140875268,,,,,,,0.878796992481203,0.161203007518797,0.8191658191424236,0.04,0.8701388888888889,0.1763888888888889,0.0,0.0465277777777777,0.8811387900355871,0.1572953736654804,0.8239700374531835,0.0384341637010676,nas_best_efficientnet3d_3d/spinal_canal_stenosis/repeat_02
nas_best_efficientnet3d_3d,EfficientNet 3D,efficientnet3d,3d_level_stack,spinal_canal_stenosis,3,242,361,1,0.8468913967243294,0.8727915242788227,0.8818505400016214,1.1984492571166392,0.4686736458181914,0.4280388942816928,0.8780524344569288,0.872791519434629,0.8818505338078293,0.3110007977866335,0.310109104514969,0.3116737360521899,,,,,,,0.8780524344569288,0.872791519434629,0.8818505338078292,0.3116890023399277,0.310691823899371,0.3124054462934947,,,,,,,0.8780524344569288,0.1622471910112359,0.8178037540744071,0.0402996254681648,0.872791519434629,0.1766784452296819,0.0,0.0494699646643109,0.8818505338078292,0.1565836298932384,0.8244104658738898,0.0384341637010676,nas_best_efficientnet3d_3d/spinal_canal_stenosis/repeat_03
nas_best_efficientnet3d_3d,EfficientNet 3D,efficientnet3d,3d_level_stack,spinal_canal_stenosis,4,342,361,1,0.833283145025552,0.879432626649843,0.8678200725453122,1.239730172061238,0.4504828004972309,0.469385048716126,0.8796686746987952,0.8794326241134751,0.8678200692041523,0.3113078895192048,0.3114297300673809,0.3089630005478284,,,,,,,0.8796686746987952,0.8794326241134752,0.8678200692041522,0.3119942312314718,0.3119496855345912,0.30974434975917,,,,,,,0.8796686746987952,0.1600903614457831,0.8202057341562881,0.0397590361445783,0.8794326241134752,0.1723404255319149,0.0,0.05177304964539,0.8678200692041522,0.1750865051903114,0.8043591074208615,0.0429065743944636,nas_best_efficientnet3d_3d/spinal_canal_stenosis/repeat_04
nas_best_efficientnet3d_3d,EfficientNet 3D,efficientnet3d,3d_level_stack,spinal_canal_stenosis,5,442,361,1,0.8351432994165392,0.8748251795768738,0.8857142908647916,1.341515006140706,0.5033224850267797,0.4644745019254784,0.8767722473604828,0.8748251748251749,0.8857142857142858,0.31073035005411,0.3104611095369409,0.3125831208716917,,,,,,,0.8767722473604826,0.8748251748251749,0.8857142857142857,0.3114468643681856,0.3110779559865722,0.3131313131313131,,,,,,,0.8767722473604826,0.1639517345399698,0.8158877447097431,0.0407239819004524,0.8748251748251749,0.1783216783216783,0.0,0.0531468531468531,0.8857142857142857,0.1512195121951219,0.8306240167802832,0.0369337979094076,nas_best_efficientnet3d_3d/spinal_canal_stenosis/repeat_05
nas_best_efficientnet_2d,EfficientNet 2D,efficientnet,2d,left_neural_foraminal_narrowing,1,42,142,9,0.8812454911697437,0.8291525656894102,0.8405405492395968,0.2812527483524747,0.4364774833291264,0.4106419521409112,0.8957277335264301,0.8291525423728814,0.8405405405405405,0.6529678584600292,0.5328182881921905,0.5070916656181577,,,,,,,0.8957277335264301,0.8291525423728814,0.8405405405405405,0.7957204870909406,0.6204305058237644,0.6313429294527048,,,,,,,0.8957277335264301,0.1387400434467777,0.844299698750186,0.0344677769732078,0.8291525423728814,0.1749152542372881,0.6293604245347112,0.0040677966101694,0.8405405405405405,0.2114864864864865,0.762582613116421,0.052027027027027,nas_best_efficientnet_2d/left_neural_foraminal_narrowing/repeat_01
nas_best_efficientnet_2d,EfficientNet 2D,efficientnet,2d,left_neural_foraminal_narrowing,2,142,142,12,0.8937002337557263,0.8420339109533924,0.8391891959551219,0.2608747429967703,0.4664538254172115,0.4425471360619004,0.9005068790731354,0.8420338983050847,0.8391891891891892,0.6995274242246557,0.5522275524588389,0.5647316741478932,,,,,,,0.9005068790731354,0.8420338983050848,0.8391891891891892,0.8126107652888596,0.6850420971186453,0.6639055408017397,,,,,,,0.9005068790731354,0.132367849384504,0.8514335594219994,0.0328747284576393,0.8420338983050848,0.1606779661016949,0.68747054158512,0.0027118644067796,0.8391891891891892,0.2128378378378378,0.7618096591104065,0.052027027027027,nas_best_efficientnet_2d/left_neural_foraminal_narrowing/repeat_02
nas_best_efficientnet_2d,EfficientNet 2D,efficientnet,2d,left_neural_foraminal_narrowing,3,242,142,10,0.8815942116405653,0.837837857169074,0.8263513606947821,0.2747692496016405,0.4338828615240148,0.4504910530270757,0.8910144927536232,0.8378378378378377,0.8263513513513514,0.6618844013488917,0.5326166794046687,0.5278728932251503,,,,,,,0.8910144927536232,0.8378378378378378,0.8263513513513514,0.7924065613175126,0.6348319090540683,0.6651645388709623,,,,,,,0.8910144927536232,0.1450724637681159,0.8370475051636047,0.0360869565217391,0.8378378378378378,0.1682432432432432,0.6665485291883955,0.006081081081081,0.8263513513513514,0.2304054054054054,0.7414931437277805,0.0567567567567567,nas_best_efficientnet_2d/left_neural_foraminal_narrowing/repeat_03
nas_best_efficientnet_2d,EfficientNet 2D,efficientnet,2d,left_neural_foraminal_narrowing,4,342,142,14,0.8948588231436849,0.844745775400582,0.8277027075355118,0.2383857146498951,0.4426144537279161,0.4765480402353647,0.9141202027516292,0.8447457627118643,0.8277027027027026,0.6968546031518886,0.4909530383789275,0.5328272471239389,,,,,,,0.9141202027516292,0.8447457627118644,0.8277027027027027,0.8343257690573024,0.6520109749384594,0.6507727137219058,,,,,,,0.9141202027516292,0.1142650253439536,0.8717558909762189,0.0283852280955829,0.8447457627118644,0.1579661016949152,0.6802756208980434,0.0027118644067796,0.8277027027027027,0.2277027027027027,0.7455596123754358,0.0554054054054054,nas_best_efficientnet_2d/left_neural_foraminal_narrowing/repeat_04
nas_best_efficientnet_2d,EfficientNet 2D,efficientnet,2d,left_neural_foraminal_narrowing,5,442,142,6,0.8561505183642232,0.845945963988433,0.8292517078166105,0.3350714690950948,0.3846792320947389,0.4248396413666861,0.8678726483357453,0.845945945945946,0.829251700680272,0.6136068052986644,0.5594770606023768,0.5062472370140574,,,,,,,0.8678726483357453,0.845945945945946,0.8292517006802721,0.7331116767587985,0.7076792039428215,0.6544076422451609,,,,,,,0.8678726483357453,0.1759768451519537,0.8021285527416153,0.0438494934876989,0.845945945945946,0.154054054054054,0.7169621408344853,0.0,0.8292517006802721,0.2272108843537415,0.7446373850868233,0.0564625850340136,nas_best_efficientnet_2d/left_neural_foraminal_narrowing/repeat_05
nas_best_efficientnet_2d,EfficientNet 2D,efficientnet,2d,left_subarticular_stenosis,1,42,118,11,0.8914741245398958,0.8271062334815225,0.8237036974341782,0.2601427038708531,0.5440282985404298,0.5183745476934645,0.8994422310756972,0.827106227106227,0.8237037037037037,0.7724811466178305,0.6647160071177721,0.6569270062505759,,,,,,,0.8994422310756972,0.827106227106227,0.8237037037037037,0.8335532782063102,0.7158498184376253,0.7010190981466877,,,,,,,0.8994422310756972,0.1337051792828685,0.8500060329949111,0.0331474103585657,0.827106227106227,0.1824175824175824,0.7650065575925653,0.0095238095238095,0.8237037037037037,0.234074074074074,0.7374860956618465,0.0577777777777777,nas_best_efficientnet_2d/left_subarticular_stenosis/repeat_01
nas_best_efficientnet_2d,EfficientNet 2D,efficientnet,2d,left_subarticular_stenosis,2,142,118,10,0.8814696564841956,0.8424908431458386,0.8014652080588288,0.2861119906742352,0.4272353560714931,0.5240722030073732,0.8774760383386582,0.8424908424908425,0.8014652014652015,0.7099192089465803,0.6343971698416722,0.5985161470029406,,,,,,,0.8774760383386582,0.8424908424908425,0.8014652014652015,0.7898453903068222,0.7107904880350701,0.6674936769225065,,,,,,,0.8774760383386582,0.1630990415335463,0.8168642951251647,0.0405750798722044,0.8424908424908425,0.1626373626373626,0.781475552178868,0.0051282051282051,0.8014652014652015,0.2637362637362637,0.704070407040704,0.0652014652014652,nas_best_efficientnet_2d/left_subarticular_stenosis/repeat_02
nas_best_efficientnet_2d,EfficientNet 2D,efficientnet,2d,left_subarticular_stenosis,3,242,118,6,0.8505162961715929,0.8208955241673028,0.801476043308793,0.3506323753414502,0.483497059167321,0.491589300526904,0.8459094519459889,0.8208955223880597,0.8014760147601475,0.6568451261748357,0.61167602031414,0.5827959691041349,,,,,,,0.8459094519459889,0.8208955223880597,0.8014760147601476,0.7329918339721043,0.6912975912975913,0.6557815278305457,,,,,,,0.8459094519459889,0.2050833995234313,0.769579298137478,0.0509928514694201,0.8208955223880597,0.1880597014925373,0.7570757660350094,0.008955223880597,0.8014760147601476,0.2642066420664206,0.7035361926026916,0.0656826568265682,nas_best_efficientnet_2d/left_subarticular_stenosis/repeat_03
nas_best_efficientnet_2d,EfficientNet 2D,efficientnet,2d,left_subarticular_stenosis,4,342,118,6,0.8493259388430547,0.8264705959488364,0.8226415096588855,0.3454735145551831,0.4347838303622077,0.4453781792577707,0.8561459159397303,0.8264705882352942,0.8226415094339622,0.6711236064183048,0.6189394006201516,0.607383922142748,,,,,,,0.8561459159397303,0.8264705882352941,0.8226415094339623,0.7669899505548359,0.7108013590071599,0.7058201644704599,,,,,,,0.8561459159397303,0.1914353687549564,0.785111271452664,0.0475812846946867,0.8264705882352941,0.1816176470588235,0.7553596982787445,0.0080882352941176,0.8226415094339623,0.2347169811320754,0.738272442399459,0.0573584905660377,nas_best_efficientnet_2d/left_subarticular_stenosis/repeat_04
nas_best_efficientnet_2d,EfficientNet 2D,efficientnet,2d,left_subarticular_stenosis,5,442,118,15,0.9252782271662652,0.8088889236803408,0.8162963072458903,0.1930807570679578,0.6319222145610386,0.6069457257235492,0.9248012718600954,0.8088888888888889,0.8162962962962963,0.815835437815535,0.5585664387271034,0.5753925762712017,,,,,,,0.9248012718600954,0.8088888888888889,0.8162962962962963,0.8721222904895524,0.6770754909341866,0.6768183083972558,,,,,,,0.9248012718600954,0.1,0.8878025515679027,0.0248012718600953,0.8088888888888889,0.197037037037037,0.7263914722108029,0.0059259259259259,0.8162962962962963,0.2437037037037037,0.727070594774875,0.06,nas_best_efficientnet_2d/left_subarticular_stenosis/repeat_05
nas_best_efficientnet_2d,EfficientNet 2D,efficientnet,2d,right_neural_foraminal_narrowing,1,42,143,13,0.9163874865706958,0.8371621805268366,0.8493243182027662,0.2188692608846857,0.5334718742886105,0.4783823264611734,0.9219227967953388,0.8371621621621623,0.8493243243243243,0.687659444119807,0.5578656415519653,0.5791024723725958,,,,,,,0.9219227967953388,0.8371621621621622,0.8493243243243244,0.8271570347476946,0.650964884425568,0.6678366796779002,,,,,,,0.9219227967953388,0.1038601602330662,0.8833752322658214,0.0257829570284049,0.8371621621621622,0.1662162162162162,0.6663337754269902,0.0033783783783783,0.8493243243243244,0.2,0.7754057329629922,0.0493243243243243,nas_best_efficientnet_2d/right_neural_foraminal_narrowing/repeat_01
nas_best_efficientnet_2d,EfficientNet 2D,efficientnet,2d,right_neural_foraminal_narrowing,2,142,143,10,0.9013838508835866,0.8567567661001876,0.8344594594594594,0.2514564971027805,0.4108848877855249,0.472854462829796,0.908667152221413,0.8567567567567569,0.8344594594594594,0.648671472822472,0.5467266691047612,0.5581358304476565,,,,,,,0.9086671522214128,0.8567567567567568,0.8344594594594594,0.8153631872395959,0.6679384008054813,0.6380135699215285,,,,,,,0.9086671522214128,0.1214857975236708,0.8636065790906469,0.0301529497450837,0.8567567567567568,0.1459459459459459,0.6830641213901125,0.0027027027027027,0.8344594594594594,0.2195945945945946,0.7534316217590239,0.054054054054054,nas_best_efficientnet_2d/right_neural_foraminal_narrowing/repeat_02
nas_best_efficientnet_2d,EfficientNet 2D,efficientnet,2d,right_neural_foraminal_narrowing,3,242,143,23,0.9626181817921724,0.8340136011441549,0.8445945897617856,0.0977673797065561,0.6140247915877777,0.5915361868368613,0.9704727272727274,0.834013605442177,0.8445945945945945,0.8105982522956566,0.5595424393383156,0.5965946672649178,,,,,,,0.9704727272727272,0.8340136054421768,0.8445945945945946,0.9363017644685754,0.6965643972533737,0.7016438307090302,,,,,,,0.9704727272727272,0.0391272727272727,0.956256136140504,0.0096,0.8340136054421768,0.1700680272108843,0.6666060716233413,0.0040816326530612,0.8445945945945946,0.2054054054054054,0.7705607364446105,0.05,nas_best_efficientnet_2d/right_neural_foraminal_narrowing/repeat_03
nas_best_efficientnet_2d,EfficientNet 2D,efficientnet,2d,right_neural_foraminal_narrowing,4,342,143,13,0.9069191683233,0.8513513658497784,0.8412162258818343,0.2353287895317939,0.4561794947933506,0.4558695973576726,0.9193008011653314,0.8513513513513514,0.8412162162162161,0.6607344735010874,0.5183723499736002,0.5394172917349075,,,,,,,0.9193008011653314,0.8513513513513513,0.8412162162162162,0.8326605602189526,0.6687281446897284,0.6510901036979158,,,,,,,0.9193008011653314,0.1073561544064093,0.8794140155242156,0.0266569555717407,0.8513513513513513,0.1527027027027027,0.6624113475177305,0.004054054054054,0.8412162162162162,0.2101351351351351,0.7646177838539698,0.0513513513513513,nas_best_efficientnet_2d/right_neural_foraminal_narrowing/repeat_04
nas_best_efficientnet_2d,EfficientNet 2D,efficientnet,2d,right_neural_foraminal_narrowing,5,442,143,11,0.9031976918841518,0.8366101974147861,0.8476190481867109,0.2387187245280243,0.447476926698523,0.4336974296440072,0.911046511627907,0.8366101694915253,0.8476190476190476,0.702749363100335,0.5550994066041995,0.5317022385056253,,,,,,,0.911046511627907,0.8366101694915254,0.8476190476190476,0.8142362099261616,0.6520358625674586,0.6558669155758166,,,,,,,0.911046511627907,0.1184593023255814,0.8668338546067306,0.0295058139534883,0.8366101694915254,0.167457627118644,0.6612878200155159,0.0040677966101694,0.8476190476190476,0.201360544217687,0.7752808988764045,0.0489795918367346,nas_best_efficientnet_2d/right_neural_foraminal_narrowing/repeat_05
nas_best_efficientnet_2d,EfficientNet 2D,efficientnet,2d,right_subarticular_stenosis,1,42,58,7,0.8489699025539513,0.817424243146723,0.810071964058087,0.358671471972473,0.4679496848221981,0.4553842754672757,0.8519809825673533,0.8174242424242424,0.8100719424460433,0.6721527428524782,0.6156415751472741,0.5774438854841675,,,,,,,0.8519809825673534,0.8174242424242424,0.8100719424460432,0.7460646637592334,0.6892775377450963,0.6753240278250727,,,,,,,0.8519809825673534,0.197147385103011,0.7783063330950248,0.0491283676703645,0.8174242424242424,0.1916666666666666,0.7527394499730856,0.009090909090909,0.8100719424460432,0.2517985611510791,0.7175335671713259,0.0618705035971223,nas_best_efficientnet_2d/right_subarticular_stenosis/repeat_01
nas_best_efficientnet_2d,EfficientNet 2D,efficientnet,2d,right_subarticular_stenosis,2,142,58,13,0.8919777748980533,0.8036496547886925,0.8036900490412413,0.2633723846212846,0.5962951975147219,0.62156894330169,0.8910246227164416,0.8036496350364963,0.8036900369003689,0.7921800947279015,0.6149097336780004,0.5729656789271684,,,,,,,0.8910246227164417,0.8036496350364963,0.803690036900369,0.8218091676749811,0.6653416009987455,0.6761030705362101,,,,,,,0.8910246227164417,0.1450357426528991,0.8370096578037439,0.0360603653693407,0.8036496350364963,0.2080291970802919,0.7205948770473346,0.0116788321167883,0.803690036900369,0.2605166051660517,0.7086788280818132,0.0642066420664206,nas_best_efficientnet_2d/right_subarticular_stenosis/repeat_02
nas_best_efficientnet_2d,EfficientNet 2D,efficientnet,2d,right_subarticular_stenosis,3,242,58,12,0.8993650869717673,0.804494381174166,0.7884476882025653,0.2474510974354214,0.5742114489891109,0.6223964691162109,0.9022222222222224,0.804494382022472,0.7884476534296029,0.759302717118266,0.5556665688502302,0.5576910116065601,,,,,,,0.9022222222222224,0.8044943820224719,0.7884476534296029,0.8342253857315698,0.659217584952038,0.6292634788205902,,,,,,,0.9022222222222224,0.13,0.8541493034885106,0.0322222222222222,0.8044943820224719,0.2074906367041198,0.689462198196462,0.0119850187265917,0.7884476534296029,0.2801444043321299,0.6872331032111615,0.0685920577617328,nas_best_efficientnet_2d/right_subarticular_stenosis/repeat_03
nas_best_efficientnet_2d,EfficientNet 2D,efficientnet,2d,right_subarticular_stenosis,4,342,58,10,0.8550633078889002,0.8022059097009546,0.8014925273496714,0.3389146625995636,0.4797906875610351,0.4870576769558351,0.8520569620253164,0.8022058823529411,0.8014925373134327,0.6523327099068462,0.5398847157142949,0.5494068689678057,,,,,,,0.8520569620253164,0.8022058823529412,0.8014925373134328,0.7492713878240495,0.6551387131450671,0.6637044789831434,,,,,,,0.8520569620253164,0.1969936708860759,0.778687551916459,0.0490506329113924,0.8022058823529412,0.2125,0.6971518301927659,0.0147058823529411,0.8014925373134328,0.2634328358208955,0.7050923335198657,0.0649253731343283,nas_best_efficientnet_2d/right_subarticular_stenosis/repeat_04
nas_best_efficientnet_2d,EfficientNet 2D,efficientnet,2d,right_subarticular_stenosis,5,442,58,7,0.8366242119461108,0.8000000066809602,0.8000000296939503,0.3729899713567867,0.471521930598514,0.4844185263460333,0.842515923566879,0.8,0.8,0.6938405013207246,0.5832621171988439,0.5930016197465025,,,,,,,0.842515923566879,0.8,0.8,0.7408643732735571,0.6613855854417751,0.667070499976702,,,,,,,0.842515923566879,0.2097133757961783,0.764249014219142,0.0522292993630573,0.8,0.2087912087912088,0.7377847682222132,0.0087912087912087,0.8,0.2654545454545454,0.7016967706622879,0.0654545454545454,nas_best_efficientnet_2d/right_subarticular_stenosis/repeat_05
nas_best_efficientnet_2d,EfficientNet 2D,efficientnet,2d,spinal_canal_stenosis,1,42,93,17,0.9480030238852972,0.91188814715072,0.930069947993005,0.1387113580801654,0.2794546564142187,0.2430509245479023,0.9581009796533532,0.9118881118881118,0.93006993006993,0.7709637443446395,0.6461864524757744,0.6204889641086819,,,,,,,0.9581009796533534,0.911888111888112,0.93006993006993,0.831804125481263,0.6756090791900949,0.6828072015627898,,,,,,,0.9581009796533534,0.055764883195177,0.937386948112175,0.0138658628485305,0.911888111888112,0.0958041958041958,0.7652470187393526,0.0076923076923076,0.93006993006993,0.0923076923076923,0.8972742566237727,0.0223776223776223,nas_best_efficientnet_2d/spinal_canal_stenosis/repeat_01
nas_best_efficientnet_2d,EfficientNet 2D,efficientnet,2d,spinal_canal_stenosis,2,142,93,14,0.951428596955493,0.911111142900255,0.9238434366059898,0.119923616900928,0.275221973657608,0.220880122795648,0.952781954887218,0.9111111111111112,0.9238434163701068,0.6841851159993609,0.538905259872698,0.5798580786071581,,,,,,,0.952781954887218,0.9111111111111112,0.9238434163701068,0.8264561991649467,0.6536458696778422,0.7116824550781576,,,,,,,0.952781954887218,0.0627067669172932,0.9297553275453828,0.0154887218045112,0.9111111111111112,0.09375,0.7547336317620861,0.0048611111111111,0.9238434163701068,0.099644128113879,0.8897228879397387,0.0234875444839857,nas_best_efficientnet_2d/spinal_canal_stenosis/repeat_02
nas_best_efficientnet_2d,EfficientNet 2D,efficientnet,2d,spinal_canal_stenosis,3,242,93,19,0.958052447717288,0.922261507056206,0.9266904102525676,0.1050353266270866,0.3149400149133096,0.2907834267276886,0.9604494382022472,0.92226148409894,0.9266903914590748,0.7559436891797933,0.6897840320081426,0.6486469523265999,,,,,,,0.9604494382022472,0.92226148409894,0.9266903914590748,0.8579244983440689,0.726405801815312,0.7065090793161556,,,,,,,0.9604494382022472,0.0524344569288389,0.9413351314902224,0.0128838951310861,0.92226148409894,0.0862190812720848,0.7882322792271026,0.0084805653710247,0.9266903914590748,0.096797153024911,0.8918625430077004,0.0234875444839857,nas_best_efficientnet_2d/spinal_canal_stenosis/repeat_03
nas_best_efficientnet_2d,EfficientNet 2D,efficientnet,2d,spinal_canal_stenosis,4,342,93,22,0.9727409733347144,0.916312079480354,0.9100346144507911,0.0722908374954418,0.2878591460539094,0.3177599688302274,0.9725903614457831,0.9163120567375886,0.9100346020761244,0.8598605324223844,0.6115452844996164,0.5916681691255679,,,,,,,0.9725903614457831,0.9163120567375886,0.9100346020761244,0.904730748021236,0.689969020624079,0.6914066548227108,,,,,,,0.9725903614457831,0.0362951807228915,0.959421272747824,0.0088855421686746,0.9163120567375886,0.0872340425531914,0.8010211552296007,0.0035460992907801,0.9100346020761244,0.1183391003460207,0.8688449016565468,0.0283737024221453,nas_best_efficientnet_2d/spinal_canal_stenosis/repeat_04
nas_best_efficientnet_2d,EfficientNet 2D,efficientnet,2d,spinal_canal_stenosis,5,442,93,12,0.94419307820218,0.9139860376611456,0.9108014129595474,0.1352607697742916,0.2677297462950219,0.2748989367318901,0.9475113122171944,0.913986013986014,0.910801393728223,0.6799681095328374,0.5872902957039579,0.520947440501529,,,,,,,0.9475113122171944,0.913986013986014,0.910801393728223,0.8014012788169581,0.6751003567805937,0.6405287657516591,,,,,,,0.9475113122171944,0.0698340874811463,0.921579721624986,0.0173453996983408,0.913986013986014,0.0972027972027972,0.7551051066088472,0.0111888111888111,0.910801393728223,0.1177700348432055,0.8685175484546883,0.0285714285714285,nas_best_efficientnet_2d/spinal_canal_stenosis/repeat_05
nas_best_vit3d_3d,ViT 3D,vit3d,3d_level_stack,left_neural_foraminal_narrowing,1,42,1512,15,0.7792903796043369,0.7816949500875958,0.7702702960452518,0.5306961526048952,0.5700231531919059,0.5626273509618398,0.7792903692976104,0.7816949152542373,0.7702702702702704,0.3381752383478439,0.3371881865729165,0.3303270407938931,,,,,,,0.7792903692976104,0.7816949152542373,0.7702702702702703,0.3821787429623078,0.3797564720192587,0.3740171164855708,,,,,,,0.7792903692976104,0.2939898624185373,0.6697068923278003,0.0732802317161477,0.7816949152542373,0.2481355932203389,0.1945474839907819,0.0298305084745762,0.7702702702702703,0.3054054054054054,0.6565028857081058,0.0756756756756756,nas_best_vit3d_3d/left_neural_foraminal_narrowing/repeat_01
nas_best_vit3d_3d,ViT 3D,vit3d,3d_level_stack,left_neural_foraminal_narrowing,2,142,1512,16,0.7818971921964282,0.7701694917880882,0.7695946242358234,0.5273602013998839,0.6274058782448203,0.6021799267949285,0.7824764663287473,0.7701694915254237,0.7695945945945947,0.2965398248093396,0.3043590572639481,0.2941362138334186,,,,,,,0.7824764663287472,0.7701694915254237,0.7695945945945946,0.303164375697533,0.3161334709322325,0.3013263610008637,,,,,,,0.7824764663287472,0.289934829833454,0.6739789947375963,0.0724112961622013,0.7701694915254237,0.2684745762711864,0.048582074261821,0.0386440677966101,0.7695945945945946,0.306081081081081,0.6561706449974607,0.0756756756756756,nas_best_vit3d_3d/left_neural_foraminal_narrowing/repeat_02
nas_best_vit3d_3d,ViT 3D,vit3d,3d_level_stack,left_neural_foraminal_narrowing,3,242,1512,2,0.7689855192018592,0.774324357509613,0.7628378344548715,0.6687781655270121,0.7450741819433264,0.7508575787415376,0.7820289855072464,0.7743243243243242,0.7628378378378378,0.2902512378929732,0.288378724542299,0.2855347587404527,,,,,,,0.7820289855072464,0.7743243243243243,0.7628378378378379,0.2925612665365431,0.2909367859862909,0.2884885652229462,,,,,,,0.7820289855072464,0.2902898550724637,0.6737688879226003,0.0723188405797101,0.7743243243243243,0.2668918918918919,0.0,0.0412162162162162,0.7628378378378379,0.3148648648648648,0.6467017193657587,0.0777027027027027,nas_best_vit3d_3d/left_neural_foraminal_narrowing/repeat_03
nas_best_vit3d_3d,ViT 3D,vit3d,3d_level_stack,left_neural_foraminal_narrowing,4,342,1512,15,0.7785662735915546,0.7837288377648693,0.7594594689639839,0.5380949899608203,0.5373286443241572,0.5866313786120028,0.7763939174511224,0.783728813559322,0.7594594594594595,0.3333015679639499,0.345797517647221,0.3239949735956647,,,,,,,0.7763939174511224,0.783728813559322,0.7594594594594595,0.374112925196822,0.407277196194191,0.3604268100670978,,,,,,,0.7763939174511224,0.2977552498189718,0.6655810480936575,0.0741491672700941,0.783728813559322,0.2420338983050847,0.2463540492797779,0.0257627118644067,0.7594594594594595,0.3202702702702703,0.6392239263066459,0.0797297297297297,nas_best_vit3d_3d/left_neural_foraminal_narrowing/repeat_04
nas_best_vit3d_3d,ViT 3D,vit3d,3d_level_stack,left_neural_foraminal_narrowing,5,442,1512,5,0.7713458809769792,0.7777027213895643,0.7666666576651489,0.5761657995529009,0.5765353698988218,0.598826215380714,0.76410998552822,0.7777027027027027,0.7666666666666666,0.311525415567013,0.3212265060815994,0.3077303000869362,,,,,,,0.76410998552822,0.7777027027027027,0.7666666666666667,0.3516766640974945,0.3653470936863163,0.3400003534435001,,,,,,,0.76410998552822,0.3141823444283647,0.646758716734285,0.0782923299565846,0.7777027027027027,0.2608108108108108,0.1044891715798748,0.0385135135135135,0.7666666666666667,0.310204081632653,0.651685393258427,0.0768707482993197,nas_best_vit3d_3d/left_neural_foraminal_narrowing/repeat_05
nas_best_vit3d_3d,ViT 3D,vit3d,3d_level_stack,left_subarticular_stenosis,1,42,856,17,0.7654183343112231,0.7553113456610795,0.7592592716217041,0.5398681060251487,0.568630209772578,0.5846291740735372,0.7620717131474104,0.7553113553113553,0.7592592592592593,0.4425458781868048,0.4487663661166989,0.4562535609859972,,,,,,,0.7620717131474104,0.7553113553113553,0.7592592592592593,0.5341680181394639,0.5401476371967937,0.554516887196885,,,,,,,0.7620717131474104,0.3169721115537848,0.6436341900777047,0.0790438247011952,0.7553113553113553,0.2864468864468864,0.5247198099775572,0.0417582417582417,0.7592592592592593,0.32,0.6403118040089086,0.0792592592592592,nas_best_vit3d_3d/left_subarticular_stenosis/repeat_01
nas_best_vit3d_3d,ViT 3D,vit3d,3d_level_stack,left_subarticular_stenosis,2,142,856,22,0.7749201413541557,0.7677655802978264,0.7216117567631788,0.5218370701558293,0.5575646024483901,0.6427731022729979,0.7645367412140575,0.7677655677655678,0.7216117216117215,0.4183402672561166,0.4651543738409375,0.4152514809094631,,,,,,,0.7645367412140575,0.7677655677655678,0.7216117216117216,0.4908572706536594,0.5290329028685319,0.4909952308693483,,,,,,,0.7645367412140575,0.3137380191693291,0.6472561031046425,0.0782747603833865,0.7677655677655678,0.2688644688644688,0.4790804364756057,0.0366300366300366,0.7216117216117216,0.36996336996337,0.5849367784496977,0.0915750915750915,nas_best_vit3d_3d/left_subarticular_stenosis/repeat_02
nas_best_vit3d_3d,ViT 3D,vit3d,3d_level_stack,left_subarticular_stenosis,3,242,856,13,0.7656870639636651,0.7552238711670264,0.7439114279852582,0.5481181902199913,0.5879484770902946,0.5999957362664142,0.7531374106433677,0.755223880597015,0.7439114391143911,0.3726175453802597,0.3830124106618676,0.3869063183625351,,,,,,,0.7531374106433677,0.755223880597015,0.7439114391143912,0.4266662813557249,0.4651394250085848,0.4655115337428256,,,,,,,0.7531374106433677,0.3288324066719619,0.6301860500086454,0.0819698173153296,0.755223880597015,0.2776119402985074,0.4280252767544796,0.0328358208955223,0.7439114391143912,0.3402214022140221,0.618705035971223,0.0841328413284132,nas_best_vit3d_3d/left_subarticular_stenosis/repeat_03
nas_best_vit3d_3d,ViT 3D,vit3d,3d_level_stack,left_subarticular_stenosis,4,342,856,25,0.7776368097782513,0.7595588459688074,0.7547169932779276,0.5145881711538589,0.5673761087305406,0.598910303835599,0.7804916732751784,0.7595588235294117,0.7547169811320754,0.5259735953254173,0.4589149093416441,0.4629005521212401,,,,,,,0.7804916732751784,0.7595588235294117,0.7547169811320755,0.5682034946339752,0.5333499267836249,0.5251969584557145,,,,,,,0.7804916732751784,0.2924662965900079,0.6712653994544299,0.0729579698651863,0.7595588235294117,0.2860294117647058,0.5024603140644388,0.0455882352941176,0.7547169811320755,0.3252830188679245,0.6361095035012674,0.08,nas_best_vit3d_3d/left_subarticular_stenosis/repeat_04
nas_best_vit3d_3d,ViT 3D,vit3d,3d_level_stack,left_subarticular_stenosis,5,442,856,19,0.7809221059415602,0.7481481834694191,0.7474074200347618,0.51867919117923,0.6271660478026778,0.6280353440178765,0.7675675675675675,0.7481481481481481,0.7474074074074074,0.4440139020811743,0.4398459691404295,0.4220684335706135,,,,,,,0.7675675675675676,0.7481481481481481,0.7474074074074074,0.527758455844602,0.5196412646834281,0.5138079233859946,,,,,,,0.7675675675675676,0.309697933227345,0.6518835773194762,0.0772655007949125,0.7481481481481481,0.2896296296296296,0.4744526584933283,0.0377777777777777,0.7474074074074074,0.3355555555555555,0.6232609905397886,0.0829629629629629,nas_best_vit3d_3d/left_subarticular_stenosis/repeat_05
nas_best_vit3d_3d,ViT 3D,vit3d,3d_level_stack,right_neural_foraminal_narrowing,1,42,1943,37,0.7944646986487653,0.7851351628432403,0.7878378710231265,0.4894487735396827,0.5366477483027691,0.5347198344565727,0.7965040058266569,0.7851351351351352,0.7878378378378378,0.3620900544203674,0.3510550424260806,0.3565013515628253,,,,,,,0.7965040058266569,0.7851351351351351,0.7878378378378378,0.4135425795070211,0.3883813734896202,0.4048885219695163,,,,,,,0.7965040058266569,0.2710852148579752,0.6951579407585529,0.0675892206846321,0.7851351351351351,0.2385135135135135,0.2819094024858571,0.0236486486486486,0.7878378378378378,0.2817567567567567,0.6832740213523132,0.0695945945945945,nas_best_vit3d_3d/right_neural_foraminal_narrowing/repeat_01
nas_best_vit3d_3d,ViT 3D,vit3d,3d_level_stack,right_neural_foraminal_narrowing,2,142,1943,5,0.7807720450702065,0.788513542832555,0.7648648514940932,0.6142872184276233,0.5753242808419305,0.6144488598849323,0.7842680262199563,0.7885135135135135,0.7648648648648648,0.291833892076315,0.2935311729991293,0.2875821209631717,,,,,,,0.7842680262199563,0.7885135135135135,0.7648648648648648,0.2946675602114723,0.2964519412534535,0.2911877394636015,,,,,,,0.7842680262199563,0.2872541879096868,0.6770880423177638,0.0715222141296431,0.7885135135135135,0.2486486486486486,0.0020989437573349,0.0371621621621621,0.7648648648648648,0.3121621621621621,0.6497473941988126,0.077027027027027,nas_best_vit3d_3d/right_neural_foraminal_narrowing/repeat_02
nas_best_vit3d_3d,ViT 3D,vit3d,3d_level_stack,right_neural_foraminal_narrowing,3,242,1943,26,0.7930181840983304,0.7809523923867414,0.7682432637021348,0.4992561593922702,0.5370643325403434,0.5677779784073701,0.7899636363636364,0.7809523809523811,0.7682432432432431,0.3429039254557386,0.3385275675385376,0.3308732611148988,,,,,,,0.7899636363636363,0.780952380952381,0.7682432432432432,0.3791319290316184,0.3687830687830688,0.35528451084968,,,,,,,0.7899636363636363,0.28,0.6851344931895772,0.0699636363636363,0.780952380952381,0.2489795918367346,0.1834951955192435,0.0299319727891156,0.7682432432432432,0.3074324324324324,0.655157267667305,0.0756756756756756,nas_best_vit3d_3d/right_neural_foraminal_narrowing/repeat_03
nas_best_vit3d_3d,ViT 3D,vit3d,3d_level_stack,right_neural_foraminal_narrowing,4,342,1943,8,0.7848507168947652,0.7878378710231265,0.766216236997295,0.5662158819245146,0.5674310117154509,0.6035208863181036,0.783102694828842,0.7878378378378379,0.7662162162162162,0.2920914166415865,0.2974968101299469,0.2909869199360901,,,,,,,0.783102694828842,0.7878378378378378,0.7662162162162162,0.296031434752588,0.3039044038289257,0.2960308446727662,,,,,,,0.783102694828842,0.2890021849963583,0.6749726258518303,0.0721048798252003,0.7878378378378378,0.2479729729729729,0.0297435897435898,0.0358108108108108,0.7662162162162162,0.3108108108108108,0.6504053037975988,0.077027027027027,nas_best_vit3d_3d/right_neural_foraminal_narrowing/repeat_04
nas_best_vit3d_3d,ViT 3D,vit3d,3d_level_stack,right_neural_foraminal_narrowing,5,442,1943,9,0.7860465326974558,0.7701695159330206,0.7755102055007909,0.5569413470667463,0.5854069430949325,0.5813907839003063,0.7882267441860467,0.7701694915254237,0.7755102040816326,0.3030718909900722,0.2976601101055448,0.2943434358306629,,,,,,,0.7882267441860465,0.7701694915254237,0.7755102040816326,0.3121632508624556,0.3056525390780228,0.2987848383500557,,,,,,,0.7882267441860465,0.2821220930232558,0.6826660848696411,0.0703488372093023,0.7701694915254237,0.2664406779661017,0.0310113096213734,0.0366101694915254,0.7755102040816326,0.2979591836734694,0.6659856996935649,0.073469387755102,nas_best_vit3d_3d/right_neural_foraminal_narrowing/repeat_05
nas_best_vit3d_3d,ViT 3D,vit3d,3d_level_stack,right_subarticular_stenosis,1,42,1376,16,0.7648177637162186,0.7469697197278341,0.7330935464488516,0.5566969723595682,0.6297406427788012,0.6708212070327868,0.7521394611727417,0.746969696969697,0.733093525179856,0.3699109535062642,0.3740372201805529,0.3584275924741507,,,,,,,0.7521394611727417,0.746969696969697,0.7330935251798562,0.4514851624505843,0.4684717982090517,0.423199314130471,,,,,,,0.7521394611727417,0.33026941362916,0.628537385411561,0.0824088748019017,0.746969696969697,0.3121212121212121,0.3521438804659835,0.059090909090909,0.7330935251798562,0.3553956834532374,0.5995624228692447,0.0884892086330935,nas_best_vit3d_3d/right_subarticular_stenosis/repeat_01
nas_best_vit3d_3d,ViT 3D,vit3d,3d_level_stack,right_subarticular_stenosis,2,142,1376,15,0.7606036615239145,0.7474452779240852,0.7372694066089898,0.5685566756534046,0.6587414158521777,0.6739075874490491,0.7388403494837171,0.7474452554744525,0.7372693726937269,0.3712689399366732,0.3677228223233355,0.3780850795317443,,,,,,,0.7388403494837172,0.7474452554744525,0.7372693726937269,0.4292943782937055,0.4433455249123902,0.445931143097042,,,,,,,0.7388403494837172,0.3478951548848292,0.6087268266048917,0.0867355043685464,0.7474452554744525,0.3145985401459854,0.2878617256273601,0.0620437956204379,0.7372693726937269,0.3490774907749077,0.6087437742114001,0.0863468634686346,nas_best_vit3d_3d/right_subarticular_stenosis/repeat_02
nas_best_vit3d_3d,ViT 3D,vit3d,3d_level_stack,right_subarticular_stenosis,3,242,1376,22,0.7626984289714268,0.7273408453562733,0.7234657172261593,0.543849311745356,0.6391061439496301,0.6016644458908467,0.7728571428571429,0.7273408239700375,0.7234657039711192,0.4477463107156656,0.4276265925562851,0.4206698135455443,,,,,,,0.7728571428571429,0.7273408239700374,0.7234657039711191,0.5538403835191065,0.5337843218151835,0.510371521766417,,,,,,,0.7728571428571429,0.3025396825396825,0.659838018103859,0.0753968253968253,0.7273408239700374,0.3101123595505618,0.5027630314650806,0.0374531835205992,0.7234657039711191,0.3667870036101083,0.5898316474637724,0.0902527075812274,nas_best_vit3d_3d/right_subarticular_stenosis/repeat_03
nas_best_vit3d_3d,ViT 3D,vit3d,3d_level_stack,right_subarticular_stenosis,4,342,1376,16,0.7604430627219284,0.7360294110634747,0.751492573254144,0.5633730511122113,0.6344826431835399,0.6144000327409204,0.7477848101265823,0.7360294117647058,0.7514925373134329,0.3644836986693492,0.3627098620909469,0.4031478224538182,,,,,,,0.7477848101265823,0.7360294117647059,0.7514925373134328,0.4428660706774721,0.4354985457918401,0.4960559142639095,,,,,,,0.7477848101265823,0.3359177215189873,0.622612551223642,0.0837025316455696,0.7360294117647059,0.313235294117647,0.3704900688526488,0.0492647058823529,0.7514925373134328,0.3305970149253731,0.6293988086299244,0.0820895522388059,nas_best_vit3d_3d/right_subarticular_stenosis/repeat_04
nas_best_vit3d_3d,ViT 3D,vit3d,3d_level_stack,right_subarticular_stenosis,5,442,1376,19,0.7630573355468215,0.7545787674603445,0.7309090916676955,0.5521364382877472,0.5947129647810381,0.6391413389552724,0.7579617834394904,0.7545787545787547,0.7309090909090908,0.4499017589643984,0.4444616248091322,0.4122468346302225,,,,,,,0.7579617834394905,0.7545787545787546,0.730909090909091,0.5168350569617537,0.5071394323339324,0.503404499364124,,,,,,,0.7579617834394905,0.322452229299363,0.6373521328713108,0.0804140127388535,0.7545787545787546,0.2849816849816849,0.4368610881682764,0.0395604395604395,0.730909090909091,0.3585454545454545,0.5959476466646918,0.0894545454545454,nas_best_vit3d_3d/right_subarticular_stenosis/repeat_05
nas_best_vit3d_3d,ViT 3D,vit3d,3d_level_stack,spinal_canal_stenosis,1,42,398,32,0.8886209539928738,0.8776223697028793,0.8951049042748405,0.3179443308798639,0.3472801175984469,0.3273717723526321,0.8896759608138657,0.8776223776223777,0.895104895104895,0.406121757823866,0.3935415752646489,0.3927594516441759,,,,,,,0.8896759608138659,0.8776223776223776,0.8951048951048951,0.4942069271966994,0.472055990423821,0.4839813947573859,,,,,,,0.8896759608138659,0.146948003014318,0.8348965422449626,0.0366239638281838,0.8776223776223776,0.1608391608391608,0.3947933808171161,0.0384615384615384,0.8951048951048951,0.1384615384615384,0.8459125144312705,0.0335664335664335,nas_best_vit3d_3d/spinal_canal_stenosis/repeat_01
nas_best_vit3d_3d,ViT 3D,vit3d,3d_level_stack,spinal_canal_stenosis,2,142,398,16,0.8793985125713779,0.8763889206780328,0.8782918071407441,0.3731002213811515,0.3797739214367336,0.3691668540133276,0.8827067669172932,0.8763888888888888,0.8782918149466192,0.3470309235881808,0.3572608992992366,0.3361426157253158,,,,,,,0.8827067669172932,0.8763888888888889,0.8782918149466192,0.415293781721564,0.4454700489236403,0.3799055192422045,,,,,,,0.8827067669172932,0.1560902255639097,0.8248027354514693,0.038796992481203,0.8763888888888889,0.1618055555555555,0.3263024655321982,0.0381944444444444,0.8782918149466192,0.1615658362989324,0.8186182012052896,0.0398576512455516,nas_best_vit3d_3d/spinal_canal_stenosis/repeat_02
nas_best_vit3d_3d,ViT 3D,vit3d,3d_level_stack,spinal_canal_stenosis,3,242,398,31,0.8861423436175572,0.8840989379916512,0.888967976027112,0.3273245105805915,0.3498975832554982,0.3375948741766906,0.888689138576779,0.8840989399293286,0.8889679715302492,0.3863968759424625,0.4068833443675689,0.3668833431305548,,,,,,,0.888689138576779,0.8840989399293286,0.8889679715302491,0.4774293269879215,0.5121776371776372,0.4594101507915862,,,,,,,0.888689138576779,0.1481647940074906,0.8335393953017871,0.0368539325842696,0.8840989399293286,0.1540636042402826,0.4076000410951866,0.0381625441696113,0.8889679715302491,0.1466192170818505,0.8361890609818826,0.0355871886120996,nas_best_vit3d_3d/spinal_canal_stenosis/repeat_03
nas_best_vit3d_3d,ViT 3D,vit3d,3d_level_stack,spinal_canal_stenosis,4,342,398,20,0.8850903834205076,0.8843971651496617,0.87058826156966,0.3421465312860098,0.3567691863851344,0.3690815592719609,0.8843373493975903,0.8843971631205674,0.8705882352941178,0.3691572610820682,0.3649647775209955,0.3671480765042731,,,,,,,0.8843373493975903,0.8843971631205674,0.8705882352941177,0.4574923899431418,0.4363984794532725,0.4530394497610373,,,,,,,0.8843373493975903,0.1539156626506024,0.8270795954365163,0.0382530120481927,0.8843971631205674,0.1546099290780141,0.3262650012674049,0.0390070921985815,0.8705882352941177,0.1716262975778546,0.808090597462266,0.0422145328719723,nas_best_vit3d_3d/spinal_canal_stenosis/repeat_04
nas_best_vit3d_3d,ViT 3D,vit3d,3d_level_stack,spinal_canal_stenosis,5,442,398,23,0.8862745297080971,0.8790209831057728,0.8843205891004423,0.3448284039580084,0.3709966632036062,0.3483274481437763,0.8877828054298643,0.879020979020979,0.8843205574912891,0.395579644386636,0.38329816975531,0.3727392928333243,,,,,,,0.8877828054298642,0.879020979020979,0.8843205574912892,0.4980379001800727,0.473465230556493,0.4582340558684645,,,,,,,0.8877828054298642,0.1493212669683258,0.8322770484382074,0.03710407239819,0.879020979020979,0.1608391608391608,0.4029155085146929,0.0398601398601398,0.8843205574912892,0.1533101045296167,0.82809161532084,0.0376306620209059,nas_best_vit3d_3d/spinal_canal_stenosis/repeat_05
nas_best_vit_2d,ViT 2D,vit,2d,left_neural_foraminal_narrowing,1,42,2091,4,0.747139765722522,0.7749152787661149,0.7804053925179146,1.11513127562449,0.9853446734153618,0.9813558024329108,0.7781317885590152,0.7749152542372881,0.7804054054054055,0.2892373042865998,0.2887763879122616,0.2899925699161249,,,,,,,0.7781317885590152,0.7749152542372881,0.7804054054054054,0.2917413259488516,0.2910618792971734,0.2922201138519924,,,,,,,0.7781317885590152,0.2955829109341057,0.6678249538494951,0.0737146994931209,0.7749152542372881,0.2657627118644067,0.0,0.0406779661016949,0.7804054054054054,0.2918918918918919,0.6717468404843732,0.0722972972972973,nas_best_vit_2d/left_neural_foraminal_narrowing/repeat_01
nas_best_vit_2d,ViT 2D,vit,2d,left_neural_foraminal_narrowing,2,142,2091,4,0.7252715601599967,0.7640678176435374,0.7689189492045222,1.0007257188341914,0.940540363020816,0.9461327952307624,0.7829109341057204,0.7640677966101694,0.768918918918919,0.2903596036565186,0.2862960846192743,0.2871727263848972,,,,,,,0.7829109341057205,0.7640677966101694,0.768918918918919,0.2927463244253107,0.2887522418652319,0.2897886427298192,,,,,,,0.7829109341057205,0.2893555394641564,0.6747012580544829,0.0722664735698769,0.7640677966101694,0.2766101694915254,0.0,0.0406779661016949,0.768918918918919,0.3067567567567567,0.655488987691621,0.0756756756756756,nas_best_vit_2d/left_neural_foraminal_narrowing/repeat_02
nas_best_vit_2d,ViT 2D,vit,2d,left_neural_foraminal_narrowing,3,242,2091,4,0.7069565311722134,0.774324357509613,0.7628378344548715,1.5047990052596385,1.057479175361427,1.2035363171551678,0.7820289855072464,0.7743243243243242,0.7628378378378378,0.2902512378929732,0.288378724542299,0.2855347587404527,,,,,,,0.7820289855072464,0.7743243243243243,0.7628378378378379,0.2925612665365431,0.2909367859862909,0.2884885652229462,,,,,,,0.7820289855072464,0.2902898550724637,0.6737688879226003,0.0723188405797101,0.7743243243243243,0.2668918918918919,0.0,0.0412162162162162,0.7628378378378379,0.3148648648648648,0.6467017193657587,0.0777027027027027,nas_best_vit_2d/left_neural_foraminal_narrowing/repeat_03
nas_best_vit_2d,ViT 2D,vit,2d,left_neural_foraminal_narrowing,4,342,2091,2,0.6797972607232797,0.7735593569480766,0.766891878198933,2.5671525653249367,1.3958258935960672,1.5129464252575024,0.7813178855901521,0.7735593220338982,0.7668918918918919,0.2900970405230502,0.2875359896600857,0.2870900299448761,,,,,,,0.781317885590152,0.7735593220338983,0.7668918918918919,0.2924119241192411,0.2907747196738022,0.2893562778840025,,,,,,,0.781317885590152,0.2912382331643736,0.672820170231363,0.0725561187545257,0.7735593220338983,0.263728813559322,0.0,0.0372881355932203,0.7668918918918919,0.3094594594594594,0.6524402176711929,0.0763513513513513,nas_best_vit_2d/left_neural_foraminal_narrowing/repeat_04
nas_best_vit_2d,ViT 2D,vit,2d,left_neural_foraminal_narrowing,5,442,2091,5,0.7137482051566437,0.7763513705214938,0.7809524065783234,0.7772489278085325,0.6608889360685606,0.6781078009378343,0.777713458755427,0.7763513513513514,0.780952380952381,0.2891980040426374,0.2886911730658931,0.2902470815541113,,,,,,,0.777713458755427,0.7763513513513514,0.780952380952381,0.2916530988820145,0.2913655382274629,0.2923351158645276,,,,,,,0.777713458755427,0.2960926193921852,0.6670287230526397,0.0738060781476121,0.7763513513513514,0.2662162162162162,0.0,0.0425675675675675,0.780952380952381,0.291156462585034,0.6731358529111338,0.0721088435374149,nas_best_vit_2d/left_neural_foraminal_narrowing/repeat_05
nas_best_vit_2d,ViT 2D,vit,2d,left_subarticular_stenosis,1,42,74,16,0.8465338788184512,0.8417582762983692,0.8466666998686614,0.3622937274169162,0.3718986498130547,0.3773801719700849,0.8538645418326694,0.8417582417582418,0.8466666666666667,0.6836299139489956,0.6749652026585156,0.6610488674312347,,,,,,,0.8538645418326694,0.8417582417582418,0.8466666666666667,0.7444558229103401,0.7236983929293498,0.749215309852819,,,,,,,0.8538645418326694,0.1945816733067729,0.7814031313493486,0.0484462151394422,0.8417582417582418,0.1619047619047619,0.7846628217867423,0.0036630036630036,0.8466666666666667,0.2022222222222222,0.7748749305169539,0.0488888888888888,nas_best_vit_2d/left_subarticular_stenosis/repeat_01
nas_best_vit_2d,ViT 2D,vit,2d,left_subarticular_stenosis,2,142,74,14,0.8431309990989514,0.8358974703502305,0.7978022212073916,0.3719180660506788,0.3836576617681063,0.4316367646713396,0.8471246006389777,0.8358974358974359,0.7978021978021979,0.6641209631921986,0.6562944100721342,0.6131202791334961,,,,,,,0.8471246006389777,0.8358974358974359,0.7978021978021979,0.731654982924379,0.7121452740258962,0.6760516300885753,,,,,,,0.8471246006389777,0.2035143769968051,0.7714423053555508,0.0506389776357827,0.8358974358974359,0.1692307692307692,0.764218620119306,0.0051282051282051,0.7978021978021979,0.2681318681318681,0.6996699669966997,0.0659340659340659,nas_best_vit_2d/left_subarticular_stenosis/repeat_02
nas_best_vit_2d,ViT 2D,vit,2d,left_subarticular_stenosis,3,242,74,1,0.6112787967356923,0.7246268676288092,0.7254612439232999,0.8858754806238285,0.6961718584174541,0.6993165086556185,0.7245432883240668,0.7246268656716419,0.7254612546125461,0.2769033435054829,0.2759908034753707,0.276657086521733,,,,,,,0.7245432883240667,0.7246268656716418,0.7254612546125462,0.2800908867600098,0.2801096206548392,0.2802965497576276,,,,,,,0.7245432883240667,0.3667990468625893,0.5876746477551702,0.091342335186656,0.7246268656716418,,,,0.7254612546125462,0.3638376383763838,0.5937048059447585,0.0892988929889298,nas_best_vit_2d/left_subarticular_stenosis/repeat_03
nas_best_vit_2d,ViT 2D,vit,2d,left_subarticular_stenosis,4,342,74,1,0.6317208588454196,0.7205882475656622,0.7320755070110537,0.8433626395761731,0.6921154681374045,0.6855886778741512,0.7240285487708169,0.7205882352941175,0.7320754716981133,0.2766726937186893,0.2753182173649265,0.2785030059800079,,,,,,,0.7240285487708168,0.7205882352941176,0.7320754716981132,0.2799754676479607,0.2792022792022792,0.2817719680464778,,,,,,,0.7240285487708168,0.3678033306899286,0.5865142928276755,0.0918318794607454,0.7205882352941176,,,,0.7320754716981132,0.3554716981132075,0.6026037300363276,0.0875471698113207,nas_best_vit_2d/left_subarticular_stenosis/repeat_04
nas_best_vit_2d,ViT 2D,vit,2d,right_neural_foraminal_narrowing,1,42,132,30,0.8913328633287573,0.8486486576698922,0.8527027191342534,0.2774625275791429,0.3663460886156237,0.3390657047967653,0.8927895120174799,0.8486486486486486,0.8527027027027028,0.7352724726784525,0.6093514295598925,0.6120005246402775,,,,,,,0.89278951201748,0.8486486486486486,0.8527027027027027,0.7816926778184975,0.7039354004149704,0.6884951341061613,,,,,,,0.89278951201748,0.1427530954115076,0.8395277400793395,0.0355426074289876,0.8486486486486486,0.154054054054054,0.7054979671197856,0.0027027027027027,0.8527027027027027,0.1945945945945946,0.7827433522086136,0.0472972972972973,nas_best_vit_2d/right_neural_foraminal_narrowing/repeat_01
nas_best_vit_2d,ViT 2D,vit,2d,right_neural_foraminal_narrowing,2,142,132,31,0.8897305328048933,0.8709459643106203,0.8385135434769295,0.2812462268045846,0.341905648643906,0.3831429884240434,0.8890021849963583,0.870945945945946,0.8385135135135136,0.7607097478289097,0.6283514980870634,0.5678449161263519,,,,,,,0.8890021849963583,0.870945945945946,0.8385135135135136,0.7780960579401782,0.6650803678001775,0.6337937314823171,,,,,,,0.8890021849963583,0.1478514202476329,0.8337159194883408,0.0368536052439912,0.870945945945946,0.1324324324324324,0.7069047728915756,0.0033783783783783,0.8385135135135136,0.2141891891891892,0.7595322826639552,0.0527027027027027,nas_best_vit_2d/right_neural_foraminal_narrowing/repeat_02
nas_best_vit_2d,ViT 2D,vit,2d,right_neural_foraminal_narrowing,3,242,132,23,0.8647272897633639,0.841496636267422,0.8466216406306705,0.3215995854681188,0.3788861028191184,0.3646452861863213,0.8778181818181819,0.8414965986394558,0.8466216216216216,0.6199954679509607,0.5852557069365066,0.6147393159381477,,,,,,,0.8778181818181818,0.8414965986394558,0.8466216216216216,0.7309173882415756,0.6773060296090403,0.6786231480450039,,,,,,,0.8778181818181818,0.1626181818181818,0.8174084059323488,0.0404363636363636,0.8414965986394558,0.1639455782312925,0.6761476147614762,0.0054421768707482,0.8466216216216216,0.204054054054054,0.7703228375924,0.0506756756756756,nas_best_vit_2d/right_neural_foraminal_narrowing/repeat_03
nas_best_vit_2d,ViT 2D,vit,2d,right_neural_foraminal_narrowing,4,342,132,17,0.8694829151566152,0.8493243536433658,0.838513512869139,0.3228971896949512,0.3939602890530148,0.3996080981718527,0.8739985433357612,0.8493243243243244,0.8385135135135136,0.7138023832862688,0.624707514573211,0.5720757497469033,,,,,,,0.8739985433357611,0.8493243243243244,0.8385135135135136,0.7261428713853731,0.6567735042735042,0.6651014523419237,,,,,,,0.8739985433357611,0.1676620538965768,0.8116734668987924,0.0416605972323379,0.8493243243243244,0.1574324324324324,0.652233676975945,0.0067567567567567,0.8385135135135136,0.2141891891891892,0.7597765363128491,0.0527027027027027,nas_best_vit_2d/right_neural_foraminal_narrowing/repeat_04
nas_best_vit_2d,ViT 2D,vit,2d,right_neural_foraminal_narrowing,5,442,132,22,0.8574128012324489,0.8386441012560311,0.842857136207373,0.3509555805561154,0.3808796583595922,0.3647876454859364,0.8614825581395349,0.8386440677966102,0.8428571428571429,0.5682764900986319,0.522470287916394,0.4962646348244467,,,,,,,0.8614825581395349,0.8386440677966102,0.8428571428571429,0.6751070331042678,0.628556131501374,0.6054920355657932,,,,,,,0.8614825581395349,0.1844476744186046,0.7926709564838041,0.0459302325581395,0.8386440677966102,0.1640677966101695,0.6399277414315009,0.0027118644067796,0.8428571428571429,0.2081632653061224,0.7671092951991828,0.0510204081632653,nas_best_vit_2d/right_neural_foraminal_narrowing/repeat_05
nas_best_vit_2d,ViT 2D,vit,2d,spinal_canal_stenosis,1,42,72,24,0.943180119757735,0.9216783542733092,0.9314685247161172,0.1828798127291161,0.2680779778874004,0.2472973695168128,0.9470987189148454,0.9216783216783216,0.9314685314685316,0.7496124763611205,0.640453601021284,0.6501363447355722,,,,,,,0.9470987189148456,0.9216783216783216,0.9314685314685316,0.8035447809763534,0.7166805037576288,0.7349462726099274,,,,,,,0.9470987189148456,0.0702336096458176,0.921355945596508,0.0173323285606631,0.9216783216783216,0.0811188811188811,0.8114351220694921,0.0027972027972027,0.9314685314685316,0.0902097902097902,0.8999476165531692,0.0216783216783216,nas_best_vit_2d/spinal_canal_stenosis/repeat_01
nas_best_vit_2d,ViT 2D,vit,2d,spinal_canal_stenosis,2,142,72,20,0.94766918196714,0.9222222103012933,0.9259786501898036,0.1862064653097238,0.2442182567384508,0.2470592610352404,0.9505263157894736,0.9222222222222224,0.9259786476868326,0.7627489744907556,0.6011654142716167,0.6178277548580031,,,,,,,0.9505263157894736,0.9222222222222224,0.9259786476868328,0.8070343902368139,0.7030293846920955,0.7075852221050128,,,,,,,0.9505263157894736,0.0657142857142857,0.9263727590483708,0.0162406015037594,0.9222222222222224,0.0847222222222222,0.785051130247578,0.0069444444444444,0.9259786476868328,0.096797153024911,0.8929348426599405,0.0227758007117437,nas_best_vit_2d/spinal_canal_stenosis/repeat_02
nas_best_vit_2d,ViT 2D,vit,2d,spinal_canal_stenosis,3,242,72,7,0.9185018822048489,0.9159010596073136,0.9195729661666626,0.3878270346350437,0.4745292410833675,0.459725161676305,0.9195505617977529,0.9159010600706712,0.9195729537366548,0.5871331741684861,0.5762534564254005,0.6010402319517572,,,,,,,0.9195505617977529,0.9159010600706714,0.9195729537366548,0.655489676011325,0.6542273773118837,0.6495688766796859,,,,,,,0.9195505617977529,0.1069662921348314,0.88,0.0265168539325842,0.9159010600706714,0.0862190812720848,0.7848675614681079,0.0021201413427561,0.9195729537366548,0.1067615658362989,0.8800842823993812,0.0263345195729537,nas_best_vit_2d/spinal_canal_stenosis/repeat_03
nas_best_vit_2d,ViT 2D,vit,2d,spinal_canal_stenosis,4,342,72,23,0.9347891757287174,0.9290780450435396,0.9224913796751556,0.2027336333889559,0.2507520470213383,0.2921803469888892,0.9414156626506024,0.9290780141843972,0.9224913494809688,0.7429588242683008,0.6872882296584397,0.6197930461670029,,,,,,,0.9414156626506024,0.9290780141843972,0.9224913494809688,0.7810230211911152,0.7468673985006221,0.7170103737032871,,,,,,,0.9414156626506024,0.0778614457831325,0.91264549666629,0.0192771084337349,0.9290780141843972,0.0787234042553191,0.794708598527393,0.0078014184397163,0.9224913494809688,0.1017301038062283,0.8875072871915837,0.0242214532871972,nas_best_vit_2d/spinal_canal_stenosis/repeat_04
nas_best_vit_2d,ViT 2D,vit,2d,spinal_canal_stenosis,5,442,72,20,0.938461555345026,0.9188811412224402,0.9212543546945792,0.2016798225238492,0.2537781266899375,0.2803682231113886,0.9455505279034688,0.9188811188811188,0.9212543554006968,0.7596152987848719,0.6122605647454024,0.5975670867406639,,,,,,,0.945550527903469,0.9188811188811188,0.9212543554006968,0.7974018483165133,0.6849826239261289,0.6851021366337952,,,,,,,0.945550527903469,0.0723981900452488,0.9187599004299616,0.0179487179487179,0.9188811188811188,0.0923076923076923,0.7483663987811029,0.0111888111888111,0.9212543554006968,0.1038327526132404,0.8841111693759832,0.0250871080139372,nas_best_vit_2d/spinal_canal_stenosis/repeat_05
