architecture,representation,condition,split,spinal_level,n_repeats,status,accuracy_mean,accuracy_std,precision_macro_mean,precision_macro_std,recall_macro_mean,recall_macro_std,f1_macro_mean,f1_macro_std,oa_mean,oa_std,omae_mean,omae_std,qwk_mean,qwk_std,ser_mean,ser_std
ConvNeXt,2.5D-to-3D,SCS,train,L1/L2,5,complete,0.9571153465584572,0.0011419584758708026,0.3190384488528191,0.00038065282529026965,0.3333333333333333,0.0,0.3260291822845158,0.000198814926795343,0.9571153465584572,0.0011419584758708026,0.0531150338644239,0.0018209268185597548,0.0,0.0,0.01023038042288126,0.0012423166584543054
ConvNeXt,2.5D-to-3D,SCS,train,L2/L3,5,complete,0.8946736695715721,0.0020299317738498484,0.2982245565238573,0.0006766439246166457,0.3333333333333333,0.0,0.3148027603059867,0.0003768522779545977,0.8946736695715721,0.0020299317738498484,0.1318073587486197,0.0020219470571260275,0.0,0.0,0.026481028320191724,0.0020017491177067573
ConvNeXt,2.5D-to-3D,SCS,train,L3/L4,5,complete,0.8226000752824894,0.0025856831712634306,0.274200025094163,0.0008618943904211529,0.3333333333333333,0.0,0.30088826689221426,0.00051838321424993,0.8226000752824894,0.0025856831712634306,0.23984363247753135,0.003735591634973604,0.0,0.0,0.06244370776002062,0.0015039210048405308
ConvNeXt,2.5D-to-3D,SCS,train,L4/L5,5,complete,0.7505241104491832,0.002033516636097501,0.25017470348306103,0.0006778388786991829,0.3333333333333333,0.0,0.28582793218284996,0.000442730881257842,0.7505241104491832,0.002033516636097501,0.37872728412161855,0.0033598970858383444,0.0,0.0,0.12925139457080165,0.0024840727461692266
ConvNeXt,2.5D-to-3D,SCS,train,L5/S1,5,complete,0.9664479836089559,0.0019891827723034494,0.3221493278696519,0.0006630609241011215,0.3333333333333333,0.0,0.32764564098999027,0.0003429024214783592,0.9664479836089559,0.0019891827723034494,0.04333126576967708,0.0025709533173600644,0.0,0.0,0.009779249378632799,0.001176839057817956
ConvNeXt,2.5D-to-3D,SCS,validation,L1/L2,5,complete,0.9396604225912173,0.009016650350433237,0.31322014086373906,0.0030055501168110375,0.3333333333333333,0.0,0.32295795495575563,0.0015968204557401087,0.9396604225912173,0.009016650350433237,0.07366627547910908,0.010105830347706924,0.0,0.0,0.013326698070326298,0.0015054177651466138
ConvNeXt,2.5D-to-3D,SCS,validation,L2/L3,5,complete,0.889823139805754,0.01072342502909594,0.2966077132685846,0.0035744750096986188,0.3333333333333333,0.0,0.3138908709937397,0.0020044006294395377,0.889823139805754,0.01072342502909594,0.144589542811481,0.010807874861977955,0.0,0.0,0.03441268261723486,0.0048155827740474525
ConvNeXt,2.5D-to-3D,SCS,validation,L3/L4,5,complete,0.8210764534941288,0.010154573014524142,0.2736921511647096,0.003384857671508029,0.3333333333333333,0.0,0.30057373687236427,0.002036975777794915,0.8210764534941288,0.010154573014524142,0.24419764804651276,0.010392021089535304,0.0,0.0,0.06527410154064163,0.008828879346182924
ConvNeXt,2.5D-to-3D,SCS,validation,L4/L5,5,complete,0.7565508858983033,0.009955131917927525,0.2521836286327678,0.0033183773059758583,0.3333333333333333,0.0,0.2871252655187058,0.0021493799908862948,0.7565508858983033,0.009955131917927525,0.36977488153527543,0.011766869667735083,0.0,0.0,0.12632576743357882,0.005718619482983705
ConvNeXt,2.5D-to-3D,SCS,validation,L5/S1,5,complete,0.9579094733049323,0.010790691274516333,0.31930315776831075,0.003596897091505475,0.3333333333333333,0.0,0.3261591962643968,0.0018691473882837537,0.9579094733049323,0.010790691274516333,0.05261997121866676,0.012901579249791701,0.0,0.0,0.01052944452359902,0.0025180426367010576
ConvNeXt,2.5D-to-3D,SCS,test,L1/L2,5,complete,0.9586153336069316,0.010319333289766797,0.31953844453564384,0.003439777763255585,0.3333333333333333,0.0,0.3262825881716124,0.001793835682903346,0.9586153336069316,0.010319333289766797,0.053995872593865256,0.01578662864564389,0.0,0.0,0.01261120620079686,0.006789466640852856
ConvNeXt,2.5D-to-3D,SCS,test,L2/L3,5,complete,0.9101391489721031,0.01163544701212012,0.30337971632403427,0.0038784823373733657,0.3333333333333333,0.0,0.31764163382615057,0.0021177585565577317,0.9101391489721031,0.01163544701212012,0.11441813274696144,0.01879171793801423,0.0,0.0,0.02455728171906446,0.008192169486651394
ConvNeXt,2.5D-to-3D,SCS,test,L3/L4,5,complete,0.8203270369011941,0.014561691220580984,0.2734423456337313,0.0048538970735270215,0.3333333333333333,0.0,0.30041321006507954,0.0029532244945049287,0.8203270369011941,0.014561691220580984,0.23377227070362724,0.019133585521865518,0.0,0.0,0.054099307604821324,0.009584819531719605
ConvNeXt,2.5D-to-3D,SCS,test,L4/L5,5,complete,0.7541830413561559,0.016780747930377104,0.25139434711871866,0.005593582643459058,0.3333333333333333,0.0,0.2865950513208102,0.0036140250785712666,0.7541830413561559,0.016780747930377104,0.37991401360885513,0.026126571447265705,0.0,0.0,0.13409705496501112,0.011689753877365362
ConvNeXt,2.5D-to-3D,SCS,test,L5/S1,5,complete,0.9599724046387564,0.009562620850505733,0.3199908015462521,0.003187540283501895,0.3333333333333333,0.0,0.3265193382776556,0.0016614938583072027,0.9599724046387564,0.009562620850505733,0.05055785440555956,0.008773253815734499,0.0,0.0,0.0105302590443159,0.003500649861114132
ConvNeXt,2.5D-to-3D,LFN,train,L1/L2,5,complete,0.9679938855821939,0.0020160282931952563,0.322664628527398,0.0006720094310650739,0.3333333333333333,0.0,0.3279119422512559,0.00034702825123336114,0.9679938855821939,0.0020160282931952563,0.033164590516238754,0.0016568602842524315,0.0,0.0,0.00115847609843274,0.0003962782540457985
ConvNeXt,2.5D-to-3D,LFN,train,L2/L3,5,complete,0.9094850218694143,0.0023313923397730064,0.3031616739564714,0.0007771307799243736,0.3333333333333333,0.0,0.31753197637656083,0.00042627834216168504,0.9094850218694143,0.0023313923397730064,0.09572848772533682,0.002116244143009744,0.0,0.0,0.00521350959475108,0.001073347455779698
ConvNeXt,2.5D-to-3D,LFN,train,L3/L4,5,complete,0.7766864515547409,0.007903347769040371,0.2588954838515803,0.002634449256346817,0.3333333333333333,0.0,0.2914303651367851,0.0016743626310698342,0.7766864515547409,0.007903347769040371,0.24257485238105497,0.007763217848687839,0.0,0.0,0.01926130393579592,0.0015849019177607022
ConvNeXt,2.5D-to-3D,LFN,train,L4/L5,5,complete,0.6152079692854241,0.0061138940426885315,0.2050693230951414,0.0020379646808961808,0.3333333333333333,0.0,0.25391839197572785,0.0015611851127454754,0.6152079692854241,0.0061138940426885315,0.4560452848299906,0.005237688097585192,0.0,0.0,0.07125325411541475,0.004061890605710745
ConvNeXt,2.5D-to-3D,LFN,train,L5/S1,5,complete,0.6327297242257878,0.004028369091105668,0.21090990807526255,0.0013427896970352325,0.3333333333333333,0.0,0.2583505146614495,0.0010089695669500303,0.6327297242257878,0.004028369091105668,0.47154256411742423,0.00403458680440906,0.0,0.0,0.1042722883432119,5.339006297734564e-05
ConvNeXt,2.5D-to-3D,LFN,validation,L1/L2,5,complete,0.9695281722400366,0.010461279198260409,0.32317605741334554,0.003487093066086836,0.3333333333333333,0.0,0.328168486356121,0.0017965998593113517,0.9695281722400366,0.010461279198260409,0.031147503435639,0.01000976573985236,0.0,0.0,0.00067567567567566,0.0015108567415538768
ConvNeXt,2.5D-to-3D,LFN,validation,L2/L3,5,complete,0.9119812185066423,0.0076135152762275785,0.30399373950221403,0.002537838425409194,0.3333333333333333,0.0,0.3179837829149359,0.0013887041139297072,0.9119812185066423,0.0076135152762275785,0.09140403114979383,0.009312059299737777,0.0,0.0,0.0033852496564360595,0.00338411510106035
ConvNeXt,2.5D-to-3D,LFN,validation,L3/L4,5,complete,0.7508428767750802,0.025536556118826284,0.25028095892502666,0.008512185372942105,0.3333333333333333,0.0,0.28583294227966927,0.005548407422845716,0.7508428767750802,0.025536556118826284,0.26743930371049013,0.028262153359306687,0.0,0.0,0.018282180485570263,0.003038524426626341
ConvNeXt,2.5D-to-3D,LFN,validation,L4/L5,5,complete,0.5917315620705452,0.02222646774840498,0.197243854023515,0.007408822582801669,0.3333333333333333,0.0,0.24776907422601732,0.0059531454355008255,0.5917315620705452,0.02222646774840498,0.47664223545579476,0.015957179206861783,0.0,0.0,0.06837379752633985,0.009620421853860944
ConvNeXt,2.5D-to-3D,LFN,validation,L5/S1,5,complete,0.6391342189647274,0.014021893808618836,0.21304473965490905,0.004673964602872923,0.3333333333333333,0.0,0.2599240740230703,0.00347990152858188,0.6391342189647274,0.014021893808618836,0.4725767292716445,0.01881215445264815,0.0,0.0,0.11171094823637193,0.005294722398233445
ConvNeXt,2.5D-to-3D,LFN,test,L1/L2,5,complete,0.9600799779371207,0.002845661759995745,0.32002665931237356,0.0009485539199985857,0.3333333333333333,0.0,0.32654391723115606,0.000493972737103244,0.9600799779371207,0.002845661759995745,0.04059569773855484,0.004139489374754568,0.0,0.0,0.00067567567567566,0.0015108567415538768
ConvNeXt,2.5D-to-3D,LFN,test,L2/L3,5,complete,0.8984923699209414,0.01144332325388814,0.29949745664031374,0.003814441084629381,0.3333333333333333,0.0,0.31550061194967605,0.00212010683334101,0.8984923699209414,0.01144332325388814,0.10759790402647543,0.011064527391348554,0.0,0.0,0.00609027394741674,0.0028293743763658347
ConvNeXt,2.5D-to-3D,LFN,test,L3/L4,5,complete,0.7699990807133663,0.018573737986475946,0.2566663602377887,0.0061912459954919655,0.3333333333333333,0.0,0.2899856707129892,0.00392706145412682,0.7699990807133663,0.018573737986475946,0.25706931421217133,0.01886831336538914,0.0,0.0,0.027068394925537743,0.00794555662751671
ConvNeXt,2.5D-to-3D,LFN,test,L4/L5,5,complete,0.6076070968928111,0.019558075634379144,0.20253569896427037,0.0065193585447930625,0.3333333333333333,0.0,0.25192221329623005,0.00507872376672981,0.6076070968928111,0.019558075634379144,0.4648005148005148,0.02561186118258049,0.0,0.0,0.07240761169332595,0.012421032527729695
ConvNeXt,2.5D-to-3D,LFN,test,L5/S1,5,complete,0.6238279095421954,0.015345591568623036,0.20794263651406503,0.005115197189541019,0.3333333333333333,0.0,0.25608475335041087,0.0038858194233497467,0.6238279095421954,0.015345591568623036,0.4708861923147637,0.016375945453823128,0.0,0.0,0.09471410185695896,0.00515619116610022
ConvNeXt,2.5D-to-3D,RFN,train,L1/L2,5,complete,0.9628804757717934,0.004926529630459585,0.3209601585905978,0.0016421765434865689,0.3333333333333333,0.0,0.3270280393039603,0.000853492971801969,0.9628804757717934,0.004926529630459585,0.04337905090471776,0.0059465553404120545,0.0,0.0,0.00625952667651118,0.0013245828764408404
ConvNeXt,2.5D-to-3D,RFN,train,L2/L3,5,complete,0.917464319425218,0.005419185645168515,0.305821439808406,0.0018063952150561915,0.3333333333333333,0.0,0.3189830498718474,0.000983310257382673,0.917464319425218,0.005419185645168515,0.08515608780944488,0.0057215968170383925,0.0,0.0,0.002620407234663,0.0004010993228446582
ConvNeXt,2.5D-to-3D,RFN,train,L3/L4,5,complete,0.7749623597036781,0.003777251915346381,0.2583207865678927,0.0012590839717821526,0.3333333333333333,0.0,0.2910704853405601,0.0008000661687636256,0.7749623597036781,0.003777251915346381,0.24381441912818796,0.0035468389804120494,0.0,0.0,0.01877677883186608,0.001806245291043281
ConvNeXt,2.5D-to-3D,RFN,train,L4/L5,5,complete,0.618192928095296,0.005747693424876783,0.2060643093650986,0.0019158978082922773,0.3333333333333333,0.0,0.25468031177600253,0.0014656564533190026,0.618192928095296,0.005747693424876783,0.4449784370577846,0.005424627768418181,0.0,0.0,0.06317136515308058,0.0029208211757237473
ConvNeXt,2.5D-to-3D,RFN,train,L5/S1,5,complete,0.650219738339372,0.0022719671132458512,0.2167399127797906,0.0007573223710819271,0.3333333333333333,0.0,0.2626794509201833,0.0005561233849306797,0.650219738339372,0.0022719671132458512,0.44788932962648725,0.0021606112823021623,0.0,0.0,0.09810906796585919,0.0020957530933507617
ConvNeXt,2.5D-to-3D,RFN,validation,L1/L2,5,complete,0.9580163196749153,0.013689677108206863,0.31933877322497173,0.004563225702735643,0.3333333333333333,0.0,0.32617269488817885,0.0023820344983037046,0.9580163196749153,0.013689677108206863,0.0494367733350784,0.015846494287777676,0.0,0.0,0.00745309300999368,0.002851307900809562
ConvNeXt,2.5D-to-3D,RFN,validation,L2/L3,5,complete,0.9011378742976806,0.008615013691430118,0.30037929143256015,0.002871671230476686,0.3333333333333333,0.0,0.31599370722026765,0.0015928717971977902,0.9011378742976806,0.008615013691430118,0.10224737535875547,0.011477693360858831,0.0,0.0,0.0033852496564360604,0.004151682268630697
ConvNeXt,2.5D-to-3D,RFN,validation,L3/L4,5,complete,0.7677427773674748,0.026250518267078672,0.25591425912249155,0.008750172755692892,0.3333333333333333,0.0,0.28947165515070866,0.0055759043288051684,0.7677427773674748,0.026250518267078672,0.2512197687137154,0.0340755655404697,0.0,0.0,0.018962546081190117,0.00815630302418055
ConvNeXt,2.5D-to-3D,RFN,validation,L4/L5,5,complete,0.6120297693057983,0.02070703772543369,0.20400992310193272,0.006902345908477909,0.3333333333333333,0.0,0.2530556493709847,0.005228108768405736,0.6120297693057983,0.02070703772543369,0.45635356387172366,0.0282841187371696,0.0,0.0,0.06838333317752197,0.01734413529151791
ConvNeXt,2.5D-to-3D,RFN,validation,L5/S1,5,complete,0.6472360790399531,0.017500104298910482,0.21574535967998437,0.005833368099636812,0.3333333333333333,0.0,0.26191197099901603,0.0042765476973359836,0.6472360790399531,0.017500104298910482,0.4516007740705077,0.019887750381803095,0.0,0.0,0.09883685311046082,0.01013570646893774
ConvNeXt,2.5D-to-3D,RFN,test,L1/L2,5,complete,0.9573956609670894,0.01871128285239704,0.31913188698902983,0.0062370942841323326,0.3333333333333333,0.0,0.3260530588982804,0.003268858610018005,0.9573956609670894,0.01871128285239704,0.0500413678985107,0.02215948367425394,0.0,0.0,0.00743702886560024,0.004399587362405069
ConvNeXt,2.5D-to-3D,RFN,test,L2/L3,5,complete,0.8971594043022615,0.01977650691382332,0.29905313476742046,0.006592168971274454,0.3333333333333333,0.0,0.31523354656655844,0.003664957014864828,0.8971594043022615,0.01977650691382332,0.10757032542746825,0.0226690589860461,0.0,0.0,0.00472972972972968,0.003851944003713298
ConvNeXt,2.5D-to-3D,RFN,test,L3/L4,5,complete,0.745610406324692,0.01662047607097453,0.24853680210823065,0.005540158690324816,0.3333333333333333,0.0,0.284728728012895,0.0036231825588970926,0.745610406324692,0.01662047607097453,0.2801020408163265,0.018585627923630804,0.0,0.0,0.02571244714101852,0.008487382610203703
ConvNeXt,2.5D-to-3D,RFN,test,L4/L5,5,complete,0.60146166574738,0.016207604411524544,0.2004872219157933,0.005402534803841504,0.3333333333333333,0.0,0.25034611650647715,0.0042214592447377694,0.60146166574738,0.016207604411524544,0.47634675491818346,0.02561327790737543,0.0,0.0,0.07780842066556348,0.011459077048983694
ConvNeXt,2.5D-to-3D,RFN,test,L5/S1,5,complete,0.6610590182018753,0.02278903383182623,0.22035300606729175,0.007596344610608755,0.3333333333333333,0.0,0.2652552646615144,0.005560144271439114,0.6610590182018753,0.02278903383182623,0.4269075197646626,0.016445233993013106,0.0,0.0,0.08796653796653793,0.008743235689081388
ConvNeXt,2.5D-to-3D,LSS,train,L1/L2,5,complete,0.9347680790846535,0.0032608521776364557,0.3115893596948845,0.0010869507258788249,0.3333333333333333,0.0,0.32209400790686915,0.0005805339406551285,0.9347680790846535,0.0032608521776364557,0.07971029507698321,0.003911499398721705,0.0,0.0,0.014478374161636682,0.0006506561439394383
ConvNeXt,2.5D-to-3D,LSS,train,L2/L3,5,complete,0.8235494197964321,0.003931523352865575,0.27451647326547735,0.001310507784288552,0.3333333333333333,0.0,0.30107792165243935,0.0007876053683388272,0.8235494197964321,0.003931523352865575,0.22084023640892111,0.005251161040065871,0.0,0.0,0.04438965620535338,0.0024333338536913734
ConvNeXt,2.5D-to-3D,LSS,train,L3/L4,5,complete,0.6822577269574573,0.009049254756680572,0.22741924231915234,0.003016418252226879,0.3333333333333333,0.0,0.27036463267501504,0.0021400071139173918,0.6822577269574573,0.009049254756680572,0.41527618799888283,0.009700180899131583,0.0,0.0,0.09753391495634,0.0022112793766368975
ConvNeXt,2.5D-to-3D,LSS,train,L4/L5,5,complete,0.4714438202197503,0.00449063574647838,0.15714794007325011,0.0014968785821594605,0.3333333333333333,0.0,0.21359355512789535,0.001381605037317528,0.4714438202197503,0.00449063574647838,0.7495521167273101,0.005911746745269291,0.0,0.0,0.22099593694706035,0.0038115695528229475
ConvNeXt,2.5D-to-3D,LSS,train,L5/S1,5,complete,0.7164742067719837,0.004502915688511102,0.2388247355906612,0.0015009718961703621,0.3333333333333333,0.0,0.2782714698136127,0.0010189981450934203,0.7164742067719837,0.004502915688511102,0.359583396714794,0.0037917809178659068,0.0,0.0,0.07605760348677754,0.0042579215407450195
ConvNeXt,2.5D-to-3D,LSS,validation,L1/L2,5,complete,0.9387722300299121,0.006856511436405569,0.31292407667663735,0.0022855038121351984,0.3333333333333333,0.0,0.32280299842163873,0.0012149544603957587,0.9387722300299121,0.006856511436405569,0.07598609248521447,0.012031884051321726,0.0,0.0,0.014758322515126678,0.007872957074713503
ConvNeXt,2.5D-to-3D,LSS,validation,L2/L3,5,complete,0.8303367428104039,0.013650267773314271,0.2767789142701346,0.004550089257771441,0.3333333333333333,0.0,0.30241888150491547,0.0026957589774740717,0.8303367428104039,0.013650267773314271,0.21240711171571575,0.019676384287368637,0.0,0.0,0.04274385452611964,0.010440024669289371
ConvNeXt,2.5D-to-3D,LSS,validation,L3/L4,5,complete,0.6858164154805946,0.02299570158723767,0.2286054718268648,0.007665233862412578,0.3333333333333333,0.0,0.27115084871830336,0.005457376076533798,0.6858164154805946,0.02299570158723767,0.39975046658540947,0.027388732462160045,0.0,0.0,0.08556688206600403,0.006877616187396817
ConvNeXt,2.5D-to-3D,LSS,validation,L4/L5,5,complete,0.43949908040777225,0.014503878943128197,0.14649969346925737,0.004834626314376063,0.3333333333333333,0.0,0.20350510179873896,0.004652252380663475,0.43949908040777225,0.014503878943128197,0.7876094720322113,0.01596393658178253,0.0,0.0,0.22710855243998349,0.014818627431155649
ConvNeXt,2.5D-to-3D,LSS,validation,L5/S1,5,complete,0.718295719742164,0.025685270024177115,0.23943190658072128,0.0085617566747257,0.3333333333333333,0.0,0.27861566080032385,0.00582615752154536,0.718295719742164,0.025685270024177115,0.3480357754787079,0.019409094490027295,0.0,0.0,0.06633149522087181,0.012236491951985909
ConvNeXt,2.5D-to-3D,LSS,test,L1/L2,5,complete,0.9318560230180365,0.014734870614223242,0.3106186743393454,0.004911623538074411,0.3333333333333333,0.0,0.32155924611751247,0.0026453421271584836,0.9318560230180365,0.014734870614223242,0.08219443012731317,0.022797676521107743,0.0,0.0,0.01405045314534972,0.009515038778758644
ConvNeXt,2.5D-to-3D,LSS,test,L2/L3,5,complete,0.8251964076624663,0.024496775591993643,0.27506546922082203,0.008165591863997877,0.3333333333333333,0.0,0.30135619079624004,0.004934492745120183,0.8251964076624663,0.024496775591993643,0.21778526604120135,0.03611368538220474,0.0,0.0,0.04298167370366768,0.014120044562845727
ConvNeXt,2.5D-to-3D,LSS,test,L3/L4,5,complete,0.6761191095773008,0.02731037878680939,0.2253730365257669,0.00910345959560313,0.3333333333333333,0.0,0.2688392851760279,0.006381185231965006,0.6761191095773008,0.02731037878680939,0.40981530603197386,0.035563027891712215,0.0,0.0,0.08593441560927459,0.013930655018763052
ConvNeXt,2.5D-to-3D,LSS,test,L4/L5,5,complete,0.4641412017962877,0.012136116231756188,0.15471373393209586,0.004045372077252069,0.3333333333333333,0.0,0.2113121013987302,0.003781561254932741,0.4641412017962877,0.012136116231756188,0.7826891247694702,0.014490827550291761,0.0,0.0,0.24683032656575782,0.004369942991726279
ConvNeXt,2.5D-to-3D,LSS,test,L5/S1,5,complete,0.7139643179969017,0.01733015369335769,0.2379881059989672,0.005776717897785889,0.3333333333333333,0.0,0.27767273670104753,0.003970723781403964,0.7139643179969017,0.01733015369335769,0.36544085613639327,0.01566435054083553,0.0,0.0,0.07940517413329493,0.010609329973961195
ConvNeXt,2.5D-to-3D,RSS,train,L1/L2,5,complete,0.9268314631809507,0.005291468116749983,0.3089438210603168,0.0017638227055832986,0.3333333333333333,0.0,0.32067340678700657,0.0009526007934050889,0.9268314631809507,0.005291468116749983,0.08634055836553249,0.00564366840745816,0.0,0.0,0.013172021546482959,0.0008946655981362837
ConvNeXt,2.5D-to-3D,RSS,train,L2/L3,5,complete,0.8344715095934097,0.004163096516895988,0.27815716986446987,0.00138769883896532,0.3333333333333333,0.0,0.3032544194613182,0.0008248285212711206,0.8344715095934097,0.004163096516895988,0.19997247005476634,0.005048080826326474,0.0,0.0,0.03444397964817606,0.003272060723943512
ConvNeXt,2.5D-to-3D,RSS,train,L3/L4,5,complete,0.6744973399234899,0.0037755421501676468,0.2248324466411633,0.0012585140500558888,0.3333333333333333,0.0,0.2685356210810433,0.0008972583130230199,0.6744973399234899,0.0037755421501676468,0.423264260036901,0.006142228516491976,0.0,0.0,0.09776159996039102,0.0032537409284136257
ConvNeXt,2.5D-to-3D,RSS,train,L4/L5,5,complete,0.38405724064750124,0.11095861233819604,0.1280190802158337,0.03698620411273199,0.3333333333333333,0.0,0.1823792882276078,0.04075278205518257,0.38405724064750124,0.11095861233819604,0.8439931718291266,0.22357567968407024,0.0,0.0,0.22805041247662805,0.16386537465145398
ConvNeXt,2.5D-to-3D,RSS,train,L5/S1,5,complete,0.7135346819624906,0.00714455766123284,0.2378448939874968,0.0023815192204109624,0.3333333333333333,0.0,0.27760193908704117,0.0016161970907486289,0.7135346819624906,0.00714455766123284,0.3734332183768266,0.00708244796631674,0.0,0.0,0.08696790033931712,0.00290529781629327
ConvNeXt,2.5D-to-3D,RSS,validation,L1/L2,5,complete,0.9368754501288356,0.017104149020554647,0.31229181670961187,0.005701383006851532,0.3333333333333333,0.0,0.3224482103350085,0.0030410919397283803,0.9368754501288356,0.017104149020554647,0.07644426767247958,0.014933804712055004,0.0,0.0,0.0133197178013152,0.0032659424987924873
ConvNeXt,2.5D-to-3D,RSS,validation,L2/L3,5,complete,0.8413586193895292,0.01775186927907307,0.280452873129843,0.00591728975969104,0.3333333333333333,0.0,0.30458804799513023,0.003515150361831845,0.8413586193895292,0.01775186927907307,0.1891010399803415,0.02202654455897114,0.0,0.0,0.03045965936987058,0.007173154100808749
ConvNeXt,2.5D-to-3D,RSS,validation,L3/L4,5,complete,0.6704247264009735,0.01031992741265006,0.2234749088003245,0.0034399758042166807,0.3333333333333333,0.0,0.26755436775751107,0.002469274838575808,0.6704247264009735,0.01031992741265006,0.4198759147831904,0.012603781862452786,0.0,0.0,0.09030064118416399,0.007887530100645457
ConvNeXt,2.5D-to-3D,RSS,validation,L4/L5,5,complete,0.3889347437811841,0.11665198027755248,0.129644914593728,0.03888399342585082,0.3333333333333333,0.0,0.18381905851374955,0.04268107800616386,0.3889347437811841,0.11665198027755248,0.8353058431687203,0.23965310160922082,0.0,0.0,0.22424058694990423,0.16769936480705672
ConvNeXt,2.5D-to-3D,RSS,validation,L5/S1,5,complete,0.6910641663942136,0.028232276504993787,0.23035472213140448,0.009410758834997932,0.3333333333333333,0.0,0.27234919258945467,0.006618561421762949,0.6910641663942136,0.028232276504993787,0.4030146796981432,0.03197133036002672,0.0,0.0,0.09407884609235671,0.007662793521101003
ConvNeXt,2.5D-to-3D,RSS,test,L1/L2,5,complete,0.9203184466428912,0.012141157598724134,0.30677281554763036,0.004047052532908064,0.3333333333333333,0.0,0.31949093513435184,0.002192470790427485,0.9203184466428912,0.012141157598724134,0.0935337518977045,0.014994248692367285,0.0,0.0,0.01385219854059568,0.004704862168834075
ConvNeXt,2.5D-to-3D,RSS,test,L2/L3,5,complete,0.8371417426209522,0.009874215137378033,0.2790472475403174,0.0032914050457926586,0.3333333333333333,0.0,0.3037757660365628,0.0019438263568944624,0.8371417426209522,0.009874215137378033,0.20456116099683758,0.01564875624078441,0.0,0.0,0.04170290361778984,0.01198015922876013
ConvNeXt,2.5D-to-3D,RSS,test,L3/L4,5,complete,0.6829708757882658,0.007274497383556149,0.2276569585960886,0.0024248324611853907,0.3333333333333333,0.0,0.27053584164564093,0.0017140119145498136,0.6829708757882658,0.007274497383556149,0.41352549004941697,0.01800293425335378,0.0,0.0,0.09649636583768283,0.011977614423861823
ConvNeXt,2.5D-to-3D,RSS,test,L4/L5,5,complete,0.38154479454669377,0.10215970140586408,0.12718159818223124,0.03405323380195469,0.3333333333333333,0.0,0.18193164618583937,0.0369512778670695,0.38154479454669377,0.10215970140586408,0.8453275629839254,0.2055707091738703,0.0,0.0,0.2268723575306192,0.15620131867947387
ConvNeXt,2.5D-to-3D,RSS,test,L5/S1,5,complete,0.6949926935832172,0.027087118457998476,0.2316642311944057,0.009029039485999483,0.3333333333333333,0.0,0.2732715602756183,0.0062378576142886645,0.6949926935832172,0.027087118457998476,0.3816316422957516,0.03415202857012007,0.0,0.0,0.0766243358789687,0.01570684504407334
ConvNeXt,2D,SCS,train,L1/L2,5,complete,0.9721653651672065,0.004348512893369347,0.8088821604847528,0.06263848320686677,0.6535142850221408,0.046062668447673656,0.6550803165295782,0.08079214500327826,0.9721653651672065,0.004348512893369347,0.02873858993446936,0.00514506494114177,0.7626233077583262,0.03669968161753711,0.0009039551016759601,0.0012372733304478287
ConvNeXt,2D,SCS,train,L2/L3,5,complete,0.9347060208708562,0.009175063322842831,0.7481559896529826,0.05676384714711167,0.6896651630519257,0.08138517232238424,0.6953247314891802,0.07832798082667361,0.9347060208708562,0.009175063322842831,0.06785015738994135,0.008858011709093946,0.7642644595076428,0.044986726106729893,0.0025561782607975603,0.0016448958309472018
ConvNeXt,2D,SCS,train,L3/L4,5,complete,0.9068510926884918,0.025340461346216703,0.7695398475674428,0.09450086533020019,0.7592674863880436,0.06362305086443155,0.7515758660851999,0.09261704852856892,0.9068510926884918,0.025340461346216703,0.09751592867130374,0.03243533485482763,0.836898776481607,0.04774839213370828,0.0043670213597955,0.007269956649863964
ConvNeXt,2D,SCS,train,L4/L5,5,complete,0.8865482711949504,0.02293117932762801,0.783921684760575,0.0698665823218658,0.7531726849692394,0.046391628954541866,0.7560140202345624,0.06047306875677624,0.8865482711949504,0.02293117932762801,0.12398408450428686,0.029241881616250465,0.8536712921833809,0.030938587838199017,0.010532355699237338,0.006630646550870578
ConvNeXt,2D,SCS,train,L5/S1,5,complete,0.9711114848445808,0.002882828889630877,0.6904605116702434,0.10218288326029161,0.5950011739168787,0.041044769136532586,0.5905377531537565,0.046519786076388174,0.9711114848445808,0.002882828889630877,0.03325283331405738,0.004433954806631297,0.6099113529440059,0.05129605866154586,0.00436431815863806,0.0026845733198906647
ConvNeXt,2D,SCS,validation,L1/L2,5,complete,0.96211263983283,0.007969833765680286,0.6277368518437243,0.11687630781165972,0.6559973081617191,0.10092245838935929,0.6200666464101007,0.10798188276716782,0.96211263983283,0.007969833765680286,0.04001251366440068,0.009257170747844674,0.7506382414138059,0.07240229043378604,0.0021251534972307603,0.0031703313308641214
ConvNeXt,2D,SCS,validation,L2/L3,5,complete,0.9228666159521923,0.010294156007663589,0.728355787406981,0.07376175693056089,0.6700940508125324,0.04839456226449338,0.6717820062616185,0.040182760047428774,0.9228666159521923,0.010294156007663589,0.08136886487903325,0.005082677698076626,0.745629345939711,0.02486697525908345,0.00423548083122548,0.006332510961834016
ConvNeXt,2D,SCS,validation,L3/L4,5,complete,0.89194056842213,0.00479694577482844,0.7213027054735047,0.012985518022707013,0.7215425437676449,0.04242522847012371,0.7102515919415839,0.016036154587991663,0.89194056842213,0.00479694577482844,0.1144027844153774,0.006183171742764074,0.8026670641523369,0.015962180355213077,0.0063433528375073395,0.004649148689605353
ConvNeXt,2D,SCS,validation,L4/L5,5,complete,0.8674050141961389,0.007546112044794039,0.7254574954522911,0.024189477992697286,0.709058785551051,0.0194988496131341,0.700757618003797,0.023048127263823978,0.8674050141961389,0.007546112044794039,0.14389045241236803,0.010745036257513997,0.8302566042581212,0.01820302045458999,0.011295466608506919,0.011897285389572104
ConvNeXt,2D,SCS,validation,L5/S1,5,complete,0.9586013609226149,0.008748505620508192,0.5743859360616701,0.11092225402905335,0.46544451654769625,0.029310941887441024,0.48454052472315734,0.020260334417115274,0.9586013609226149,0.008748505620508192,0.04772465967441904,0.011075361849662974,0.4219238340399693,0.1240292332120998,0.006326020597034,0.0029760472367992394
ConvNeXt,2D,SCS,test,L1/L2,5,complete,0.9692053714281517,0.010588245073692281,0.6928949243008934,0.16812342154239526,0.6879256081301006,0.1413218559698977,0.6542042684806522,0.1476309144774188,0.9692053714281517,0.010588245073692281,0.032890455389072995,0.011651034177509676,0.7384321190124358,0.08102412812396245,0.00209582681722466,0.0031062105763837882
ConvNeXt,2D,SCS,test,L2/L3,5,complete,0.9298003430478834,0.01741071924259569,0.5798636966196351,0.057646591523028146,0.6010660306924477,0.060736329601287636,0.5817692357181676,0.04694567406449506,0.9298003430478834,0.01741071924259569,0.07511513612462409,0.021390588092902053,0.7084962255074675,0.0283566491094489,0.00491547917250756,0.004044404012182554
ConvNeXt,2D,SCS,test,L3/L4,5,complete,0.882301365889542,0.03356052065718174,0.7075762805189099,0.10542366026096917,0.7361125404074961,0.061230884399599624,0.7088690198822917,0.10403749951576878,0.882301365889542,0.03356052065718174,0.12048650245017398,0.03760748530507825,0.7998160558204964,0.03591644646595298,0.0027878683397160203,0.004515549828838899
ConvNeXt,2D,SCS,test,L4/L5,5,complete,0.8778169764037604,0.014554517516993161,0.7607709425469099,0.03690638308421703,0.7176434286383238,0.014520253690439997,0.7238076573432253,0.013926863313927867,0.8778169764037604,0.014554517516993161,0.1299105852266937,0.012352947415063903,0.8503295153804921,0.02690143404740094,0.007727561630454101,0.006737939595690966
ConvNeXt,2D,SCS,test,L5/S1,5,complete,0.9558153329148013,0.015238072798231715,0.4514785555111345,0.12984695193513335,0.3915834673926355,0.04577863040096653,0.40211007597671367,0.05931342787353275,0.9558153329148013,0.015238072798231715,0.05606442726400288,0.019165540733888754,0.24630924031278317,0.09085022347004064,0.011879760178804221,0.007532833583410555
ConvNeXt,2D,LFN,train,L1/L2,5,complete,0.9729183795038686,0.0035676994682757113,0.5426542833040126,0.020223914631375836,0.4305975406835964,0.051347754776720524,0.45567375583875835,0.05919033826139627,0.9729183795038686,0.0035676994682757113,0.02722644308845572,0.0038843379832387325,0.41344944970067987,0.19486961260921754,0.0001448225923244,0.00032383316111509765
ConvNeXt,2D,LFN,train,L2/L3,5,complete,0.9423611211283692,0.005280173030108479,0.5594859697505914,0.007804945253941543,0.505574729633296,0.037931523417380444,0.5254881570672026,0.02752691832714924,0.9423611211283692,0.005280173030108479,0.0577837014639553,0.005565430481649013,0.6271699513748986,0.06375652734817373,0.0001448225923244,0.00032383316111509765
ConvNeXt,2D,LFN,train,L3/L4,5,complete,0.8448983268949259,0.013961211680170435,0.6650043397134253,0.14477388148586762,0.5675260000768625,0.1015601723791602,0.5961674123157417,0.11215772215507211,0.8448983268949259,0.013961211680170435,0.15611532645930992,0.015072380364991865,0.5779938012436412,0.07469141545993391,0.00101365335423582,0.0015015778818597083
ConvNeXt,2D,LFN,train,L4/L5,5,complete,0.7763965984566198,0.012520688298340804,0.7476748397519644,0.018456308054111397,0.6832170225702808,0.059964536902697735,0.701463636719869,0.0479684001664983,0.7763965984566198,0.012520688298340804,0.22765833024766344,0.012859979294546485,0.6814068355974012,0.03392791844786724,0.00405492870428334,0.0015010872336313965
ConvNeXt,2D,LFN,train,L5/S1,5,complete,0.7869705374459984,0.014550798166752518,0.7237064954002491,0.01776711875462675,0.6672704587037163,0.06193171210970289,0.6803193191326173,0.04190856466943168,0.7869705374459984,0.014550798166752518,0.22142823053986466,0.018091945565173087,0.7253730412727537,0.05088081808506889,0.00839876798586318,0.003917974028424743
ConvNeXt,2D,LFN,validation,L1/L2,5,complete,0.9708886852954649,0.007792734860604277,0.4800290252976553,0.16598617755634346,0.3622677063811336,0.03441098180367512,0.3765334181930398,0.053865431455105806,0.9708886852954649,0.007792734860604277,0.029111314704534985,0.007792734860604246,0.20393363184350033,0.1557517941575362,0.0,0.0
ConvNeXt,2D,LFN,validation,L2/L3,5,complete,0.9268712780577187,0.005778746435223545,0.5136867670096701,0.027937976671731285,0.45860525970306554,0.04277431659094473,0.47644830745053984,0.041027483835188464,0.9268712780577187,0.005778746435223545,0.07312872194228119,0.005778746435223587,0.47207402673080273,0.1398562140687324,0.0,0.0
ConvNeXt,2D,LFN,validation,L3/L4,5,complete,0.8273339441136052,0.030055458607325128,0.6115916839901644,0.16293440172580992,0.5185795691252575,0.0550231113970953,0.5451119731384043,0.08572329158966131,0.8273339441136052,0.030055458607325128,0.17402198808978467,0.030029356179997527,0.5451927446330418,0.04028809256753498,0.0013559322033898,0.0018566866356106908
ConvNeXt,2D,LFN,validation,L4/L5,5,complete,0.7488112688960148,0.0088988518813646,0.7327398041923263,0.05431937262956699,0.6370140225971921,0.06349357840399905,0.6549545023561789,0.058067054956184395,0.7488112688960148,0.0088988518813646,0.2559253321117728,0.008538189336113592,0.6330393747888111,0.04432144681765861,0.00473660100778738,0.0030178763961035294
ConvNeXt,2D,LFN,validation,L5/S1,5,complete,0.7603275309207512,0.013131864508572979,0.6922056053084363,0.042618485683628846,0.6169458157888125,0.04517714153420962,0.6320665836968715,0.02516194071469661,0.7603275309207512,0.013131864508572979,0.2538937242327073,0.01825130396332189,0.6758175856128438,0.019323582571881614,0.01422125515345852,0.007354819726473213
ConvNeXt,2D,LFN,test,L1/L2,5,complete,0.9681926824783966,0.00619357643663557,0.6175264024602469,0.0547608961242938,0.40885616730687147,0.03551963350301284,0.4451728252794462,0.049720473332475756,0.9681926824783966,0.00619357643663557,0.031807317521603186,0.0061935764366355854,0.3732125600656614,0.13872464026679643,0.0,0.0
ConvNeXt,2D,LFN,test,L2/L3,5,complete,0.9242094134951279,0.01549157719253967,0.5383528189611275,0.03776249646892406,0.4730247139109004,0.04417494941638064,0.49316770937594984,0.04034242805396501,0.9242094134951279,0.01549157719253967,0.07646626218054785,0.014136754088042398,0.5328204560464052,0.0866673564642872,0.00067567567567566,0.0015108567415538768
ConvNeXt,2D,LFN,test,L3/L4,5,complete,0.8416988416988417,0.01585701993817243,0.6674679700711297,0.1564512212803462,0.5563279368623225,0.09509525115691632,0.5868172324310029,0.11505875653024587,0.8416988416988417,0.01585701993817243,0.16101305387019665,0.01647427790297371,0.5766497911791142,0.05810280966461081,0.0027118955690384,0.003713451500631492
ConvNeXt,2D,LFN,test,L4/L5,5,complete,0.7456150027578599,0.016538294531994683,0.6757996729210316,0.020520577372346586,0.622511949536842,0.0345295570914635,0.6384546912073938,0.02733250686268216,0.7456150027578599,0.016538294531994683,0.2570876999448427,0.015506862807884988,0.6461793187882952,0.04370097117542244,0.00270270270270266,0.002826554143696172
ConvNeXt,2D,LFN,test,L5/S1,5,complete,0.7665701415701415,0.03788960122307819,0.7122861982097329,0.0825570825729277,0.635832657318607,0.07799727912600554,0.6505167387517584,0.07366056168543152,0.7665701415701415,0.03788960122307819,0.2435879757308328,0.0390078176812162,0.6780156058868053,0.0694146179375692,0.0101581173009744,0.004818478400441539
ConvNeXt,2D,RFN,train,L1/L2,5,complete,0.9736552378320031,0.004398163276339531,0.6907236099845827,0.16012383384171422,0.5762295241380564,0.08653702416585309,0.6035524941021606,0.08909141331106751,0.9736552378320031,0.004398163276339531,0.026781443852984636,0.004212902418555802,0.6806225502995011,0.04642202961141912,0.00043668168498785996,0.0003986345426477041
ConvNeXt,2D,RFN,train,L2/L3,5,complete,0.9366784155773764,0.004791315173730666,0.6374578185427467,0.12745900427476095,0.5580623867198333,0.1517953600234996,0.5720353596670107,0.13205781435740177,0.9366784155773764,0.004791315173730666,0.06332158442262352,0.004791315173730662,0.536937234075461,0.08990465050127447,0.0,0.0
ConvNeXt,2D,RFN,train,L3/L4,5,complete,0.8569148423461226,0.010537505892582033,0.7522940485846725,0.05645196632471637,0.6319416635531255,0.07147405504806294,0.6627606721362771,0.05068913458663722,0.8569148423461226,0.010537505892582033,0.1436672938843199,0.010648305905952617,0.6328718853533915,0.0618753573312614,0.0005821362304424,0.0003254247725101747
ConvNeXt,2D,RFN,train,L4/L5,5,complete,0.8050944475069638,0.013163232827785134,0.7802688449518365,0.04370004710577835,0.7383404761405387,0.0327427352913538,0.7475928264434069,0.018552512272763007,0.8050944475069638,0.013163232827785134,0.19839921738942976,0.013564763021918414,0.7205034219171595,0.02304795086403287,0.0034936648963935597,0.002147808816682324
ConvNeXt,2D,RFN,train,L5/S1,5,complete,0.8064109504657168,0.011176349226156521,0.7642699728577406,0.02806193178501011,0.691912604577018,0.04532681963499654,0.7118324829912107,0.025918301881421222,0.8064109504657168,0.011176349226156521,0.20436095192854026,0.011340103234767012,0.7330677983977768,0.025910052410179532,0.010771902394257061,0.0026967594509073128
ConvNeXt,2D,RFN,validation,L1/L2,5,complete,0.9647845285617682,0.011397166458512041,0.527279813806635,0.08990718575507939,0.5329670679793019,0.17144590837065715,0.5112352234207101,0.10285311707059105,0.9647845285617682,0.011397166458512041,0.036566822789583044,0.00970784895867358,0.5868698398032411,0.10194371519040815,0.00135135135135132,0.0018504140456255186
ConvNeXt,2D,RFN,validation,L2/L3,5,complete,0.9261768894456546,0.012257058873919232,0.5653356644384236,0.04532646534957171,0.5364969073190127,0.19285002764738807,0.5165646553815785,0.09558835338116325,0.9261768894456546,0.012257058873919232,0.07382311055434536,0.012257058873919204,0.5349353045094862,0.13182308814948923,0.0,0.0
ConvNeXt,2D,RFN,validation,L3/L4,5,complete,0.8456061838386294,0.026008347301394712,0.7423359155395508,0.10354549137432792,0.5868694924101525,0.04706281579591946,0.6178336375772383,0.032803754828288824,0.8456061838386294,0.026008347301394712,0.15506949183704627,0.02641109130194413,0.6121435614089038,0.049782944443781445,0.00067567567567566,0.0015108567415538768
ConvNeXt,2D,RFN,validation,L4/L5,5,complete,0.7664327627523753,0.010274928777042685,0.7352773650987263,0.04470081413224211,0.710337889238001,0.047832027305450595,0.7070365969632331,0.02739926854841211,0.7664327627523753,0.010274928777042685,0.23559886070781952,0.009889869416131371,0.6865307092744748,0.02744186997585401,0.00203162346019484,0.0018546337284406024
ConvNeXt,2D,RFN,validation,L5/S1,5,complete,0.7752073692509527,0.030386111679627927,0.7043314508263758,0.04013974527783696,0.6430468299070333,0.032395848294046486,0.660979000702687,0.030131515693235175,0.7752073692509527,0.030386111679627927,0.24035842830031684,0.033579224423163176,0.6770531869699056,0.036111462074474555,0.015565797551269661,0.005105535959935427
ConvNeXt,2D,RFN,test,L1/L2,5,complete,0.9668597168597168,0.012923693551167124,0.5172862902077793,0.0505069364661284,0.48621311860442296,0.02122585249897799,0.49565507109730955,0.012213029211506061,0.9668597168597168,0.012923693551167124,0.03449163449163446,0.012919487434548493,0.6081857476601378,0.07463405248660783,0.00135135135135132,0.0018504140456255184
ConvNeXt,2D,RFN,test,L2/L3,5,complete,0.9188132009560581,0.0071079867291831645,0.5545358626658319,0.07745248187125646,0.5023393477055893,0.10372212310900193,0.5179231595899407,0.09764626297275752,0.9188132009560581,0.0071079867291831645,0.08118679904394185,0.007107986729183204,0.5322927282960084,0.12027205847916599,0.0,0.0
ConvNeXt,2D,RFN,test,L3/L4,5,complete,0.8227477477477476,0.010819019031058962,0.6999976092024118,0.09678661148123985,0.5749055069547878,0.060673327457671816,0.6036074611437757,0.06236420296367278,0.8227477477477476,0.010819019031058962,0.17927927927927925,0.008845647246241239,0.5849783763564902,0.07312491284233034,0.0020270270270270198,0.0045325702246617194
ConvNeXt,2D,RFN,test,L4/L5,5,complete,0.7584620334620334,0.02202744624782153,0.7335177490679567,0.029408541196675842,0.6891675479106031,0.03848101400921051,0.6961135984040331,0.021790304248050122,0.7584620334620334,0.02202744624782153,0.24626769626769623,0.020847273254027916,0.6754151952845989,0.04646803030730542,0.0047297297297297,0.0045325702246617125
ConvNeXt,2D,RFN,test,L5/S1,5,complete,0.7672366243794816,0.021902643098911358,0.6584534219147411,0.04074219590082888,0.6059420156869159,0.05941414950413223,0.6146387277253184,0.04452058381509045,0.7672366243794816,0.021902643098911358,0.24359716859716857,0.019659839852224,0.6593905585663044,0.048175116642863246,0.01083379297665006,0.005582859589555133
ConvNeXt,2D,LSS,train,L1/L2,5,complete,0.9543259466334408,0.009113276617972059,0.7053120679107685,0.1410503580868709,0.6213737400185192,0.13569816554830785,0.648024530384237,0.13981563392663943,0.9543259466334408,0.009113276617972059,0.04742844439539884,0.010764559417045934,0.6962505186033141,0.13459256862258226,0.0017543910288396203,0.002065377067160317
ConvNeXt,2D,LSS,train,L2/L3,5,complete,0.8995804210304188,0.016200418334927642,0.7798570893875816,0.04326532418666521,0.6864356683005486,0.07692215749290879,0.7183894417542519,0.06536112502618163,0.8995804210304188,0.016200418334927642,0.10360304168286423,0.01747586153424285,0.7625383603837774,0.057221435628304326,0.00318346271328302,0.0017838565845494064
ConvNeXt,2D,LSS,train,L3/L4,5,complete,0.8488141155220758,0.031751347338789405,0.8009583783359806,0.053388803455033884,0.7624254148062277,0.059046726269276505,0.7779857077993306,0.058618918058215716,0.8488141155220758,0.031751347338789405,0.15277862725289823,0.033883153107728874,0.8162084667347749,0.043896096231230655,0.0015927427749740798,0.002254118009632305
ConvNeXt,2D,LSS,train,L4/L5,5,complete,0.7950507355434662,0.028855410973158004,0.8004307932825494,0.03036656292882773,0.7711405941741128,0.03524999831052509,0.7816815677082868,0.03383274808434301,0.7950507355434662,0.028855410973158004,0.21004216979861715,0.029790429438832654,0.8195064208991066,0.02683342540288419,0.00509290534208318,0.0021526658769720074
ConvNeXt,2D,LSS,train,L5/S1,5,complete,0.8367191853615725,0.026091263776872188,0.7833902828771908,0.05497042956718094,0.6766663021235267,0.05553174364196698,0.7144979326247014,0.059797728383473615,0.8367191853615725,0.026091263776872188,0.17203312422666744,0.02861242765815384,0.7257294868114036,0.05205391917143062,0.008752309588239901,0.0037819974829308885
ConvNeXt,2D,LSS,validation,L1/L2,5,complete,0.9520325471686313,0.009200829120745095,0.6043625538977901,0.1361467105834516,0.5451130738147145,0.06906414574881169,0.5571789164080247,0.0776947058397989,0.9520325471686313,0.009200829120745095,0.05239577984529694,0.011346283123160498,0.6130971683711742,0.08923511569932742,0.00442832701392838,0.004042815150784175
ConvNeXt,2D,LSS,validation,L2/L3,5,complete,0.8967119566285502,0.02226298540675538,0.7370950918585304,0.09578905095543004,0.6742216709950807,0.06925836223626733,0.697687550452278,0.07579285838358013,0.8967119566285502,0.02226298540675538,0.10844605529416765,0.025096009149468166,0.7499127060362886,0.047151825973959616,0.0051580119227177795,0.004953975232939469
ConvNeXt,2D,LSS,validation,L3/L4,5,complete,0.8267061794739583,0.015135135791872771,0.7466304142572837,0.0419182874948373,0.724647412053105,0.04196947277098127,0.7333208524181697,0.037838287704120496,0.8267061794739583,0.015135135791872771,0.17476716199938322,0.014568350312668697,0.7777957727150199,0.023010855013168793,0.00147334147334146,0.002017507216509174
ConvNeXt,2D,LSS,validation,L4/L5,5,complete,0.7463275011497137,0.014597353108017967,0.7547574150638006,0.023117566646506573,0.7251677787708838,0.011354060106608813,0.7340384078943192,0.012624526051302496,0.7463275011497137,0.014597353108017967,0.2588196773798178,0.0170819141485514,0.772889677934793,0.012078174925881284,0.00514717852953142,0.004186133202697523
ConvNeXt,2D,LSS,validation,L5/S1,5,complete,0.7987042861538033,0.013259452630823456,0.7490076120704955,0.022975608814796218,0.6139955127024415,0.044638307704356964,0.6501637400389135,0.03304589064065884,0.7987042861538033,0.013259452630823456,0.2101222573478938,0.016960561826831474,0.6379922344976776,0.05811303861638208,0.0088265435016971,0.0055323882597684195
ConvNeXt,2D,LSS,test,L1/L2,5,complete,0.9451403961548082,0.017559182366248906,0.670651220295338,0.14860002449386125,0.5248249436709856,0.08205447121511315,0.5531395219401208,0.07069379997893185,0.9451403961548082,0.017559182366248906,0.05633294531853324,0.01863423196680007,0.6217877527770146,0.0699866043674182,0.00147334147334146,0.002017507216509174
ConvNeXt,2D,LSS,test,L2/L3,5,complete,0.8821620656181681,0.018152967621115887,0.7495530784880089,0.04704481246819261,0.6489135123350694,0.045314146098541515,0.6775516060716219,0.03685107424365859,0.8821620656181681,0.018152967621115887,0.12081487358518617,0.01846080116855101,0.7136732824720723,0.07178303115436595,0.00297693920335428,0.0031030716057654753
ConvNeXt,2D,LSS,test,L3/L4,5,complete,0.8206387687624199,0.009824041429169027,0.7480491123956989,0.03878316594975756,0.727715591760733,0.02229457116118835,0.7348191056459733,0.02603901950293829,0.8206387687624199,0.009824041429169027,0.18233817044093442,0.008528055528547183,0.7667584460071943,0.02045985597414499,0.00297693920335428,0.0031030716057654753
ConvNeXt,2D,LSS,test,L4/L5,5,complete,0.7406503409149094,0.01695247646022057,0.739759518848034,0.012058193384807448,0.71259201989548,0.011979551219320863,0.7211223469118855,0.01189862366853704,0.7406503409149094,0.01695247646022057,0.26528993076232504,0.01721903632895697,0.7791686618206786,0.015545120617614983,0.00594027167723468,0.004238676368487623
ConvNeXt,2D,LSS,test,L5/S1,5,complete,0.8066213052344084,0.013336279325672261,0.7482978668648912,0.01770403279960409,0.6351752285972424,0.025432008136231914,0.6681349655705013,0.02355855205939253,0.8066213052344084,0.013336279325672261,0.2052755181363411,0.0080615239702664,0.6713311466357184,0.03498185374500988,0.011896823370749422,0.007148799418978058
ConvNeXt,2D,RSS,train,L1/L2,5,complete,0.9466728200195049,0.0061880170775752115,0.6406820824484258,0.16681861377187931,0.5115024752474683,0.040645693583343606,0.5413191892635422,0.05885729105798208,0.9466728200195049,0.0061880170775752115,0.05554916404651068,0.0069487536205014725,0.6145577708006174,0.05596576018776254,0.00222198406601556,0.0008696777582267443
ConvNeXt,2D,RSS,train,L2/L3,5,complete,0.881759334711617,0.007703699676374091,0.7567610335884131,0.0445103351559037,0.6005038355728375,0.0887615596120731,0.6353164371121766,0.05217614185253049,0.881759334711617,0.007703699676374091,0.12141540954381955,0.007301319925503423,0.6690830269694507,0.05478993240184011,0.00317474425543648,0.0007966839783052506
ConvNeXt,2D,RSS,train,L3/L4,5,complete,0.8146220665982646,0.008960153151734188,0.7594451399888676,0.020615809231345286,0.6982238029791856,0.041503564834637345,0.7189898989707457,0.02213231686327206,0.8146220665982646,0.008960153151734188,0.18966643919552753,0.010306456267876235,0.7638467208619741,0.0283794283566974,0.00428850579379216,0.0021534030331229466
ConvNeXt,2D,RSS,train,L4/L5,5,complete,0.7389098517728365,0.012485116199531647,0.7281372513576986,0.009699942570285853,0.7136012697847925,0.0185568923548597,0.7160893169503565,0.011344329959516451,0.7389098517728365,0.012485116199531647,0.268391766524634,0.013242098594365113,0.776930735697264,0.019221199756888626,0.007301618297470461,0.0015324070782687113
ConvNeXt,2D,RSS,train,L5/S1,5,complete,0.7966750326477413,0.014062179110851423,0.6915008235221024,0.01745535039175182,0.5903759624842173,0.05056662651238245,0.6193329258844472,0.04099930193012627,0.7966750326477413,0.014062179110851423,0.21841059383633743,0.01863755796950017,0.6538047938234742,0.06922732393954742,0.01508562648407882,0.006867490252432923
ConvNeXt,2D,RSS,validation,L1/L2,5,complete,0.9525546148395083,0.014424449827599781,0.563863949527917,0.1767662119220158,0.5225158006953576,0.07569485943246129,0.5356903931960826,0.11087796827958515,0.9525546148395083,0.014424449827599781,0.04819444883090366,0.014839577681573795,0.667711422626626,0.08700644666376127,0.00074906367041198,0.001674957286516685
ConvNeXt,2D,RSS,validation,L2/L3,5,complete,0.8807552192148463,0.016383443758375135,0.6748932162423131,0.11420532231531916,0.5749335148059544,0.1190221032373404,0.5870165831042533,0.09594442508675961,0.8807552192148463,0.016383443758375135,0.1222001784002763,0.015550702813953031,0.638857273311759,0.08603480446608781,0.00295539761512276,0.0016530288953352072
ConvNeXt,2D,RSS,validation,L3/L4,5,complete,0.8155831967404783,0.01624849144226661,0.757294153401697,0.038134657019550204,0.716947519606616,0.03085426736480451,0.7291265065000525,0.025948955756568626,0.8155831967404783,0.01624849144226661,0.18664496725239144,0.01343008557949515,0.7690538350382561,0.008084976858298195,0.0022281639928698397,0.0033011435806659653
ConvNeXt,2D,RSS,validation,L4/L5,5,complete,0.7319048053650478,0.009352046837002978,0.7251660693263154,0.009807111538325457,0.7084315246238779,0.018818948048834536,0.71045608463655,0.009128636458897338,0.7319048053650478,0.009352046837002978,0.28002681886003317,0.01236856621353862,0.7548748147677151,0.022680896480642334,0.01193162422508088,0.008185026980663928
ConvNeXt,2D,RSS,validation,L5/S1,5,complete,0.7630365105013649,0.010028821890517495,0.6626047875543589,0.04170269163378074,0.5675875332557183,0.057671523050500266,0.5864775214093184,0.04526317192045928,0.7630365105013649,0.010028821890517495,0.252591062922087,0.011597283597683384,0.6281323948737768,0.042328007899704985,0.015627573423451918,0.007280473507374005
ConvNeXt,2D,RSS,test,L1/L2,5,complete,0.9392569487371298,0.01396813769119397,0.5772651025035276,0.1559666434911024,0.4860269402200597,0.06238567298453428,0.5085587144668746,0.07256242054866624,0.9392569487371298,0.01396813769119397,0.06220833137021655,0.014104316085368116,0.5918540635086224,0.09865832775281547,0.00146528010734652,0.0020065071552965628
ConvNeXt,2D,RSS,test,L2/L3,5,complete,0.8735613821267976,0.024841220928435832,0.7484895915166054,0.08084286792698961,0.592379691966336,0.1005566465559605,0.6133381546583492,0.0768640352989711,0.8735613821267976,0.024841220928435832,0.13442125885440098,0.031636118224283076,0.6419471051545564,0.11600286259812552,0.007982640981198299,0.008569556189732527
ConvNeXt,2D,RSS,test,L3/L4,5,complete,0.8093777756797756,0.018553223710798598,0.7600671863985466,0.03703750111914558,0.6993534626044069,0.032551203658781065,0.721685623212798,0.02301749221173108,0.8093777756797756,0.018553223710798598,0.19501322658544248,0.0192228247270964,0.7522547574439583,0.026699822772624587,0.00439100226521816,0.0016717669434056631
ConvNeXt,2D,RSS,test,L4/L5,5,complete,0.7024721991129923,0.032836795265642246,0.6915428958883283,0.03492585315513776,0.6808816688706412,0.038239100774832044,0.6811785835724742,0.036627683955522,0.7024721991129923,0.032836795265642246,0.30995519968386687,0.03808091842521903,0.7381927923073197,0.04367010342488823,0.01242739879685916,0.006682770532007078
ConvNeXt,2D,RSS,test,L5/S1,5,complete,0.7773877711905154,0.015722883330225874,0.6631989040422132,0.023066761740618676,0.583242118741286,0.06440155493681023,0.597935746179136,0.05986490231985837,0.7773877711905154,0.015722883330225874,0.23645634656368406,0.01892205542539784,0.625318401638635,0.04863192421713801,0.013844117754199341,0.004653287480934656
EfficientNet,2.5D-to-3D,SCS,train,L1/L2,5,complete,0.9571153465584572,0.0011419584758708026,0.3190384488528191,0.00038065282529026965,0.3333333333333333,0.0,0.3260291822845158,0.000198814926795343,0.9571153465584572,0.0011419584758708026,0.0531150338644239,0.0018209268185597548,0.0,0.0,0.01023038042288126,0.0012423166584543054
EfficientNet,2.5D-to-3D,SCS,train,L2/L3,5,complete,0.8946736695715721,0.0020299317738498484,0.2982245565238573,0.0006766439246166457,0.3333333333333333,0.0,0.3148027603059867,0.0003768522779545977,0.8946736695715721,0.0020299317738498484,0.1318073587486197,0.0020219470571260275,0.0,0.0,0.026481028320191724,0.0020017491177067573
EfficientNet,2.5D-to-3D,SCS,train,L3/L4,5,complete,0.8226000752824894,0.0025856831712634306,0.274200025094163,0.0008618943904211529,0.3333333333333333,0.0,0.30088826689221426,0.00051838321424993,0.8226000752824894,0.0025856831712634306,0.23984363247753135,0.003735591634973604,0.0,0.0,0.06244370776002062,0.0015039210048405308
EfficientNet,2.5D-to-3D,SCS,train,L4/L5,5,complete,0.7505241104491832,0.002033516636097501,0.25017470348306103,0.0006778388786991829,0.3333333333333333,0.0,0.28582793218284996,0.000442730881257842,0.7505241104491832,0.002033516636097501,0.37872728412161855,0.0033598970858383444,0.0,0.0,0.12925139457080165,0.0024840727461692266
EfficientNet,2.5D-to-3D,SCS,train,L5/S1,5,complete,0.9664479836089559,0.0019891827723034494,0.3221493278696519,0.0006630609241011215,0.3333333333333333,0.0,0.32764564098999027,0.0003429024214783592,0.9664479836089559,0.0019891827723034494,0.04333126576967708,0.0025709533173600644,0.0,0.0,0.009779249378632799,0.001176839057817956
EfficientNet,2.5D-to-3D,SCS,validation,L1/L2,5,complete,0.9396604225912173,0.009016650350433237,0.31322014086373906,0.0030055501168110375,0.3333333333333333,0.0,0.32295795495575563,0.0015968204557401087,0.9396604225912173,0.009016650350433237,0.07366627547910908,0.010105830347706924,0.0,0.0,0.013326698070326298,0.0015054177651466138
EfficientNet,2.5D-to-3D,SCS,validation,L2/L3,5,complete,0.889823139805754,0.01072342502909594,0.2966077132685846,0.0035744750096986188,0.3333333333333333,0.0,0.3138908709937397,0.0020044006294395377,0.889823139805754,0.01072342502909594,0.144589542811481,0.010807874861977955,0.0,0.0,0.03441268261723486,0.0048155827740474525
EfficientNet,2.5D-to-3D,SCS,validation,L3/L4,5,complete,0.8210764534941288,0.010154573014524142,0.2736921511647096,0.003384857671508029,0.3333333333333333,0.0,0.30057373687236427,0.002036975777794915,0.8210764534941288,0.010154573014524142,0.24419764804651276,0.010392021089535304,0.0,0.0,0.06527410154064163,0.008828879346182924
EfficientNet,2.5D-to-3D,SCS,validation,L4/L5,5,complete,0.7565508858983033,0.009955131917927525,0.2521836286327678,0.0033183773059758583,0.3333333333333333,0.0,0.2871252655187058,0.0021493799908862948,0.7565508858983033,0.009955131917927525,0.36977488153527543,0.011766869667735083,0.0,0.0,0.12632576743357882,0.005718619482983705
EfficientNet,2.5D-to-3D,SCS,validation,L5/S1,5,complete,0.9579094733049323,0.010790691274516333,0.31930315776831075,0.003596897091505475,0.3333333333333333,0.0,0.3261591962643968,0.0018691473882837537,0.9579094733049323,0.010790691274516333,0.05261997121866676,0.012901579249791701,0.0,0.0,0.01052944452359902,0.0025180426367010576
EfficientNet,2.5D-to-3D,SCS,test,L1/L2,5,complete,0.9586153336069316,0.010319333289766797,0.31953844453564384,0.003439777763255585,0.3333333333333333,0.0,0.3262825881716124,0.001793835682903346,0.9586153336069316,0.010319333289766797,0.053995872593865256,0.01578662864564389,0.0,0.0,0.01261120620079686,0.006789466640852856
EfficientNet,2.5D-to-3D,SCS,test,L2/L3,5,complete,0.9101391489721031,0.01163544701212012,0.30337971632403427,0.0038784823373733657,0.3333333333333333,0.0,0.31764163382615057,0.0021177585565577317,0.9101391489721031,0.01163544701212012,0.11441813274696144,0.01879171793801423,0.0,0.0,0.02455728171906446,0.008192169486651394
EfficientNet,2.5D-to-3D,SCS,test,L3/L4,5,complete,0.8203270369011941,0.014561691220580984,0.2734423456337313,0.0048538970735270215,0.3333333333333333,0.0,0.30041321006507954,0.0029532244945049287,0.8203270369011941,0.014561691220580984,0.23377227070362724,0.019133585521865518,0.0,0.0,0.054099307604821324,0.009584819531719605
EfficientNet,2.5D-to-3D,SCS,test,L4/L5,5,complete,0.7541830413561559,0.016780747930377104,0.25139434711871866,0.005593582643459058,0.3333333333333333,0.0,0.2865950513208102,0.0036140250785712666,0.7541830413561559,0.016780747930377104,0.37991401360885513,0.026126571447265705,0.0,0.0,0.13409705496501112,0.011689753877365362
EfficientNet,2.5D-to-3D,SCS,test,L5/S1,5,complete,0.9599724046387564,0.009562620850505733,0.3199908015462521,0.003187540283501895,0.3333333333333333,0.0,0.3265193382776556,0.0016614938583072027,0.9599724046387564,0.009562620850505733,0.05055785440555956,0.008773253815734499,0.0,0.0,0.0105302590443159,0.003500649861114132
EfficientNet,2.5D-to-3D,LFN,train,L1/L2,5,complete,0.9678490629898695,0.001895349057462865,0.3226631593126933,0.0006705644136359279,0.33328354493403034,0.00011133024533232957,0.3278870448336644,0.0003262707497891545,0.9678490629898695,0.001895349057462865,0.033309413108563155,0.0015420991453474727,-0.0002604282268685,0.000582335218537703,0.00115847609843274,0.0003962782540457985
EfficientNet,2.5D-to-3D,LFN,train,L2/L3,5,complete,0.9138296996391464,0.01074969863957196,0.35284423402434156,0.11136598659210181,0.35579189737404743,0.050218875872069205,0.3494015148786027,0.07141180693393327,0.9138296996391464,0.01074969863957196,0.09051487440165831,0.01269491970773226,0.0986576975997554,0.2206053183366709,0.00434457404080468,0.0022894755206641815
EfficientNet,2.5D-to-3D,LFN,train,L3/L4,5,complete,0.7865343878328004,0.026401750137154713,0.30540223321813037,0.10515203290652851,0.359015086625324,0.05742614614227029,0.32717901207702854,0.0806692444361993,0.7865343878328004,0.026401750137154713,0.22910635129488552,0.033001188501185066,0.09891014271129228,0.2211698027666549,0.01564073912768586,0.006765280242703031
EfficientNet,2.5D-to-3D,LFN,train,L4/L5,5,complete,0.6338900836952721,0.041572830756287094,0.3172912116183088,0.1825574057790815,0.36673654005415474,0.07188241607136622,0.3070226262932899,0.10849661031588945,0.6338900836952721,0.041572830756287094,0.42418378979908467,0.07023887724826335,0.10770772466653278,0.22726055181555704,0.05807387349435672,0.029164792654584843
EfficientNet,2.5D-to-3D,LFN,train,L5/S1,5,complete,0.654888314395666,0.054954880881016736,0.3154363405449602,0.19765070271573662,0.38574503379762437,0.11746882188687686,0.33149635562081586,0.16089547302467316,0.654888314395666,0.054954880881016736,0.430412633521189,0.09573205522697129,0.13253302314300403,0.2926991546980949,0.08530094791685504,0.04082384084281483
EfficientNet,2.5D-to-3D,LFN,validation,L1/L2,5,complete,0.9695281722400366,0.010461279198260409,0.32317605741334554,0.003487093066086836,0.3333333333333333,0.0,0.328168486356121,0.0017965998593113517,0.9695281722400366,0.010461279198260409,0.031147503435639,0.01000976573985236,0.0,0.0,0.00067567567567566,0.0015108567415538768
EfficientNet,2.5D-to-3D,LFN,validation,L2/L3,5,complete,0.9146930829134219,0.004999900848646396,0.3528423853635717,0.10732504359335619,0.3449874686716791,0.026059438835523863,0.3375895422955944,0.04279757905705133,0.9146930829134219,0.004999900848646396,0.08801420064131926,0.007547073640936044,0.06693730266125394,0.14967635898104137,0.0027072835547411597,0.003707109525825241
EfficientNet,2.5D-to-3D,LFN,validation,L3/L4,5,complete,0.7583005038937243,0.021360720767028947,0.29479979407808815,0.09507399750663757,0.3477300103842159,0.03219194853588482,0.31113632975644384,0.053678083385098725,0.7583005038937243,0.021360720767028947,0.2572698121850664,0.024845542595105696,0.06393979851923776,0.14297373595665602,0.0155703160787906,0.005662088777441279
EfficientNet,2.5D-to-3D,LFN,validation,L4/L5,5,complete,0.6134333486028402,0.06410970141946669,0.27320787119005857,0.11645690685517078,0.36335569728188116,0.06532882455252763,0.2968492045291646,0.09577716531463114,0.6134333486028402,0.06410970141946669,0.4407054512139258,0.09197034723790747,0.11162780063725157,0.24659629486674714,0.05413879981676588,0.03181406234176972
EfficientNet,2.5D-to-3D,LFN,validation,L5/S1,5,complete,0.662180485570316,0.04425828963242174,0.33927190440540794,0.1750896799700788,0.3728795590702286,0.0823231483716168,0.31886897691035065,0.11669388725826087,0.662180485570316,0.04425828963242174,0.4332592762253779,0.08079217423301067,0.11190523514418207,0.24503988564737142,0.09543976179569397,0.0366817290321618
EfficientNet,2.5D-to-3D,LFN,test,L1/L2,5,complete,0.9607556536127964,0.00387801831808344,0.386910916450868,0.15007376029253067,0.33939393939393936,0.013551927136362349,0.3377677946785482,0.025368218665792783,0.9607556536127964,0.00387801831808344,0.03992002206287916,0.005021747858419817,0.03229461756373938,0.07221296017987991,0.00067567567567566,0.0015108567415538768
EfficientNet,2.5D-to-3D,LFN,test,L2/L3,5,complete,0.9005193969479685,0.013015604236751339,0.34090078304364013,0.09331496458408635,0.3473990844777361,0.03145197571348016,0.3375423544042161,0.04970120704365891,0.9005193969479685,0.013015604236751339,0.10489520132377272,0.013353888270798791,0.06481889763779526,0.14493946134471075,0.00541459827174106,0.0030269178876898826
EfficientNet,2.5D-to-3D,LFN,test,L3/L4,5,complete,0.7774315131457988,0.02373718758988899,0.3016655902370188,0.10023206793522174,0.3526668925787868,0.0432311527198536,0.3202948964286711,0.0675350028192143,0.7774315131457988,0.02373718758988899,0.24760985475271186,0.032411324052610206,0.07706971677559912,0.17233312571689555,0.025041367898510702,0.012343676129434218
EfficientNet,2.5D-to-3D,LFN,test,L4/L5,5,complete,0.6299043941901085,0.05476325967827102,0.34173539210590786,0.2514203732981209,0.3651766230325878,0.07117171467330928,0.30258389130422375,0.10375114758979175,0.6299043941901085,0.05476325967827102,0.4276383526383526,0.07879298491673799,0.10499267646893132,0.23189997262819415,0.057542746828461076,0.026510425889231696
EfficientNet,2.5D-to-3D,LFN,test,L5/S1,5,complete,0.6467870932156647,0.05188928244172577,0.30681579969642253,0.18449562594217642,0.37793925371637144,0.10148563111741074,0.3223463167790207,0.14382765441124074,0.6467870932156647,0.05188928244172577,0.43238646810075376,0.08601014233310592,0.11654310441573694,0.2683332927866579,0.07917356131641841,0.03519618342152241
EfficientNet,2.5D-to-3D,RFN,train,L1/L2,5,complete,0.9628804757717934,0.004926529630459585,0.3209601585905978,0.0016421765434865689,0.3333333333333333,0.0,0.3270280393039603,0.000853492971801969,0.9628804757717934,0.004926529630459585,0.04337905090471776,0.0059465553404120545,0.0,0.0,0.00625952667651118,0.0013245828764408404
EfficientNet,2.5D-to-3D,RFN,train,L2/L3,5,complete,0.917464319425218,0.005419185645168515,0.305821439808406,0.0018063952150561915,0.3333333333333333,0.0,0.3189830498718474,0.000983310257382673,0.917464319425218,0.005419185645168515,0.08515608780944488,0.0057215968170383925,0.0,0.0,0.002620407234663,0.0004010993228446582
EfficientNet,2.5D-to-3D,RFN,train,L3/L4,5,complete,0.7749623597036781,0.003777251915346381,0.2583207865678927,0.0012590839717821526,0.3333333333333333,0.0,0.2910704853405601,0.0008000661687636256,0.7749623597036781,0.003777251915346381,0.24381441912818796,0.0035468389804120494,0.0,0.0,0.01877677883186608,0.001806245291043281
EfficientNet,2.5D-to-3D,RFN,train,L4/L5,5,complete,0.618192928095296,0.005747693424876783,0.2060643093650986,0.0019158978082922773,0.3333333333333333,0.0,0.25468031177600253,0.0014656564533190026,0.618192928095296,0.005747693424876783,0.4449784370577846,0.005424627768418181,0.0,0.0,0.06317136515308058,0.0029208211757237473
EfficientNet,2.5D-to-3D,RFN,train,L5/S1,5,complete,0.650219738339372,0.0022719671132458512,0.2167399127797906,0.0007573223710819271,0.3333333333333333,0.0,0.2626794509201833,0.0005561233849306797,0.650219738339372,0.0022719671132458512,0.44788932962648725,0.0021606112823021623,0.0,0.0,0.09810906796585919,0.0020957530933507617
EfficientNet,2.5D-to-3D,RFN,validation,L1/L2,5,complete,0.9580163196749153,0.013689677108206863,0.31933877322497173,0.004563225702735643,0.3333333333333333,0.0,0.32617269488817885,0.0023820344983037046,0.9580163196749153,0.013689677108206863,0.0494367733350784,0.015846494287777676,0.0,0.0,0.00745309300999368,0.002851307900809562
EfficientNet,2.5D-to-3D,RFN,validation,L2/L3,5,complete,0.9011378742976806,0.008615013691430118,0.30037929143256015,0.002871671230476686,0.3333333333333333,0.0,0.31599370722026765,0.0015928717971977902,0.9011378742976806,0.008615013691430118,0.10224737535875547,0.011477693360858831,0.0,0.0,0.0033852496564360604,0.004151682268630697
EfficientNet,2.5D-to-3D,RFN,validation,L3/L4,5,complete,0.7677427773674748,0.026250518267078672,0.25591425912249155,0.008750172755692892,0.3333333333333333,0.0,0.28947165515070866,0.0055759043288051684,0.7677427773674748,0.026250518267078672,0.2512197687137154,0.0340755655404697,0.0,0.0,0.018962546081190117,0.00815630302418055
EfficientNet,2.5D-to-3D,RFN,validation,L4/L5,5,complete,0.6120297693057983,0.02070703772543369,0.20400992310193272,0.006902345908477909,0.3333333333333333,0.0,0.2530556493709847,0.005228108768405736,0.6120297693057983,0.02070703772543369,0.45635356387172366,0.0282841187371696,0.0,0.0,0.06838333317752197,0.01734413529151791
EfficientNet,2.5D-to-3D,RFN,validation,L5/S1,5,complete,0.6472360790399531,0.017500104298910482,0.21574535967998437,0.005833368099636812,0.3333333333333333,0.0,0.26191197099901603,0.0042765476973359836,0.6472360790399531,0.017500104298910482,0.4516007740705077,0.019887750381803095,0.0,0.0,0.09883685311046082,0.01013570646893774
EfficientNet,2.5D-to-3D,RFN,test,L1/L2,5,complete,0.9573956609670894,0.01871128285239704,0.31913188698902983,0.0062370942841323326,0.3333333333333333,0.0,0.3260530588982804,0.003268858610018005,0.9573956609670894,0.01871128285239704,0.0500413678985107,0.02215948367425394,0.0,0.0,0.00743702886560024,0.004399587362405069
EfficientNet,2.5D-to-3D,RFN,test,L2/L3,5,complete,0.8971594043022615,0.01977650691382332,0.29905313476742046,0.006592168971274454,0.3333333333333333,0.0,0.31523354656655844,0.003664957014864828,0.8971594043022615,0.01977650691382332,0.10757032542746825,0.0226690589860461,0.0,0.0,0.00472972972972968,0.003851944003713298
EfficientNet,2.5D-to-3D,RFN,test,L3/L4,5,complete,0.745610406324692,0.01662047607097453,0.24853680210823065,0.005540158690324816,0.3333333333333333,0.0,0.284728728012895,0.0036231825588970926,0.745610406324692,0.01662047607097453,0.2801020408163265,0.018585627923630804,0.0,0.0,0.02571244714101852,0.008487382610203703
EfficientNet,2.5D-to-3D,RFN,test,L4/L5,5,complete,0.60146166574738,0.016207604411524544,0.2004872219157933,0.005402534803841504,0.3333333333333333,0.0,0.25034611650647715,0.0042214592447377694,0.60146166574738,0.016207604411524544,0.47634675491818346,0.02561327790737543,0.0,0.0,0.07780842066556348,0.011459077048983694
EfficientNet,2.5D-to-3D,RFN,test,L5/S1,5,complete,0.6610590182018753,0.02278903383182623,0.22035300606729175,0.007596344610608755,0.3333333333333333,0.0,0.2652552646615144,0.005560144271439114,0.6610590182018753,0.02278903383182623,0.4269075197646626,0.016445233993013106,0.0,0.0,0.08796653796653793,0.008743235689081388
EfficientNet,2.5D-to-3D,LSS,train,L1/L2,5,complete,0.9347680790846535,0.0032608521776364557,0.3115893596948845,0.0010869507258788249,0.3333333333333333,0.0,0.32209400790686915,0.0005805339406551285,0.9347680790846535,0.0032608521776364557,0.07971029507698321,0.003911499398721705,0.0,0.0,0.014478374161636682,0.0006506561439394383
EfficientNet,2.5D-to-3D,LSS,train,L2/L3,5,complete,0.8260992205932449,0.004444243459461325,0.3090110124258402,0.07631421039853403,0.34249626443974174,0.020488936827076715,0.3169271374062797,0.03494880239749244,0.8260992205932449,0.004444243459461325,0.21558127226549484,0.010228420089758761,0.0449169655504988,0.10043738831393159,0.041680492858739815,0.006406917559736199
EfficientNet,2.5D-to-3D,LSS,train,L3/L4,5,complete,0.7119034673045306,0.02915109336555377,0.44427417555767335,0.22825934870716225,0.40968995472416336,0.07441201078906212,0.38208141255953154,0.1097305621658884,0.7119034673045306,0.02915109336555377,0.342126200546406,0.06757264652220421,0.28930146711500804,0.2694358473835109,0.05402966785093653,0.03881551166526825
EfficientNet,2.5D-to-3D,LSS,train,L4/L5,5,complete,0.5519074320558606,0.06360660900789779,0.4189295431185722,0.1817309289807179,0.4731711158000314,0.10971034213310171,0.4210201767243162,0.1448869186316401,0.5519074320558606,0.06360660900789779,0.5600162315828497,0.13008794394594106,0.3633719953332205,0.2696790389930509,0.11192366363871029,0.06897312424414744
EfficientNet,2.5D-to-3D,LSS,train,L5/S1,5,complete,0.7164742067719837,0.004502915688511102,0.2388247355906612,0.0015009718961703621,0.3333333333333333,0.0,0.2782714698136127,0.0010189981450934203,0.7164742067719837,0.004502915688511102,0.359583396714794,0.0037917809178659068,0.0,0.0,0.07605760348677754,0.0042579215407450195
EfficientNet,2.5D-to-3D,LSS,validation,L1/L2,5,complete,0.9387722300299121,0.006856511436405569,0.31292407667663735,0.0022855038121351984,0.3333333333333333,0.0,0.32280299842163873,0.0012149544603957587,0.9387722300299121,0.006856511436405569,0.07598609248521447,0.012031884051321726,0.0,0.0,0.014758322515126678,0.007872957074713503
EfficientNet,2.5D-to-3D,LSS,validation,L2/L3,5,complete,0.8310693435430047,0.013825599137919104,0.2967791854154439,0.04516830691754141,0.3394126284875183,0.013593717220042762,0.31299133898409154,0.023931164773700792,0.8310693435430047,0.013825599137919104,0.2072789065875106,0.018171470509969916,0.05000549430423794,0.11181568451275457,0.03834825013051524,0.005591859451051487
EfficientNet,2.5D-to-3D,LSS,validation,L3/L4,5,complete,0.7233337129978921,0.03100050021302067,0.457363976027339,0.2379371198351569,0.42645334898676496,0.09280727048830516,0.4050598461057701,0.13129482333094053,0.7233337129978921,0.03100050021302067,0.3225262093611522,0.06925682133952699,0.31246456958848456,0.2886955278751239,0.04585992235904434,0.03970179384084012
EfficientNet,2.5D-to-3D,LSS,validation,L4/L5,5,complete,0.5328185278448667,0.0735332615772066,0.41876692899322726,0.1857834169911472,0.47536225062944604,0.10549326107158373,0.4183648519686485,0.14531091882429056,0.5328185278448667,0.0735332615772066,0.5767001852405715,0.1345133532642553,0.36667775122778157,0.24163926182015807,0.10951871308543822,0.06703694812814383
EfficientNet,2.5D-to-3D,LSS,validation,L5/S1,5,complete,0.718295719742164,0.025685270024177115,0.23943190658072128,0.0085617566747257,0.3333333333333333,0.0,0.27861566080032385,0.00582615752154536,0.718295719742164,0.025685270024177115,0.3480357754787079,0.019409094490027295,0.0,0.0,0.06633149522087181,0.012236491951985909
EfficientNet,2.5D-to-3D,LSS,test,L1/L2,5,complete,0.9318560230180365,0.014734870614223242,0.3106186743393454,0.004911623538074411,0.3333333333333333,0.0,0.32155924611751247,0.0026453421271584836,0.9318560230180365,0.014734870614223242,0.08219443012731317,0.022797676521107743,0.0,0.0,0.01405045314534972,0.009515038778758644
EfficientNet,2.5D-to-3D,LSS,test,L2/L3,5,complete,0.8259371484032071,0.025268162006538575,0.3091732133285662,0.08019013151275506,0.3384628237259816,0.011469889207893625,0.31131472411651295,0.024827964608762725,0.8259371484032071,0.025268162006538575,0.21630378455971985,0.03807401568152523,0.02341203857665442,0.05235090974924671,0.04224093296292694,0.015287375863392778
EfficientNet,2.5D-to-3D,LSS,test,L3/L4,5,complete,0.7158993293575205,0.044573557878669984,0.39235597252915594,0.18334606863556283,0.4212750125727018,0.09484510215171227,0.3963686747682532,0.1357723547408838,0.7158993293575205,0.044573557878669984,0.330963047179715,0.08350162185572699,0.30535996914529656,0.2862135333845268,0.04686237653723554,0.03917173535355664
EfficientNet,2.5D-to-3D,LSS,test,L4/L5,5,complete,0.5408326724500225,0.08915749036330578,0.4124075521911452,0.19408530309058933,0.4678944518046594,0.12617851551805925,0.41795977869040984,0.15921788366881406,0.5408326724500225,0.08915749036330578,0.5828792630728159,0.14954296443927428,0.3501634104345527,0.26725342147985975,0.1237119355228385,0.07310796295732261
EfficientNet,2.5D-to-3D,LSS,test,L5/S1,5,complete,0.7139643179969017,0.01733015369335769,0.2379881059989672,0.005776717897785889,0.3333333333333333,0.0,0.27767273670104753,0.003970723781403964,0.7139643179969017,0.01733015369335769,0.36544085613639327,0.01566435054083553,0.0,0.0,0.07940517413329493,0.010609329973961195
EfficientNet,2.5D-to-3D,RSS,train,L1/L2,5,complete,0.9311216063869885,0.00542715973711471,0.5266882738921923,0.13205932231541004,0.36147469455941006,0.029295647918228654,0.367408445245169,0.04476290637924979,0.9311216063869885,0.00542715973711471,0.0804623541054154,0.007563117180165299,0.12150008134377263,0.1372509437403481,0.01158396049240396,0.002274316194601653
EfficientNet,2.5D-to-3D,RSS,train,L2/L3,5,complete,0.8579654437644203,0.004389604068301068,0.5229635551259494,0.08272261973704667,0.4763322144089548,0.08997390402426943,0.4690857673236476,0.06998126492624827,0.8579654437644203,0.004389604068301068,0.15425695734187647,0.005961841821459029,0.4990219091686587,0.09996000185804235,0.01222240110629672,0.0048537280346473595
EfficientNet,2.5D-to-3D,RSS,train,L3/L4,5,complete,0.7557555730227244,0.013700342503463202,0.6675108794262635,0.055049515300102,0.6062596087901976,0.08057546094564601,0.5877476194137253,0.04421215677949538,0.7557555730227244,0.013700342503463202,0.2629836225926496,0.021669021034327034,0.6513891849642999,0.0498031989890533,0.0187391956153741,0.010756844934821895
EfficientNet,2.5D-to-3D,RSS,train,L4/L5,5,complete,0.6821272160206778,0.01872263475636764,0.6797140631758484,0.019008187272711818,0.6572534618442378,0.042677612926929814,0.6568056699775155,0.029832578843138263,0.6821272160206778,0.01872263475636764,0.33041415453597234,0.018545909640499004,0.7096061658541393,0.03075203248992093,0.01254137055665012,0.004028906033429189
EfficientNet,2.5D-to-3D,RSS,train,L5/S1,5,complete,0.7595665039244924,0.008878089169529953,0.5998729790868069,0.11787016995943622,0.5049565624289539,0.06845869347458615,0.5084635050464041,0.08203814242692739,0.7595665039244924,0.008878089169529953,0.26821354118283136,0.0074506233721643176,0.5222342583063199,0.07128067485312346,0.02778004510732378,0.004638103103341279
EfficientNet,2.5D-to-3D,RSS,validation,L1/L2,5,complete,0.9368754501288356,0.017104149020554647,0.34630384477057524,0.07055506823372175,0.33623471246422065,0.006487680965163348,0.3284821333578814,0.010690942368248255,0.9368754501288356,0.017104149020554647,0.07495409118230309,0.01569517466890484,0.0672237321459669,0.0727786732640621,0.0118295413111387,0.0029870698086700534
EfficientNet,2.5D-to-3D,RSS,validation,L2/L3,5,complete,0.8605582683687405,0.02341289390578469,0.5200294797371275,0.07885015108498283,0.49166725626593,0.10208732079244662,0.48147207461552577,0.0646128285536595,0.8605582683687405,0.02341289390578469,0.15203150276553046,0.02554582935256131,0.48000856398957914,0.059696244681983285,0.012589771134271061,0.006146687748157653
EfficientNet,2.5D-to-3D,RSS,validation,L3/L4,5,complete,0.7376804904747047,0.027923356625694992,0.6593939420345264,0.08375617871773287,0.589437040861806,0.09939750962646189,0.5695994651591787,0.07524933694345912,0.7376804904747047,0.027923356625694992,0.2785494414461251,0.036728129915654675,0.6269286128260647,0.06881254070952712,0.01622993192082974,0.012838240891858938
EfficientNet,2.5D-to-3D,RSS,validation,L4/L5,5,complete,0.6903856458845821,0.019699512226593625,0.6873460404242028,0.03102866766778505,0.6720792186731271,0.04410641847646693,0.6699134559178348,0.030766030746054787,0.6903856458845821,0.019699512226593625,0.3304061528540013,0.021959625534449273,0.6941929096761428,0.04254763205618126,0.0207917987385835,0.0069096312849836975
EfficientNet,2.5D-to-3D,RSS,validation,L5/S1,5,complete,0.7519364084390545,0.03613270903747986,0.5604059879202398,0.1369998411929943,0.5442790735604304,0.0903030673280508,0.5435926326907036,0.10889765863965696,0.7519364084390545,0.03613270903747986,0.28065400857908374,0.04323041999255179,0.5313714792163589,0.11895676740763184,0.0325904170181383,0.010362188724193425
EfficientNet,2.5D-to-3D,RSS,test,L1/L2,5,complete,0.9203236977095142,0.01363754813760979,0.39074523759067353,0.14829951232798566,0.3414939309056956,0.011431256283130532,0.3348294612495147,0.02327350323957373,0.9203236977095142,0.01363754813760979,0.09280647917043176,0.016288096392021695,0.03976995315235732,0.05853749706211209,0.01313017687994586,0.0041429540187918334
EfficientNet,2.5D-to-3D,RSS,test,L2/L3,5,complete,0.8452833166187516,0.018022052480210153,0.4540076299749366,0.06140893423582107,0.4745933328961406,0.07682471585521368,0.43716556627595793,0.044417842091694804,0.8452833166187516,0.018022052480210153,0.17074781371770237,0.0238720683845428,0.5153547401143707,0.05743588970265461,0.016031130336453862,0.008323529737596652
EfficientNet,2.5D-to-3D,RSS,test,L3/L4,5,complete,0.7538485225340927,0.02697145412432494,0.6250603922336608,0.12054634446301905,0.5958692219844806,0.1000502946789002,0.567928072059247,0.08672589405241453,0.7538485225340927,0.02697145412432494,0.2651373063176253,0.04350144210408973,0.6416122726707174,0.08735121189863418,0.018985828851717977,0.01805404565788211
EfficientNet,2.5D-to-3D,RSS,test,L4/L5,5,complete,0.6639629169272516,0.02739391493200751,0.6625172962489045,0.02549151563502566,0.638018421421874,0.03614722256551445,0.6377163281920535,0.03128045376332483,0.6639629169272516,0.02739391493200751,0.3550211407438514,0.0298223756749148,0.6814031350838985,0.04761801670300938,0.0189840576711029,0.015752899271972823
EfficientNet,2.5D-to-3D,RSS,test,L5/S1,5,complete,0.7380334716748631,0.025717446131416622,0.5781111901615363,0.12119707083157165,0.5127097896401339,0.06168617686202146,0.5054680897890786,0.05424781693501409,0.7380334716748631,0.025717446131416622,0.28306070660045224,0.033528224825745974,0.5265785635627865,0.11464631213864895,0.021094178275315463,0.008033771729142904
EfficientNet,2D,SCS,train,L1/L2,5,complete,0.9656886512739697,0.004483250196737884,0.6332517017516778,0.16648943305722191,0.49777546533497874,0.11729770230530373,0.535984667864348,0.13502053580675702,0.9656886512739697,0.004483250196737884,0.03701847189867702,0.005391336458510013,0.5556653296112036,0.17187455202359553,0.00270712317264682,0.0015583606554658877
EfficientNet,2D,SCS,train,L2/L3,5,complete,0.9331983171337104,0.00699879978385642,0.7360265399387746,0.059626407876769746,0.6529808980411979,0.04538763339658818,0.6810648902344498,0.029704845099050893,0.9331983171337104,0.00699879978385642,0.07131569875056633,0.008221300750822107,0.7384123922010837,0.03650575186015035,0.0045140158842766395,0.0015044941739675857
EfficientNet,2D,SCS,train,L3/L4,5,complete,0.9026490374412252,0.024576336152063075,0.7814507548080387,0.07336105854607423,0.693005043908691,0.10696317332964468,0.7104925097818022,0.11492269948458986,0.9026490374412252,0.024576336152063075,0.0997592553841907,0.024174023930131815,0.8090831692456255,0.06886967305233499,0.00240829282541592,0.0008283181912318044
EfficientNet,2D,SCS,train,L4/L5,5,complete,0.8791661520258074,0.02133742011514291,0.7443922469303998,0.0590792859763378,0.7645188723726358,0.04112654476662491,0.7429005879037099,0.05270522395845013,0.8791661520258074,0.02133742011514291,0.13452659232902953,0.02999585930226618,0.8527019904460132,0.03196677631170452,0.013692744354836858,0.00904587420809032
EfficientNet,2D,SCS,train,L5/S1,5,complete,0.969156917193537,0.003500051853483843,0.5244063986813107,0.1295214425990828,0.48780230011503517,0.09294413325149399,0.49954917318256287,0.10268967389842917,0.969156917193537,0.003500051853483843,0.03716331810159072,0.005345219150414982,0.4156999178221966,0.23680938282039743,0.00632023529512772,0.0020351534897665997
EfficientNet,2D,SCS,validation,L1/L2,5,complete,0.9501726363733919,0.004586671732696402,0.60580191682146,0.19371031159901558,0.4545782738598157,0.0971008702141397,0.4903061627943578,0.12356262279408627,0.9501726363733919,0.004586671732696402,0.05404556296688464,0.0041270480485349845,0.4813637696082222,0.15636537199173897,0.00421819934027656,0.0016067639928488235
EfficientNet,2D,SCS,validation,L2/L3,5,complete,0.9186381856538235,0.011590826075895353,0.677304737305764,0.10514496001727043,0.5760444152626151,0.09017788942937083,0.6025324363662121,0.08946358770095147,0.9186381856538235,0.011590826075895353,0.08768548476559149,0.014844081718218766,0.6848116393475653,0.10505266214916226,0.006323670419415039,0.005258471193262723
EfficientNet,2D,SCS,validation,L3/L4,5,complete,0.8885056726577101,0.016742140710459586,0.7144563746919056,0.09630535392339007,0.625940934052196,0.08048839218881762,0.6510418513251646,0.08330809507748582,0.8885056726577101,0.016742140710459586,0.11852941189786156,0.01389155638538082,0.7600755453432116,0.04660655229251032,0.00703508455557168,0.005546312152000304
EfficientNet,2D,SCS,validation,L4/L5,5,complete,0.8387623082566134,0.053854943552531155,0.6603348284527264,0.07389090061729381,0.7075173978673079,0.03795561764858062,0.6708804861163467,0.06300396608960462,0.8387623082566134,0.053854943552531155,0.17735438617844068,0.057587523015491984,0.8130489477680671,0.04933668568423161,0.016116694435053903,0.004598602896021939
EfficientNet,2D,SCS,validation,L5/S1,5,complete,0.9593056737763902,0.003897462210605474,0.5210990086269469,0.14365222083631637,0.46570048309178735,0.08380285011677104,0.47804440014988403,0.09762063916389083,0.9593056737763902,0.003897462210605474,0.04770742893299462,0.003796877355615669,0.34789382879672803,0.20982722122582867,0.007013102709384859,0.002447462840482385
EfficientNet,2D,SCS,test,L1/L2,5,complete,0.9649466798399888,0.011302890348576119,0.641584571397835,0.15631595606072926,0.45350878228201646,0.08081428199514724,0.4953511838387107,0.10200305944193977,0.9649466798399888,0.011302890348576119,0.03992457224401051,0.01717322603549113,0.519903085634943,0.21199789823726073,0.0048712520839994,0.007168864106980938
EfficientNet,2D,SCS,test,L2/L3,5,complete,0.9341005650028229,0.018087380500795804,0.6335856453139664,0.06135594453191709,0.5652149899033632,0.05110604878323361,0.591078235139165,0.05415114145455516,0.9341005650028229,0.018087380500795804,0.07219381331853544,0.01942826894828517,0.6859160708336802,0.0908292533620006,0.00629437832135832,0.003780232074653966
EfficientNet,2D,SCS,test,L3/L4,5,complete,0.8798675427976999,0.01842501748089372,0.6913712472546689,0.09000692403365511,0.6381800942427425,0.09931238874428068,0.6407418070872757,0.09752676226932543,0.8798675427976999,0.01842501748089372,0.1229251481310231,0.020124577989410825,0.7549292153100036,0.05559941263564567,0.0027926909287229002,0.002902649800132811
EfficientNet,2D,SCS,test,L4/L5,5,complete,0.8623106775980615,0.040053635511797026,0.7035279036346236,0.07422537666075475,0.7342999976071035,0.054244105236648285,0.7095789064241693,0.07450494709884908,0.8623106775980615,0.040053635511797026,0.15532177820080545,0.055373400474060655,0.8291994481254015,0.06887504367056135,0.017632455798867058,0.016927953963096043
EfficientNet,2D,SCS,test,L5/S1,5,complete,0.9613810125224965,0.008968648587454057,0.532415936938232,0.13711798072333828,0.4684674234994601,0.13762542078441536,0.4596433357510052,0.10147516291719617,0.9613810125224965,0.008968648587454057,0.047745461227085964,0.007165012384523657,0.25531425965746724,0.20255515538012023,0.00912647374958256,0.004036789044055975
EfficientNet,2D,LFN,train,L1/L2,5,complete,0.9721933215914618,0.004907103233691076,0.4793987597183711,0.14891685997733944,0.3939338717359236,0.06454573899562495,0.41349758200031933,0.08672515460812585,0.9721933215914618,0.004907103233691076,0.028675614114357102,0.004986706897230175,0.25099798830179343,0.24562999586186468,0.0008689357058189,0.0003238332884642336
EfficientNet,2D,LFN,train,L2/L3,5,complete,0.9475721143474283,0.010297131076433432,0.6242662130371504,0.08921601097897111,0.5123380538080673,0.040302876722638374,0.5470253603054709,0.04131461866902815,0.9475721143474283,0.010297131076433432,0.05358657148694683,0.010541989584169163,0.6273204847705232,0.08745091769555124,0.00115868583437518,0.0003969483705823156
EfficientNet,2D,LFN,train,L3/L4,5,complete,0.8666201470523844,0.02137126450712316,0.6752312596264972,0.15173776395075778,0.6363666532624487,0.11719503488148042,0.6513227197514688,0.1296654467658785,0.8666201470523844,0.02137126450712316,0.13410407085314488,0.021530973518282585,0.663358174644058,0.08017460476236164,0.0007242179055294799,0.0007241129996451538
EfficientNet,2D,LFN,train,L4/L5,5,complete,0.7823285532826263,0.036744647544244606,0.7295346980429034,0.0673608868230926,0.7732550582451819,0.05746590020681998,0.7445896359814215,0.061111152714299455,0.7823285532826263,0.036744647544244606,0.21984347152987968,0.03803592334896631,0.7275253881482293,0.04548422365298363,0.00217202481250612,0.0016975254273262675
EfficientNet,2D,LFN,train,L5/S1,5,complete,0.7876825877812883,0.0719858790115705,0.7025273432759542,0.10294554506164193,0.7564642784260572,0.0754667388254761,0.7101168192343832,0.11270489012680672,0.7876825877812883,0.0719858790115705,0.2281048604990965,0.08330648222240283,0.7587805048151122,0.06971191616151651,0.01578744828038468,0.012284464690360854
EfficientNet,2D,LFN,validation,L1/L2,5,complete,0.9708795235913878,0.012835782726003529,0.4571628061821766,0.18557596317932254,0.36124591022117525,0.038849840724398337,0.3748543201466759,0.06534273448999679,0.9708795235913878,0.012835782726003529,0.029796152084287635,0.012561729737000203,0.13595392679605428,0.1892949189003402,0.00067567567567566,0.0015108567415538768
EfficientNet,2D,LFN,validation,L2/L3,5,complete,0.924828218048557,0.014757697145968278,0.5272671594686746,0.05237304552274548,0.41336120743637245,0.03951669007260722,0.43736040218879263,0.04978088031782951,0.924828218048557,0.014757697145968278,0.0751717819514429,0.014757697145968246,0.40569481572805677,0.11848980692584864,0.0,0.0
EfficientNet,2D,LFN,validation,L3/L4,5,complete,0.8104306000916172,0.025769000808658068,0.5776569286343595,0.12568395551433836,0.5315757404844164,0.08168507510258825,0.5452805543894864,0.09723250026569655,0.8104306000916172,0.025769000808658068,0.19024507558405862,0.02623944976306917,0.5327235482149699,0.057749209460621106,0.00067567567567566,0.0015108567415538768
EfficientNet,2D,LFN,validation,L4/L5,5,complete,0.7278126431516262,0.025033970807824664,0.6585998908919816,0.04166849483695433,0.6872898991951903,0.012422473986929443,0.667400762762223,0.027903898874650675,0.7278126431516262,0.025033970807824664,0.2776110856619331,0.026400982768065132,0.6416395868230813,0.03105427070793976,0.0054237288135593,0.006157932923588118
EfficientNet,2D,LFN,validation,L5/S1,5,complete,0.7372972972972973,0.03307946876309974,0.6299859632782153,0.06032671931078198,0.6612101835712432,0.035188333049888304,0.6355169285568554,0.057386019570619964,0.7372972972972973,0.03307946876309974,0.2816628492899679,0.0378707946321474,0.6892212598328953,0.036977520053365576,0.018960146587265178,0.007034897265620817
EfficientNet,2D,LFN,test,L1/L2,5,complete,0.960075381503953,0.0029347694860568188,0.38690010250894147,0.14881558052861477,0.3386524822695035,0.012565184175809286,0.3367947205758468,0.022869534029390473,0.960075381503953,0.0029347694860568188,0.0406002941717227,0.003454847158519578,0.021278143362087602,0.05118505776476381,0.00067567567567566,0.0015108567415538768
EfficientNet,2D,LFN,test,L2/L3,5,complete,0.9100110314396028,0.013657794752376632,0.5180126870090275,0.07136118919832113,0.413371041546999,0.030082696725428806,0.4353565208319008,0.04095840428181594,0.9100110314396028,0.013657794752376632,0.09269626769626767,0.011388893383312866,0.3585147064860549,0.036984171058774114,0.0027072991358705204,0.0028279459344993335
EfficientNet,2D,LFN,test,L3/L4,5,complete,0.8166528773671631,0.02312052943851756,0.6107579510027012,0.12636618785899487,0.5869174702691351,0.11023615021528113,0.5829256114688386,0.09182256999739674,0.8166528773671631,0.02312052943851756,0.1853741496598639,0.02259470686529642,0.5588671570702115,0.04239518776106861,0.0020270270270270003,0.0030217134831077926
EfficientNet,2D,LFN,test,L4/L5,5,complete,0.7287047251332966,0.024047729420449384,0.6663243023067602,0.06555024605385124,0.7010580837339642,0.06079291657696877,0.6755785983843531,0.061129498473532926,0.7287047251332966,0.024047729420449384,0.2753493289207575,0.028155807702671277,0.6570645018942647,0.044925617019983155,0.00405405405405402,0.004404866490001772
EfficientNet,2D,LFN,test,L5/S1,5,complete,0.7178893178893179,0.023570983668136328,0.6053545932416138,0.04362085494182529,0.6460800938605733,0.06246845108148079,0.6080165150563933,0.05367621816354664,0.7178893178893179,0.023570983668136328,0.30171906600478027,0.03035954371910851,0.6555747150068703,0.04058437558160671,0.019608383894098122,0.012026036186624973
EfficientNet,2D,RFN,train,L1/L2,5,complete,0.9710334526945978,0.009567548537219852,0.6098978991458848,0.2326979459583101,0.5263551548176066,0.14056999411072907,0.538581218895035,0.15594767632798473,0.9710334526945978,0.009567548537219852,0.03086021081596288,0.011113903276627233,0.534741098191467,0.3041462334344082,0.0018936635105608,0.002393543587058249
EfficientNet,2D,RFN,train,L2/L3,5,complete,0.9436694483923569,0.015907647531034432,0.5917138015428736,0.045631433442574955,0.4597847910940369,0.047465492099178136,0.49557253139635754,0.05147676420934862,0.9436694483923569,0.015907647531034432,0.05676755087931083,0.016372498605491424,0.5194296156790016,0.15138968116893567,0.00043699927166785996,0.0006514400517114979
EfficientNet,2D,RFN,train,L3/L4,5,complete,0.876430644612421,0.02634750898067792,0.7090788398661074,0.12027302577213474,0.6754754177477387,0.1498990032038343,0.6831357096035697,0.13271097152044165,0.876430644612421,0.02634750898067792,0.1241513859097761,0.026932722101269162,0.6840079852077846,0.1034390848381446,0.0005820305221971601,0.0006082281965674223
EfficientNet,2D,RFN,train,L4/L5,5,complete,0.8327706359740634,0.05387674254858708,0.7921779105015756,0.059965475193866004,0.7844917004844405,0.11020818507152474,0.7800778815451548,0.0915229223294606,0.8327706359740634,0.05387674254858708,0.1681017746358724,0.05470107249362035,0.7679070264379304,0.08719955369544756,0.0008724106099357801,0.0015755073875885533
EfficientNet,2D,RFN,train,L5/S1,5,complete,0.824630254500492,0.06297421075240735,0.7279546831648049,0.16674901186031202,0.7394679824045441,0.1310999386558306,0.7281585488061153,0.1471655833593433,0.824630254500492,0.06297421075240735,0.18177409154811378,0.0640508720191635,0.7660770541365259,0.11559249719981825,0.00640434604860572,0.0012993931176397719
EfficientNet,2D,RFN,validation,L1/L2,5,complete,0.9607212816413784,0.00887061748240097,0.4113765840525338,0.0951314027476757,0.45032556429469206,0.14035984521054803,0.41004365374124,0.08242002586660041,0.9607212816413784,0.00887061748240097,0.04333965927186264,0.009120013597154497,0.3865189213285661,0.25814468707358007,0.00406094091324108,0.0015070369710738314
EfficientNet,2D,RFN,validation,L2/L3,5,complete,0.9187444725943514,0.008062522306471196,0.5774181839381924,0.05436767450709713,0.4049184736387813,0.007547020382751168,0.43307214068272304,0.010187818774524059,0.9187444725943514,0.008062522306471196,0.08193120308132411,0.007455121777865126,0.3527732463376682,0.06617896589615085,0.00067567567567566,0.0015108567415538768
EfficientNet,2D,RFN,validation,L3/L4,5,complete,0.8402099712995597,0.017527567321067063,0.6370800923874883,0.11373300453765854,0.5700132853198633,0.0864923342775643,0.5918321789820512,0.09406322804832382,0.8402099712995597,0.017527567321067063,0.16250192426947868,0.01846185186115469,0.573529703442398,0.03032949037777693,0.00271189556903838,0.0028430620488823465
EfficientNet,2D,RFN,validation,L4/L5,5,complete,0.7406720452725296,0.03255133153296462,0.7082188996646497,0.017034460141277186,0.6984663405848575,0.022550388781931847,0.6985726971442493,0.008263097022455722,0.7406720452725296,0.03255133153296462,0.26068390251198964,0.03313634229480671,0.655226226708538,0.014938481147481175,0.00135594778451918,0.001856725750315719
EfficientNet,2D,RFN,validation,L5/S1,5,complete,0.7338855908831696,0.02276970462343406,0.6015690886080769,0.08807448743303684,0.6014242551977661,0.05160793967509545,0.59145519349875,0.06710614374092257,0.7338855908831696,0.02276970462343406,0.27762384660689743,0.02381641452695246,0.6381130332296765,0.06488037055759992,0.011509437490067002,0.001850656315393229
EfficientNet,2D,RFN,test,L1/L2,5,complete,0.9607694429123,0.01592544700314534,0.5056918413506053,0.19200968782045533,0.4436564796172089,0.15405753149663703,0.4367716819228706,0.11793619880869913,0.9607694429123,0.01592544700314534,0.04260893546607828,0.017289425470074293,0.37026071212506906,0.2567192055278265,0.0033783783783783395,0.0041376515925391376
EfficientNet,2D,RFN,test,L2/L3,5,complete,0.9079702151130722,0.012638045330896165,0.5093692072363555,0.03658068002367767,0.3891041644953858,0.03366215547773444,0.40426550371422565,0.04019126332274409,0.9079702151130722,0.012638045330896165,0.0927054605626034,0.013544574094856095,0.30633866098668916,0.11315749718047537,0.00067567567567566,0.0015108567415538768
EfficientNet,2D,RFN,test,L3/L4,5,complete,0.8071934179077036,0.02030983550479119,0.6585660863995997,0.09501111739952839,0.5842903376951909,0.0925922161575851,0.60038191729526,0.0765679252134492,0.8071934179077036,0.02030983550479119,0.19551388122816687,0.02023101274618637,0.5455988204951389,0.040341700112970266,0.0027072991358705,0.0015134589438448968
EfficientNet,2D,RFN,test,L4/L5,5,complete,0.7428939143224857,0.02897409235567589,0.7115494053410814,0.052630489247183616,0.6812158087146316,0.05766141349594175,0.6883330289257727,0.05324775838891464,0.7428939143224857,0.02897409235567589,0.2598087883802169,0.028576100231628633,0.6632949443938916,0.044340351391462494,0.0027027027027026604,0.0028265541436961715
EfficientNet,2D,RFN,test,L5/S1,5,complete,0.7265995587424159,0.031172609366919648,0.6005045518598172,0.09214508033252086,0.6155293118644016,0.06258922282253673,0.5992064859528481,0.08561535206313652,0.7265995587424159,0.031172609366919648,0.28558558558558556,0.033855029980002074,0.6083879522547745,0.09034021979274529,0.01218514432800142,0.005150272085776645
EfficientNet,2D,LSS,train,L1/L2,5,complete,0.9424084017431152,0.00522708942251729,0.7381967931019251,0.17657978374439998,0.4069983526547628,0.027446689160398656,0.44021440281543206,0.041232374705543744,0.9424084017431152,0.00522708942251729,0.06363967716999483,0.005134588182536972,0.4007716510970504,0.044628441156511135,0.00604807891311002,0.0016561038602230745
EfficientNet,2D,LSS,train,L2/L3,5,complete,0.8924531908738722,0.007317284767469879,0.7938122333486277,0.0725729182159662,0.6427517025890565,0.035953514994287235,0.6881630264825565,0.0338562983453245,0.8924531908738722,0.007317284767469879,0.1129599724681956,0.007973801485420715,0.7277840574651708,0.02506086370850397,0.00541316334206768,0.0033583085760434677
EfficientNet,2D,LSS,train,L3/L4,5,complete,0.8625576916930312,0.029403858348535934,0.8029461779408636,0.06027643952264578,0.8083260061472555,0.03908484011993736,0.7990273160465539,0.05752788954476555,0.8625576916930312,0.029403858348535934,0.1390326445778637,0.03062039750123092,0.8446104733700082,0.02716046180878674,0.0015903362708949598,0.0013762796706641503
EfficientNet,2D,LSS,train,L4/L5,5,complete,0.7559729130134191,0.05462388342478325,0.7422204558648791,0.059909625707287285,0.7703500717498237,0.052811823601792464,0.7425343041041361,0.06369355351072331,0.7559729130134191,0.05462388342478325,0.2543636564945492,0.06099713047509453,0.7991550909092279,0.043125558745668674,0.010336569507968239,0.0068547029241826565
EfficientNet,2D,LSS,train,L5/S1,5,complete,0.8585727343046244,0.02803862211301714,0.802173102149897,0.05385442877043334,0.7449198631505681,0.047076793806868175,0.7659654891303969,0.04894353979699843,0.8585727343046244,0.02803862211301714,0.14667497009103997,0.031738513121328346,0.7874812942162497,0.0466056755400879,0.005247704395664421,0.005107079613563739
EfficientNet,2D,LSS,validation,L1/L2,5,complete,0.9409671976967852,0.008126900430944654,0.46616180062393353,0.12483916174949808,0.3680606347287449,0.031061465498872797,0.3810003331042195,0.04988361880682737,0.9409671976967852,0.008126900430944654,0.06640789355670823,0.010712371523254592,0.30723981945417783,0.060417999236040486,0.0073750912534933195,0.004536935636238535
EfficientNet,2D,LSS,validation,L2/L3,5,complete,0.878979615318509,0.019652722810310146,0.7189123616332614,0.0950806656964136,0.608570040532018,0.047458288203388294,0.6375686930094862,0.05301460205914983,0.878979615318509,0.019652722810310146,0.12694377980813445,0.02505769374495768,0.6942416548957026,0.060192324803578376,0.005923395126643539,0.0056274197348030125
EfficientNet,2D,LSS,validation,L3/L4,5,complete,0.8154825867073452,0.026815482706286226,0.711590456291454,0.03251861155055238,0.7350461080974677,0.02693695113575892,0.713540488393655,0.031301578886874036,0.8154825867073452,0.026815482706286226,0.1889511056367948,0.029382965543844886,0.7744931080233445,0.03443539749169355,0.00443369234414006,0.004059764940280216
EfficientNet,2D,LSS,validation,L4/L5,5,complete,0.6924776355241675,0.009357956994735168,0.6854946008890326,0.010321137243096553,0.7110467218618292,0.012620738228307539,0.6812496438937632,0.014189340743580517,0.6924776355241675,0.009357956994735168,0.32451080534267535,0.02194669568978338,0.7395430479952344,0.0294710253974983,0.016988440866842903,0.013278208594170298
EfficientNet,2D,LSS,validation,L5/S1,5,complete,0.7853489394226882,0.01914914986512195,0.6551277883504814,0.06254906646337342,0.610197101740101,0.019822128380773702,0.6208677912405044,0.04005527543001231,0.7853489394226882,0.01914914986512195,0.2301226253991837,0.024350033578855842,0.6262030522033264,0.047693842038001324,0.015471564821872058,0.008367613401526176
EfficientNet,2D,LSS,test,L1/L2,5,complete,0.9362616416128912,0.016261182772927773,0.5362217230037963,0.21201864852768104,0.39540092995101483,0.06937486041358136,0.4162851826421969,0.09858206908703274,0.9362616416128912,0.016261182772927773,0.06889912354787375,0.018817790826107485,0.3568227398874656,0.10606985419624902,0.00516076516076514,0.005584914693664782
EfficientNet,2D,LSS,test,L2/L3,5,complete,0.87322418309538,0.015829115574830563,0.7247618463001844,0.03164803737904848,0.6165352323596478,0.0811184811098532,0.6413365456632683,0.06542499309865295,0.87322418309538,0.015829115574830563,0.13047721683243507,0.018170010235235165,0.690952807203406,0.06377153088432073,0.0037013999278150004,0.0025905289760226797
EfficientNet,2D,LSS,test,L3/L4,5,complete,0.7872756954675775,0.018677880702406873,0.6766908615392211,0.037661633015317456,0.698646017548309,0.02603239904197356,0.6802486793548217,0.03609849955281889,0.7872756954675775,0.018677880702406873,0.2156763941265786,0.019373805778909167,0.7443778348370194,0.02418823923890265,0.002952089594156,0.0016503518981795197
EfficientNet,2D,LSS,test,L4/L5,5,complete,0.6917721293046781,0.04611631964806946,0.6753016418584183,0.04412318679643024,0.694817476402578,0.04584698206773581,0.6723434981024936,0.0486243946483728,0.6917721293046781,0.04611631964806946,0.326742460610037,0.04925415021198524,0.7443656066087169,0.03752230318203985,0.01851458991471522,0.004442558273924353
EfficientNet,2D,LSS,test,L5/S1,5,complete,0.7814410636745804,0.02568156583459071,0.6587476530147995,0.048095550536875024,0.6146565462882219,0.011712042369662834,0.628067065472339,0.023499597289189524,0.7814410636745804,0.02568156583459071,0.2296599130895587,0.026089497568119364,0.6631984456410345,0.03581399837928383,0.01110097676413902,0.004480387591007968
EfficientNet,2D,RSS,train,L1/L2,5,complete,0.9426956209358919,0.007422888963634331,0.8137880637318695,0.14629298627241272,0.476846471541581,0.06839863271346872,0.5390843652560868,0.08771074518874719,0.9426956209358919,0.007422888963634331,0.06412741522161305,0.007833800390757036,0.43262343990722185,0.11059609261058229,0.006823036157504919,0.0019851136845509005
EfficientNet,2D,RSS,train,L2/L3,5,complete,0.8944254972354015,0.02584348109217216,0.8121983710191296,0.07139108529323714,0.6276807269034156,0.10311585227562481,0.6778181752572149,0.10043057420587831,0.8944254972354015,0.02584348109217216,0.110178956144515,0.026996916781190886,0.6827462307044685,0.09221749487823619,0.00460445337991652,0.0013104528801417212
EfficientNet,2D,RSS,train,L3/L4,5,complete,0.8467952548262853,0.038551387743837325,0.7820527156737813,0.05316459970324785,0.7788815006815704,0.07014369220158577,0.7751637348388367,0.06176549936679739,0.8467952548262853,0.038551387743837325,0.15638099876441366,0.0404106119914865,0.8189377852050453,0.05033346446890999,0.00317625359069904,0.00217370429037158
EfficientNet,2D,RSS,train,L4/L5,5,complete,0.7380461537090467,0.06117065751493422,0.7252073201146985,0.0610881188600013,0.7498711078116488,0.05668967222270022,0.7254582068430969,0.060616044643764196,0.7380461537090467,0.06117065751493422,0.2744972454833462,0.06378330838483594,0.7798281963450163,0.05087660789089162,0.012543399192392862,0.0042758430813351605
EfficientNet,2D,RSS,train,L5/S1,5,complete,0.8371013347314985,0.04942573056613099,0.7472421501621515,0.0727104502846821,0.6882454540178243,0.1100586159614658,0.708923193841993,0.09245443956669942,0.8371013347314985,0.04942573056613099,0.17227526668616655,0.05408419525974693,0.74656162301336,0.09852285594361357,0.00937660141766512,0.007778857090682834
EfficientNet,2D,RSS,validation,L1/L2,5,complete,0.9450913176111697,0.011435460512137422,0.5391919294782181,0.08195654161511882,0.3937668996862311,0.012626639339013536,0.41839953965869603,0.016956978984226812,0.9450913176111697,0.011435460512137422,0.06376366976198841,0.0076706076797934345,0.29703970637403576,0.13980922698134213,0.0088549873731583,0.004122842039025975
EfficientNet,2D,RSS,validation,L2/L3,5,complete,0.8799706149227451,0.027659260188947748,0.7208129524412609,0.060926838733240236,0.5577536788316384,0.06622667908545207,0.6039771056559523,0.06724321565897183,0.8799706149227451,0.027659260188947748,0.12597847329347073,0.025040472912450644,0.5976113916957783,0.06894311786717462,0.005949088216215879,0.004228216167404783
EfficientNet,2D,RSS,validation,L3/L4,5,complete,0.7933890881006753,0.017049002964040546,0.7191678637084855,0.027117175930638282,0.709753533914776,0.03036002392188756,0.7082667335598034,0.03288168060906802,0.7933890881006753,0.017049002964040546,0.21257062469148957,0.02019769581314451,0.7375292501427568,0.040287010241119345,0.00595971279216484,0.006760984020356355
EfficientNet,2D,RSS,validation,L4/L5,5,complete,0.6773362679496744,0.03848553259625973,0.657783101430266,0.048729851103188206,0.6904584031949027,0.039631041614308644,0.661265988633041,0.048929307927948855,0.6773362679496744,0.03848553259625973,0.34707234959452965,0.04641541054557679,0.7111066016577039,0.03550754681256363,0.024408617544204,0.008341426884400201
EfficientNet,2D,RSS,validation,L5/S1,5,complete,0.7547540877139948,0.020557805223482273,0.6139585884417611,0.046148960920277295,0.5589736705301699,0.03962963601648668,0.5779882629928761,0.03986448691754692,0.7547540877139948,0.020557805223482273,0.2645225398496923,0.025685364728601855,0.612853020189757,0.03672221321571897,0.019276627563687122,0.006206439017652204
EfficientNet,2D,RSS,test,L1/L2,5,complete,0.9261808732595551,0.016289862997330713,0.5821591608943231,0.2677364673570416,0.4093168324240265,0.10156649791579465,0.41999114525887293,0.11912740973090907,0.9261808732595551,0.016289862997330713,0.08476985011923552,0.01825496944993683,0.21544847342945378,0.1768910129323785,0.0109507233787906,0.002584556888849327
EfficientNet,2D,RSS,test,L2/L3,5,complete,0.864963894796469,0.019270086499217364,0.7268200951052313,0.06058817897574427,0.4978590631182029,0.042025398243726364,0.5406559713159662,0.052238026501954006,0.864963894796469,0.019270086499217364,0.1467604782691842,0.0231781789112272,0.5361223342186362,0.10136753996991549,0.01172437306565304,0.0071907666816407425
EfficientNet,2D,RSS,test,L3/L4,5,complete,0.7975194708184407,0.020370754919533586,0.6966577431656191,0.03893643754498239,0.6957854504531704,0.0319122295955384,0.6893067122074944,0.040387424120695264,0.7975194708184407,0.020370754919533586,0.2091128107930853,0.02437530391446529,0.7508312188822395,0.02757571919274223,0.006632281611525881,0.006107467467406281
EfficientNet,2D,RSS,test,L4/L5,5,complete,0.6616121957925701,0.026885881048822852,0.6469363674625561,0.038336026779925175,0.6663033370441508,0.03215216981720969,0.6462986313038335,0.034364179533433334,0.6616121957925701,0.026885881048822852,0.35749556559814655,0.03472992178782667,0.7077803084416713,0.039337668570371784,0.019107761390716745,0.009788707713652112
EfficientNet,2D,RSS,test,L5/S1,5,complete,0.7627130159611224,0.013959701878329244,0.6233587033455487,0.029378586651681426,0.591927794840269,0.035900952821673694,0.5967571674349883,0.023688741109815576,0.7627130159611224,0.013959701878329244,0.25853402288144556,0.012557103891916261,0.6006839877018717,0.017514456295490456,0.021247038842568018,0.005747054665090629
MaxViT,2.5D-to-3D,SCS,train,L1/L2,5,complete,0.9714181747423986,0.01354070839994109,0.5627161686891423,0.15438254011453717,0.527702554445301,0.15841401948186248,0.5290105251164938,0.1580655268184779,0.9714181747423986,0.01354070839994109,0.03233843693998086,0.01745169691825589,0.5637007330777506,0.33108658109241473,0.0037566116823795,0.004175414871374485
MaxViT,2.5D-to-3D,SCS,train,L2/L3,5,complete,0.9286891561703122,0.02914024783257045,0.6828221246838603,0.22300602807151748,0.5892388863637859,0.2123536369053439,0.6108825020581337,0.21320682307869745,0.9286891561703122,0.02914024783257045,0.07958328962555566,0.03570873727110348,0.5873450258846182,0.27432570542562523,0.008272445795867781,0.006596766172780671
MaxViT,2.5D-to-3D,SCS,train,L3/L4,5,complete,0.9095807212057,0.04618002266888001,0.7977937204390366,0.09816267964391467,0.7429577791930749,0.1737729871898392,0.7570483237694873,0.1434246036851596,0.9095807212057,0.04618002266888001,0.09688358161730456,0.05062325040147266,0.7975653706817427,0.12697724635048382,0.0064643028230045195,0.004960331293329454
MaxViT,2.5D-to-3D,SCS,train,L4/L5,5,complete,0.9012036092974516,0.06959624525868623,0.8085490659382835,0.13442901697260745,0.7742503194922377,0.17575678676211393,0.7805955739524849,0.1653657215137002,0.9012036092974516,0.06959624525868623,0.11473514903904887,0.0828108127287278,0.8448472898288852,0.12476078301919076,0.015938758336500342,0.013462534492879367
MaxViT,2.5D-to-3D,SCS,train,L5/S1,5,complete,0.9748760614118925,0.009796252806063523,0.5978377589504202,0.2968157206519545,0.5411417870856249,0.22399561317943706,0.5588105753944942,0.2477199406032645,0.9748760614118925,0.009796252806063523,0.030687676243660738,0.014839073864161166,0.4341864557199118,0.4251352873569014,0.00556373765555304,0.005274842266605999
MaxViT,2.5D-to-3D,SCS,validation,L1/L2,5,complete,0.9536668948423704,0.014923364178343865,0.4807319716002131,0.11185078761787275,0.46416400763932764,0.10949458074296943,0.46499928220972775,0.10937986733878212,0.9536668948423704,0.014923364178343865,0.054040496411840624,0.01947568858012128,0.42273383521912555,0.28501715073693235,0.007707391254210981,0.005221819261082917
MaxViT,2.5D-to-3D,SCS,validation,L2/L3,5,complete,0.8954177520493023,0.011207917960413413,0.49675735126851006,0.10600882857339308,0.44451841156005517,0.06927065240911867,0.4554571938621029,0.07850976211256287,0.8954177520493023,0.011207917960413413,0.1200242311089239,0.01682505515810604,0.4299785451861323,0.17334282098134213,0.01544198315822624,0.008462735229368409
MaxViT,2.5D-to-3D,SCS,validation,L3/L4,5,complete,0.8491925611916589,0.013909605273786988,0.6765724516094263,0.0703073678489915,0.5910673259488518,0.0765210608592684,0.6106713835055351,0.062443488064631486,0.8491925611916589,0.013909605273786988,0.16838935087750964,0.011720260683311138,0.6220267302375374,0.07279628333064948,0.0175819120691686,0.00796285367136155
MaxViT,2.5D-to-3D,SCS,validation,L4/L5,5,complete,0.832305456115696,0.00578054932630451,0.6703375309533695,0.01696186502649094,0.6710384457722337,0.06245353310456264,0.6642454271617386,0.038130557787051586,0.832305456115696,0.00578054932630451,0.1978790572528825,0.010755060706039304,0.7375939145048126,0.019223494762682692,0.03018451336857842,0.009475524282365205
MaxViT,2.5D-to-3D,SCS,validation,L5/S1,5,complete,0.9565058090023317,0.011523595050969828,0.3197299759938043,0.0037606094929272258,0.332843031220708,0.0006714948012088564,0.3261459225104226,0.002024496429052424,0.9565058090023317,0.011523595050969828,0.05334396649053438,0.01490192005360426,0.0631909135176147,0.14614487954939714,0.00984977549286618,0.005275901411040668
MaxViT,2.5D-to-3D,SCS,test,L1/L2,5,complete,0.9564901087753445,0.008930488266037522,0.4485333417489952,0.1247785388269605,0.4222985257367863,0.07637554985698528,0.4080805100145547,0.059071927840328345,0.9564901087753445,0.008930488266037522,0.0497869532974677,0.010431805693169212,0.2967205034169612,0.25787895911557235,0.006277062072812161,0.004516105169989624
MaxViT,2.5D-to-3D,SCS,test,L2/L3,5,complete,0.9137199560842681,0.013892658116843124,0.549960568069297,0.10166500213424264,0.45429699713653776,0.06740770380984538,0.47545615911254513,0.07401412497810304,0.9137199560842681,0.013892658116843124,0.10103851261247303,0.013160658115824921,0.38242090049957567,0.16480060620433276,0.014758468696741139,0.006740273748361196
MaxViT,2.5D-to-3D,SCS,test,L3/L4,5,complete,0.8490148913979747,0.015612934079488027,0.6441685894467548,0.05147784997851074,0.5939416692081163,0.10190039697472164,0.5998905706510662,0.08967145613065311,0.8490148913979747,0.015612934079488027,0.16643566940785587,0.021825489270051925,0.6112837248356258,0.13668298701516104,0.01545056080583046,0.008927127068484768
MaxViT,2.5D-to-3D,SCS,test,L4/L5,5,complete,0.8242697192924986,0.017945763060594595,0.6483628826243307,0.05583765907072587,0.646496872906038,0.07963928728239898,0.6340204829105335,0.06793156192043937,0.8242697192924986,0.017945763060594595,0.21083996030843505,0.024254099967254333,0.7192152247644982,0.0801255560265669,0.035109679600933516,0.012803582171419492
MaxViT,2.5D-to-3D,SCS,test,L5/S1,5,complete,0.9550347866286957,0.006905086934307704,0.34772598308510816,0.05939061076859352,0.3644803795238577,0.07376010748783486,0.35563587286603227,0.06570394990334633,0.9550347866286957,0.006905086934307704,0.05616262779222906,0.010032941194886843,0.14813306013326105,0.16031528814779453,0.01119741442092468,0.005655344495340934
MaxViT,2.5D-to-3D,LFN,train,L1/L2,5,complete,0.9734971450017562,0.008669616860757097,0.5118320092972076,0.17325079166119234,0.3996573608760544,0.09639388390029087,0.4162189556255324,0.1104457284174388,0.9734971450017562,0.008669616860757097,0.0276613310966764,0.008451742069633533,0.2307193838594193,0.2904789873363513,0.00115847609843274,0.0003962782540457985
MaxViT,2.5D-to-3D,LFN,train,L2/L3,5,complete,0.9549604801139724,0.017343219361284898,0.5936218111226553,0.042081909762605056,0.5445192759618988,0.046856838973044435,0.5643302053998132,0.042459636890471206,0.9549604801139724,0.017343219361284898,0.04706714142622168,0.017513434049619834,0.679452765303202,0.11858825240407936,0.0020276215401941,0.000606181572602395
MaxViT,2.5D-to-3D,LFN,train,L3/L4,5,complete,0.8786524869678576,0.059072679122393446,0.7162906858724258,0.21574431355789164,0.5774189772908612,0.12043013071584312,0.5980299404325327,0.13612337577197015,0.8786524869678576,0.059072679122393446,0.12554590142480562,0.06154256798450748,0.6426636813563212,0.19087216377425345,0.00419838839266312,0.004292361240848803
MaxViT,2.5D-to-3D,LFN,train,L4/L5,5,complete,0.8137695443030275,0.06951080625764935,0.7840823598893819,0.11990866380887966,0.7059329665195978,0.10321248402243652,0.7187646729989867,0.10889616954698153,0.8137695443030275,0.06951080625764935,0.19795867591406255,0.07568275796931433,0.705952478391627,0.10937103335088688,0.01172822021708986,0.007649373273235701
MaxViT,2.5D-to-3D,LFN,train,L5/S1,5,complete,0.8546079512034825,0.06572464941649386,0.8327628279778636,0.06736017163398049,0.7572503452032152,0.1425876209742943,0.768981481776784,0.13980373164354404,0.8546079512034825,0.06572464941649386,0.15422622844703107,0.0719917413401675,0.7909419181747963,0.1313036866255847,0.00883417965051364,0.0074270136420498374
MaxViT,2.5D-to-3D,LFN,validation,L1/L2,5,complete,0.9695258818140173,0.011514130155066398,0.3900526174739249,0.14961959735061503,0.3405051694804345,0.01670294352311576,0.3414966600037105,0.03020611788225238,0.9695258818140173,0.011514130155066398,0.03114979386165822,0.011105330790557463,0.03776156216012862,0.08800012353789183,0.00067567567567566,0.0015108567415538768
MaxViT,2.5D-to-3D,LFN,validation,L2/L3,5,complete,0.9086005497022447,0.009548892930858364,0.4393450177718548,0.05170366314347076,0.3795473509315509,0.028085760025313548,0.3917465834241607,0.037117261347789025,0.9086005497022447,0.009548892930858364,0.09275080164910669,0.011572959687228842,0.22729829164846044,0.13982082909289018,0.00135135135135134,0.003021713483107798
MaxViT,2.5D-to-3D,LFN,validation,L3/L4,5,complete,0.786071919377004,0.0190837857464845,0.46541311974208455,0.029251569643271164,0.44093376656909034,0.03852422008335314,0.44364930032587313,0.03743556006798043,0.786071919377004,0.0190837857464845,0.2193426477324782,0.019338290821661046,0.38961639290190214,0.0877414730889662,0.005414567109482319,0.004540270601003708
MaxViT,2.5D-to-3D,LFN,validation,L4/L5,5,complete,0.6919468621163536,0.020525754717675593,0.6338517944678108,0.0619917569403807,0.532427839753285,0.05013782353254066,0.5471195153137073,0.044883329775954155,0.6919468621163536,0.020525754717675593,0.32770041227668345,0.02451605291585378,0.47471767553817124,0.07066287319922773,0.01964727439303706,0.01364298559756796
MaxViT,2.5D-to-3D,LFN,validation,L5/S1,5,complete,0.7440769583142465,0.024492219524574584,0.6124180068170562,0.11218728334012928,0.6020255230381073,0.08278700150399185,0.6026261193235187,0.09433659166003397,0.7440769583142465,0.024492219524574584,0.28097572148419603,0.02502357041413321,0.6162221314409339,0.08878126071074133,0.02505267979844248,0.0030437857356321587
MaxViT,2.5D-to-3D,LFN,test,L1/L2,5,complete,0.9607602500459643,0.0029811598810827937,0.42045480738801067,0.1497093549419524,0.34471557682084,0.015593146817077831,0.3471659044120434,0.028388478422002345,0.9607602500459643,0.0029811598810827937,0.0399154256297113,0.004367379530101201,0.05851161909887821,0.08013571303362688,0.00067567567567566,0.0015108567415538768
MaxViT,2.5D-to-3D,LFN,test,L2/L3,5,complete,0.8971364221364222,0.014276979427506888,0.46979568025889673,0.03697845341602305,0.40240225586088235,0.019445193381293566,0.41704585471238714,0.023448967976657326,0.8971364221364222,0.014276979427506888,0.10691763191763186,0.014419028064049438,0.2627515758919,0.0811144509326285,0.004054054054054,0.0037008280912511184
MaxViT,2.5D-to-3D,LFN,test,L3/L4,5,complete,0.7774131274131273,0.015347186806449229,0.4664816732089765,0.08359864924084097,0.4505779730431585,0.04810630901663214,0.4536488978903959,0.059584368026991165,0.7774131274131273,0.015347186806449229,0.2280106637249494,0.014628960041167396,0.39956420487104555,0.08670359481976107,0.00542379113807682,0.00568612409776474
MaxViT,2.5D-to-3D,LFN,test,L4/L5,5,complete,0.6941947049089906,0.015976526625692003,0.5778640201178077,0.04813351237603777,0.528927375681754,0.04800036265922792,0.5276864259759362,0.03854863030976601,0.6941947049089906,0.015976526625692003,0.32542287185144325,0.024586623489097476,0.49554754065094214,0.0782410219774512,0.01961757676043386,0.012033206136877823
MaxViT,2.5D-to-3D,LFN,test,L5/S1,5,complete,0.7320601213458356,0.007745733192260757,0.5902192369671997,0.08250751617200917,0.5798715493904009,0.056303517351349884,0.5768496942136234,0.06538013083947493,0.7320601213458356,0.007745733192260757,0.29771557271557264,0.017556264366383332,0.5714757631294554,0.039556058623631415,0.029775694061408297,0.011576427418749619
MaxViT,2.5D-to-3D,RFN,train,L1/L2,5,complete,0.963170961105833,0.012690994301123193,0.4778726282864273,0.18052692004551826,0.44924318947331426,0.14886554827066534,0.4370803011869204,0.14808831383713947,0.963170961105833,0.012690994301123193,0.04075811466688424,0.013283726425133216,0.2887811240166541,0.3347833841047491,0.00392907577271724,0.0033587253516928353
MaxViT,2.5D-to-3D,RFN,train,L2/L3,5,complete,0.9379948128278841,0.01857567948516292,0.5496272130788816,0.050551040824368836,0.4801363986064608,0.08075376498437521,0.49480429734357856,0.06483725479399337,0.9379948128278841,0.01857567948516292,0.06273309553469275,0.018476152537817207,0.504312401235949,0.17830136769924584,0.0007279083625769199,0.0005142598045840924
MaxViT,2.5D-to-3D,RFN,train,L3/L4,5,complete,0.8655128629919513,0.04334168068689024,0.5326358328786979,0.0418549750906862,0.5374217450866854,0.0520975675728641,0.5330596706886579,0.04706974127480138,0.8655128629919513,0.04334168068689024,0.1369620896972571,0.04433773715627713,0.6311420327131616,0.1274004859629417,0.00247495268920848,0.002337861339584933
MaxViT,2.5D-to-3D,RFN,train,L4/L5,5,complete,0.8003078807691063,0.056307817540495096,0.7071552751987027,0.1370318996341793,0.6790244051567802,0.1479497959278529,0.6730729228246548,0.13737422548338732,0.8003078807691063,0.056307817540495096,0.2052250074296035,0.05549717357365614,0.6837436694022738,0.11567744756924558,0.005532888198709901,0.002036482350237055
MaxViT,2.5D-to-3D,RFN,train,L5/S1,5,complete,0.835966820314461,0.05419652817199383,0.7890307125987293,0.06994856125974647,0.7419247728794494,0.11069810718192682,0.7485423984739127,0.09586521502791652,0.835966820314461,0.05419652817199383,0.1730594161178512,0.05900715398240885,0.7736565266144869,0.09919008364454772,0.00902623643231202,0.006361816063320707
MaxViT,2.5D-to-3D,RFN,validation,L1/L2,5,complete,0.9532819935120177,0.019038067587867753,0.3498009383603028,0.06692669055929269,0.35097343216925453,0.04486092849873147,0.34953323124174307,0.05418471333164713,0.9532819935120177,0.019038067587867753,0.050788124686429736,0.019891761607337584,0.206922640798931,0.2502167344510166,0.00407011819844746,0.004423790846478132
MaxViT,2.5D-to-3D,RFN,validation,L2/L3,5,complete,0.9031671917507268,0.012475200639328764,0.4826630362177956,0.029570177701998428,0.43263876763120146,0.035374066254949786,0.446313841771237,0.030024363932102085,0.9031671917507268,0.012475200639328764,0.09886212570231938,0.011704374544363691,0.3465496440107143,0.052632352240708107,0.00202931745304622,0.0018525108086717393
MaxViT,2.5D-to-3D,RFN,validation,L3/L4,5,complete,0.7934873216350213,0.013759872135218862,0.4644438865033151,0.009409174181439106,0.4773516540326905,0.019182573184728557,0.46949235070482526,0.014662598098017352,0.7934873216350213,0.013759872135218862,0.20854430182517342,0.014502404081145438,0.4703153591972714,0.01880157996777532,0.00203162346019484,0.0018546337284406024
MaxViT,2.5D-to-3D,RFN,validation,L4/L5,5,complete,0.7190344685744201,0.015059709565567458,0.6005675869712266,0.09767733160491358,0.5817692351446371,0.11289144612796574,0.5764864741755586,0.10644425663011328,0.7190344685744201,0.015059709565567458,0.2890736395336879,0.022069907782119643,0.5599746111310526,0.11103793253248442,0.008108108108108079,0.008809732980003555
MaxViT,2.5D-to-3D,RFN,validation,L5/S1,5,complete,0.7325479665068043,0.024369829397914447,0.6386612696931385,0.03485762824072328,0.6084256154356062,0.026413728162570954,0.60414846680609,0.034091711985643085,0.7325479665068043,0.024369829397914447,0.28706730424648097,0.031164838897885648,0.6338751010145977,0.03571874089162525,0.019615270753285237,0.015358628222229304
MaxViT,2.5D-to-3D,RFN,test,L1/L2,5,complete,0.9540172825887112,0.02462933102405337,0.37667127871500017,0.08566049045308813,0.3954082715373038,0.10142062487669135,0.38528828382941704,0.09203653577827396,0.9540172825887112,0.02462933102405337,0.051392719249862065,0.02448123045798225,0.18543641814962825,0.18330089780192527,0.0054100018385732,0.003017874297305494
MaxViT,2.5D-to-3D,RFN,test,L2/L3,5,complete,0.8951461665747379,0.012476877925367212,0.46950252207715,0.04023017761654348,0.4233583234366384,0.01573787396270699,0.43593447194958684,0.019960451243234808,0.8951461665747379,0.012476877925367212,0.10620518477661331,0.012135229919354923,0.3481704132144069,0.060037925089173244,0.00135135135135132,0.0018504140456255184
MaxViT,2.5D-to-3D,RFN,test,L3/L4,5,complete,0.7862152969295827,0.017841344133034332,0.4660110892737678,0.024013704736859542,0.4750516515853015,0.02448714120735207,0.46997571760494805,0.023481696760766408,0.7862152969295827,0.017841344133034332,0.21784335355763923,0.021746724297041147,0.4732597732198731,0.0870389374608395,0.00405865048722188,0.005550552283602826
MaxViT,2.5D-to-3D,RFN,test,L4/L5,5,complete,0.6995817245817246,0.013705392968774393,0.5997446848878869,0.08434322101470995,0.5698566154578594,0.05895815870001361,0.5669184135633578,0.06186860784819385,0.6995817245817246,0.013705392968774393,0.31055341055341057,0.014344797066443623,0.5524903848864111,0.026749777909059913,0.0101351351351351,0.007554283707769541
MaxViT,2.5D-to-3D,RFN,test,L5/S1,5,complete,0.7273533737819451,0.018087531030192817,0.621705113821991,0.06623111447127886,0.584577494507863,0.05262971657554009,0.5790551402338618,0.040087764010891966,0.7273533737819451,0.018087531030192817,0.2882055524912668,0.019213520865188988,0.6018811473193394,0.04372372038927441,0.01555892627321194,0.009728313066171468
MaxViT,2.5D-to-3D,LSS,train,L1/L2,5,complete,0.9465395610840857,0.009983616741693409,0.6362482032967017,0.13051813954028602,0.4775483935062511,0.13433984687003375,0.5132565466086728,0.1489312908535081,0.9465395610840857,0.009983616741693409,0.06109961234866079,0.013494302004426029,0.4266793314305838,0.24064401725147552,0.0076391734327464,0.003840769411751437
MaxViT,2.5D-to-3D,LSS,train,L2/L3,5,complete,0.8752945572270179,0.028861243750690248,0.7151627247338148,0.09012666557071757,0.6235191996733856,0.09344064141927448,0.6577132841714051,0.09487128441930845,0.8752945572270179,0.028861243750690248,0.13313496583671766,0.03293154461912059,0.6720006408661426,0.10119148663401144,0.00842952306373546,0.004552558403742266
MaxViT,2.5D-to-3D,LSS,train,L3/L4,5,complete,0.8003263830490965,0.03550828279452421,0.6974088161223022,0.05516569438367187,0.6795840275595193,0.06146873260945098,0.6838095389184835,0.0604723971718631,0.8003263830490965,0.03550828279452421,0.21319099244706913,0.04030707784623795,0.7254013719966854,0.05666064580597667,0.01351737549616574,0.006219401575904848
MaxViT,2.5D-to-3D,LSS,train,L4/L5,5,complete,0.7230499684529041,0.07181399301182893,0.7019324938499774,0.08235548084258232,0.712772554378633,0.07474017513984688,0.7003565988367729,0.08163419229607834,0.7230499684529041,0.07181399301182893,0.30256391641991065,0.08216510336480505,0.7338643427586398,0.07290788952299965,0.02561388487281478,0.011729459287378048
MaxViT,2.5D-to-3D,LSS,train,L5/S1,5,complete,0.7758786039403023,0.05937802513096225,0.6222948446747865,0.14726676814257972,0.5384277424737307,0.18479232510960877,0.5399415730890444,0.19192506751181426,0.7758786039403023,0.05937802513096225,0.26276858286317617,0.08654572556208867,0.43848156910969094,0.2897394425075276,0.03864718680347838,0.027976570493402946
MaxViT,2.5D-to-3D,LSS,validation,L1/L2,5,complete,0.9387695366448657,0.009371016171531873,0.540525251668174,0.08358296322451218,0.4183504981844175,0.07142485312885707,0.4334811897537822,0.0745171907910732,0.9387695366448657,0.009371016171531873,0.0737909836724586,0.01607657187322239,0.2678629277596202,0.24289959163903468,0.0125605203173245,0.010336615911135895
MaxViT,2.5D-to-3D,LSS,validation,L2/L3,5,complete,0.8547201166472457,0.028200227626931196,0.6784654962008412,0.10187856592328216,0.5743901917843468,0.050193096614736435,0.6071170919916763,0.06163290962642904,0.8547201166472457,0.028200227626931196,0.15855372726970615,0.033184970185424954,0.5889537918408289,0.04817939294677011,0.01327384391695186,0.006135527116867461
MaxViT,2.5D-to-3D,LSS,validation,L3/L4,5,complete,0.7552008800713805,0.025759881638401504,0.6147486820319897,0.03476489028112659,0.60687663573232,0.04615258084842399,0.6034298191712106,0.040356217543265537,0.7552008800713805,0.025759881638401504,0.2602760715205842,0.029279724610904657,0.6471128701500082,0.048716784907797954,0.015476951591964699,0.006592994194117048
MaxViT,2.5D-to-3D,LSS,validation,L4/L5,5,complete,0.6563678661922736,0.01624900740775533,0.6334251224577756,0.012614454492119363,0.650494297326752,0.015961568785736176,0.6306234623471605,0.017292004608306516,0.6563678661922736,0.01624900740775533,0.3833968052076041,0.018038353295217493,0.6591153201953007,0.024197223761069572,0.03976467139987768,0.01262343136392453
MaxViT,2.5D-to-3D,LSS,validation,L5/S1,5,complete,0.7189570051773739,0.032301680251086456,0.49585208114180723,0.15345390281471774,0.474355832195808,0.11793468109713004,0.45823336481448623,0.13157433462663157,0.7189570051773739,0.032301680251086456,0.3282177500417184,0.051658897597707296,0.3144259014565462,0.2397902103765699,0.0471747552190923,0.028768842071660455
MaxViT,2.5D-to-3D,LSS,test,L1/L2,5,complete,0.9348004622626916,0.0062519113644119665,0.5769468478827251,0.213344109712108,0.4489768193999463,0.11893043229662875,0.46166566976545276,0.13625932258727208,0.9348004622626916,0.0062519113644119665,0.0755788472115144,0.01100146652593732,0.30769861574490687,0.2171324256393059,0.01037930947420606,0.007121800204974026
MaxViT,2.5D-to-3D,LSS,test,L2/L3,5,complete,0.834686368399381,0.011239886663823074,0.592304075851814,0.08924219484161579,0.5242180961101806,0.04020868256655864,0.5414005069554261,0.051961183839740105,0.834686368399381,0.011239886663823074,0.18456355560860185,0.010665157622908613,0.5071735474191985,0.06462810311228444,0.01924992400798288,0.002921263730175717
MaxViT,2.5D-to-3D,LSS,test,L3/L4,5,complete,0.7153745337439552,0.019735456683207326,0.5590271475836365,0.03940600194687946,0.5602204529297067,0.05821180896447673,0.5543202328858242,0.054581987223442936,0.7153745337439552,0.019735456683207326,0.3083450538285879,0.02553979311349321,0.5740296008160436,0.06688467757307756,0.02371958757254304,0.006715082269478252
MaxViT,2.5D-to-3D,LSS,test,L4/L5,5,complete,0.62787229521338,0.018477719925951746,0.5979908726375835,0.017887243598320217,0.6105622044947209,0.015027723707735453,0.6010510283965818,0.01696172903555596,0.62787229521338,0.018477719925951746,0.41874345035523064,0.035692453139347914,0.6318710262149543,0.04906421430543202,0.04661574556861052,0.023591492546484526
MaxViT,2.5D-to-3D,LSS,test,L5/S1,5,complete,0.7242703073239868,0.006606176153051094,0.5208113939699395,0.09381413351898026,0.4830363291280298,0.12514146778261293,0.47179915647128867,0.12477929384415314,0.7242703073239868,0.006606176153051094,0.3300269904489078,0.02661407189483325,0.3315993772332986,0.20354932979015056,0.054297297772894756,0.025462726743449713
MaxViT,2.5D-to-3D,RSS,train,L1/L2,5,complete,0.9650870430786963,0.011806878134906164,0.6855186606960283,0.18997593794851997,0.6072098485630905,0.08535707711748883,0.6174172745835093,0.09911236307419172,0.9650870430786963,0.011806878134906164,0.036498878252507944,0.012339303701689173,0.7589376453364045,0.09960413094421211,0.0015859213312041799,0.0011216219905548564
MaxViT,2.5D-to-3D,RSS,train,L2/L3,5,complete,0.9157503565938014,0.029703838688402238,0.8339840972586782,0.07922569483869027,0.6590957695310998,0.09861774735662504,0.7032935519549469,0.09563945223702361,0.9157503565938014,0.029703838688402238,0.08710490509208214,0.032455483585417416,0.7549885474750548,0.10786480015712789,0.0028552616858836997,0.002782508844659051
MaxViT,2.5D-to-3D,RSS,train,L3/L4,5,complete,0.8367258325317911,0.043836136078663976,0.7993824256403752,0.07483438146232789,0.730232662705102,0.0572648469507878,0.7564736971546611,0.06305125011146555,0.8367258325317911,0.043836136078663976,0.166922202607414,0.0479047767799048,0.7890699906011422,0.0649243632717854,0.00364803513920516,0.004293477012055175
MaxViT,2.5D-to-3D,RSS,train,L4/L5,5,complete,0.8364267374703385,0.07541814227538099,0.8265659750291358,0.08448851786736193,0.8335241213470708,0.07277064926860605,0.8274059693177008,0.0827462515088376,0.8364267374703385,0.07541814227538099,0.17134903606259128,0.08556065282918175,0.8580748855308353,0.07395510652211576,0.00777577353292966,0.010845206600061155
MaxViT,2.5D-to-3D,RSS,train,L5/S1,5,complete,0.8873436565125725,0.052429853913271,0.8205283345171651,0.09562767194812319,0.768351401775246,0.09274019188612721,0.7866252631584066,0.0903713302824755,0.8873436565125725,0.052429853913271,0.11614803774351279,0.055894710485146444,0.843036619295896,0.0793828983067339,0.00349169425608538,0.003871849848464814
MaxViT,2.5D-to-3D,RSS,validation,L1/L2,5,complete,0.9421934592898766,0.00973842053083134,0.4875346385637334,0.05266155504256631,0.48446787060107593,0.05115408324243187,0.478318135169811,0.034579367862259,0.9421934592898766,0.00973842053083134,0.06449672208635883,0.007244749302452541,0.4604401731683561,0.08095536092152551,0.00669018137623552,0.004852605310290252
MaxViT,2.5D-to-3D,RSS,validation,L2/L3,5,complete,0.8481025635210051,0.020412018202454845,0.5849617101332207,0.15621999114346732,0.4494845754240398,0.03505336896742246,0.47470825381709814,0.05733818412628792,0.8481025635210051,0.020412018202454845,0.16594440756230786,0.019874278876292395,0.37967351352604056,0.11916015925898223,0.014046971083312997,0.00537648810154149
MaxViT,2.5D-to-3D,RSS,validation,L3/L4,5,complete,0.7186053238873444,0.025914145118130994,0.6140856473288878,0.06881188163879268,0.5169914746813273,0.06690874925381406,0.5318632381420141,0.07532295658013813,0.7186053238873444,0.025914145118130994,0.30433986273342023,0.029218830080784356,0.5108203263314298,0.05786257502570527,0.02294518662076466,0.011969863599143043
MaxViT,2.5D-to-3D,RSS,validation,L4/L5,5,complete,0.6557307042359338,0.015861737175358746,0.644001835664929,0.01595713317994215,0.6491984685796541,0.021194372823018354,0.6430238707140731,0.01735532806405256,0.6557307042359338,0.015861737175358746,0.3754281277336333,0.01874693348301452,0.651569444348314,0.026739392198986113,0.031158831969567098,0.011346282882825647
MaxViT,2.5D-to-3D,RSS,validation,L5/S1,5,complete,0.7643418574565183,0.012350439894714554,0.6712530379203278,0.049366654464657926,0.5993855148043068,0.04506746367351583,0.6102402748448968,0.04456481573777868,0.7643418574565183,0.012350439894714554,0.2535132090785407,0.02341643566435936,0.6283351151786576,0.05232274557423127,0.017855066535058854,0.011728607847123703
MaxViT,2.5D-to-3D,RSS,test,L1/L2,5,complete,0.9320909527201848,0.009927562692902995,0.5014280643120941,0.04536155352844529,0.46143846100392627,0.0700240175438255,0.46668936430862784,0.05951009297028157,0.9320909527201848,0.009927562692902995,0.07520417857324312,0.0135206080325792,0.42099224759951814,0.17405246715099443,0.0072951312934280005,0.0036316185905099765
MaxViT,2.5D-to-3D,RSS,test,L2/L3,5,complete,0.8437674925988281,0.022768116024411793,0.47830777545946274,0.08219442885434163,0.4271601865524627,0.038770293009833964,0.4392705736407934,0.05195925274278849,0.8437674925988281,0.022768116024411793,0.1804029037209486,0.02608665871596874,0.3593903942723543,0.06777348180088695,0.02417039631977682,0.00866575797798044
MaxViT,2.5D-to-3D,RSS,test,L3/L4,5,complete,0.7188556080795604,0.023941419156549966,0.5500465602567128,0.06517560077651544,0.49983332908377226,0.04030913468202428,0.5090835978396824,0.054401956256451015,0.7188556080795604,0.023941419156549966,0.3053461813075807,0.024822549105287906,0.5230880378565963,0.06007967294667556,0.0242017893871411,0.008719844529531243
MaxViT,2.5D-to-3D,RSS,test,L4/L5,5,complete,0.6551350004763359,0.03179212892128898,0.6444703718034661,0.03838699473296129,0.6391642529557329,0.026980043668732242,0.6383088325297329,0.032040399453960214,0.6551350004763359,0.03179212892128898,0.3682785163579832,0.03727883258778009,0.6683562061868844,0.03653525775805436,0.02341351683431902,0.006368012276753789
MaxViT,2.5D-to-3D,RSS,test,L5/S1,5,complete,0.729693703560816,0.014046686484645361,0.5803045547920949,0.02985230198924236,0.5562455464341918,0.06853868501693089,0.5474099558649822,0.04591613291918487,0.729693703560816,0.014046686484645361,0.286466562052121,0.01644351776178275,0.5651817824507581,0.051707246128774045,0.0161602656129369,0.008597851271421974
MaxViT,2D,SCS,train,L1/L2,5,complete,0.9644851709124065,0.003644877592374242,0.6181406811044111,0.1767631613614588,0.4510348651932986,0.06150045237309325,0.49243871872410094,0.08750866977740697,0.9644851709124065,0.003644877592374242,0.038678395283170644,0.0053612992180321044,0.49754622300018403,0.14357774598324877,0.0031635661955771,0.0019542918066321417
MaxViT,2D,SCS,train,L2/L3,5,complete,0.9328689308049171,0.01592974332128937,0.7577605591259846,0.15513000339445432,0.6031579177466206,0.11334755009462752,0.646971792021351,0.1279910756814422,0.9328689308049171,0.01592974332128937,0.07285217945308048,0.01944128280854832,0.6665371788837169,0.1685739693483543,0.00572111025799746,0.004016308269665618
MaxViT,2D,SCS,train,L3/L4,5,complete,0.9047160197897448,0.027703684784602625,0.8021668802252171,0.06582501609700353,0.6946365654090998,0.11826327537073338,0.7283683097453227,0.10372201568719903,0.9047160197897448,0.027703684784602625,0.09950391689211532,0.032709136511688185,0.7990743167504755,0.10152703996581014,0.00421993668185986,0.005132062197048663
MaxViT,2D,SCS,train,L4/L5,5,complete,0.896443227606845,0.028859124951211915,0.8064467841178823,0.057458404125821885,0.7602855228564783,0.08374434235324058,0.7747007993065682,0.07184996671456856,0.896443227606845,0.028859124951211915,0.11424258563257603,0.03424539377337367,0.8592751135272169,0.05397385200267479,0.01068581323942116,0.00582627528261053
MaxViT,2D,SCS,train,L5/S1,5,complete,0.9709605244509427,0.002406350027779453,0.733389725552346,0.14168245030622695,0.514458536862985,0.10468566325091092,0.5342247189901659,0.10686458959006366,0.9709605244509427,0.002406350027779453,0.03520855592840034,0.004968798259537841,0.4538139176524944,0.2215894639562358,0.00616908037934308,0.0029334380790965583
MaxViT,2D,SCS,validation,L1/L2,5,complete,0.9544299939007106,0.008274970432166595,0.5232716937219037,0.18152134463288946,0.4585679825978334,0.12961239965140658,0.47906078167336225,0.15237980996678796,0.9544299939007106,0.008274970432166595,0.049056797086080586,0.012790030303458974,0.5150053110857159,0.27210067951987593,0.00348679098679096,0.004936258249516784
MaxViT,2D,SCS,validation,L2/L3,5,complete,0.9221625097475596,0.010717742222405669,0.6747236845785973,0.17625675315192108,0.5660440913432575,0.12074143019018266,0.5859238838587514,0.12132514805080094,0.9221625097475596,0.010717742222405669,0.08833989002585343,0.013023460789606348,0.6160844762399752,0.15390899019954196,0.01050239977341318,0.006953948861279096
MaxViT,2D,SCS,validation,L3/L4,5,complete,0.8871316099320573,0.018242145285467633,0.6670131207302328,0.13074492050233613,0.6306598434825077,0.10944492406128864,0.639394444130526,0.114782151157429,0.8871316099320573,0.018242145285467633,0.12269837799262273,0.021839183865302897,0.7329374003986796,0.11077359424459127,0.009829987924680001,0.007988716180649133
MaxViT,2D,SCS,validation,L4/L5,5,complete,0.8653218367624239,0.015318433322081907,0.7210922479880417,0.055406849047019056,0.7110197053515535,0.03535759108915735,0.7068618528642824,0.040854341639916796,0.8653218367624239,0.015318433322081907,0.14660861008691994,0.013785495160961034,0.8281019317279984,0.018758529669230656,0.01193044684934386,0.0053343628827204085
MaxViT,2D,SCS,validation,L5/S1,5,complete,0.9600099322295961,0.012318566984433024,0.4780303271607619,0.12891932003468012,0.472599722218275,0.13743244623410802,0.45399685792514805,0.10595682056778871,0.9600099322295961,0.012318566984433024,0.04701538906673854,0.015467781371797856,0.42472184013900866,0.2550057126833632,0.007025321296334699,0.0035310090099987543
MaxViT,2D,SCS,test,L1/L2,5,complete,0.9642228543019306,0.01018514707136812,0.5706125601197444,0.26422828877779764,0.46123728123728114,0.16370164936177406,0.47455257428250003,0.1797728023711874,0.9642228543019306,0.01018514707136812,0.03925182107754682,0.013832137320169755,0.506198586752164,0.2407044564648014,0.0034746753794774403,0.004919088067103648
MaxViT,2D,SCS,test,L2/L3,5,complete,0.9319159227014568,0.010978390949277965,0.5925488072881391,0.1200235422268061,0.5223367807409822,0.07146387742699559,0.5410547813058748,0.0825707079138391,0.9319159227014568,0.010978390949277965,0.07720085528351397,0.01580168901562608,0.5940834097337588,0.08497074707093956,0.00911677798497076,0.005309813713660746
MaxViT,2D,SCS,test,L3/L4,5,complete,0.8869636148834147,0.015578039742927432,0.7400263819609906,0.017263943977790307,0.6677889064563364,0.11390430976222275,0.681260710319113,0.0906811388437374,0.8869636148834147,0.015578039742927432,0.11583389863431512,0.01811468046727374,0.7585379540362103,0.11360675930965564,0.00279751351772982,0.002918435635509783
MaxViT,2D,SCS,test,L4/L5,5,complete,0.8743457203602645,0.015893411607953687,0.7434171432853901,0.02552080150536181,0.7141557636771226,0.039240483611814016,0.7188080265186343,0.02203120440426605,0.8743457203602645,0.015893411607953687,0.13829483326829678,0.018284852916901195,0.8348229940476581,0.03679801068028264,0.01264055362856134,0.004734219639056853
MaxViT,2D,SCS,test,L5/S1,5,complete,0.9599724046387564,0.009562620850505733,0.4815241458342558,0.11818848236022975,0.4763059300221772,0.13137630446657406,0.45168651521095055,0.07741056460199867,0.9599724046387564,0.009562620850505733,0.0498658128830682,0.008066232954129102,0.28782930956280256,0.18619430058736433,0.00983821752182456,0.002986892131449298
MaxViT,2D,LFN,train,L1/L2,5,complete,0.9713241764534454,0.003024720338067132,0.5242097085603311,0.11739921833281965,0.3788886234644514,0.0305552724438469,0.4019502910368808,0.04741235587792924,0.9713241764534454,0.003024720338067132,0.029255114067724658,0.003110520534635447,0.24397072286588917,0.14954588476071812,0.0005792905211701,0.00032383345826273927
MaxViT,2D,LFN,train,L2/L3,5,complete,0.9325098263415252,0.00719096951118289,0.6152328286757074,0.1330395315884128,0.4842288165830964,0.09630472917897986,0.5183517156621561,0.10591627811657854,0.9325098263415252,0.00719096951118289,0.0679248513232629,0.0076359449494389315,0.5058655070670988,0.0903540835345105,0.00043467766478816,0.0006480770200533331
MaxViT,2D,LFN,train,L3/L4,5,complete,0.845182728529141,0.011150429498741678,0.651797481559285,0.13821300289030664,0.5686036867914828,0.09233919867547548,0.5972220764220432,0.11188210389862174,0.845182728529141,0.011150429498741678,0.15597595730523417,0.01209093812549021,0.578376582343956,0.05886213773550712,0.00115868583437518,0.0010982928440474895
MaxViT,2D,LFN,train,L4/L5,5,complete,0.7608974326088118,0.023759964808029305,0.7053196431338188,0.04855715225616207,0.6923196225443681,0.05934605074678752,0.6864595219518825,0.03525310660534342,0.7608974326088118,0.023759964808029305,0.24257872968634872,0.024815085586872232,0.6824364121153029,0.044765879266765736,0.00347616229516058,0.002009937184903664
MaxViT,2D,LFN,train,L5/S1,5,complete,0.7714711604953953,0.045742470953538804,0.6886763976578785,0.0697163470583974,0.6908506383815551,0.05957749312717158,0.6754229212153713,0.06707042053298162,0.7714711604953953,0.045742470953538804,0.23750847019590746,0.05260850755304986,0.7363591920521629,0.05154355969336999,0.00897963069130282,0.008233733699126325
MaxViT,2D,LFN,validation,L1/L2,5,complete,0.9702061383417316,0.009717922261313721,0.42360261102007585,0.14677300556646525,0.3442088731841382,0.014897767664837112,0.3480570416851932,0.025687820889072337,0.9702061383417316,0.009717922261313721,0.03046953733394408,0.009291946716879187,0.05625909989276506,0.07723666835463092,0.00067567567567566,0.0015108567415538768
MaxViT,2D,LFN,validation,L2/L3,5,complete,0.9241731562070544,0.00881042296958355,0.5366480368518698,0.03856846428924776,0.40509105999322,0.019672790917932063,0.4306990801413454,0.025381373034131967,0.9241731562070544,0.00881042296958355,0.0765025194686211,0.00911454450794283,0.35194076015290754,0.08375333927758813,0.00067567567567566,0.0015108567415538768
MaxViT,2D,LFN,validation,L3/L4,5,complete,0.8090815391662849,0.01772086787921992,0.5479773392068571,0.06591265429865804,0.4949913107005595,0.05585696889778419,0.5060884785303417,0.05857462830956725,0.8090815391662849,0.01772086787921992,0.19430371049015113,0.017869252947587993,0.49508978886902755,0.06577118882670813,0.0033852496564360604,0.00338411510106035
MaxViT,2D,LFN,validation,L4/L5,5,complete,0.7176454420522218,0.0230484330983553,0.6514011430623503,0.0675630790418688,0.6454053438206274,0.06197236294534069,0.6306340883203608,0.03736919307203544,0.7176454420522218,0.0230484330983553,0.2877759963353183,0.028101641371370632,0.6235797895693022,0.03144837652403342,0.00542143838754004,0.005142067626886921
MaxViT,2D,LFN,validation,L5/S1,5,complete,0.7426889601465871,0.02987055450945631,0.6461043940691786,0.05977166983437862,0.6442378216207256,0.03423013826690742,0.6316436596296944,0.04121739435087893,0.7426889601465871,0.02987055450945631,0.26814933577645444,0.03306964467662087,0.7047943272784537,0.03395341190116026,0.01083829592304166,0.006515736694957282
MaxViT,2D,LFN,test,L1/L2,5,complete,0.9627826806398234,0.004195381627059111,0.4157747122884409,0.13135005536320013,0.3623923444976076,0.041585655615301184,0.37155011816119665,0.06355558445395047,0.9627826806398234,0.004195381627059111,0.037217319360176464,0.004195381627059043,0.1600284030579741,0.21929775272949673,0.0,0.0
MaxViT,2D,LFN,test,L2/L3,5,complete,0.916753998896856,0.014075862704262653,0.5437097974364489,0.02902525400445838,0.4199329137051807,0.04958584911165247,0.44198335819734663,0.057138230269791555,0.916753998896856,0.014075862704262653,0.08595330023901451,0.013888123006849528,0.3743835811035294,0.16867670929444636,0.0027072991358705204,0.0028279459344993335
MaxViT,2D,LFN,test,L3/L4,5,complete,0.8139225960654531,0.020583994507130332,0.5827242811874261,0.13997671329975164,0.5312577826191358,0.08900767014260705,0.5381956780376125,0.1008746508279402,0.8139225960654531,0.020583994507130332,0.1887847030704173,0.0232530607919635,0.5313199376596416,0.11146374242752122,0.0027072991358705204,0.0028279459344993335
MaxViT,2D,LFN,test,L4/L5,5,complete,0.7124701231844089,0.02890413283127707,0.6338310096126304,0.057878163773316,0.6443075898503344,0.041910166643832195,0.6210956033017857,0.03960131765024053,0.7124701231844089,0.02890413283127707,0.29361095789667213,0.03402094031019267,0.6325328702338011,0.03369394588168135,0.00608108108108106,0.0060434269662156355
MaxViT,2D,LFN,test,L5/S1,5,complete,0.7280336458907888,0.03195640781324047,0.621394263230578,0.07420146751619135,0.6401167204099829,0.07540931190005419,0.6163709799458804,0.07112401263700922,0.7280336458907888,0.03195640781324047,0.28616473616473614,0.039306151051276786,0.6686885094923023,0.05437450417756343,0.01419838205552488,0.007692821301718728
MaxViT,2D,RFN,train,L1/L2,5,complete,0.9671019428605744,0.005469171819624924,0.6492623089644645,0.17819663908991878,0.4167053135300205,0.07696487889486726,0.45469783817217546,0.09905478387210395,0.9671019428605744,0.005469171819624924,0.03566338991637264,0.0068953427218461875,0.37057106603875994,0.15430680657123894,0.0027653327769471,0.0019527262943507336
MaxViT,2D,RFN,train,L2/L3,5,complete,0.930277246319459,0.006810655040544787,0.6334607927780602,0.16367400614463548,0.40855746998956227,0.06821432525475826,0.44156197854913304,0.0998366696952128,0.930277246319459,0.006810655040544787,0.07001376894163945,0.007169479081358483,0.3270933948571226,0.1219688955357307,0.00029101526109858003,0.00039848945318800516
MaxViT,2D,RFN,train,L3/L4,5,complete,0.8467338647488795,0.0222798724816793,0.7229798289352192,0.13928806655046522,0.545236223678008,0.11734174399112295,0.5825138521801594,0.12436289750246897,0.8467338647488795,0.0222798724816793,0.15443051388219492,0.023430747964883758,0.5633035913104589,0.0912222945380144,0.00116437863107436,0.0016760234135068655
MaxViT,2D,RFN,train,L4/L5,5,complete,0.799139805121114,0.03330981562549493,0.756203866393866,0.033882542397792294,0.7036913581248788,0.08900865438948548,0.7168535986265154,0.06618717960470459,0.799139805121114,0.03330981562549493,0.20406136228902616,0.03455641071269028,0.704133081216193,0.06868228321607187,0.00320116741014026,0.0018933827993387277
MaxViT,2D,RFN,train,L5/S1,5,complete,0.7918620924689226,0.04061215595931615,0.7222691776302734,0.06442611775427737,0.6591951170867102,0.09250547324954919,0.6771341562751527,0.08544211872160595,0.7918620924689226,0.04061215595931615,0.21774585551307374,0.04191261018519453,0.7137074660777893,0.07381522473641243,0.00960794798199644,0.0025993384232102174
MaxViT,2D,RFN,validation,L1/L2,5,complete,0.9593676866073961,0.019758327699379196,0.4546219332868973,0.22261962804195196,0.43007420778178895,0.19524265911639632,0.41806203091672184,0.17175599800083827,0.9593676866073961,0.019758327699379196,0.045378107266727086,0.02306692990557703,0.3123444895031279,0.2767953922660388,0.004745793874123121,0.0038700663931440548
MaxViT,2D,RFN,validation,L2/L3,5,complete,0.9167059778560989,0.013796236270267239,0.6323301002977567,0.09372156977822725,0.41260712962185264,0.027675122061224813,0.44504128946710253,0.03731658875297261,0.9167059778560989,0.013796236270267239,0.08397198824559594,0.015151493499410102,0.34449095255563933,0.07376220562781287,0.0006779661016949,0.001515978289830332
MaxViT,2D,RFN,validation,L3/L4,5,complete,0.8266528306237749,0.03224543332157709,0.5866280635124115,0.11814225949532059,0.5189361700453526,0.07562189796159198,0.5398273810588942,0.08953345173175525,0.8266528306237749,0.03224543332157709,0.17469852072757636,0.0338832233051433,0.5420664620825593,0.059670214059944535,0.00135135135135134,0.003021713483107798
MaxViT,2D,RFN,validation,L4/L5,5,complete,0.7386588698695237,0.016626538678126572,0.6791051751288276,0.04083268776388166,0.6652279158408685,0.06777723695442221,0.6657847335038926,0.05050210322786685,0.7386588698695237,0.016626538678126572,0.26539978061769826,0.018232370730448803,0.6383874103778038,0.04520371931357399,0.00405865048722186,0.0028251990581230585
MaxViT,2D,RFN,validation,L5/S1,5,complete,0.7311965684120648,0.0152239753097193,0.6051595517321312,0.04260552057062693,0.5830862826507311,0.05049941570351081,0.5836197657665607,0.049228713308772494,0.7311965684120648,0.0152239753097193,0.2823375900978806,0.013016494048190783,0.6422171311130004,0.02534609653417108,0.013534158509945382,0.005336277301808627
MaxViT,2D,RFN,test,L1/L2,5,complete,0.9600983636697922,0.018687408000644935,0.5657294173610972,0.1238411681204329,0.37448567133349736,0.012103488392133929,0.3963164953741001,0.022924098868044022,0.9600983636697922,0.018687408000644935,0.04599191027762452,0.02114618664990433,0.2483191945607964,0.14932919794717656,0.00609027394741674,0.0028293743763658347
MaxViT,2D,RFN,test,L2/L3,5,complete,0.9086642765214193,0.011415630662687764,0.5146815611078708,0.04560947764233706,0.3941880097715581,0.01760037507894947,0.41318862194823563,0.020917500976690657,0.9086642765214193,0.011415630662687764,0.09133572347858059,0.011415630662687817,0.35245091594957084,0.07699484821635233,0.0,0.0
MaxViT,2D,RFN,test,L3/L4,5,complete,0.8044493473064902,0.01580936155440792,0.7213133257332096,0.10297720136514535,0.5407739512737,0.062077852828047037,0.5807267218804797,0.0656261032537825,0.8044493473064902,0.01580936155440792,0.19962309248023527,0.019070829150424518,0.5134223203284557,0.05910617511645299,0.00407243978672546,0.005590418335881438
MaxViT,2D,RFN,test,L4/L5,5,complete,0.7428801250229821,0.0290351693454243,0.7056293276678447,0.0455218930748645,0.6470003940610718,0.058124381895858,0.6599504141275069,0.03730756022134246,0.7428801250229821,0.0290351693454243,0.26117392903107184,0.02871451434514171,0.6461425194803396,0.03679479249344967,0.004054054054054,0.0037008280912511184
MaxViT,2D,RFN,test,L5/S1,5,complete,0.7489703989703991,0.018345623825334417,0.6276778695872128,0.04679850202202357,0.5919975742318976,0.06260358575101331,0.5985977670229009,0.05697912625922706,0.7489703989703991,0.018345623825334417,0.265922044493473,0.018382208880463602,0.6247478122922053,0.05542277297495671,0.014892443463872002,0.0039005075661669966
MaxViT,2D,LSS,train,L1/L2,5,complete,0.9405044089573602,0.0069008877492417,0.653476900159929,0.19782694349038216,0.42288739610867615,0.08607484687548196,0.449909690698863,0.10555822707767323,0.9405044089573602,0.0069008877492417,0.06601110981411351,0.01155488827836303,0.367676219614668,0.2318084163361305,0.00651551877147374,0.004777097278113615
MaxViT,2D,LSS,train,L2/L3,5,complete,0.8765758202982734,0.030236616341119866,0.7836739509425438,0.058197204181549105,0.563650681972164,0.1265501662419001,0.6081031958401215,0.1488554000518304,0.8765758202982734,0.030236616341119866,0.1305761342404923,0.03777454838743409,0.6337726904733031,0.1773055682667767,0.0071519545387658204,0.008156681962624117
MaxViT,2D,LSS,train,L3/L4,5,complete,0.8398169597838564,0.033278965899518974,0.8037205976510926,0.026566662456310067,0.731956526099476,0.09015603745792962,0.7491481675340835,0.06882919912607174,0.8398169597838564,0.033278965899518974,0.1609778277063733,0.0344224917770588,0.8032130610348613,0.0611308359015737,0.00079478749022968,0.0013757358173741028
MaxViT,2D,LSS,train,L4/L5,5,complete,0.7363729684429077,0.03381453347250186,0.7358491632563942,0.028419817830972485,0.7498729392129134,0.022393553756315396,0.7278387750769387,0.027540245405667307,0.7363729684429077,0.03381453347250186,0.2680841488611259,0.03484245764373085,0.7879265525874394,0.03170727239468321,0.0044571173040335605,0.0029072194336041417
MaxViT,2D,LSS,train,L5/S1,5,complete,0.8318562558180405,0.02265290334579191,0.8050769360313635,0.03395023283630124,0.6471253888394375,0.07392586798544824,0.6905050010641527,0.06762161494673706,0.8318562558180405,0.02265290334579191,0.17307361283329098,0.02395875897442277,0.7235150626234927,0.05496110997601445,0.0049298686513315195,0.0019787505187153784
MaxViT,2D,LSS,validation,L1/L2,5,complete,0.941702632960315,0.010447012988427882,0.4154698613515427,0.10215424947726746,0.3817877774399513,0.06939036959664834,0.38613952796714346,0.08044168450028163,0.941702632960315,0.010447012988427882,0.06790298310930439,0.01645621987857785,0.2697670260330066,0.17981040904079046,0.00960561606961954,0.008540091421400723
MaxViT,2D,LSS,validation,L2/L3,5,complete,0.8730313124101535,0.022205100828155924,0.7843982723304153,0.0441936686889764,0.5595843455979583,0.059468473376379435,0.6118957640293198,0.06439421998202151,0.8730313124101535,0.022205100828155924,0.1373068829521858,0.027635848646483448,0.5977057577006832,0.1399134375544491,0.0103381953623393,0.00878040464081082
MaxViT,2D,LSS,validation,L3/L4,5,complete,0.8031107239425939,0.024775613017180682,0.721294061603018,0.06312851435951959,0.6744585502173679,0.04895844527366476,0.68295979287034,0.032363797884567,0.8031107239425939,0.024775613017180682,0.19910074617932383,0.027383203989750735,0.7453921877942813,0.04438298692029576,0.00221147012191786,0.0032840640043994337
MaxViT,2D,LSS,validation,L4/L5,5,complete,0.6917290585069338,0.0340630853740374,0.693082235924169,0.027542400612805103,0.707489105099416,0.01786688352821686,0.6842427109704277,0.03180671477051122,0.6917290585069338,0.0340630853740374,0.3208066353215607,0.04201979813958737,0.7398129795528732,0.04109047365962754,0.01253569382849446,0.010666256463091887
MaxViT,2D,LSS,validation,L5/S1,5,complete,0.788423597018856,0.02758986835051504,0.6879716505643836,0.07527468697243107,0.585276218759325,0.0694232916346592,0.6064256578605798,0.06807863486401773,0.788423597018856,0.02758986835051504,0.22484769465893253,0.02999459861563257,0.604065024418499,0.0614123787892588,0.01327129167778856,0.004176565949575911
MaxViT,2D,LSS,test,L1/L2,5,complete,0.9385285259169545,0.01564419176254489,0.7029583351199198,0.25476268606342484,0.4267320182175869,0.10663652327641387,0.4604429057213698,0.137190733069798,0.9385285259169545,0.01564419176254489,0.06889596060242853,0.01634130529706948,0.284247807848646,0.238885678524985,0.0074244865193831,0.006423233009653461
MaxViT,2D,LSS,test,L2/L3,5,complete,0.8681204223611798,0.01856992424235342,0.6919053462220716,0.1810094514799171,0.5496218111591712,0.13474030189196354,0.5843825442136852,0.15188589103453995,0.8681204223611798,0.01856992424235342,0.14003933817761008,0.020959364408320153,0.5871606922566599,0.151235090668032,0.008159760538789959,0.0030960754715305917
MaxViT,2D,LSS,test,L3/L4,5,complete,0.7872988868115235,0.01902071247746073,0.6959755680841148,0.022087236644353688,0.6642449359004339,0.05213720119501287,0.6632168500122861,0.030296948663069777,0.7872988868115235,0.01902071247746073,0.21640518640309764,0.01984696337203517,0.7247846596165833,0.03809817660667501,0.0037040732146211204,0.0026095812599057342
MaxViT,2D,LSS,test,L4/L5,5,complete,0.7023073009774953,0.05766377038275474,0.694820246878648,0.049780745346464594,0.7081917166139688,0.04728015681367812,0.6889321541287725,0.05206637450311867,0.7023073009774953,0.05766377038275474,0.31102763054722943,0.05829482383523709,0.7561935168747634,0.04446693839593582,0.01333493152472472,0.006135642930155783
MaxViT,2D,LSS,test,L5/S1,5,complete,0.7888821997211609,0.028919114648549602,0.7060743227147366,0.058138825661990946,0.5856445066087266,0.044463547085901826,0.6171017752061726,0.03574716080749151,0.7888821997211609,0.028919114648549602,0.22371113189326652,0.02936723222036566,0.6358295368938885,0.04717119973001689,0.012593331614427461,0.00810178107856848
MaxViT,2D,RSS,train,L1/L2,5,complete,0.9433378554723871,0.004401006714305934,0.6626802921658569,0.19829127328855642,0.4470947663911712,0.04778040177068389,0.4883505227369917,0.07273541937739103,0.9433378554723871,0.004401006714305934,0.060310937944255336,0.00620350702356173,0.5024259177418692,0.11164206755160021,0.0036487934166424194,0.002416171118206806
MaxViT,2D,RSS,train,L2/L3,5,complete,0.9036597291663302,0.020905931306884683,0.8584340685409408,0.05076461772811179,0.6505113160985182,0.08838577596865488,0.7189420933498252,0.08581631523629271,0.9036597291663302,0.020905931306884683,0.09856338299730186,0.02191057726179711,0.7218506515169297,0.08460620580673676,0.0022231121636319,0.0011792406234969913
MaxViT,2D,RSS,train,L3/L4,5,complete,0.8476276493727113,0.042098864968714164,0.8153263845738781,0.054771224740753806,0.7538780034054207,0.08904989503314294,0.7765399483358213,0.07585855286107894,0.8476276493727113,0.042098864968714164,0.1547517962824815,0.04433142456561894,0.8094560592866259,0.06279529751507149,0.0023794456551926605,0.0025702721931428
MaxViT,2D,RSS,train,L4/L5,5,complete,0.7854309555966301,0.03934208806548363,0.7689515283224393,0.04296919109823938,0.7780440290463778,0.04887697472251934,0.7706861714407398,0.04608538427841499,0.7854309555966301,0.03934208806548363,0.21932870158512102,0.04190823943417222,0.8237782441809898,0.0359602641594844,0.00475965718175116,0.003117503718762543
MaxViT,2D,RSS,train,L5/S1,5,complete,0.8327061916037921,0.04403975510386188,0.7616983045239538,0.0636581839552684,0.6602768572036891,0.10953639334751039,0.6912057942361872,0.10202719222014689,0.8327061916037921,0.04403975510386188,0.17761004195232624,0.049412077403305055,0.7246302659598741,0.1018182007484952,0.01031623355611842,0.00546326027644955
MaxViT,2D,RSS,validation,L1/L2,5,complete,0.9480330553182744,0.017426711187913634,0.5609182573662543,0.16342260036868722,0.42829820452771267,0.06527618286709573,0.4549613757669251,0.09020113353577716,0.9480330553182744,0.017426711187913634,0.055663365131611096,0.019770317213608366,0.48093724370198887,0.23603112093700301,0.00369642044988552,0.00447035618421153
MaxViT,2D,RSS,validation,L2/L3,5,complete,0.8791322757283819,0.02300059187503367,0.7194922052436536,0.07671260863853631,0.547926127500536,0.045320391851901884,0.5927700479305413,0.0484701929860724,0.8791322757283819,0.02300059187503367,0.12458069764431653,0.02263215120122488,0.615310738614582,0.04365997745730537,0.00371297337269852,0.0026793242728234508
MaxViT,2D,RSS,validation,L3/L4,5,complete,0.8006743758578828,0.01734913208370443,0.7458016343933608,0.028438814555823477,0.6885354835816303,0.04388173610251755,0.7064897300251338,0.043169217559383445,0.8006743758578828,0.01734913208370443,0.20156755768775197,0.017691497922488315,0.7449929369268722,0.029150530339388737,0.0022419335456347602,0.002046981994356835
MaxViT,2D,RSS,validation,L4/L5,5,complete,0.7024104661562388,0.03450475287510195,0.6879389380523316,0.038751470252129806,0.6933480351263017,0.041195018035536976,0.685917105514433,0.038524633261609015,0.7024104661562388,0.03450475287510195,0.314635632963772,0.04205828032793403,0.7279618446717229,0.045331911709092114,0.01704609912001082,0.008922012732470582
MaxViT,2D,RSS,validation,L5/S1,5,complete,0.7622963908501416,0.017957726709252744,0.6546293367584499,0.029479886277516115,0.5533987006717298,0.05666341082438869,0.5773429382383345,0.0542352754980323,0.7622963908501416,0.017957726709252744,0.25477237117631074,0.016681160197838385,0.6045539462194964,0.06822126081482466,0.017068762026452258,0.006876085205245173
MaxViT,2D,RSS,test,L1/L2,5,complete,0.9283412070072069,0.011410299502195164,0.5715196861197394,0.16983556483273,0.3948425259055536,0.04650534443717819,0.4203101864653897,0.07289253837382156,0.9283412070072069,0.011410299502195164,0.07966243360360536,0.01522958222305697,0.30875060476571414,0.11292437960499353,0.00800364061081232,0.0060113085085290365
MaxViT,2D,RSS,test,L2/L3,5,complete,0.8751254780652118,0.019528482398971984,0.7621756995856378,0.05366411024280126,0.5325482927324147,0.04810160031940838,0.5851535021427282,0.048013319431571,0.8751254780652118,0.019528482398971984,0.12928452012944996,0.019943599061572562,0.6376452169902714,0.032511804630207496,0.00440999819466186,0.0031180494919636013
MaxViT,2D,RSS,test,L3/L4,5,complete,0.802096513073228,0.022247595811061144,0.728748919326931,0.010533815540922668,0.6805176433197204,0.066841087269944,0.6962526380383175,0.04625487661289057,0.802096513073228,0.022247595811061144,0.20451677260885406,0.024899003989263164,0.7357900463159066,0.061249547712488,0.006613285682082181,0.004849516000763947
MaxViT,2D,RSS,test,L4/L5,5,complete,0.6968027512745402,0.03662966828432131,0.6784848705828657,0.02987249008225497,0.6869610230667219,0.025024790459882547,0.6792024623093437,0.02661218568416042,0.6968027512745402,0.03662966828432131,0.31418502924803915,0.04207094118413516,0.7447746081010265,0.03994926584738579,0.01098778052257934,0.009277155589330168
MaxViT,2D,RSS,test,L5/S1,5,complete,0.7475602733588294,0.02880407346346709,0.598474967020773,0.0441650005551582,0.5439044822244347,0.10563344546210005,0.5454253603985773,0.09313045749346219,0.7475602733588294,0.02880407346346709,0.26844222647216043,0.03920518655139868,0.5642917112375956,0.11732166150498236,0.01600249983098986,0.012947555867230768
ViT,2.5D-to-3D,SCS,train,L1/L2,5,complete,0.9571153465584572,0.0011419584758708026,0.3190384488528191,0.00038065282529026965,0.3333333333333333,0.0,0.3260291822845158,0.000198814926795343,0.9571153465584572,0.0011419584758708026,0.0531150338644239,0.0018209268185597548,0.0,0.0,0.01023038042288126,0.0012423166584543054
ViT,2.5D-to-3D,SCS,train,L2/L3,5,complete,0.8918106296187489,0.005138247390552274,0.36221609262039606,0.07381783521571227,0.3346613386643854,0.0036365201189199814,0.3192878122347171,0.006101578252826901,0.8918106296187489,0.005138247390552274,0.13572643279255853,0.006846102275779884,0.0024559549631439997,0.015599746016957874,0.027537062411307323,0.0027676682361665607
ViT,2.5D-to-3D,SCS,train,L3/L4,5,complete,0.8248464626723472,0.00737905334574451,0.4970780195269384,0.12832963932273786,0.3770137970304517,0.015429617691387308,0.3786716332590925,0.02644221152377059,0.8248464626723472,0.00737905334574451,0.22857226382461207,0.012694097595606517,0.15693873883662954,0.060723993701976564,0.05341872649695937,0.005989902265729984
ViT,2.5D-to-3D,SCS,train,L4/L5,5,complete,0.7666275511452796,0.0014985936530033167,0.5072575408715674,0.06603252751349128,0.4427856855471678,0.03459239326152304,0.43298338463036146,0.03081340226867363,0.7666275511452796,0.0014985936530033167,0.34411132159478725,0.004052002063076737,0.3557285802036271,0.06382694391311211,0.11073887274006675,0.004280377470240409
ViT,2.5D-to-3D,SCS,train,L5/S1,5,complete,0.9664479836089559,0.0019891827723034494,0.3221493278696519,0.0006630609241011215,0.3333333333333333,0.0,0.32764564098999027,0.0003429024214783592,0.9664479836089559,0.0019891827723034494,0.04333126576967708,0.0025709533173600644,0.0,0.0,0.009779249378632799,0.001176839057817956
ViT,2.5D-to-3D,SCS,validation,L1/L2,5,complete,0.9396604225912173,0.009016650350433237,0.31322014086373906,0.0030055501168110375,0.3333333333333333,0.0,0.32295795495575563,0.0015968204557401087,0.9396604225912173,0.009016650350433237,0.07366627547910908,0.010105830347706924,0.0,0.0,0.013326698070326298,0.0015054177651466138
ViT,2.5D-to-3D,SCS,validation,L2/L3,5,complete,0.8856518235333738,0.011372627418248309,0.33040713266010924,0.077566733593864,0.33543393146277095,0.009930195999314589,0.3203492798402979,0.017833994944166487,0.8856518235333738,0.011372627418248309,0.14875093992500574,0.011219501978265062,0.0206914988953762,0.04157884787156525,0.034402763458379546,0.004712678470419366
ViT,2.5D-to-3D,SCS,validation,L3/L4,5,complete,0.8245901840810118,0.010089651604908836,0.46474614248465834,0.05725538547495584,0.3845382550025055,0.033176165700490076,0.38417446595623284,0.042161240648997504,0.8245901840810118,0.010089651604908836,0.2294306335637814,0.010250691095040159,0.17436874309212733,0.08510139699259119,0.05402081764479324,0.009009703459911313
ViT,2.5D-to-3D,SCS,validation,L4/L5,5,complete,0.7748770956048604,0.02964970590104058,0.5862297976093362,0.15867350368196215,0.45300076026571545,0.04715997590076058,0.4417331035394989,0.04229301004827835,0.7748770956048604,0.02964970590104058,0.3317263668007973,0.048951253013533584,0.3926519189459265,0.11504575187363289,0.10660346240565768,0.02072120936800011
ViT,2.5D-to-3D,SCS,validation,L5/S1,5,complete,0.9579094733049323,0.010790691274516333,0.31930315776831075,0.003596897091505475,0.3333333333333333,0.0,0.3261591962643968,0.0018691473882837537,0.9579094733049323,0.010790691274516333,0.05261997121866676,0.012901579249791701,0.0,0.0,0.01052944452359902,0.0025180426367010576
ViT,2.5D-to-3D,SCS,test,L1/L2,5,complete,0.9586153336069316,0.010319333289766797,0.31953844453564384,0.003439777763255585,0.3333333333333333,0.0,0.3262825881716124,0.001793835682903346,0.9586153336069316,0.010319333289766797,0.053995872593865256,0.01578662864564389,0.0,0.0,0.01261120620079686,0.006789466640852856
ViT,2.5D-to-3D,SCS,test,L2/L3,5,complete,0.9087305410883628,0.012810902276248502,0.3033340271233239,0.003915692753233682,0.3328133552271483,0.000712191944691928,0.3173818429866223,0.0023363264904821043,0.9087305410883628,0.012810902276248502,0.11582674063070171,0.020174430970960614,-0.0018609571069179002,0.0025495218453295884,0.02455728171906446,0.008192169486651394
ViT,2.5D-to-3D,SCS,test,L3/L4,5,complete,0.8167631341438522,0.017736592778286906,0.44048461276820616,0.19518001492315554,0.36253086132330586,0.032000195350642476,0.3555206539332397,0.05102598219748683,0.8167631341438522,0.017736592778286906,0.2295789030956255,0.02379797509151513,0.13766043925930466,0.08225559647499564,0.046342037239477676,0.010854961186136203
ViT,2.5D-to-3D,SCS,test,L4/L5,5,complete,0.7625556195256658,0.0224594903973494,0.4765269860621893,0.08414174282738895,0.42942403426328485,0.03765990977845446,0.4199796937297968,0.03427848866461323,0.7625556195256658,0.0224594903973494,0.3582710556529991,0.03791076810734843,0.3250359730033559,0.11047439377304698,0.12082667517866483,0.015577415951900268
ViT,2.5D-to-3D,SCS,test,L5/S1,5,complete,0.9599724046387564,0.009562620850505733,0.3199908015462521,0.003187540283501895,0.3333333333333333,0.0,0.3265193382776556,0.0016614938583072027,0.9599724046387564,0.009562620850505733,0.05055785440555956,0.008773253815734499,0.0,0.0,0.0105302590443159,0.003500649861114132
ViT,2.5D-to-3D,LFN,train,L1/L2,5,complete,0.9679938855821939,0.0020160282931952563,0.322664628527398,0.0006720094310650739,0.3333333333333333,0.0,0.3279119422512559,0.00034702825123336114,0.9679938855821939,0.0020160282931952563,0.033164590516238754,0.0016568602842524315,0.0,0.0,0.00115847609843274,0.0003962782540457985
ViT,2.5D-to-3D,LFN,train,L2/L3,5,complete,0.9094850218694143,0.0023313923397730064,0.3031616739564714,0.0007771307799243736,0.3333333333333333,0.0,0.31753197637656083,0.00042627834216168504,0.9094850218694143,0.0023313923397730064,0.09572848772533682,0.002116244143009744,0.0,0.0,0.00521350959475108,0.001073347455779698
ViT,2.5D-to-3D,LFN,train,L3/L4,5,complete,0.7766864515547409,0.007903347769040371,0.2588954838515803,0.002634449256346817,0.3333333333333333,0.0,0.2914303651367851,0.0016743626310698342,0.7766864515547409,0.007903347769040371,0.24257485238105497,0.007763217848687839,0.0,0.0,0.01926130393579592,0.0015849019177607022
ViT,2.5D-to-3D,LFN,train,L4/L5,5,complete,0.6140500172990387,0.006956699938643483,0.22042513407354508,0.03320814803180903,0.33291213407143777,0.0006092857821676792,0.2545124207501259,0.0013859727322061907,0.6140500172990387,0.006956699938643483,0.4567688738314378,0.005686470709043303,0.00057813780001314,0.0027729880341646517,0.07081889113047654,0.0038246657248634875
ViT,2.5D-to-3D,LFN,train,L5/S1,5,complete,0.6327298290178226,0.004176494157661081,0.2723789898397184,0.08398503416497534,0.3354377830192613,0.003172293043660327,0.2650724002525836,0.009321783282858143,0.6327298290178226,0.004176494157661081,0.47081834636376724,0.003920300944182627,0.0045428176501276195,0.007086972610181104,0.10354817538158989,0.0010254605070069587
ViT,2.5D-to-3D,LFN,validation,L1/L2,5,complete,0.9695281722400366,0.010461279198260409,0.32317605741334554,0.003487093066086836,0.3333333333333333,0.0,0.328168486356121,0.0017965998593113517,0.9695281722400366,0.010461279198260409,0.031147503435639,0.01000976573985236,0.0,0.0,0.00067567567567566,0.0015108567415538768
ViT,2.5D-to-3D,LFN,validation,L2/L3,5,complete,0.9119812185066423,0.0076135152762275785,0.30399373950221403,0.002537838425409194,0.3333333333333333,0.0,0.3179837829149359,0.0013887041139297072,0.9119812185066423,0.0076135152762275785,0.09140403114979383,0.009312059299737777,0.0,0.0,0.0033852496564360595,0.00338411510106035
ViT,2.5D-to-3D,LFN,validation,L3/L4,5,complete,0.7508428767750802,0.025536556118826284,0.25028095892502666,0.008512185372942105,0.3333333333333333,0.0,0.28583294227966927,0.005548407422845716,0.7508428767750802,0.025536556118826284,0.26743930371049013,0.028262153359306687,0.0,0.0,0.018282180485570263,0.003038524426626341
ViT,2.5D-to-3D,LFN,validation,L4/L5,5,complete,0.5924095281722401,0.020733829944999907,0.2642514350777072,0.08689528350808375,0.3345582590803914,0.0016826004528878056,0.2516576982946928,0.006640682461628005,0.5924095281722401,0.020733829944999907,0.4752863032524049,0.013375350112839846,0.00457848132429596,0.009847322943977891,0.06769583142464494,0.010900040927883143
ViT,2.5D-to-3D,LFN,validation,L5/S1,5,complete,0.6398121850664222,0.017949462413300695,0.28603963882894334,0.119016495219268,0.33701050902345464,0.007358875805693482,0.26996825300180693,0.017247458189131357,0.6398121850664222,0.017949462413300695,0.4712207970682547,0.02210108012612994,0.00473096902306822,0.007656820857566683,0.11103298213467702,0.005483810374518643
ViT,2.5D-to-3D,LFN,test,L1/L2,5,complete,0.9600799779371207,0.002845661759995745,0.32002665931237356,0.0009485539199985857,0.3333333333333333,0.0,0.32654391723115606,0.000493972737103244,0.9600799779371207,0.002845661759995745,0.04059569773855484,0.004139489374754568,0.0,0.0,0.00067567567567566,0.0015108567415538768
ViT,2.5D-to-3D,LFN,test,L2/L3,5,complete,0.8984923699209414,0.01144332325388814,0.29949745664031374,0.003814441084629381,0.3333333333333333,0.0,0.31550061194967605,0.00212010683334101,0.8984923699209414,0.01144332325388814,0.10759790402647543,0.011064527391348554,0.0,0.0,0.00609027394741674,0.0028293743763658347
ViT,2.5D-to-3D,LFN,test,L3/L4,5,complete,0.7699990807133663,0.018573737986475946,0.2566663602377887,0.0061912459954919655,0.3333333333333333,0.0,0.2899856707129892,0.00392706145412682,0.7699990807133663,0.018573737986475946,0.25706931421217133,0.01886831336538914,0.0,0.0,0.027068394925537743,0.00794555662751671
ViT,2.5D-to-3D,LFN,test,L4/L5,5,complete,0.60352546423975,0.015650994988788726,0.20963041989357775,0.020546193014941157,0.331595124536301,0.003886753029252415,0.2523409343314837,0.005699901790958786,0.60352546423975,0.015650994988788726,0.4682018753447325,0.024661816174375854,-0.00235663786331498,0.005269602460722152,0.07172733958448244,0.011870427705078646
ViT,2.5D-to-3D,LFN,test,L5/S1,5,complete,0.6231568302996875,0.01577547324475795,0.3473221686738918,0.17510724941142572,0.33662071976326347,0.004236567543081749,0.26622886299876136,0.01437167886301185,0.6231568302996875,0.01577547324475795,0.4695256480970766,0.018132863308600373,0.01121920816821064,0.01126013168362532,0.09268247839676405,0.005449255200256542
ViT,2.5D-to-3D,RFN,train,L1/L2,5,complete,0.9622978100762362,0.004431658618994516,0.32095377437917827,0.0016351861257408846,0.3331325301204819,0.00044900963403610796,0.32692751669898074,0.0007681426704890122,0.9622978100762362,0.004431658618994516,0.04396171660027494,0.00558218719158875,-0.00083144077909084,0.001859158101312504,0.00625952667651118,0.0013245828764408404
ViT,2.5D-to-3D,RFN,train,L2/L3,5,complete,0.915573410334309,0.004250684972606654,0.3057728481651007,0.0017392367875008917,0.3326509186351706,0.001525925653936855,0.3186406975908715,0.0007721705277614836,0.915573410334309,0.004250684972606654,0.08893790599126306,0.006461182651857904,-0.00504505151953428,0.011281078147667259,0.0045113163255721,0.0039956522057363495
ViT,2.5D-to-3D,RFN,train,L3/L4,5,complete,0.7745250428453303,0.0037541178265255537,0.40016585070752325,0.14548630460621967,0.33856813039791045,0.007687816953188483,0.3036559562336401,0.018936012055960932,0.7745250428453303,0.0037541178265255537,0.24396040313875722,0.0020473748862234785,0.01923753669364786,0.029674677256349497,0.018485445984087502,0.0023858622002534188
ViT,2.5D-to-3D,RFN,train,L4/L5,5,complete,0.6197947292929635,0.00875924434702281,0.36963592695633446,0.030035795919337596,0.3445472181301338,0.011358309666337187,0.2884568874620417,0.030286293652856813,0.6197947292929635,0.00875924434702281,0.43901045418359813,0.01189677556523994,0.03404445530060603,0.03812132507702946,0.05880518347656168,0.004329769694226991
ViT,2.5D-to-3D,RFN,train,L5/S1,5,complete,0.6497827390677042,0.0018793615247370914,0.30120962239998705,0.0792393724734039,0.3352333014315668,0.0029913142198179127,0.26897925809470286,0.008506414026082453,0.6497827390677042,0.0018793615247370914,0.4477436632025979,0.0014523354270556872,0.00297971189968852,0.007626940355994188,0.09752640227030204,0.0019114144306260309
ViT,2.5D-to-3D,RFN,validation,L1/L2,5,complete,0.9553136169722125,0.016119338888514006,0.31929557934616143,0.004585152175907118,0.33238770685579194,0.002114485085106212,0.32569686610616394,0.002809349747858478,0.9553136169722125,0.016119338888514006,0.052139476037781095,0.017855873918807053,-0.00366972477064218,0.008205754045870739,0.00745309300999368,0.002851307900809562
ViT,2.5D-to-3D,RFN,validation,L2/L3,5,complete,0.8990970579711499,0.010548029512847312,0.3003091602873186,0.00290806783881484,0.3325757575757575,0.0016939908920453187,0.31561397264698465,0.0019519967247522804,0.8990970579711499,0.010548029512847312,0.1063290080118167,0.014592063775621196,-0.00600600600600604,0.013429837702701515,0.00542606598296666,0.004559543851334227
ViT,2.5D-to-3D,RFN,validation,L3/L4,5,complete,0.7744995341242316,0.029084673813483335,0.3714270428311516,0.1650304168962189,0.3456478564858903,0.01686581763506413,0.31370495822721634,0.03421150568047215,0.7744995341242316,0.029084673813483335,0.24378733628128302,0.035339289734476496,0.04523622064632086,0.06194297533616165,0.018286870405514438,0.007034117773529132
ViT,2.5D-to-3D,RFN,validation,L4/L5,5,complete,0.6194896868504618,0.02428966449945679,0.3409371583819337,0.09044749333115001,0.3491991115766092,0.019693856053291218,0.29481738589868284,0.038763527580885394,0.6194896868504618,0.02428966449945679,0.44212772786622667,0.042548022692029466,0.058135281931286364,0.06974209088528095,0.06161741471668826,0.020560464857902402
ViT,2.5D-to-3D,RFN,validation,L5/S1,5,complete,0.6452067615869068,0.015552494654193446,0.2560333034506878,0.0924106413012652,0.33399264029756914,0.005659623135739844,0.2665319599707136,0.013535541272412896,0.6452067615869068,0.015552494654193446,0.4522764497461834,0.019412361740400903,0.0044847785982652195,0.005001934867600474,0.09748321133309022,0.008937499840775263
ViT,2.5D-to-3D,RFN,test,L1/L2,5,complete,0.954017282588711,0.023074154018158127,0.31906609955210835,0.006303642089519505,0.3321385902031063,0.002671526854838467,0.32545097397582934,0.004046428741510053,0.954017282588711,0.023074154018158127,0.05341974627688908,0.02583798856182448,-0.00469251667078292,0.010492786261421612,0.00743702886560024,0.004399587362405069
ViT,2.5D-to-3D,RFN,test,L2/L3,5,complete,0.89580805295091,0.022057136507862833,0.2991930357605638,0.006370027646629936,0.33281653746770024,0.0011555906860463885,0.31508765713240416,0.003908446815566991,0.89580805295091,0.022057136507862833,0.11027302813017097,0.027558752511403724,0.00815460758897006,0.01823425689877272,0.006081081081081021,0.006498440561375431
ViT,2.5D-to-3D,RFN,test,L3/L4,5,complete,0.7375022982165839,0.012277579775944934,0.2959790149895075,0.07707477998257578,0.33295103270789916,0.003539878572510566,0.2902018779324903,0.0131416404968668,0.7375022982165839,0.012277579775944934,0.28821014892443464,0.01774969966029626,-0.00484520593430412,0.011916269672076304,0.02571244714101852,0.008487382610203703
ViT,2.5D-to-3D,RFN,test,L4/L5,5,complete,0.5872494943923515,0.019775459954314182,0.31919828832725117,0.03387487144572516,0.3338086248346973,0.004927908242993243,0.27510309124811105,0.012446974115982189,0.5872494943923515,0.019775459954314182,0.48581540724397865,0.019617209785445285,0.00460170163849526,0.03476462066482601,0.07306490163633016,0.00806212936342778
ViT,2.5D-to-3D,RFN,test,L5/S1,5,complete,0.6563338849053135,0.029330523090200008,0.2752895523683548,0.07110008242917484,0.3324904459874617,0.004169041897564584,0.26912059406884514,0.0077444810303001895,0.6563338849053135,0.029330523090200008,0.43027670527670525,0.02365154860129416,0.0010942951049252394,0.014304271718959507,0.08661059018201869,0.008230577482383148
ViT,2.5D-to-3D,LSS,train,L1/L2,5,complete,0.9325439630942267,0.005454125013789494,0.4192809371046051,0.13591153953428975,0.34042507986451864,0.008154830574707679,0.33666582181761495,0.014179906217805292,0.9325439630942267,0.005454125013789494,0.08272729352403592,0.009847359094014579,0.0462076681806637,0.03334257977947797,0.01527125661826268,0.004496330749539415
ViT,2.5D-to-3D,LSS,train,L2/L3,5,complete,0.8276951318415675,0.011786279164131221,0.6119465233536551,0.2036071177609706,0.3810070625150808,0.043507480915595156,0.38176685696188073,0.06636250605034846,0.8276951318415675,0.011786279164131221,0.20810750147432672,0.021106630096994705,0.17902320082325832,0.15232212449511554,0.0358026333158943,0.013070670681896369
ViT,2.5D-to-3D,LSS,train,L3/L4,5,complete,0.7120291862325865,0.02450563010053881,0.538750290836173,0.14288081352161663,0.4403633177724296,0.023121280266731516,0.44511607255101326,0.04249384709507212,0.7120291862325865,0.02450563010053881,0.3341108123385769,0.021876456413090044,0.3606599722135382,0.05692988999550886,0.04613999857116336,0.00944007885787495
ViT,2.5D-to-3D,LSS,train,L4/L5,5,complete,0.5720026595383426,0.03821758351643019,0.5637540720486531,0.07682148175940094,0.5092396047658543,0.04530070143581565,0.4825455078813192,0.07514986288285815,0.5720026595383426,0.03821758351643019,0.5207169690851399,0.08173634042178156,0.4467814968330436,0.08002137957132655,0.09271962862348243,0.046394649111330344
ViT,2.5D-to-3D,LSS,train,L5/S1,5,complete,0.717431900453024,0.006930008697643566,0.38049592056946346,0.1516575075355976,0.34559905602700913,0.014489189398587583,0.30609828952450496,0.03162510346290706,0.717431900453024,0.006930008697643566,0.3537017730438043,0.00785242891978341,0.05168030907026903,0.06240181655265589,0.07113367349682824,0.008861229242057156
ViT,2.5D-to-3D,LSS,validation,L1/L2,5,complete,0.9372578847842237,0.011143547075916317,0.3637812557161463,0.11444248526430326,0.34740023110021373,0.03516758700364665,0.34616306506355954,0.054358934470279535,0.9372578847842237,0.011143547075916317,0.07900664296845153,0.020984533004983326,0.05966044528789307,0.1524759492678577,0.01626452775267522,0.011976471276392236
ViT,2.5D-to-3D,LSS,validation,L2/L3,5,complete,0.8376486587746464,0.024205422201085545,0.49532621654523606,0.21035994103586006,0.39205183415711914,0.054478627024882,0.39401468543292906,0.07355553579889383,0.8376486587746464,0.024205422201085545,0.19114909186024193,0.036988998185613325,0.2610436562096194,0.19625528222074337,0.02879775063488842,0.014464629743106153
ViT,2.5D-to-3D,LSS,validation,L3/L4,5,complete,0.710753740455233,0.034507859055283495,0.5236320925305838,0.11434273740883688,0.44934036538510524,0.028989962682780524,0.44788874909047227,0.035153703349586785,0.710753740455233,0.034507859055283495,0.320995857457666,0.03998058175844118,0.39484655868308727,0.07577793877298994,0.031749597912899,0.0069262486763291406
ViT,2.5D-to-3D,LSS,validation,L4/L5,5,complete,0.5522860898409625,0.03536229445238653,0.5363679403795735,0.027588080330651268,0.5153317013491312,0.04030212765950663,0.4790023756638643,0.05790290371386015,0.5522860898409625,0.03536229445238653,0.5349267122335604,0.06673490975787347,0.4477787533827722,0.059632443361329474,0.08721280207452282,0.03724522784799335
ViT,2.5D-to-3D,LSS,validation,L5/S1,5,complete,0.7161033641674555,0.021743942564626605,0.32184396030224305,0.09586863219879095,0.346549187566086,0.018912258966405228,0.31023364011155347,0.03931789070693602,0.7161033641674555,0.021743942564626605,0.3428669301628037,0.01840337755406171,0.0781833186023986,0.07783663606114304,0.05897029433025917,0.012372350345188772
ViT,2.5D-to-3D,LSS,test,L1/L2,5,complete,0.9296451037493995,0.013362834019842113,0.4223340561889695,0.15437934045570226,0.34414655745425404,0.020021242487700146,0.34262011690082883,0.033009944002197665,0.9296451037493995,0.013362834019842113,0.08588136415609778,0.020918677514135915,0.029692246052590566,0.0656391005365862,0.015526467905497322,0.007949763680449085
ViT,2.5D-to-3D,LSS,test,L2/L3,5,complete,0.824364528640794,0.017898564812624054,0.5218265717505497,0.24535751608514436,0.3849414395344436,0.04715241386030077,0.381494676762714,0.06315763334306539,0.824364528640794,0.017898564812624054,0.20666660035872592,0.02696260411074663,0.19768256594147848,0.17198460771617274,0.03103112899951998,0.01322952298652182
ViT,2.5D-to-3D,LSS,test,L3/L4,5,complete,0.691058446170888,0.04223374545738266,0.5461154426517412,0.16262413050314348,0.4544953791065119,0.052011025169992,0.4627752663515029,0.07455180175805838,0.691058446170888,0.04223374545738266,0.34075728655551807,0.045729109236160845,0.37744689520266966,0.10437191048666708,0.031815732726405935,0.009835425136182482
ViT,2.5D-to-3D,LSS,test,L4/L5,5,complete,0.5479470775356037,0.03199774248882526,0.545862299603314,0.01773436053664924,0.4938785815104101,0.04038278969797543,0.4710079193053205,0.05476702022593966,0.5479470775356037,0.03199774248882526,0.5528698952343037,0.06485799560981514,0.434984008309209,0.039624843563440725,0.10081697276990735,0.05406950626402089
ViT,2.5D-to-3D,LSS,test,L5/S1,5,complete,0.712449846898082,0.011579915914049877,0.43042101658915205,0.14541268288569173,0.3487502289891782,0.018749817574713425,0.3129665275106285,0.03890290352355518,0.712449846898082,0.011579915914049877,0.35868139292354284,0.013778901704050998,0.06165298257358611,0.09853932342687273,0.07113123982162478,0.004171986526766253
ViT,2.5D-to-3D,RSS,train,L1/L2,5,complete,0.9225554414205863,0.009302932478335748,0.3936034958612685,0.08107283992395002,0.34388793642891125,0.018469996967552246,0.34195059279638934,0.028675102152832144,0.9225554414205863,0.009302932478335748,0.09235795302864551,0.01400686612093326,0.03986071346252784,0.07260588144373482,0.01491339444923192,0.005102931579010481
ViT,2.5D-to-3D,RSS,train,L2/L3,5,complete,0.8341514114555121,0.006073465276238764,0.41163869175057916,0.01750246341173868,0.35778837589120194,0.025588830346638246,0.3458678103021809,0.03473803629229598,0.8341514114555121,0.006073465276238764,0.19362246705589176,0.0019433917474754407,0.12478706377932999,0.10047085546231987,0.02777387851140382,0.005561753054288076
ViT,2.5D-to-3D,RSS,train,L3/L4,5,complete,0.6922744924500889,0.013199138534601387,0.5171624382186051,0.12193522059272588,0.4224510836816796,0.03334074172297763,0.4088077936672237,0.03266613300317208,0.6922744924500889,0.013199138534601387,0.3686445308762467,0.021615027711999243,0.28254811215116293,0.11105718393205766,0.060919023326335565,0.022859574858387983
ViT,2.5D-to-3D,RSS,train,L4/L5,5,complete,0.5259321662143271,0.04494838247989794,0.5130757493490334,0.028997101017941753,0.4718978652674565,0.034443748945965816,0.4470784114054468,0.03767444380345816,0.5259321662143271,0.04494838247989794,0.6000819147802087,0.07557639057914668,0.35242833750991737,0.0780118390715114,0.12601408099453573,0.032808358372010994
ViT,2.5D-to-3D,RSS,train,L5/S1,5,complete,0.7168715634645337,0.009156774999607929,0.39535139796330004,0.11051226494201652,0.35549807006010836,0.015398050606270176,0.32418517467370944,0.030342990305851004,0.7168715634645337,0.009156774999607929,0.3599462308947451,0.011285822563373722,0.08859635008272296,0.06258401732069961,0.07681779435927873,0.0074300576024621656
ViT,2.5D-to-3D,RSS,validation,L1/L2,5,complete,0.9353629919987304,0.017617284593866606,0.36008278901524704,0.07704218259297406,0.3473595748732063,0.021371968831757557,0.3431689882909884,0.03146832513240969,0.9353629919987304,0.017617284593866606,0.07575623021973625,0.018552111478499004,0.10513635488575104,0.15832374378052166,0.01111922221846668,0.003739258533171174
ViT,2.5D-to-3D,RSS,validation,L2/L3,5,complete,0.8390689775872209,0.020961886196718627,0.4364916221964236,0.11093631813278061,0.3608613859480686,0.03603332002024692,0.3495247286053849,0.04497047602713573,0.8390689775872209,0.020961886196718627,0.18550180658556487,0.02794527327480006,0.12965373093031843,0.15308020246090168,0.02457078417278576,0.01131986931853149
ViT,2.5D-to-3D,RSS,validation,L3/L4,5,complete,0.6712904115975913,0.03791654936288999,0.47294045252057,0.14890300520348512,0.4075360426930704,0.021195756854552234,0.39614017090743503,0.02578803196607436,0.6712904115975913,0.03791654936288999,0.3679229999299735,0.03533634946333684,0.33416147836105003,0.052591276229899946,0.03921341152756476,0.014604276910962057
ViT,2.5D-to-3D,RSS,validation,L4/L5,5,complete,0.512991687708859,0.07523864526901904,0.5072283862329272,0.02190681686753212,0.4832308676320288,0.018250203107265373,0.46086574791248286,0.05027762764777177,0.512991687708859,0.07523864526901904,0.6097111505058929,0.1259523031269555,0.3662604395241932,0.07608884731403433,0.12270283821475196,0.05112967370572299
ViT,2.5D-to-3D,RSS,validation,L5/S1,5,complete,0.6932596368137374,0.03659409635931278,0.35521152969933223,0.07577803703710893,0.3552714695916139,0.015671752203423563,0.32103848369616966,0.03128649580765145,0.6932596368137374,0.03659409635931278,0.38979755538177435,0.03731432885103563,0.07976516391009836,0.06414407032834882,0.08305719219551164,0.012906195277572287
ViT,2.5D-to-3D,RSS,test,L1/L2,5,complete,0.9087356731495149,0.018283997317600557,0.37952752756120006,0.07175013490469243,0.3426791732125824,0.017009120084844353,0.340783813009473,0.024551913969901765,0.9087356731495149,0.018283997317600557,0.10943307215367075,0.028114799035164683,0.02299982041175914,0.0541753419362524,0.01816874530318562,0.011003904632591276
ViT,2.5D-to-3D,RSS,test,L2/L3,5,complete,0.8363370298012821,0.015967807430701902,0.4289714186781078,0.07903396540270154,0.38106256166468283,0.03851368328674808,0.3741255559113478,0.039488474393143166,0.8363370298012821,0.015967807430701902,0.19436418306942532,0.021342650625834157,0.19222813715899584,0.07569084741696193,0.03070121287070754,0.0096097664068789
ViT,2.5D-to-3D,RSS,test,L3/L4,5,complete,0.6997447013742701,0.031064531825910464,0.5067181470166846,0.13166775784792367,0.44463652200963805,0.03211805659042872,0.4402258094361363,0.04668395643507594,0.6997447013742701,0.031064531825910464,0.3499858262849075,0.019218782806504027,0.3496343520259907,0.04419461572922553,0.04973052765917768,0.018527321844351973
ViT,2.5D-to-3D,RSS,test,L4/L5,5,complete,0.5142074119451887,0.04441384437660925,0.5044292163017994,0.04272545462402845,0.47567280255113176,0.04538403274403299,0.45860848948425426,0.05061281954712141,0.5142074119451887,0.04441384437660925,0.6040536344977424,0.064871161012962,0.35655884186492426,0.06481858128685301,0.11826104644293109,0.021910094457284698
ViT,2.5D-to-3D,RSS,test,L5/S1,5,complete,0.6876848759661268,0.028488371185776417,0.35488201454063845,0.1037134452315212,0.35526979232777,0.023514320905815518,0.32228142150618616,0.04169594972827463,0.6876848759661268,0.028488371185776417,0.38010376698983606,0.042140283648119656,0.0750578708777058,0.06393433971915856,0.06778864295596276,0.02015793910922826
ViT,2D,SCS,train,L1/L2,5,complete,0.9699018004013681,0.0054286897423429055,0.7156372291825712,0.10160300416065852,0.6322036776938496,0.16078376977266484,0.6370573982675921,0.11865473842813097,0.9699018004013681,0.0054286897423429055,0.03114970799074428,0.005276209644582591,0.7159489738346791,0.10482189942945634,0.00105150839211246,0.0008540666671357063
ViT,2D,SCS,train,L2/L3,5,complete,0.9346962122400575,0.0062280491646854235,0.7671280498180839,0.030401038953192544,0.6556442846078645,0.05604027348311938,0.6925126573578237,0.047712207299295366,0.9346962122400575,0.0062280491646854235,0.07041547420391407,0.008364725464431942,0.7257085010078811,0.053797877632633315,0.00511168644397152,0.003416264127964846
ViT,2D,SCS,train,L3/L4,5,complete,0.907456341897521,0.01842442691476055,0.7908762787881749,0.03154053672266419,0.7191991892241265,0.07144228125939797,0.7478530651902122,0.05568968581279941,0.907456341897521,0.01842442691476055,0.09750913717594929,0.02094518143862189,0.810745773702366,0.05719818957640971,0.00496547907347024,0.002637866347970392
ViT,2D,SCS,train,L4/L5,5,complete,0.8754150730487117,0.01623025619022727,0.7608986689033235,0.04356746769635899,0.7099842247726764,0.06264814729015704,0.7235553338287952,0.06439858091658539,0.8754150730487117,0.01623025619022727,0.1406825797923712,0.023995615986825217,0.8207134229318884,0.03969538752788726,0.016097652841082898,0.007865422566384115
ViT,2D,SCS,train,L5/S1,5,complete,0.9649370875547115,0.004609154063143335,0.6565079749460776,0.07856207372625239,0.5540196774211965,0.04748950601785166,0.5643696405304931,0.04795489008105114,0.9649370875547115,0.004609154063143335,0.041988282361639,0.009860390168374948,0.5100244753485796,0.07146601722331165,0.00692536991635036,0.006253581810348185
ViT,2D,SCS,validation,L1/L2,5,complete,0.9579293152736879,0.011003112737701418,0.6491473072173819,0.1474600238715815,0.5910297988918495,0.09163251745519513,0.6063173137798652,0.09819422472009656,0.9579293152736879,0.011003112737701418,0.0434644298700572,0.011391049540221533,0.7044165205420493,0.09958323039638045,0.00139374514374512,0.0019084834445829394
ViT,2D,SCS,validation,L2/L3,5,complete,0.9143786338485045,0.012087493401586116,0.6803937491488499,0.09442433406725007,0.6129586086411122,0.06584505182356809,0.6133779322390329,0.04767014072721341,0.9143786338485045,0.012087493401586116,0.09333376956018107,0.013911668375891346,0.6871299568551776,0.0707061948093727,0.00771240340868556,0.002898283858503891
ViT,2D,SCS,validation,L3/L4,5,complete,0.8969150265880774,0.01678751138735998,0.7546431247615596,0.05838532408873448,0.6856014310641456,0.06149622583297035,0.7104970964676902,0.05805425859557351,0.8969150265880774,0.01678751138735998,0.10800988653311785,0.015874577410300586,0.7955913584745188,0.0323856180805725,0.00492491312119528,0.001967058199465338
ViT,2D,SCS,validation,L4/L5,5,complete,0.8765063064937134,0.007210275814400336,0.7366698006623696,0.03193869432662222,0.7151073443222334,0.015404103143112264,0.7191354874833692,0.012114806360043329,0.8765063064937134,0.007210275814400336,0.13190790369151012,0.00968283796277303,0.8460347851624637,0.021865360803313773,0.00841421018522358,0.004690572832315684
ViT,2D,SCS,validation,L5/S1,5,complete,0.9543759551498632,0.008305790991789725,0.49062784494553346,0.1688313040683742,0.4914037767350711,0.13084693495352864,0.4716433250622714,0.11014821709516022,0.9543759551498632,0.008305790991789725,0.0526370968099973,0.01222562301590421,0.4159259515559091,0.1176626278366934,0.00701305195986042,0.00431324061518421
ViT,2D,SCS,test,L1/L2,5,complete,0.9607755522427363,0.01913823501266127,0.5167227082257526,0.1153339796644773,0.6018283762098852,0.14345709831683925,0.5368707669282882,0.10172544241992437,0.9607755522427363,0.01913823501266127,0.03992131186876206,0.020388710481802734,0.705373973199251,0.08048423740003821,0.00069686411149824,0.0015582355243900572
ViT,2D,SCS,test,L2/L3,5,complete,0.9291677189951711,0.0152123701368979,0.6559882409481664,0.10362237795540011,0.5801683186507895,0.03924440803516873,0.5854883686274539,0.035338115977952445,0.9291677189951711,0.0152123701368979,0.07713386791639858,0.016430383441663043,0.6730921259139782,0.0574057823034703,0.00630158691156972,0.005177618931406583
ViT,2D,SCS,test,L3/L4,5,complete,0.8882884394193515,0.008402308282142272,0.734327398661451,0.038174797809856435,0.6975145721536161,0.0410358300335855,0.7037570424907114,0.02132788689743563,0.8882884394193515,0.008402308282142272,0.11593017564165775,0.007999372458519343,0.7789673950157361,0.02621398240812051,0.004218615061009319,0.0029349837344973995
ViT,2D,SCS,test,L4/L5,5,complete,0.8679247854422177,0.027854125483084247,0.7169603371765858,0.07000085381218239,0.694086601268927,0.06821507694233706,0.699745515948438,0.06886826883764835,0.8679247854422177,0.027854125483084247,0.14753028723209244,0.034738239956438634,0.818082767233124,0.05260332784773106,0.015455072674310299,0.008828065014062289
ViT,2D,SCS,test,L5/S1,5,complete,0.9522774002247172,0.014400702012646562,0.5675883574794299,0.2336900191824932,0.41809070922211883,0.08932034499485475,0.4485313207594002,0.12101650377873406,0.9522774002247172,0.014400702012646562,0.057543501048561284,0.011084401579414892,0.27939666297019156,0.04784894549778212,0.009820901273278379,0.004581292476460812
ViT,2D,LFN,train,L1/L2,5,complete,0.9679938855821939,0.0020160282931952563,0.322664628527398,0.0006720094310650739,0.3333333333333333,0.0,0.3279119422512559,0.00034702825123336114,0.9679938855821939,0.0020160282931952563,0.033164590516238754,0.0016568602842524315,0.0,0.0,0.00115847609843274,0.0003962782540457985
ViT,2D,LFN,train,L2/L3,5,complete,0.9094850218694143,0.0023313923397730064,0.3031616739564714,0.0007771307799243736,0.3333333333333333,0.0,0.31753197637656083,0.00042627834216168504,0.9094850218694143,0.0023313923397730064,0.09572848772533682,0.002116244143009744,0.0,0.0,0.00521350959475108,0.001073347455779698
ViT,2D,LFN,train,L3/L4,5,complete,0.7766864515547409,0.007903347769040371,0.2588954838515803,0.002634449256346817,0.3333333333333333,0.0,0.2914303651367851,0.0016743626310698342,0.7766864515547409,0.007903347769040371,0.24257485238105497,0.007763217848687839,0.0,0.0,0.01926130393579592,0.0015849019177607022
ViT,2D,LFN,train,L4/L5,5,complete,0.6152079692854241,0.0061138940426885315,0.2050693230951414,0.0020379646808961808,0.3333333333333333,0.0,0.25391839197572785,0.0015611851127454754,0.6152079692854241,0.0061138940426885315,0.4560452848299906,0.005237688097585192,0.0,0.0,0.07125325411541475,0.004061890605710745
ViT,2D,LFN,train,L5/S1,5,complete,0.6327297242257878,0.004028369091105668,0.21090990807526255,0.0013427896970352325,0.3333333333333333,0.0,0.2583505146614495,0.0010089695669500303,0.6327297242257878,0.004028369091105668,0.47154256411742423,0.00403458680440906,0.0,0.0,0.1042722883432119,5.339006297734564e-05
ViT,2D,LFN,validation,L1/L2,5,complete,0.9695281722400366,0.010461279198260409,0.32317605741334554,0.003487093066086836,0.3333333333333333,0.0,0.328168486356121,0.0017965998593113517,0.9695281722400366,0.010461279198260409,0.031147503435639,0.01000976573985236,0.0,0.0,0.00067567567567566,0.0015108567415538768
ViT,2D,LFN,validation,L2/L3,5,complete,0.9119812185066423,0.0076135152762275785,0.30399373950221403,0.002537838425409194,0.3333333333333333,0.0,0.3179837829149359,0.0013887041139297072,0.9119812185066423,0.0076135152762275785,0.09140403114979383,0.009312059299737777,0.0,0.0,0.0033852496564360595,0.00338411510106035
ViT,2D,LFN,validation,L3/L4,5,complete,0.7508428767750802,0.025536556118826284,0.25028095892502666,0.008512185372942105,0.3333333333333333,0.0,0.28583294227966927,0.005548407422845716,0.7508428767750802,0.025536556118826284,0.26743930371049013,0.028262153359306687,0.0,0.0,0.018282180485570263,0.003038524426626341
ViT,2D,LFN,validation,L4/L5,5,complete,0.5917315620705452,0.02222646774840498,0.197243854023515,0.007408822582801669,0.3333333333333333,0.0,0.24776907422601732,0.0059531454355008255,0.5917315620705452,0.02222646774840498,0.47664223545579476,0.015957179206861783,0.0,0.0,0.06837379752633985,0.009620421853860944
ViT,2D,LFN,validation,L5/S1,5,complete,0.6391342189647274,0.014021893808618836,0.21304473965490905,0.004673964602872923,0.3333333333333333,0.0,0.2599240740230703,0.00347990152858188,0.6391342189647274,0.014021893808618836,0.4725767292716445,0.01881215445264815,0.0,0.0,0.11171094823637193,0.005294722398233445
ViT,2D,LFN,test,L1/L2,5,complete,0.9600799779371207,0.002845661759995745,0.32002665931237356,0.0009485539199985857,0.3333333333333333,0.0,0.32654391723115606,0.000493972737103244,0.9600799779371207,0.002845661759995745,0.04059569773855484,0.004139489374754568,0.0,0.0,0.00067567567567566,0.0015108567415538768
ViT,2D,LFN,test,L2/L3,5,complete,0.8984923699209414,0.01144332325388814,0.29949745664031374,0.003814441084629381,0.3333333333333333,0.0,0.31550061194967605,0.00212010683334101,0.8984923699209414,0.01144332325388814,0.10759790402647543,0.011064527391348554,0.0,0.0,0.00609027394741674,0.0028293743763658347
ViT,2D,LFN,test,L3/L4,5,complete,0.7699990807133663,0.018573737986475946,0.2566663602377887,0.0061912459954919655,0.3333333333333333,0.0,0.2899856707129892,0.00392706145412682,0.7699990807133663,0.018573737986475946,0.25706931421217133,0.01886831336538914,0.0,0.0,0.027068394925537743,0.00794555662751671
ViT,2D,LFN,test,L4/L5,5,complete,0.6076070968928111,0.019558075634379144,0.20253569896427037,0.0065193585447930625,0.3333333333333333,0.0,0.25192221329623005,0.00507872376672981,0.6076070968928111,0.019558075634379144,0.4648005148005148,0.02561186118258049,0.0,0.0,0.07240761169332595,0.012421032527729695
ViT,2D,LFN,test,L5/S1,5,complete,0.6238279095421954,0.015345591568623036,0.20794263651406503,0.005115197189541019,0.3333333333333333,0.0,0.25608475335041087,0.0038858194233497467,0.6238279095421954,0.015345591568623036,0.4708861923147637,0.016375945453823128,0.0,0.0,0.09471410185695896,0.00515619116610022
ViT,2D,RFN,train,L1/L2,5,complete,0.9679773174588753,0.004390650885255045,0.5493423036247499,0.1776016591233431,0.47388843830286353,0.11703419977600753,0.49574677174682585,0.13296570347732173,0.9679773174588753,0.004390650885255045,0.03391327589313068,0.006210980327565103,0.46703023830758583,0.26487867068001036,0.0018905933520061001,0.0025994873823209407
ViT,2D,RFN,train,L2/L3,5,complete,0.9296973327338323,0.006558048151463546,0.4876896040284606,0.10204238966149437,0.4123780716762072,0.05386391295410815,0.43142655421647236,0.06984212172950825,0.9296973327338323,0.006558048151463546,0.07073871377779553,0.0073801436152490085,0.34925737608427176,0.2104864962487226,0.00043604651162790003,0.0009750296413516369
ViT,2D,RFN,train,L3/L4,5,complete,0.8286956842087433,0.031124113827282786,0.6211433249509698,0.23864215576284475,0.47528151258712786,0.08492092586088285,0.48496727006907114,0.11527936846827205,0.8286956842087433,0.031124113827282786,0.1761030505259235,0.03901640653170229,0.4510112539929712,0.2547170191928346,0.0047987347346669,0.007986811383724547
ViT,2D,RFN,train,L4/L5,5,complete,0.7477909152501658,0.07147832094602981,0.6274878307571109,0.23559188838939307,0.5926300839275983,0.15178680382876159,0.5951398763086473,0.1933595061216437,0.7477909152501658,0.07147832094602981,0.2674737823534212,0.10052734090984422,0.5369974294717796,0.3016986794512902,0.015264697603587122,0.029657122274016533
ViT,2D,RFN,train,L5/S1,5,complete,0.7621961138938975,0.06603526662182868,0.6175945728666022,0.22549609903408957,0.5999199064932078,0.15324975128659762,0.6003662209465432,0.19121798538869006,0.7621961138938975,0.06603526662182868,0.2655814967456026,0.1025053925113248,0.5684841775707005,0.31883656822685175,0.0277776106395002,0.037301445378602464
ViT,2D,RFN,validation,L1/L2,5,complete,0.9607236188107858,0.012838765765359703,0.4730551951449972,0.0983914015832024,0.4722602825542504,0.14727373413133746,0.4597712822432105,0.10790574324329942,0.9607236188107858,0.012838765765359703,0.04266622727881804,0.016391479624011763,0.41419385319505364,0.24158029247417206,0.00338984608960392,0.004151685481491335
ViT,2D,RFN,validation,L2/L3,5,complete,0.918746809763759,0.019198611366547994,0.5043593764133565,0.11884430871532388,0.4201118294850589,0.055343441480547186,0.44079150484874374,0.07723456355896739,0.918746809763759,0.019198611366547994,0.08328708854132578,0.023343535370450846,0.3586729066314859,0.22395498084249277,0.00203389830508474,0.004547934869491085
ViT,2D,RFN,validation,L3/L4,5,complete,0.8171590303551562,0.033346466558031446,0.5165641773966941,0.20565377275275137,0.47172914735971316,0.08511876238152678,0.47524961891514916,0.11747991819108088,0.8171590303551562,0.033346466558031446,0.18623080015331828,0.040383885980255774,0.4458990428748738,0.2517233717792755,0.00338983050847456,0.007579891449151793
ViT,2D,RFN,validation,L4/L5,5,complete,0.7284390357150647,0.07076206734737704,0.628585260826598,0.24213279445241945,0.5735507041515009,0.145252567427615,0.5741702248505958,0.18994220982868534,0.7284390357150647,0.07076206734737704,0.28105019928264474,0.08969051865576054,0.5270969786471332,0.29934763634372374,0.009489234997709541,0.019385279430111226
ViT,2D,RFN,validation,L5/S1,5,complete,0.7183245144141027,0.04786293831019132,0.5394066709792479,0.18361404106865303,0.541737509786678,0.12136909445874043,0.5342120432733312,0.15636942031835954,0.7183245144141027,0.04786293831019132,0.31622202797747595,0.08923975501022584,0.5031255397665448,0.285069058146531,0.034546542391578686,0.04183069838047483
ViT,2D,RFN,test,L1/L2,5,complete,0.9594226879941166,0.014088991789688574,0.40230757719589744,0.0795136837155796,0.39870995550343374,0.0630593273260646,0.3996557230024876,0.07035486426941184,0.9594226879941166,0.014088991789688574,0.04328461114175393,0.01495077415362981,0.32542737679472267,0.31210557444121,0.0027072991358705204,0.0028279459344993335
ViT,2D,RFN,test,L2/L3,5,complete,0.9059431880860451,0.010912120145971484,0.4558567978506395,0.09110033363925649,0.41765573658486305,0.050368532639708155,0.42691646766438174,0.06417075995746793,0.9059431880860451,0.010912120145971484,0.09405681191395475,0.010912120145971538,0.3581203166482972,0.20366545767968877,0.0,0.0
ViT,2D,RFN,test,L3/L4,5,complete,0.7976374333517191,0.02926285613464821,0.5073519898185013,0.1998527227252157,0.45207311661348004,0.06924103711770876,0.4502989792589268,0.0954304415971186,0.7976374333517191,0.02926285613464821,0.20915609487038056,0.040194258796478005,0.42216737107174884,0.23863417446725155,0.0067935282220996,0.011537969705773171
ViT,2D,RFN,test,L4/L5,5,complete,0.7251103143960288,0.08253398292474873,0.6311069141841015,0.25108017818148737,0.5731106799276894,0.14363160004774303,0.571351998060229,0.18920671090118835,0.7251103143960288,0.08253398292474873,0.293914322485751,0.11562230035655333,0.5242850065662423,0.29620370522400785,0.019024636881779723,0.03338721990725286
ViT,2D,RFN,test,L5/S1,5,complete,0.7347076668505241,0.032667087717710035,0.5603605533828654,0.18907782941231752,0.5448708654540542,0.12180912120411909,0.5433723997840757,0.15546707248730005,0.7347076668505241,0.032667087717710035,0.2931237359808788,0.06820588115273091,0.5015015560053796,0.28160374536674204,0.027831402831402802,0.03778546244191893
ViT,2D,LSS,train,L1/L2,5,complete,0.9501950410520225,0.0050051709567440076,0.6224310049624654,0.11966937416140468,0.5374975844590801,0.10638997466778814,0.5622419707114926,0.09889741496336872,0.9501950410520225,0.0050051709567440076,0.05235172972954244,0.005859097889625889,0.6315727831357829,0.0808886818184688,0.0025467707815650205,0.0008753025054186998
ViT,2D,LSS,train,L2/L3,5,complete,0.8906930720863379,0.006321892163342523,0.7442419798133999,0.014313035653569159,0.6803445444192707,0.05699763258962304,0.7024388373762144,0.03202454806257375,0.8906930720863379,0.006321892163342523,0.11408035351819534,0.005965419161519477,0.7429885799949375,0.03287355566442299,0.00477342560453326,0.0009735216381683179
ViT,2D,LSS,train,L3/L4,5,complete,0.8214676726994592,0.012013815346561041,0.7445689518540063,0.01803284440893783,0.727774360653275,0.03523574956913825,0.733775434020049,0.019459151111143182,0.8214676726994592,0.012013815346561041,0.18028317168567248,0.012133179656234403,0.7871741017109019,0.020112727476275124,0.0017508443851316801,0.00036075620426661735
ViT,2D,LSS,train,L4/L5,5,complete,0.7629199160262861,0.00970017677477329,0.7557409696868123,0.012176019542374149,0.744770907871931,0.014653752648932443,0.7484177481063956,0.01073377329325592,0.7629199160262861,0.00970017677477329,0.2428065158751096,0.008987215513583469,0.7946660435123132,0.009134221457234136,0.00572643190139558,0.002595071046223374
ViT,2D,LSS,train,L5/S1,5,complete,0.8112921358460976,0.010820654685726702,0.7331135206095755,0.01762332900925824,0.6579948106381555,0.05368892803609363,0.684107432875292,0.03424908561124285,0.8112921358460976,0.010820654685726702,0.19634424800874323,0.010996641420846305,0.6991211708340426,0.033027228659521346,0.007636383854840981,0.0022875930198677993
ViT,2D,LSS,validation,L1/L2,5,complete,0.9446272855359774,0.015063692618567314,0.544758382867693,0.06407415395136318,0.48650545850997473,0.0374612024282004,0.5052563331657095,0.040226584309452584,0.9446272855359774,0.015063692618567314,0.06053364221055172,0.017322944212907806,0.5376318913988607,0.09020238408207948,0.0051609277465291,0.0033041465575768436
ViT,2D,LSS,validation,L2/L3,5,complete,0.883347824012881,0.02860771382285095,0.7228137134719205,0.09528912453037734,0.6800274382366684,0.06192431153794088,0.695581959577859,0.07370575475078645,0.883347824012881,0.02860771382285095,0.11813918538457605,0.03045601134989097,0.7511775066359947,0.056837659854058566,0.00148700939745714,0.002036194924616242
ViT,2D,LSS,validation,L3/L4,5,complete,0.8067542494737403,0.017140649808587722,0.7103050780287095,0.02301482912512892,0.7261536884555284,0.04034043495628357,0.7159894312306385,0.02814614194241692,0.8067542494737403,0.017140649808587722,0.19546536065631762,0.01882487652218963,0.7618360832234555,0.02923773341276542,0.0022196101300578598,0.002026363368985277
ViT,2D,LSS,validation,L4/L5,5,complete,0.7300632771286855,0.013101476442860749,0.7250036304424985,0.011754107627376676,0.7199700343128087,0.011878425572255668,0.7192527583553445,0.01014204147628222,0.7300632771286855,0.013101476442860749,0.27511668387217114,0.016956779326360725,0.7680798229136129,0.015133358173158938,0.00517996100085648,0.004237443000842999
ViT,2D,LSS,validation,L5/S1,5,complete,0.7824322258562819,0.021892727459131404,0.6564989427012627,0.06207279309208088,0.6027711210427382,0.05445297985297116,0.6189589522547804,0.05082967447684535,0.7824322258562819,0.021892727459131404,0.2337829955301421,0.02202152468639216,0.6004157505183341,0.05064262690553978,0.016215221386424138,0.0032232141315098684
ViT,2D,LSS,test,L1/L2,5,complete,0.9436923338754433,0.015104608015205561,0.5664963683406882,0.12834671498560013,0.5113861849429988,0.07481628586480651,0.5216051033857741,0.06912754584571822,0.9436923338754433,0.015104608015205561,0.06002304229276306,0.018191684585202345,0.5621640455024645,0.1279077338743724,0.0037153761682063398,0.003719122082900531
ViT,2D,LSS,test,L2/L3,5,complete,0.8718094198704099,0.021478257631475876,0.6972212663767099,0.06156333905885651,0.6528329658398512,0.09241107270574701,0.6647580446528598,0.07476725451227492,0.8718094198704099,0.021478257631475876,0.1348603496678411,0.023298014161975616,0.682262886304142,0.09012172304597371,0.006669769538251019,0.004054576518623642
ViT,2D,LSS,test,L3/L4,5,complete,0.777691622793621,0.024714284553535717,0.6808595733708265,0.04017525009456051,0.6750758026635055,0.038784012149288095,0.6743024575200541,0.035761532799650865,0.777691622793621,0.024714284553535717,0.2260233237898071,0.02410056004883248,0.7155580234585781,0.03873837186378997,0.0037149465834280795,0.002619125827534581
ViT,2D,LSS,test,L4/L5,5,complete,0.7273818782835005,0.025030821232184603,0.7160865450505167,0.028424062007989165,0.7120292315346051,0.028377793965073356,0.7123189080253054,0.027174889689185716,0.7273818782835005,0.025030821232184603,0.27708778528105965,0.021293821243797695,0.7798537778295465,0.014783029646740345,0.0044696635645601595,0.004851377966842738
ViT,2D,LSS,test,L5/S1,5,complete,0.7730903368332874,0.01923817857883782,0.6834002109144406,0.07188702365485995,0.6102289595280587,0.06746436164626948,0.6300449135383595,0.05507122771156242,0.7730903368332874,0.01923817857883782,0.23950020134661223,0.01294214126485288,0.63050481485544,0.021511342034659677,0.0125905381798997,0.009951513940286573
ViT,2D,RSS,train,L1/L2,5,complete,0.9431776052059732,0.005121627662484397,0.5715043913412051,0.16043372488541202,0.48528421053721604,0.05266274996407171,0.5015474757092431,0.05743497825534749,0.9431776052059732,0.005121627662484397,0.05888601733215115,0.005152717857315747,0.583379927681939,0.08243197315761229,0.00206362253812434,0.0014429854600814364
ViT,2D,RSS,train,L2/L3,5,complete,0.8819262617055733,0.007729244735169297,0.6678900012658148,0.10287930496954445,0.6017462967009931,0.07528226248794324,0.6250573298064391,0.07999567825041365,0.8819262617055733,0.007729244735169297,0.12077304353426761,0.007442091122064676,0.6802664112110481,0.04968998172832333,0.0026993052398409,0.0013304123100207274
ViT,2D,RSS,train,L3/L4,5,complete,0.8042991739457437,0.009829571367390664,0.7247819123623681,0.02020371296700215,0.6934856907242523,0.0335737818778459,0.7051761502343538,0.024917567052549525,0.8042991739457437,0.009829571367390664,0.19998618290901823,0.009885327278689278,0.7567340463272224,0.01860084291423036,0.00428535685476168,0.00043861706190319864
ViT,2D,RSS,train,L4/L5,5,complete,0.7268460701885104,0.018150972254180973,0.7076579588552708,0.020184499422666296,0.7031504900748128,0.022849859867100104,0.7039573230606124,0.021089832205377985,0.7268460701885104,0.018150972254180973,0.2812548709879573,0.02137318381088869,0.7650474677113819,0.024075100038841318,0.008100941176467818,0.003879070021784714
ViT,2D,RSS,train,L5/S1,5,complete,0.7868517453287186,0.015139956297141047,0.6129268049204852,0.09995309097915626,0.5699210170947773,0.06584728875070885,0.5846194792936117,0.079664499638393,0.7868517453287186,0.015139956297141047,0.22933968279493366,0.01730995961799737,0.6295349542366943,0.06884840107450728,0.016191428123652263,0.0027498724005300935
ViT,2D,RSS,validation,L1/L2,5,complete,0.9487512156168473,0.01334345504582856,0.48300474128380966,0.030846335104177173,0.46420106544520134,0.03029808046082128,0.4702863867076731,0.026232374464503706,0.9487512156168473,0.01334345504582856,0.05273628714802768,0.014381037029675562,0.597360253024355,0.09275148942141703,0.001487502764875,0.0020374333874834355
ViT,2D,RSS,validation,L2/L3,5,complete,0.8800669821323547,0.013312904308605012,0.6341556471524405,0.1026122766713211,0.6003103083474903,0.07102660986431575,0.6065198923724658,0.07550887597586639,0.8800669821323547,0.013312904308605012,0.12361832283032245,0.017082797110165228,0.6612900503808583,0.07042787398941047,0.00368530496267718,0.004486615115769901
ViT,2D,RSS,validation,L3/L4,5,complete,0.8030384601375792,0.014830291683085218,0.7474620213838394,0.03244562400961017,0.7180435479374052,0.00886669942175376,0.7294763338477074,0.015184067558216928,0.8030384601375792,0.014830291683085218,0.1977191156199965,0.014438648825387625,0.7596031335868297,0.015776606651048415,0.00075757575757574,0.001693990892045256
ViT,2D,RSS,validation,L4/L5,5,complete,0.7193982127838824,0.022427385931891967,0.7068589356387718,0.02896736887711464,0.7006832731962401,0.024512688927981124,0.7018382370781213,0.02477127873105917,0.7193982127838824,0.022427385931891967,0.29318612091478397,0.020051812674515578,0.7447722950301913,0.0213266373333073,0.012584333698666381,0.006103149408546494
ViT,2D,RSS,validation,L5/S1,5,complete,0.7697140758036353,0.03549541033875728,0.6261937702997413,0.12747213830624798,0.5724711569004335,0.08188866568384905,0.588063443211335,0.09889577737702474,0.7697140758036353,0.03549541033875728,0.2517938607297376,0.03700191996605886,0.598634957006382,0.08482511158002026,0.02150793653337298,0.0033083308584998653
ViT,2D,RSS,test,L1/L2,5,complete,0.9386430627233491,0.011395263902452763,0.5104826082872184,0.02664271131645873,0.46899679999859645,0.04497705250678626,0.481411960454275,0.038920159987668144,0.9386430627233491,0.011395263902452763,0.06427699535809808,0.015215021999213466,0.5646342320659951,0.11785700305059388,0.00292005808144722,0.003998853621788508
ViT,2D,RSS,test,L2/L3,5,complete,0.8596260537971292,0.019673572697187634,0.6273494091277282,0.12177679015008193,0.5870799460989182,0.06895415606814709,0.5899482754532543,0.08011097495946003,0.8596260537971292,0.019673572697187634,0.14256166098066872,0.019744780532001977,0.6654120872546896,0.04111063013599627,0.00218771477779784,0.0019977871366106876
ViT,2D,RSS,test,L3/L4,5,complete,0.8011705963191609,0.020049411663750825,0.7280886973858095,0.022919954355228922,0.7056080598856691,0.03153141698086855,0.7145869917831094,0.022691615113101325,0.8011705963191609,0.020049411663750825,0.2046778377865627,0.022424004907965436,0.7441643927602883,0.03950141128385685,0.00584843410572362,0.0032963064205839532
ViT,2D,RSS,test,L4/L5,5,complete,0.6995530803835213,0.034695913543848836,0.6863649923769712,0.029840620876985732,0.6804695331814286,0.0312934582429159,0.6819938279177961,0.029997671449569975,0.6995530803835213,0.034695913543848836,0.3157668867691436,0.04006943434601648,0.7266858090090546,0.04412254542186364,0.01531996715266482,0.00863433384275364
ViT,2D,RSS,test,L5/S1,5,complete,0.7635083305723974,0.018888117758494503,0.6034934141142202,0.09997324206567898,0.5572232663584313,0.06865077315539889,0.5688258098462994,0.07856547874454947,0.7635083305723974,0.018888117758494503,0.25324552362024966,0.021939765846823858,0.5778603660846553,0.06898456563643961,0.01675385419264706,0.003934624195567963
