architecture,representation,condition,split,metric,macro_level_mean,level_std,best_level,best_level_value,worst_level,worst_level_value,level_range,n_levels,status,l1_l2_value,l2_l3_value,l3_l4_value,l4_l5_value,l5_s1_value
ConvNeXt,2.5D-to-3D,SCS,train,accuracy,0.8782722370941316,0.09175943906873786,L5/S1,0.9664479836089559,L4/L5,0.7505241104491832,0.21592387315977268,5,complete,0.9571153465584572,0.8946736695715721,0.8226000752824894,0.7505241104491832,0.9664479836089559
ConvNeXt,2.5D-to-3D,SCS,train,precision_macro,0.2927574123647105,0.030586479689579307,L5/S1,0.3221493278696519,L4/L5,0.25017470348306103,0.07197462438659086,5,complete,0.3190384488528191,0.2982245565238573,0.274200025094163,0.25017470348306103,0.3221493278696519
ConvNeXt,2.5D-to-3D,SCS,train,recall_macro,0.3333333333333333,0.0,L1/L2,0.3333333333333333,L1/L2,0.3333333333333333,0.0,5,complete,0.3333333333333333,0.3333333333333333,0.3333333333333333,0.3333333333333333,0.3333333333333333
ConvNeXt,2.5D-to-3D,SCS,train,f1_macro,0.31103875653111135,0.017700899019148765,L5/S1,0.32764564098999027,L4/L5,0.28582793218284996,0.04181770880714031,5,complete,0.3260291822845158,0.3148027603059867,0.30088826689221426,0.28582793218284996,0.32764564098999027
ConvNeXt,2.5D-to-3D,SCS,train,oa,0.8782722370941316,0.09175943906873786,L5/S1,0.9664479836089559,L4/L5,0.7505241104491832,0.21592387315977268,5,complete,0.9571153465584572,0.8946736695715721,0.8226000752824894,0.7505241104491832,0.9664479836089559
ConvNeXt,2.5D-to-3D,SCS,train,omae,0.1693649149963741,0.14107527853544874,L5/S1,0.04333126576967708,L4/L5,0.37872728412161855,0.33539601835194144,5,complete,0.0531150338644239,0.1318073587486197,0.23984363247753135,0.37872728412161855,0.04333126576967708
ConvNeXt,2.5D-to-3D,SCS,train,qwk,0.0,0.0,L1/L2,0.0,L1/L2,0.0,0.0,5,complete,0.0,0.0,0.0,0.0,0.0
ConvNeXt,2.5D-to-3D,SCS,train,ser,0.04763715209050561,0.050398877972994735,L5/S1,0.009779249378632799,L4/L5,0.12925139457080165,0.11947214519216885,5,complete,0.01023038042288126,0.026481028320191724,0.06244370776002062,0.12925139457080165,0.009779249378632799
ConvNeXt,2.5D-to-3D,SCS,validation,accuracy,0.8730040750188672,0.08395340881059128,L5/S1,0.9579094733049323,L4/L5,0.7565508858983033,0.20135858740662893,5,complete,0.9396604225912173,0.889823139805754,0.8210764534941288,0.7565508858983033,0.9579094733049323
ConvNeXt,2.5D-to-3D,SCS,validation,precision_macro,0.2910013583396224,0.027984469603530425,L5/S1,0.31930315776831075,L4/L5,0.2521836286327678,0.06711952913554298,5,complete,0.31322014086373906,0.2966077132685846,0.2736921511647096,0.2521836286327678,0.31930315776831075
ConvNeXt,2.5D-to-3D,SCS,validation,recall_macro,0.3333333333333333,0.0,L1/L2,0.3333333333333333,L1/L2,0.3333333333333333,0.0,5,complete,0.3333333333333333,0.3333333333333333,0.3333333333333333,0.3333333333333333,0.3333333333333333
ConvNeXt,2.5D-to-3D,SCS,validation,f1_macro,0.3101414049209924,0.016249423336070594,L5/S1,0.3261591962643968,L4/L5,0.2871252655187058,0.039033930745691,5,complete,0.32295795495575563,0.3138908709937397,0.30057373687236427,0.2871252655187058,0.3261591962643968
ConvNeXt,2.5D-to-3D,SCS,validation,oa,0.8730040750188672,0.08395340881059128,L5/S1,0.9579094733049323,L4/L5,0.7565508858983033,0.20135858740662893,5,complete,0.9396604225912173,0.889823139805754,0.8210764534941288,0.7565508858983033,0.9579094733049323
ConvNeXt,2.5D-to-3D,SCS,validation,omae,0.176969663818209,0.13122153231337105,L5/S1,0.05261997121866676,L4/L5,0.36977488153527543,0.3171549103166087,5,complete,0.07366627547910908,0.144589542811481,0.24419764804651276,0.36977488153527543,0.05261997121866676
ConvNeXt,2.5D-to-3D,SCS,validation,qwk,0.0,0.0,L1/L2,0.0,L1/L2,0.0,0.0,5,complete,0.0,0.0,0.0,0.0,0.0
ConvNeXt,2.5D-to-3D,SCS,validation,ser,0.04997373883707613,0.04797066236562435,L5/S1,0.01052944452359902,L4/L5,0.12632576743357882,0.11579632290997979,5,complete,0.013326698070326298,0.03441268261723486,0.06527410154064163,0.12632576743357882,0.01052944452359902
ConvNeXt,2.5D-to-3D,SCS,test,accuracy,0.8806473930950283,0.0906545620761547,L5/S1,0.9599724046387564,L4/L5,0.7541830413561559,0.20578936328260056,5,complete,0.9586153336069316,0.9101391489721031,0.8203270369011941,0.7541830413561559,0.9599724046387564
ConvNeXt,2.5D-to-3D,SCS,test,precision_macro,0.293549131031676,0.030218187358718205,L5/S1,0.3199908015462521,L4/L5,0.25139434711871866,0.06859645442753343,5,complete,0.31953844453564384,0.30337971632403427,0.2734423456337313,0.25139434711871866,0.3199908015462521
ConvNeXt,2.5D-to-3D,SCS,test,recall_macro,0.3333333333333333,0.0,L1/L2,0.3333333333333333,L1/L2,0.3333333333333333,0.0,5,complete,0.3333333333333333,0.3333333333333333,0.3333333333333333,0.3333333333333333,0.3333333333333333
ConvNeXt,2.5D-to-3D,SCS,test,f1_macro,0.3114903643322617,0.017499985835339477,L5/S1,0.3265193382776556,L4/L5,0.2865950513208102,0.03992428695684541,5,complete,0.3262825881716124,0.31764163382615057,0.30041321006507954,0.2865950513208102,0.3265193382776556
ConvNeXt,2.5D-to-3D,SCS,test,oa,0.8806473930950283,0.0906545620761547,L5/S1,0.9599724046387564,L4/L5,0.7541830413561559,0.20578936328260056,5,complete,0.9586153336069316,0.9101391489721031,0.8203270369011941,0.7541830413561559,0.9599724046387564
ConvNeXt,2.5D-to-3D,SCS,test,omae,0.16653162881177375,0.14043092190947065,L5/S1,0.05055785440555956,L4/L5,0.37991401360885513,0.3293561592032956,5,complete,0.053995872593865256,0.11441813274696144,0.23377227070362724,0.37991401360885513,0.05055785440555956
ConvNeXt,2.5D-to-3D,SCS,test,qwk,0.0,0.0,L1/L2,0.0,L1/L2,0.0,0.0,5,complete,0.0,0.0,0.0,0.0,0.0
ConvNeXt,2.5D-to-3D,SCS,test,ser,0.047179021906801934,0.051605338037858835,L5/S1,0.0105302590443159,L4/L5,0.13409705496501112,0.12356679592069522,5,complete,0.01261120620079686,0.02455728171906446,0.054099307604821324,0.13409705496501112,0.0105302590443159
ConvNeXt,2.5D-to-3D,LFN,train,accuracy,0.7804206105035122,0.15887346730636043,L1/L2,0.9679938855821939,L4/L5,0.6152079692854241,0.3527859162967698,5,complete,0.9679938855821939,0.9094850218694143,0.7766864515547409,0.6152079692854241,0.6327297242257878
ConvNeXt,2.5D-to-3D,LFN,train,precision_macro,0.26014020350117073,0.052957822435453494,L1/L2,0.322664628527398,L4/L5,0.2050693230951414,0.11759530543225663,5,complete,0.322664628527398,0.3031616739564714,0.2588954838515803,0.2050693230951414,0.21090990807526255
ConvNeXt,2.5D-to-3D,LFN,train,recall_macro,0.3333333333333333,0.0,L1/L2,0.3333333333333333,L1/L2,0.3333333333333333,0.0,5,complete,0.3333333333333333,0.3333333333333333,0.3333333333333333,0.3333333333333333,0.3333333333333333
ConvNeXt,2.5D-to-3D,LFN,train,f1_macro,0.2898286380803558,0.033543988165397914,L1/L2,0.3279119422512559,L4/L5,0.25391839197572785,0.07399355027552806,5,complete,0.3279119422512559,0.31753197637656083,0.2914303651367851,0.25391839197572785,0.2583505146614495
ConvNeXt,2.5D-to-3D,LFN,train,oa,0.7804206105035122,0.15887346730636043,L1/L2,0.9679938855821939,L4/L5,0.6152079692854241,0.3527859162967698,5,complete,0.9679938855821939,0.9094850218694143,0.7766864515547409,0.6152079692854241,0.6327297242257878
ConvNeXt,2.5D-to-3D,LFN,train,omae,0.2598111559140091,0.20120070845875215,L1/L2,0.033164590516238754,L5/S1,0.47154256411742423,0.43837797360118547,5,complete,0.033164590516238754,0.09572848772533682,0.24257485238105497,0.4560452848299906,0.47154256411742423
ConvNeXt,2.5D-to-3D,LFN,train,qwk,0.0,0.0,L1/L2,0.0,L1/L2,0.0,0.0,5,complete,0.0,0.0,0.0,0.0,0.0
ConvNeXt,2.5D-to-3D,LFN,train,ser,0.04023176641752128,0.04543204202836402,L1/L2,0.00115847609843274,L5/S1,0.1042722883432119,0.10311381224477915,5,complete,0.00115847609843274,0.00521350959475108,0.01926130393579592,0.07125325411541475,0.1042722883432119
ConvNeXt,2.5D-to-3D,LFN,validation,accuracy,0.7726436097114064,0.16523294052835222,L1/L2,0.9695281722400366,L4/L5,0.5917315620705452,0.3777966101694914,5,complete,0.9695281722400366,0.9119812185066423,0.7508428767750802,0.5917315620705452,0.6391342189647274
ConvNeXt,2.5D-to-3D,LFN,validation,precision_macro,0.2575478699038021,0.05507764684278411,L1/L2,0.32317605741334554,L4/L5,0.197243854023515,0.12593220338983055,5,complete,0.32317605741334554,0.30399373950221403,0.25028095892502666,0.197243854023515,0.21304473965490905
ConvNeXt,2.5D-to-3D,LFN,validation,recall_macro,0.3333333333333333,0.0,L1/L2,0.3333333333333333,L1/L2,0.3333333333333333,0.0,5,complete,0.3333333333333333,0.3333333333333333,0.3333333333333333,0.3333333333333333,0.3333333333333333
ConvNeXt,2.5D-to-3D,LFN,validation,f1_macro,0.2879356719599627,0.035085591739363584,L1/L2,0.328168486356121,L4/L5,0.24776907422601732,0.08039941213010368,5,complete,0.328168486356121,0.3179837829149359,0.28583294227966927,0.24776907422601732,0.2599240740230703
ConvNeXt,2.5D-to-3D,LFN,validation,oa,0.7726436097114064,0.16523294052835222,L1/L2,0.9695281722400366,L4/L5,0.5917315620705452,0.3777966101694914,5,complete,0.9695281722400366,0.9119812185066423,0.7508428767750802,0.5917315620705452,0.6391342189647274
ConvNeXt,2.5D-to-3D,LFN,validation,omae,0.26784196060467247,0.2077670879954675,L1/L2,0.031147503435639,L4/L5,0.47664223545579476,0.44549473202015577,5,complete,0.031147503435639,0.09140403114979383,0.26743930371049013,0.47664223545579476,0.4725767292716445
ConvNeXt,2.5D-to-3D,LFN,validation,qwk,0.0,0.0,L1/L2,0.0,L1/L2,0.0,0.0,5,complete,0.0,0.0,0.0,0.0,0.0
ConvNeXt,2.5D-to-3D,LFN,validation,ser,0.04048557031607875,0.048231368685518264,L1/L2,0.00067567567567566,L5/S1,0.11171094823637193,0.11103527256069627,5,complete,0.00067567567567566,0.0033852496564360595,0.018282180485570263,0.06837379752633985,0.11171094823637193
ConvNeXt,2.5D-to-3D,LFN,test,accuracy,0.7720012870012869,0.15839696682812401,L1/L2,0.9600799779371207,L4/L5,0.6076070968928111,0.3524728810443096,5,complete,0.9600799779371207,0.8984923699209414,0.7699990807133663,0.6076070968928111,0.6238279095421954
ConvNeXt,2.5D-to-3D,LFN,test,precision_macro,0.25733376233376226,0.052798988942708014,L1/L2,0.32002665931237356,L4/L5,0.20253569896427037,0.11749096034810319,5,complete,0.32002665931237356,0.29949745664031374,0.2566663602377887,0.20253569896427037,0.20794263651406503
ConvNeXt,2.5D-to-3D,LFN,test,recall_macro,0.3333333333333333,0.0,L1/L2,0.3333333333333333,L1/L2,0.3333333333333333,0.0,5,complete,0.3333333333333333,0.3333333333333333,0.3333333333333333,0.3333333333333333,0.3333333333333333
ConvNeXt,2.5D-to-3D,LFN,test,f1_macro,0.2880074333080925,0.033786274902635326,L1/L2,0.32654391723115606,L4/L5,0.25192221329623005,0.07462170393492601,5,complete,0.32654391723115606,0.31550061194967605,0.2899856707129892,0.25192221329623005,0.25608475335041087
ConvNeXt,2.5D-to-3D,LFN,test,oa,0.7720012870012869,0.15839696682812401,L1/L2,0.9600799779371207,L4/L5,0.6076070968928111,0.3524728810443096,5,complete,0.9600799779371207,0.8984923699209414,0.7699990807133663,0.6076070968928111,0.6238279095421954
ConvNeXt,2.5D-to-3D,LFN,test,omae,0.268189924618496,0.19840243085231726,L1/L2,0.04059569773855484,L5/S1,0.4708861923147637,0.4302904945762088,5,complete,0.04059569773855484,0.10759790402647543,0.25706931421217133,0.4648005148005148,0.4708861923147637
ConvNeXt,2.5D-to-3D,LFN,test,qwk,0.0,0.0,L1/L2,0.0,L1/L2,0.0,0.0,5,complete,0.0,0.0,0.0,0.0,0.0
ConvNeXt,2.5D-to-3D,LFN,test,ser,0.04019121161978301,0.04155478866084246,L1/L2,0.00067567567567566,L5/S1,0.09471410185695896,0.0940384261812833,5,complete,0.00067567567567566,0.00609027394741674,0.027068394925537743,0.07240761169332595,0.09471410185695896
ConvNeXt,2.5D-to-3D,RFN,train,accuracy,0.7847439642670715,0.15433648645374645,L1/L2,0.9628804757717934,L4/L5,0.618192928095296,0.34468754767649734,5,complete,0.9628804757717934,0.917464319425218,0.7749623597036781,0.618192928095296,0.650219738339372
ConvNeXt,2.5D-to-3D,RFN,train,precision_macro,0.2615813214223571,0.05144549548458219,L1/L2,0.3209601585905978,L4/L5,0.2060643093650986,0.1148958492254992,5,complete,0.3209601585905978,0.305821439808406,0.2583207865678927,0.2060643093650986,0.2167399127797906
ConvNeXt,2.5D-to-3D,RFN,train,recall_macro,0.3333333333333333,0.0,L1/L2,0.3333333333333333,L1/L2,0.3333333333333333,0.0,5,complete,0.3333333333333333,0.3333333333333333,0.3333333333333333,0.3333333333333333,0.3333333333333333
ConvNeXt,2.5D-to-3D,RFN,train,f1_macro,0.29088826744251073,0.03241213698774701,L1/L2,0.3270280393039603,L4/L5,0.25468031177600253,0.07234772752795776,5,complete,0.3270280393039603,0.3189830498718474,0.2910704853405601,0.25468031177600253,0.2626794509201833
ConvNeXt,2.5D-to-3D,RFN,train,oa,0.7847439642670715,0.15433648645374645,L1/L2,0.9628804757717934,L4/L5,0.618192928095296,0.34468754767649734,5,complete,0.9628804757717934,0.917464319425218,0.7749623597036781,0.618192928095296,0.650219738339372
ConvNeXt,2.5D-to-3D,RFN,train,omae,0.2530434649053245,0.19172536198062823,L1/L2,0.04337905090471776,L5/S1,0.44788932962648725,0.4045102787217695,5,complete,0.04337905090471776,0.08515608780944488,0.24381441912818796,0.4449784370577846,0.44788932962648725
ConvNeXt,2.5D-to-3D,RFN,train,qwk,0.0,0.0,L1/L2,0.0,L1/L2,0.0,0.0,5,complete,0.0,0.0,0.0,0.0,0.0
ConvNeXt,2.5D-to-3D,RFN,train,ser,0.03778742917239601,0.04145834417439221,L2/L3,0.002620407234663,L5/S1,0.09810906796585919,0.09548866073119619,5,complete,0.00625952667651118,0.002620407234663,0.01877677883186608,0.06317136515308058,0.09810906796585919
ConvNeXt,2.5D-to-3D,RFN,validation,accuracy,0.7772325639371644,0.15191806818394338,L1/L2,0.9580163196749153,L4/L5,0.6120297693057983,0.34598655036911696,5,complete,0.9580163196749153,0.9011378742976806,0.7677427773674748,0.6120297693057983,0.6472360790399531
ConvNeXt,2.5D-to-3D,RFN,validation,precision_macro,0.2590775213123881,0.05063935606131446,L1/L2,0.31933877322497173,L4/L5,0.20400992310193272,0.115328850123039,5,complete,0.31933877322497173,0.30037929143256015,0.25591425912249155,0.20400992310193272,0.21574535967998437
ConvNeXt,2.5D-to-3D,RFN,validation,recall_macro,0.3333333333333333,0.0,L1/L2,0.3333333333333333,L1/L2,0.3333333333333333,0.0,5,complete,0.3333333333333333,0.3333333333333333,0.3333333333333333,0.3333333333333333,0.3333333333333333
ConvNeXt,2.5D-to-3D,RFN,validation,f1_macro,0.2893211355258312,0.03215561362536232,L1/L2,0.32617269488817885,L4/L5,0.2530556493709847,0.07311704551719417,5,complete,0.32617269488817885,0.31599370722026765,0.28947165515070866,0.2530556493709847,0.26191197099901603
ConvNeXt,2.5D-to-3D,RFN,validation,oa,0.7772325639371644,0.15191806818394338,L1/L2,0.9580163196749153,L4/L5,0.6120297693057983,0.34598655036911696,5,complete,0.9580163196749153,0.9011378742976806,0.7677427773674748,0.6120297693057983,0.6472360790399531
ConvNeXt,2.5D-to-3D,RFN,validation,omae,0.2621716510699561,0.1900933019558302,L1/L2,0.0494367733350784,L4/L5,0.45635356387172366,0.40691679053664526,5,complete,0.0494367733350784,0.10224737535875547,0.2512197687137154,0.45635356387172366,0.4516007740705077
ConvNeXt,2.5D-to-3D,RFN,validation,qwk,0.0,0.0,L1/L2,0.0,L1/L2,0.0,0.0,5,complete,0.0,0.0,0.0,0.0,0.0
ConvNeXt,2.5D-to-3D,RFN,validation,ser,0.03940421500712053,0.04215486227039281,L2/L3,0.0033852496564360604,L5/S1,0.09883685311046082,0.09545160345402476,5,complete,0.00745309300999368,0.0033852496564360604,0.018962546081190117,0.06838333317752197,0.09883685311046082
ConvNeXt,2.5D-to-3D,RFN,test,accuracy,0.7725372311086596,0.1517585418112753,L1/L2,0.9573956609670894,L4/L5,0.60146166574738,0.35593399521970936,5,complete,0.9573956609670894,0.8971594043022615,0.745610406324692,0.60146166574738,0.6610590182018753
ConvNeXt,2.5D-to-3D,RFN,test,precision_macro,0.25751241036955325,0.050586180603758454,L1/L2,0.31913188698902983,L4/L5,0.2004872219157933,0.11864466507323654,5,complete,0.31913188698902983,0.29905313476742046,0.24853680210823065,0.2004872219157933,0.22035300606729175
ConvNeXt,2.5D-to-3D,RFN,test,recall_macro,0.3333333333333333,0.0,L1/L2,0.3333333333333333,L1/L2,0.3333333333333333,0.0,5,complete,0.3333333333333333,0.3333333333333333,0.3333333333333333,0.3333333333333333,0.3333333333333333
ConvNeXt,2.5D-to-3D,RFN,test,f1_macro,0.2883233429291451,0.032152051820354056,L1/L2,0.3260530588982804,L4/L5,0.25034611650647715,0.07570694239180326,5,complete,0.3260530588982804,0.31523354656655844,0.284728728012895,0.25034611650647715,0.2652552646615144
ConvNeXt,2.5D-to-3D,RFN,test,oa,0.7725372311086596,0.1517585418112753,L1/L2,0.9573956609670894,L4/L5,0.60146166574738,0.35593399521970936,5,complete,0.9573956609670894,0.8971594043022615,0.745610406324692,0.60146166574738,0.6610590182018753
ConvNeXt,2.5D-to-3D,RFN,test,omae,0.26819360176503027,0.18844753109114878,L1/L2,0.0500413678985107,L4/L5,0.47634675491818346,0.42630538701967274,5,complete,0.0500413678985107,0.10757032542746825,0.2801020408163265,0.47634675491818346,0.4269075197646626
ConvNeXt,2.5D-to-3D,RFN,test,qwk,0.0,0.0,L1/L2,0.0,L1/L2,0.0,0.0,5,complete,0.0,0.0,0.0,0.0,0.0
ConvNeXt,2.5D-to-3D,RFN,test,ser,0.04073083287368997,0.039484389557802015,L2/L3,0.00472972972972968,L5/S1,0.08796653796653793,0.08323680823680825,5,complete,0.00743702886560024,0.00472972972972968,0.02571244714101852,0.07780842066556348,0.08796653796653793
ConvNeXt,2.5D-to-3D,LSS,train,accuracy,0.7256986505660554,0.1731347177357679,L1/L2,0.9347680790846535,L4/L5,0.4714438202197503,0.46332425886490325,5,complete,0.9347680790846535,0.8235494197964321,0.6822577269574573,0.4714438202197503,0.7164742067719837
ConvNeXt,2.5D-to-3D,LSS,train,precision_macro,0.2418995501886851,0.05771157257858929,L1/L2,0.3115893596948845,L4/L5,0.15714794007325011,0.15444141962163438,5,complete,0.3115893596948845,0.27451647326547735,0.22741924231915234,0.15714794007325011,0.2388247355906612
ConvNeXt,2.5D-to-3D,LSS,train,recall_macro,0.3333333333333333,0.0,L1/L2,0.3333333333333333,L1/L2,0.3333333333333333,0.0,5,complete,0.3333333333333333,0.3333333333333333,0.3333333333333333,0.3333333333333333,0.3333333333333333
ConvNeXt,2.5D-to-3D,LSS,train,f1_macro,0.27708031743516637,0.04086320347237071,L1/L2,0.32209400790686915,L4/L5,0.21359355512789535,0.1085004527789738,5,complete,0.32209400790686915,0.30107792165243935,0.27036463267501504,0.21359355512789535,0.2782714698136127
ConvNeXt,2.5D-to-3D,LSS,train,oa,0.7256986505660554,0.1731347177357679,L1/L2,0.9347680790846535,L4/L5,0.4714438202197503,0.46332425886490325,5,complete,0.9347680790846535,0.8235494197964321,0.6822577269574573,0.4714438202197503,0.7164742067719837
ConvNeXt,2.5D-to-3D,LSS,train,omae,0.36499244658537827,0.2513014216228842,L1/L2,0.07971029507698321,L4/L5,0.7495521167273101,0.6698418216503269,5,complete,0.07971029507698321,0.22084023640892111,0.41527618799888283,0.7495521167273101,0.359583396714794
ConvNeXt,2.5D-to-3D,LSS,train,qwk,0.0,0.0,L1/L2,0.0,L1/L2,0.0,0.0,5,complete,0.0,0.0,0.0,0.0,0.0
ConvNeXt,2.5D-to-3D,LSS,train,ser,0.09069109715143359,0.07936075406917373,L1/L2,0.014478374161636682,L4/L5,0.22099593694706035,0.20651756278542366,5,complete,0.014478374161636682,0.04438965620535338,0.09753391495634,0.22099593694706035,0.07605760348677754
ConvNeXt,2.5D-to-3D,LSS,validation,accuracy,0.7225440376941694,0.18698617109374774,L1/L2,0.9387722300299121,L4/L5,0.43949908040777225,0.4992731496221398,5,complete,0.9387722300299121,0.8303367428104039,0.6858164154805946,0.43949908040777225,0.718295719742164
ConvNeXt,2.5D-to-3D,LSS,validation,precision_macro,0.24084801256472307,0.06232872369791593,L1/L2,0.31292407667663735,L4/L5,0.14649969346925737,0.16642438320737998,5,complete,0.31292407667663735,0.2767789142701346,0.2286054718268648,0.14649969346925737,0.23943190658072128
ConvNeXt,2.5D-to-3D,LSS,validation,recall_macro,0.3333333333333333,0.0,L1/L2,0.3333333333333333,L1/L2,0.3333333333333333,0.0,5,complete,0.3333333333333333,0.3333333333333333,0.3333333333333333,0.3333333333333333,0.3333333333333333
ConvNeXt,2.5D-to-3D,LSS,validation,f1_macro,0.27569869824878407,0.045204784764133615,L1/L2,0.32280299842163873,L4/L5,0.20350510179873896,0.11929789662289977,5,complete,0.32280299842163873,0.30241888150491547,0.27115084871830336,0.20350510179873896,0.27861566080032385
ConvNeXt,2.5D-to-3D,LSS,validation,oa,0.7225440376941694,0.18698617109374774,L1/L2,0.9387722300299121,L4/L5,0.43949908040777225,0.4992731496221398,5,complete,0.9387722300299121,0.8303367428104039,0.6858164154805946,0.43949908040777225,0.718295719742164
ConvNeXt,2.5D-to-3D,LSS,validation,omae,0.36475778365945183,0.2678187263061452,L1/L2,0.07598609248521447,L4/L5,0.7876094720322113,0.7116233795469968,5,complete,0.07598609248521447,0.21240711171571575,0.39975046658540947,0.7876094720322113,0.3480357754787079
ConvNeXt,2.5D-to-3D,LSS,validation,qwk,0.0,0.0,L1/L2,0.0,L1/L2,0.0,0.0,5,complete,0.0,0.0,0.0,0.0,0.0
ConvNeXt,2.5D-to-3D,LSS,validation,ser,0.08730182135362112,0.08251766217154877,L1/L2,0.014758322515126678,L4/L5,0.22710855243998349,0.2123502299248568,5,complete,0.014758322515126678,0.04274385452611964,0.08556688206600403,0.22710855243998349,0.06633149522087181
ConvNeXt,2.5D-to-3D,LSS,test,accuracy,0.7222554120101986,0.17560574512043114,L1/L2,0.9318560230180365,L4/L5,0.4641412017962877,0.4677148212217488,5,complete,0.9318560230180365,0.8251964076624663,0.6761191095773008,0.4641412017962877,0.7139643179969017
ConvNeXt,2.5D-to-3D,LSS,test,precision_macro,0.2407518040033995,0.05853524837347703,L1/L2,0.3106186743393454,L4/L5,0.15471373393209586,0.15590494040724956,5,complete,0.3106186743393454,0.27506546922082203,0.2253730365257669,0.15471373393209586,0.2379881059989672
ConvNeXt,2.5D-to-3D,LSS,test,recall_macro,0.3333333333333333,0.0,L1/L2,0.3333333333333333,L1/L2,0.3333333333333333,0.0,5,complete,0.3333333333333333,0.3333333333333333,0.3333333333333333,0.3333333333333333,0.3333333333333333
ConvNeXt,2.5D-to-3D,LSS,test,f1_macro,0.2761479120379116,0.041704526249994905,L1/L2,0.32155924611751247,L4/L5,0.2113121013987302,0.11024714471878228,5,complete,0.32155924611751247,0.30135619079624004,0.2688392851760279,0.2113121013987302,0.27767273670104753
ConvNeXt,2.5D-to-3D,LSS,test,oa,0.7222554120101986,0.17560574512043114,L1/L2,0.9318560230180365,L4/L5,0.4641412017962877,0.4677148212217488,5,complete,0.9318560230180365,0.8251964076624663,0.6761191095773008,0.4641412017962877,0.7139643179969017
ConvNeXt,2.5D-to-3D,LSS,test,omae,0.3715849966212704,0.2635845065167065,L1/L2,0.08219443012731317,L4/L5,0.7826891247694702,0.700494694642157,5,complete,0.08219443012731317,0.21778526604120135,0.40981530603197386,0.7826891247694702,0.36544085613639327
ConvNeXt,2.5D-to-3D,LSS,test,qwk,0.0,0.0,L1/L2,0.0,L1/L2,0.0,0.0,5,complete,0.0,0.0,0.0,0.0,0.0
ConvNeXt,2.5D-to-3D,LSS,test,ser,0.09384040863146895,0.09031866311172618,L1/L2,0.01405045314534972,L4/L5,0.24683032656575782,0.2327798734204081,5,complete,0.01405045314534972,0.04298167370366768,0.08593441560927459,0.24683032656575782,0.07940517413329493
ConvNeXt,2.5D-to-3D,RSS,train,accuracy,0.7066784470615685,0.20613435653685033,L1/L2,0.9268314631809507,L4/L5,0.38405724064750124,0.5427742225334494,5,complete,0.9268314631809507,0.8344715095934097,0.6744973399234899,0.38405724064750124,0.7135346819624906
ConvNeXt,2.5D-to-3D,RSS,train,precision_macro,0.2355594823538561,0.06871145217895011,L1/L2,0.3089438210603168,L4/L5,0.1280190802158337,0.18092474084448312,5,complete,0.3089438210603168,0.27815716986446987,0.2248324466411633,0.1280190802158337,0.2378448939874968
ConvNeXt,2.5D-to-3D,RSS,train,recall_macro,0.3333333333333333,0.0,L1/L2,0.3333333333333333,L1/L2,0.3333333333333333,0.0,5,complete,0.3333333333333333,0.3333333333333333,0.3333333333333333,0.3333333333333333,0.3333333333333333
ConvNeXt,2.5D-to-3D,RSS,train,f1_macro,0.27048893492880344,0.0534082818888834,L1/L2,0.32067340678700657,L4/L5,0.1823792882276078,0.13829411855939877,5,complete,0.32067340678700657,0.3032544194613182,0.2685356210810433,0.1823792882276078,0.27760193908704117
ConvNeXt,2.5D-to-3D,RSS,train,oa,0.7066784470615685,0.20613435653685033,L1/L2,0.9268314631809507,L4/L5,0.38405724064750124,0.5427742225334494,5,complete,0.9268314631809507,0.8344715095934097,0.6744973399234899,0.38405724064750124,0.7135346819624906
ConvNeXt,2.5D-to-3D,RSS,train,omae,0.3854007357326306,0.28970006980861307,L1/L2,0.08634055836553249,L4/L5,0.8439931718291266,0.7576526134635941,5,complete,0.08634055836553249,0.19997247005476634,0.423264260036901,0.8439931718291266,0.3734332183768266
ConvNeXt,2.5D-to-3D,RSS,train,qwk,0.0,0.0,L1/L2,0.0,L1/L2,0.0,0.0,5,complete,0.0,0.0,0.0,0.0,0.0
ConvNeXt,2.5D-to-3D,RSS,train,ser,0.09207918279419905,0.0838074386799771,L1/L2,0.013172021546482959,L4/L5,0.22805041247662805,0.2148783909301451,5,complete,0.013172021546482959,0.03444397964817606,0.09776159996039102,0.22805041247662805,0.08696790033931712
ConvNeXt,2.5D-to-3D,RSS,validation,accuracy,0.7057315412189473,0.20835314065481167,L1/L2,0.9368754501288356,L4/L5,0.3889347437811841,0.5479407063476515,5,complete,0.9368754501288356,0.8413586193895292,0.6704247264009735,0.3889347437811841,0.6910641663942136
ConvNeXt,2.5D-to-3D,RSS,validation,precision_macro,0.23524384707298235,0.06945104688493724,L1/L2,0.31229181670961187,L4/L5,0.129644914593728,0.18264690211588386,5,complete,0.31229181670961187,0.280452873129843,0.2234749088003245,0.129644914593728,0.23035472213140448
ConvNeXt,2.5D-to-3D,RSS,validation,recall_macro,0.3333333333333333,0.0,L1/L2,0.3333333333333333,L1/L2,0.3333333333333333,0.0,5,complete,0.3333333333333333,0.3333333333333333,0.3333333333333333,0.3333333333333333,0.3333333333333333
ConvNeXt,2.5D-to-3D,RSS,validation,f1_macro,0.2701517754381708,0.05335186770602538,L1/L2,0.3224482103350085,L4/L5,0.18381905851374955,0.13862915182125893,5,complete,0.3224482103350085,0.30458804799513023,0.26755436775751107,0.18381905851374955,0.27234919258945467
ConvNeXt,2.5D-to-3D,RSS,validation,oa,0.7057315412189473,0.20835314065481167,L1/L2,0.9368754501288356,L4/L5,0.3889347437811841,0.5479407063476515,5,complete,0.9368754501288356,0.8413586193895292,0.6704247264009735,0.3889347437811841,0.6910641663942136
ConvNeXt,2.5D-to-3D,RSS,validation,omae,0.38474834906057503,0.2906453751380119,L1/L2,0.07644426767247958,L4/L5,0.8353058431687203,0.7588615754962407,5,complete,0.07644426767247958,0.1891010399803415,0.4198759147831904,0.8353058431687203,0.4030146796981432
ConvNeXt,2.5D-to-3D,RSS,validation,qwk,0.0,0.0,L1/L2,0.0,L1/L2,0.0,0.0,5,complete,0.0,0.0,0.0,0.0,0.0
ConvNeXt,2.5D-to-3D,RSS,validation,ser,0.09047989027952215,0.08285684781935863,L1/L2,0.0133197178013152,L4/L5,0.22424058694990423,0.21092086914858904,5,complete,0.0133197178013152,0.03045965936987058,0.09030064118416399,0.22424058694990423,0.09407884609235671
ConvNeXt,2.5D-to-3D,RSS,test,accuracy,0.7033937106364039,0.20555976698402553,L1/L2,0.9203184466428912,L4/L5,0.38154479454669377,0.5387736520961974,5,complete,0.9203184466428912,0.8371417426209522,0.6829708757882658,0.38154479454669377,0.6949926935832172
ConvNeXt,2.5D-to-3D,RSS,test,precision_macro,0.23446457021213468,0.0685199223280085,L1/L2,0.30677281554763036,L4/L5,0.12718159818223124,0.17959121736539913,5,complete,0.30677281554763036,0.2790472475403174,0.2276569585960886,0.12718159818223124,0.2316642311944057
ConvNeXt,2.5D-to-3D,RSS,test,recall_macro,0.3333333333333333,0.0,L1/L2,0.3333333333333333,L1/L2,0.3333333333333333,0.0,5,complete,0.3333333333333333,0.3333333333333333,0.3333333333333333,0.3333333333333333,0.3333333333333333
ConvNeXt,2.5D-to-3D,RSS,test,f1_macro,0.26980114985560266,0.053284572113727266,L1/L2,0.31949093513435184,L4/L5,0.18193164618583937,0.13755928894851246,5,complete,0.31949093513435184,0.3037757660365628,0.27053584164564093,0.18193164618583937,0.2732715602756183
ConvNeXt,2.5D-to-3D,RSS,test,oa,0.7033937106364039,0.20555976698402553,L1/L2,0.9203184466428912,L4/L5,0.38154479454669377,0.5387736520961974,5,complete,0.9203184466428912,0.8371417426209522,0.6829708757882658,0.38154479454669377,0.6949926935832172
ConvNeXt,2.5D-to-3D,RSS,test,omae,0.3877159216447272,0.2873153241260547,L1/L2,0.0935337518977045,L4/L5,0.8453275629839254,0.7517938110862209,5,complete,0.0935337518977045,0.20456116099683758,0.41352549004941697,0.8453275629839254,0.3816316422957516
ConvNeXt,2.5D-to-3D,RSS,test,qwk,0.0,0.0,L1/L2,0.0,L1/L2,0.0,0.0,5,complete,0.0,0.0,0.0,0.0,0.0
ConvNeXt,2.5D-to-3D,RSS,test,ser,0.09110963228113125,0.08228015280555516,L1/L2,0.01385219854059568,L4/L5,0.2268723575306192,0.21302015899002352,5,complete,0.01385219854059568,0.04170290361778984,0.09649636583768283,0.2268723575306192,0.0766243358789687
ConvNeXt,2D,SCS,train,accuracy,0.9342764469532172,0.03815332060054857,L1/L2,0.9721653651672065,L4/L5,0.8865482711949504,0.08561709397225614,5,complete,0.9721653651672065,0.9347060208708562,0.9068510926884918,0.8865482711949504,0.9711114848445808
ConvNeXt,2D,SCS,train,precision_macro,0.7601920388271993,0.04480111028412229,L1/L2,0.8088821604847528,L5/S1,0.6904605116702434,0.11842164881450945,5,complete,0.8088821604847528,0.7481559896529826,0.7695398475674428,0.783921684760575,0.6904605116702434
ConvNeXt,2D,SCS,train,recall_macro,0.6901241586696456,0.06918235358504154,L3/L4,0.7592674863880436,L5/S1,0.5950011739168787,0.16426631247116497,5,complete,0.6535142850221408,0.6896651630519257,0.7592674863880436,0.7531726849692394,0.5950011739168787
ConvNeXt,2D,SCS,train,f1_macro,0.6897065374984555,0.06944329189576562,L4/L5,0.7560140202345624,L5/S1,0.5905377531537565,0.16547626708080598,5,complete,0.6550803165295782,0.6953247314891802,0.7515758660851999,0.7560140202345624,0.5905377531537565
ConvNeXt,2D,SCS,train,oa,0.9342764469532172,0.03815332060054857,L1/L2,0.9721653651672065,L4/L5,0.8865482711949504,0.08561709397225614,5,complete,0.9721653651672065,0.9347060208708562,0.9068510926884918,0.8865482711949504,0.9711114848445808
ConvNeXt,2D,SCS,train,omae,0.07026831876281174,0.041013801880910236,L1/L2,0.02873858993446936,L4/L5,0.12398408450428686,0.0952454945698175,5,complete,0.02873858993446936,0.06785015738994135,0.09751592867130374,0.12398408450428686,0.03325283331405738
ConvNeXt,2D,SCS,train,qwk,0.7654738377749926,0.09629328589954206,L4/L5,0.8536712921833809,L5/S1,0.6099113529440059,0.243759939239375,5,complete,0.7626233077583262,0.7642644595076428,0.836898776481607,0.8536712921833809,0.6099113529440059
ConvNeXt,2D,SCS,train,ser,0.004544765716028884,0.003644357631354518,L1/L2,0.0009039551016759601,L4/L5,0.010532355699237338,0.009628400597561378,5,complete,0.0009039551016759601,0.0025561782607975603,0.0043670213597955,0.010532355699237338,0.00436431815863806
ConvNeXt,2D,SCS,validation,accuracy,0.9205852398651814,0.04130256859284765,L1/L2,0.96211263983283,L4/L5,0.8674050141961389,0.0947076256366911,5,complete,0.96211263983283,0.9228666159521923,0.89194056842213,0.8674050141961389,0.9586013609226149
ConvNeXt,2D,SCS,validation,precision_macro,0.6754477552476343,0.07052079842734792,L2/L3,0.728355787406981,L5/S1,0.5743859360616701,0.15396985134531094,5,complete,0.6277368518437243,0.728355787406981,0.7213027054735047,0.7254574954522911,0.5743859360616701
ConvNeXt,2D,SCS,validation,recall_macro,0.6444274409681288,0.10362368660717586,L3/L4,0.7215425437676449,L5/S1,0.46544451654769625,0.2560980272199487,5,complete,0.6559973081617191,0.6700940508125324,0.7215425437676449,0.709058785551051,0.46544451654769625
ConvNeXt,2D,SCS,validation,f1_macro,0.6374796774680516,0.09242577717850371,L3/L4,0.7102515919415839,L5/S1,0.48454052472315734,0.2257110672184266,5,complete,0.6200666464101007,0.6717820062616185,0.7102515919415839,0.700757618003797,0.48454052472315734
ConvNeXt,2D,SCS,validation,oa,0.9205852398651814,0.04130256859284765,L1/L2,0.96211263983283,L4/L5,0.8674050141961389,0.0947076256366911,5,complete,0.96211263983283,0.9228666159521923,0.89194056842213,0.8674050141961389,0.9586013609226149
ConvNeXt,2D,SCS,validation,omae,0.08547985500911967,0.044039663594344115,L1/L2,0.04001251366440068,L4/L5,0.14389045241236803,0.10387793874796736,5,complete,0.04001251366440068,0.08136886487903325,0.1144027844153774,0.14389045241236803,0.04772465967441904
ConvNeXt,2D,SCS,validation,qwk,0.7102230179607888,0.16504346496664374,L4/L5,0.8302566042581212,L5/S1,0.4219238340399693,0.4083327702181519,5,complete,0.7506382414138059,0.745629345939711,0.8026670641523369,0.8302566042581212,0.4219238340399693
ConvNeXt,2D,SCS,validation,ser,0.0060650948743009,0.0034048833976445137,L1/L2,0.0021251534972307603,L4/L5,0.011295466608506919,0.009170313111276158,5,complete,0.0021251534972307603,0.00423548083122548,0.0063433528375073395,0.011295466608506919,0.006326020597034
ConvNeXt,2D,SCS,test,accuracy,0.9229878779368278,0.04170105152668451,L1/L2,0.9692053714281517,L4/L5,0.8778169764037604,0.09138839502439122,5,complete,0.9692053714281517,0.9298003430478834,0.882301365889542,0.8778169764037604,0.9558153329148013
ConvNeXt,2D,SCS,test,precision_macro,0.6385168798994966,0.12358778161644635,L4/L5,0.7607709425469099,L5/S1,0.4514785555111345,0.3092923870357754,5,complete,0.6928949243008934,0.5798636966196351,0.7075762805189099,0.7607709425469099,0.4514785555111345
ConvNeXt,2D,SCS,test,recall_macro,0.6268662150522007,0.14135693514324743,L3/L4,0.7361125404074961,L5/S1,0.3915834673926355,0.3445290730148606,5,complete,0.6879256081301006,0.6010660306924477,0.7361125404074961,0.7176434286383238,0.3915834673926355
ConvNeXt,2D,SCS,test,f1_macro,0.61415205148021,0.13096782259320427,L4/L5,0.7238076573432253,L5/S1,0.40211007597671367,0.3216975813665116,5,complete,0.6542042684806522,0.5817692357181676,0.7088690198822917,0.7238076573432253,0.40211007597671367
ConvNeXt,2D,SCS,test,oa,0.9229878779368278,0.04170105152668451,L1/L2,0.9692053714281517,L4/L5,0.8778169764037604,0.09138839502439122,5,complete,0.9692053714281517,0.9298003430478834,0.882301365889542,0.8778169764037604,0.9558153329148013
ConvNeXt,2D,SCS,test,omae,0.08289342129091352,0.04154650013904758,L1/L2,0.032890455389072995,L4/L5,0.1299105852266937,0.09702012983762069,5,complete,0.032890455389072995,0.07511513612462409,0.12048650245017398,0.1299105852266937,0.05606442726400288
ConvNeXt,2D,SCS,test,qwk,0.6686766312067349,0.2424051154970349,L4/L5,0.8503295153804921,L5/S1,0.24630924031278317,0.6040202750677088,5,complete,0.7384321190124358,0.7084962255074675,0.7998160558204964,0.8503295153804921,0.24630924031278317
ConvNeXt,2D,SCS,test,ser,0.005881299227741312,0.004006935956874054,L1/L2,0.00209582681722466,L5/S1,0.011879760178804221,0.009783933361579561,5,complete,0.00209582681722466,0.00491547917250756,0.0027878683397160203,0.007727561630454101,0.011879760178804221
ConvNeXt,2D,LFN,train,accuracy,0.8647089926859565,0.08940628239089543,L1/L2,0.9729183795038686,L4/L5,0.7763965984566198,0.19652178104724882,5,complete,0.9729183795038686,0.9423611211283692,0.8448983268949259,0.7763965984566198,0.7869705374459984
ConvNeXt,2D,LFN,train,precision_macro,0.6477051855840485,0.09339126524191448,L4/L5,0.7476748397519644,L1/L2,0.5426542833040126,0.2050205564479518,5,complete,0.5426542833040126,0.5594859697505914,0.6650043397134253,0.7476748397519644,0.7237064954002491
ConvNeXt,2D,LFN,train,recall_macro,0.5708371503335503,0.10708164412448357,L4/L5,0.6832170225702808,L1/L2,0.4305975406835964,0.2526194818866844,5,complete,0.4305975406835964,0.505574729633296,0.5675260000768625,0.6832170225702808,0.6672704587037163
ConvNeXt,2D,LFN,train,f1_macro,0.5918224562148378,0.10345103879353662,L4/L5,0.701463636719869,L1/L2,0.45567375583875835,0.24578988088111065,5,complete,0.45567375583875835,0.5254881570672026,0.5961674123157417,0.701463636719869,0.6803193191326173
ConvNeXt,2D,LFN,train,oa,0.8647089926859565,0.08940628239089543,L1/L2,0.9729183795038686,L4/L5,0.7763965984566198,0.19652178104724882,5,complete,0.9729183795038686,0.9423611211283692,0.8448983268949259,0.7763965984566198,0.7869705374459984
ConvNeXt,2D,LFN,train,omae,0.13804240635984982,0.09223946736172844,L1/L2,0.02722644308845572,L4/L5,0.22765833024766344,0.2004318871592077,5,complete,0.02722644308845572,0.0577837014639553,0.15611532645930992,0.22765833024766344,0.22142823053986466
ConvNeXt,2D,LFN,train,qwk,0.6050786158378749,0.12066492605995356,L5/S1,0.7253730412727537,L1/L2,0.41344944970067987,0.31192359157207383,5,complete,0.41344944970067987,0.6271699513748986,0.5779938012436412,0.6814068355974012,0.7253730412727537
ConvNeXt,2D,LFN,train,ser,0.002751399045806228,0.003542605228497552,L1/L2,0.0001448225923244,L5/S1,0.00839876798586318,0.00825394539353878,5,complete,0.0001448225923244,0.0001448225923244,0.00101365335423582,0.00405492870428334,0.00839876798586318
ConvNeXt,2D,LFN,validation,accuracy,0.846846541456711,0.09908027959869269,L1/L2,0.9708886852954649,L4/L5,0.7488112688960148,0.2220774163994501,5,complete,0.9708886852954649,0.9268712780577187,0.8273339441136052,0.7488112688960148,0.7603275309207512
ConvNeXt,2D,LFN,validation,precision_macro,0.6060505771596504,0.10944868426058088,L4/L5,0.7327398041923263,L1/L2,0.4800290252976553,0.25271077889467103,5,complete,0.4800290252976553,0.5136867670096701,0.6115916839901644,0.7327398041923263,0.6922056053084363
ConvNeXt,2D,LFN,validation,recall_macro,0.5186824747190922,0.11372433944551141,L4/L5,0.6370140225971921,L1/L2,0.3622677063811336,0.2747463162160585,5,complete,0.3622677063811336,0.45860525970306554,0.5185795691252575,0.6370140225971921,0.6169458157888125
ConvNeXt,2D,LFN,validation,f1_macro,0.537022956967007,0.11449099613330824,L4/L5,0.6549545023561789,L1/L2,0.3765334181930398,0.2784210841631391,5,complete,0.3765334181930398,0.47644830745053984,0.5451119731384043,0.6549545023561789,0.6320665836968715
ConvNeXt,2D,LFN,validation,oa,0.846846541456711,0.09908027959869269,L1/L2,0.9708886852954649,L4/L5,0.7488112688960148,0.2220774163994501,5,complete,0.9708886852954649,0.9268712780577187,0.8273339441136052,0.7488112688960148,0.7603275309207512
ConvNeXt,2D,LFN,validation,omae,0.1572162162162162,0.10350608263529026,L1/L2,0.029111314704534985,L4/L5,0.2559253321117728,0.22681401740723783,5,complete,0.029111314704534985,0.07312872194228119,0.17402198808978467,0.2559253321117728,0.2538937242327073
ConvNeXt,2D,LFN,validation,qwk,0.5060114727218,0.18635191717378569,L5/S1,0.6758175856128438,L1/L2,0.20393363184350033,0.47188395376934344,5,complete,0.20393363184350033,0.47207402673080273,0.5451927446330418,0.6330393747888111,0.6758175856128438
ConvNeXt,2D,LFN,validation,ser,0.00406275767292714,0.005999750824873703,L1/L2,0.0,L5/S1,0.01422125515345852,0.01422125515345852,5,complete,0.0,0.0,0.0013559322033898,0.00473660100778738,0.01422125515345852
ConvNeXt,2D,LFN,test,accuracy,0.8492572164000733,0.0966947086987663,L1/L2,0.9681926824783966,L4/L5,0.7456150027578599,0.22257767972053677,5,complete,0.9681926824783966,0.9242094134951279,0.8416988416988417,0.7456150027578599,0.7665701415701415
ConvNeXt,2D,LFN,test,precision_macro,0.6422866125246538,0.06721694248483173,L5/S1,0.7122861982097329,L2/L3,0.5383528189611275,0.1739333792486054,5,complete,0.6175264024602469,0.5383528189611275,0.6674679700711297,0.6757996729210316,0.7122861982097329
ConvNeXt,2D,LFN,test,recall_macro,0.5393106849871087,0.09739191389884604,L5/S1,0.635832657318607,L1/L2,0.40885616730687147,0.2269764900117356,5,complete,0.40885616730687147,0.4730247139109004,0.5563279368623225,0.622511949536842,0.635832657318607
ConvNeXt,2D,LFN,test,f1_macro,0.5628258394091102,0.09038734812529314,L5/S1,0.6505167387517584,L1/L2,0.4451728252794462,0.20534391347231223,5,complete,0.4451728252794462,0.49316770937594984,0.5868172324310029,0.6384546912073938,0.6505167387517584
ConvNeXt,2D,LFN,test,oa,0.8492572164000733,0.0966947086987663,L1/L2,0.9681926824783966,L4/L5,0.7456150027578599,0.22257767972053677,5,complete,0.9681926824783966,0.9242094134951279,0.8416988416988417,0.7456150027578599,0.7665701415701415
ConvNeXt,2D,LFN,test,omae,0.15399246184960463,0.09955500247031258,L1/L2,0.031807317521603186,L4/L5,0.2570876999448427,0.22528038242323953,5,complete,0.031807317521603186,0.07646626218054785,0.16101305387019665,0.2570876999448427,0.2435879757308328
ConvNeXt,2D,LFN,test,qwk,0.5613755463932562,0.11963547598152274,L5/S1,0.6780156058868053,L1/L2,0.3732125600656614,0.3048030458211439,5,complete,0.3732125600656614,0.5328204560464052,0.5766497911791142,0.6461793187882952,0.6780156058868053
ConvNeXt,2D,LFN,test,ser,0.003249678249678224,0.0040466288612702956,L1/L2,0.0,L5/S1,0.0101581173009744,0.0101581173009744,5,complete,0.0,0.00067567567567566,0.0027118955690384,0.00270270270270266,0.0101581173009744
ConvNeXt,2D,RFN,train,accuracy,0.8757507787456366,0.07657117843702478,L1/L2,0.9736552378320031,L4/L5,0.8050944475069638,0.16856079032503934,5,complete,0.9736552378320031,0.9366784155773764,0.8569148423461226,0.8050944475069638,0.8064109504657168
ConvNeXt,2D,RFN,train,precision_macro,0.7250028589843158,0.059540417962538235,L4/L5,0.7802688449518365,L2/L3,0.6374578185427467,0.14281102640908971,5,complete,0.6907236099845827,0.6374578185427467,0.7522940485846725,0.7802688449518365,0.7642699728577406
ConvNeXt,2D,RFN,train,recall_macro,0.6392973310257144,0.07617197957759872,L4/L5,0.7383404761405387,L2/L3,0.5580623867198333,0.18027808942070533,5,complete,0.5762295241380564,0.5580623867198333,0.6319416635531255,0.7383404761405387,0.691912604577018
ConvNeXt,2D,RFN,train,f1_macro,0.6595547670680132,0.07295518925546543,L4/L5,0.7475928264434069,L2/L3,0.5720353596670107,0.17555746677639616,5,complete,0.6035524941021606,0.5720353596670107,0.6627606721362771,0.7475928264434069,0.7118324829912107
ConvNeXt,2D,RFN,train,oa,0.8757507787456366,0.07657117843702478,L1/L2,0.9736552378320031,L4/L5,0.8050944475069638,0.16856079032503934,5,complete,0.9736552378320031,0.9366784155773764,0.8569148423461226,0.8050944475069638,0.8064109504657168
ConvNeXt,2D,RFN,train,omae,0.1273060982955796,0.079778748640136,L1/L2,0.026781443852984636,L5/S1,0.20436095192854026,0.17757950807555561,5,complete,0.026781443852984636,0.06332158442262352,0.1436672938843199,0.19839921738942976,0.20436095192854026
ConvNeXt,2D,RFN,train,qwk,0.660800578008658,0.07953306096017101,L5/S1,0.7330677983977768,L2/L3,0.536937234075461,0.1961305643223158,5,complete,0.6806225502995011,0.536937234075461,0.6328718853533915,0.7205034219171595,0.7330677983977768
ConvNeXt,2D,RFN,train,ser,0.0030568770412161763,0.004528980648526728,L2/L3,0.0,L5/S1,0.010771902394257061,0.010771902394257061,5,complete,0.00043668168498785996,0.0,0.0005821362304424,0.0034936648963935597,0.010771902394257061
ConvNeXt,2D,RFN,validation,accuracy,0.8556415467698759,0.08862279279198358,L1/L2,0.9647845285617682,L4/L5,0.7664327627523753,0.19835176580939295,5,complete,0.9647845285617682,0.9261768894456546,0.8456061838386294,0.7664327627523753,0.7752073692509527
ConvNeXt,2D,RFN,validation,precision_macro,0.6549120419419424,0.10106645076486533,L3/L4,0.7423359155395508,L1/L2,0.527279813806635,0.21505610173291578,5,complete,0.527279813806635,0.5653356644384236,0.7423359155395508,0.7352773650987263,0.7043314508263758
ConvNeXt,2D,RFN,validation,recall_macro,0.6019436373707003,0.07534430589020506,L4/L5,0.710337889238001,L1/L2,0.5329670679793019,0.17737082125869907,5,complete,0.5329670679793019,0.5364969073190127,0.5868694924101525,0.710337889238001,0.6430468299070333
ConvNeXt,2D,RFN,validation,f1_macro,0.6027298228090894,0.08702972606432395,L4/L5,0.7070365969632331,L1/L2,0.5112352234207101,0.19580137354252292,5,complete,0.5112352234207101,0.5165646553815785,0.6178336375772383,0.7070365969632331,0.660979000702687
ConvNeXt,2D,RFN,validation,oa,0.8556415467698759,0.08862279279198358,L1/L2,0.9647845285617682,L4/L5,0.7664327627523753,0.19835176580939295,5,complete,0.9647845285617682,0.9261768894456546,0.8456061838386294,0.7664327627523753,0.7752073692509527
ConvNeXt,2D,RFN,validation,omae,0.1482833428378222,0.0924294053392495,L1/L2,0.036566822789583044,L5/S1,0.24035842830031684,0.2037916055107338,5,complete,0.036566822789583044,0.07382311055434536,0.15506949183704627,0.23559886070781952,0.24035842830031684
ConvNeXt,2D,RFN,validation,qwk,0.6195065203932024,0.06339463181190594,L4/L5,0.6865307092744748,L2/L3,0.5349353045094862,0.15159540476498856,5,complete,0.5868698398032411,0.5349353045094862,0.6121435614089038,0.6865307092744748,0.6770531869699056
ConvNeXt,2D,RFN,validation,ser,0.003924889607698296,0.006551344198359887,L2/L3,0.0,L5/S1,0.015565797551269661,0.015565797551269661,5,complete,0.00135135135135132,0.0,0.00067567567567566,0.00203162346019484,0.015565797551269661
ConvNeXt,2D,RFN,test,accuracy,0.8468238646810076,0.09261839961281798,L1/L2,0.9668597168597168,L4/L5,0.7584620334620334,0.2083976833976834,5,complete,0.9668597168597168,0.9188132009560581,0.8227477477477476,0.7584620334620334,0.7672366243794816
ConvNeXt,2D,RFN,test,precision_macro,0.6327581866117441,0.09325551634702021,L4/L5,0.7335177490679567,L1/L2,0.5172862902077793,0.21623145886017747,5,complete,0.5172862902077793,0.5545358626658319,0.6999976092024118,0.7335177490679567,0.6584534219147411
ConvNeXt,2D,RFN,test,recall_macro,0.5717135073724637,0.08231087684879815,L4/L5,0.6891675479106031,L1/L2,0.48621311860442296,0.20295442930618013,5,complete,0.48621311860442296,0.5023393477055893,0.5749055069547878,0.6891675479106031,0.6059420156869159
ConvNeXt,2D,RFN,test,f1_macro,0.5855876035920755,0.08070163565845753,L4/L5,0.6961135984040331,L1/L2,0.49565507109730955,0.20045852730672353,5,complete,0.49565507109730955,0.5179231595899407,0.6036074611437757,0.6961135984040331,0.6146387277253184
ConvNeXt,2D,RFN,test,oa,0.8468238646810076,0.09261839961281798,L1/L2,0.9668597168597168,L4/L5,0.7584620334620334,0.2083976833976834,5,complete,0.9668597168597168,0.9188132009560581,0.8227477477477476,0.7584620334620334,0.7672366243794816
ConvNeXt,2D,RFN,test,omae,0.1569645155359441,0.09581243689390123,L1/L2,0.03449163449163446,L4/L5,0.24626769626769623,0.21177606177606179,5,complete,0.03449163449163446,0.08118679904394185,0.17927927927927925,0.24626769626769623,0.24359716859716857
ConvNeXt,2D,RFN,test,qwk,0.6120525212327079,0.057804204149759494,L4/L5,0.6754151952845989,L2/L3,0.5322927282960084,0.14312246698859055,5,complete,0.6081857476601378,0.5322927282960084,0.5849783763564902,0.6754151952845989,0.6593905585663044
ConvNeXt,2D,RFN,test,ser,0.00378838021695162,0.004298757939200175,L2/L3,0.0,L5/S1,0.01083379297665006,0.01083379297665006,5,complete,0.00135135135135132,0.0,0.0020270270270270198,0.0047297297297297,0.01083379297665006
ConvNeXt,2D,LSS,train,accuracy,0.866898080818195,0.06146463136958373,L1/L2,0.9543259466334408,L4/L5,0.7950507355434662,0.15927521108997467,5,complete,0.9543259466334408,0.8995804210304188,0.8488141155220758,0.7950507355434662,0.8367191853615725
ConvNeXt,2D,LSS,train,precision_macro,0.7739897223588141,0.039578578142739816,L3/L4,0.8009583783359806,L1/L2,0.7053120679107685,0.0956463104252121,5,complete,0.7053120679107685,0.7798570893875816,0.8009583783359806,0.8004307932825494,0.7833902828771908
ConvNeXt,2D,LSS,train,recall_macro,0.7036083438845869,0.06285570207814664,L4/L5,0.7711405941741128,L1/L2,0.6213737400185192,0.14976685415559365,5,complete,0.6213737400185192,0.6864356683005486,0.7624254148062277,0.7711405941741128,0.6766663021235267
ConvNeXt,2D,LSS,train,f1_macro,0.7281158360541615,0.05488843001791468,L4/L5,0.7816815677082868,L1/L2,0.648024530384237,0.13365703732404977,5,complete,0.648024530384237,0.7183894417542519,0.7779857077993306,0.7816815677082868,0.7144979326247014
ConvNeXt,2D,LSS,train,oa,0.866898080818195,0.06146463136958373,L1/L2,0.9543259466334408,L4/L5,0.7950507355434662,0.15927521108997467,5,complete,0.9543259466334408,0.8995804210304188,0.8488141155220758,0.7950507355434662,0.8367191853615725
ConvNeXt,2D,LSS,train,omae,0.13717708147128915,0.06314607479682392,L1/L2,0.04742844439539884,L4/L5,0.21004216979861715,0.1626137254032183,5,complete,0.04742844439539884,0.10360304168286423,0.15277862725289823,0.21004216979861715,0.17203312422666744
ConvNeXt,2D,LSS,train,qwk,0.7640466506864753,0.05445970225312994,L4/L5,0.8195064208991066,L1/L2,0.6962505186033141,0.12325590229579253,5,complete,0.6962505186033141,0.7625383603837774,0.8162084667347749,0.8195064208991066,0.7257294868114036
ConvNeXt,2D,LSS,train,ser,0.0040751622894839605,0.0029687969701472977,L3/L4,0.0015927427749740798,L5/S1,0.008752309588239901,0.007159566813265821,5,complete,0.0017543910288396203,0.00318346271328302,0.0015927427749740798,0.00509290534208318,0.008752309588239901
ConvNeXt,2D,LSS,validation,accuracy,0.8440964941149314,0.08114836723043828,L1/L2,0.9520325471686313,L4/L5,0.7463275011497137,0.2057050460189176,5,complete,0.9520325471686313,0.8967119566285502,0.8267061794739583,0.7463275011497137,0.7987042861538033
ConvNeXt,2D,LSS,validation,precision_macro,0.71837061742958,0.06405014655009257,L4/L5,0.7547574150638006,L1/L2,0.6043625538977901,0.15039486116601042,5,complete,0.6043625538977901,0.7370950918585304,0.7466304142572837,0.7547574150638006,0.7490076120704955
ConvNeXt,2D,LSS,validation,recall_macro,0.6566290896672451,0.07727707725846683,L4/L5,0.7251677787708838,L1/L2,0.5451130738147145,0.18005470495616926,5,complete,0.5451130738147145,0.6742216709950807,0.724647412053105,0.7251677787708838,0.6139955127024415
ConvNeXt,2D,LSS,validation,f1_macro,0.674477893442341,0.07399132542122207,L4/L5,0.7340384078943192,L1/L2,0.5571789164080247,0.17685949148629443,5,complete,0.5571789164080247,0.697687550452278,0.7333208524181697,0.7340384078943192,0.6501637400389135
ConvNeXt,2D,LSS,validation,oa,0.8440964941149314,0.08114836723043828,L1/L2,0.9520325471686313,L4/L5,0.7463275011497137,0.2057050460189176,5,complete,0.9520325471686313,0.8967119566285502,0.8267061794739583,0.7463275011497137,0.7987042861538033
ConvNeXt,2D,LSS,validation,omae,0.1609101863733119,0.08174346091015294,L1/L2,0.05239577984529694,L4/L5,0.2588196773798178,0.20642389753452087,5,complete,0.05239577984529694,0.10844605529416765,0.17476716199938322,0.2588196773798178,0.2101222573478938
ConvNeXt,2D,LSS,validation,qwk,0.7103375119109906,0.07861156083996093,L3/L4,0.7777957727150199,L1/L2,0.6130971683711742,0.16469860434384564,5,complete,0.6130971683711742,0.7499127060362886,0.7777957727150199,0.772889677934793,0.6379922344976776
ConvNeXt,2D,LSS,validation,ser,0.005006680488243228,0.002619779173885553,L3/L4,0.00147334147334146,L5/S1,0.0088265435016971,0.0073532020283556395,5,complete,0.00442832701392838,0.0051580119227177795,0.00147334147334146,0.00514717852953142,0.0088265435016971
ConvNeXt,2D,LSS,test,accuracy,0.8390425753369428,0.07776070452109286,L1/L2,0.9451403961548082,L4/L5,0.7406503409149094,0.20449005523989872,5,complete,0.9451403961548082,0.8821620656181681,0.8206387687624199,0.7406503409149094,0.8066213052344084
ConvNeXt,2D,LSS,test,precision_macro,0.7312621593783943,0.03410449346322045,L2/L3,0.7495530784880089,L1/L2,0.670651220295338,0.07890185819267093,5,complete,0.670651220295338,0.7495530784880089,0.7480491123956989,0.739759518848034,0.7482978668648912
ConvNeXt,2D,LSS,test,recall_macro,0.649844259251902,0.08038516951368574,L3/L4,0.727715591760733,L1/L2,0.5248249436709856,0.20289064808974733,5,complete,0.5248249436709856,0.6489135123350694,0.727715591760733,0.71259201989548,0.6351752285972424
ConvNeXt,2D,LSS,test,f1_macro,0.6709535092280206,0.07163682947924044,L3/L4,0.7348191056459733,L1/L2,0.5531395219401208,0.18167958370585247,5,complete,0.5531395219401208,0.6775516060716219,0.7348191056459733,0.7211223469118855,0.6681349655705013
ConvNeXt,2D,LSS,test,oa,0.8390425753369428,0.07776070452109286,L1/L2,0.9451403961548082,L4/L5,0.7406503409149094,0.20449005523989872,5,complete,0.9451403961548082,0.8821620656181681,0.8206387687624199,0.7406503409149094,0.8066213052344084
ConvNeXt,2D,LSS,test,omae,0.166010287648664,0.08021307638327171,L1/L2,0.05633294531853324,L4/L5,0.26528993076232504,0.20895698544379182,5,complete,0.05633294531853324,0.12081487358518617,0.18233817044093442,0.26528993076232504,0.2052755181363411
ConvNeXt,2D,LSS,test,qwk,0.7105438579425355,0.06575431516004053,L4/L5,0.7791686618206786,L1/L2,0.6217877527770146,0.15738090904366397,5,complete,0.6217877527770146,0.7136732824720723,0.7667584460071943,0.7791686618206786,0.6713311466357184
ConvNeXt,2D,LSS,test,ser,0.005052862985606824,0.004155092697389308,L1/L2,0.00147334147334146,L5/S1,0.011896823370749422,0.010423481897407962,5,complete,0.00147334147334146,0.00297693920335428,0.00297693920335428,0.00594027167723468,0.011896823370749422
ConvNeXt,2D,RSS,train,accuracy,0.8357278211499928,0.08026827731776327,L1/L2,0.9466728200195049,L4/L5,0.7389098517728365,0.2077629682466684,5,complete,0.9466728200195049,0.881759334711617,0.8146220665982646,0.7389098517728365,0.7966750326477413
ConvNeXt,2D,RSS,train,precision_macro,0.7153052661811015,0.04991703115013273,L3/L4,0.7594451399888676,L1/L2,0.6406820824484258,0.11876305754044181,5,complete,0.6406820824484258,0.7567610335884131,0.7594451399888676,0.7281372513576986,0.6915008235221024
ConvNeXt,2D,RSS,train,recall_macro,0.6228414692137003,0.08347033638503505,L4/L5,0.7136012697847925,L1/L2,0.5115024752474683,0.20209879453732427,5,complete,0.5115024752474683,0.6005038355728375,0.6982238029791856,0.7136012697847925,0.5903759624842173
ConvNeXt,2D,RSS,train,f1_macro,0.6462095536362537,0.07420101352575892,L3/L4,0.7189898989707457,L1/L2,0.5413191892635422,0.17767070970720356,5,complete,0.5413191892635422,0.6353164371121766,0.7189898989707457,0.7160893169503565,0.6193329258844472
ConvNeXt,2D,RSS,train,oa,0.8357278211499928,0.08026827731776327,L1/L2,0.9466728200195049,L4/L5,0.7389098517728365,0.2077629682466684,5,complete,0.9466728200195049,0.881759334711617,0.8146220665982646,0.7389098517728365,0.7966750326477413
ConvNeXt,2D,RSS,train,omae,0.17068667462936582,0.08346914522155856,L1/L2,0.05554916404651068,L4/L5,0.268391766524634,0.2128426024781233,5,complete,0.05554916404651068,0.12141540954381955,0.18966643919552753,0.268391766524634,0.21841059383633743
ConvNeXt,2D,RSS,train,qwk,0.6956446096305561,0.07122170588911288,L4/L5,0.776930735697264,L1/L2,0.6145577708006174,0.16237296489664665,5,complete,0.6145577708006174,0.6690830269694507,0.7638467208619741,0.776930735697264,0.6538047938234742
ConvNeXt,2D,RSS,train,ser,0.006414495779358697,0.005209809782575703,L1/L2,0.00222198406601556,L5/S1,0.01508562648407882,0.01286364241806326,5,complete,0.00222198406601556,0.00317474425543648,0.00428850579379216,0.007301618297470461,0.01508562648407882
ConvNeXt,2D,RSS,validation,accuracy,0.8287668693322491,0.08930669514699799,L1/L2,0.9525546148395083,L4/L5,0.7319048053650478,0.22064980947446056,5,complete,0.9525546148395083,0.8807552192148463,0.8155831967404783,0.7319048053650478,0.7630365105013649
ConvNeXt,2D,RSS,validation,precision_macro,0.6767644352105203,0.07378731335156977,L3/L4,0.757294153401697,L1/L2,0.563863949527917,0.19343020387378007,5,complete,0.563863949527917,0.6748932162423131,0.757294153401697,0.7251660693263154,0.6626047875543589
ConvNeXt,2D,RSS,validation,recall_macro,0.6180831785975048,0.08871556931532114,L3/L4,0.716947519606616,L1/L2,0.5225158006953576,0.19443171891125832,5,complete,0.5225158006953576,0.5749335148059544,0.716947519606616,0.7084315246238779,0.5675875332557183
ConvNeXt,2D,RSS,validation,f1_macro,0.6297534177692513,0.08505149034288795,L3/L4,0.7291265065000525,L1/L2,0.5356903931960826,0.19343611330396993,5,complete,0.5356903931960826,0.5870165831042533,0.7291265065000525,0.71045608463655,0.5864775214093184
ConvNeXt,2D,RSS,validation,oa,0.8287668693322491,0.08930669514699799,L1/L2,0.9525546148395083,L4/L5,0.7319048053650478,0.22064980947446056,5,complete,0.9525546148395083,0.8807552192148463,0.8155831967404783,0.7319048053650478,0.7630365105013649
ConvNeXt,2D,RSS,validation,omae,0.1779314952531383,0.09488296953841592,L1/L2,0.04819444883090366,L4/L5,0.28002681886003317,0.23183237002912951,5,complete,0.04819444883090366,0.1222001784002763,0.18664496725239144,0.28002681886003317,0.252591062922087
ConvNeXt,2D,RSS,validation,qwk,0.6917259481236266,0.0659229013303897,L3/L4,0.7690538350382561,L5/S1,0.6281323948737768,0.14092144016447927,5,complete,0.667711422626626,0.638857273311759,0.7690538350382561,0.7548748147677151,0.6281323948737768
ConvNeXt,2D,RSS,validation,ser,0.0066983645853874755,0.006642748929941918,L1/L2,0.00074906367041198,L5/S1,0.015627573423451918,0.014878509753039938,5,complete,0.00074906367041198,0.00295539761512276,0.0022281639928698397,0.01193162422508088,0.015627573423451918
ConvNeXt,2D,RSS,test,accuracy,0.8204112153694421,0.09059748018292241,L1/L2,0.9392569487371298,L4/L5,0.7024721991129923,0.23678474962413754,5,complete,0.9392569487371298,0.8735613821267976,0.8093777756797756,0.7024721991129923,0.7773877711905154
ConvNeXt,2D,RSS,test,precision_macro,0.6881127360698441,0.0737266411917676,L3/L4,0.7600671863985466,L1/L2,0.5772651025035276,0.18280208389501906,5,complete,0.5772651025035276,0.7484895915166054,0.7600671863985466,0.6915428958883283,0.6631989040422132
ConvNeXt,2D,RSS,test,recall_macro,0.6083767764805459,0.08571880920219772,L3/L4,0.6993534626044069,L1/L2,0.4860269402200597,0.21332652238434718,5,complete,0.4860269402200597,0.592379691966336,0.6993534626044069,0.6808816688706412,0.583242118741286
ConvNeXt,2D,RSS,test,f1_macro,0.6245393644179265,0.08205200715220017,L3/L4,0.721685623212798,L1/L2,0.5085587144668746,0.21312690874592344,5,complete,0.5085587144668746,0.6133381546583492,0.721685623212798,0.6811785835724742,0.597935746179136
ConvNeXt,2D,RSS,test,oa,0.8204112153694421,0.09059748018292241,L1/L2,0.9392569487371298,L4/L5,0.7024721991129923,0.23678474962413754,5,complete,0.9392569487371298,0.8735613821267976,0.8093777756797756,0.7024721991129923,0.7773877711905154
ConvNeXt,2D,RSS,test,omae,0.18761087261152218,0.09482054352586322,L1/L2,0.06220833137021655,L4/L5,0.30995519968386687,0.2477468683136503,5,complete,0.06220833137021655,0.13442125885440098,0.19501322658544248,0.30995519968386687,0.23645634656368406
ConvNeXt,2D,RSS,test,qwk,0.6699134240106184,0.07125002122679377,L3/L4,0.7522547574439583,L1/L2,0.5918540635086224,0.16040069393533596,5,complete,0.5918540635086224,0.6419471051545564,0.7522547574439583,0.7381927923073197,0.625318401638635
ConvNeXt,2D,RSS,test,ser,0.008022087980964297,0.005231655165850904,L1/L2,0.00146528010734652,L5/S1,0.013844117754199341,0.012378837646852821,5,complete,0.00146528010734652,0.007982640981198299,0.00439100226521816,0.01242739879685916,0.013844117754199341
EfficientNet,2.5D-to-3D,SCS,train,accuracy,0.8782722370941316,0.09175943906873786,L5/S1,0.9664479836089559,L4/L5,0.7505241104491832,0.21592387315977268,5,complete,0.9571153465584572,0.8946736695715721,0.8226000752824894,0.7505241104491832,0.9664479836089559
EfficientNet,2.5D-to-3D,SCS,train,precision_macro,0.2927574123647105,0.030586479689579307,L5/S1,0.3221493278696519,L4/L5,0.25017470348306103,0.07197462438659086,5,complete,0.3190384488528191,0.2982245565238573,0.274200025094163,0.25017470348306103,0.3221493278696519
EfficientNet,2.5D-to-3D,SCS,train,recall_macro,0.3333333333333333,0.0,L1/L2,0.3333333333333333,L1/L2,0.3333333333333333,0.0,5,complete,0.3333333333333333,0.3333333333333333,0.3333333333333333,0.3333333333333333,0.3333333333333333
EfficientNet,2.5D-to-3D,SCS,train,f1_macro,0.31103875653111135,0.017700899019148765,L5/S1,0.32764564098999027,L4/L5,0.28582793218284996,0.04181770880714031,5,complete,0.3260291822845158,0.3148027603059867,0.30088826689221426,0.28582793218284996,0.32764564098999027
EfficientNet,2.5D-to-3D,SCS,train,oa,0.8782722370941316,0.09175943906873786,L5/S1,0.9664479836089559,L4/L5,0.7505241104491832,0.21592387315977268,5,complete,0.9571153465584572,0.8946736695715721,0.8226000752824894,0.7505241104491832,0.9664479836089559
EfficientNet,2.5D-to-3D,SCS,train,omae,0.1693649149963741,0.14107527853544874,L5/S1,0.04333126576967708,L4/L5,0.37872728412161855,0.33539601835194144,5,complete,0.0531150338644239,0.1318073587486197,0.23984363247753135,0.37872728412161855,0.04333126576967708
EfficientNet,2.5D-to-3D,SCS,train,qwk,0.0,0.0,L1/L2,0.0,L1/L2,0.0,0.0,5,complete,0.0,0.0,0.0,0.0,0.0
EfficientNet,2.5D-to-3D,SCS,train,ser,0.04763715209050561,0.050398877972994735,L5/S1,0.009779249378632799,L4/L5,0.12925139457080165,0.11947214519216885,5,complete,0.01023038042288126,0.026481028320191724,0.06244370776002062,0.12925139457080165,0.009779249378632799
EfficientNet,2.5D-to-3D,SCS,validation,accuracy,0.8730040750188672,0.08395340881059128,L5/S1,0.9579094733049323,L4/L5,0.7565508858983033,0.20135858740662893,5,complete,0.9396604225912173,0.889823139805754,0.8210764534941288,0.7565508858983033,0.9579094733049323
EfficientNet,2.5D-to-3D,SCS,validation,precision_macro,0.2910013583396224,0.027984469603530425,L5/S1,0.31930315776831075,L4/L5,0.2521836286327678,0.06711952913554298,5,complete,0.31322014086373906,0.2966077132685846,0.2736921511647096,0.2521836286327678,0.31930315776831075
EfficientNet,2.5D-to-3D,SCS,validation,recall_macro,0.3333333333333333,0.0,L1/L2,0.3333333333333333,L1/L2,0.3333333333333333,0.0,5,complete,0.3333333333333333,0.3333333333333333,0.3333333333333333,0.3333333333333333,0.3333333333333333
EfficientNet,2.5D-to-3D,SCS,validation,f1_macro,0.3101414049209924,0.016249423336070594,L5/S1,0.3261591962643968,L4/L5,0.2871252655187058,0.039033930745691,5,complete,0.32295795495575563,0.3138908709937397,0.30057373687236427,0.2871252655187058,0.3261591962643968
EfficientNet,2.5D-to-3D,SCS,validation,oa,0.8730040750188672,0.08395340881059128,L5/S1,0.9579094733049323,L4/L5,0.7565508858983033,0.20135858740662893,5,complete,0.9396604225912173,0.889823139805754,0.8210764534941288,0.7565508858983033,0.9579094733049323
EfficientNet,2.5D-to-3D,SCS,validation,omae,0.176969663818209,0.13122153231337105,L5/S1,0.05261997121866676,L4/L5,0.36977488153527543,0.3171549103166087,5,complete,0.07366627547910908,0.144589542811481,0.24419764804651276,0.36977488153527543,0.05261997121866676
EfficientNet,2.5D-to-3D,SCS,validation,qwk,0.0,0.0,L1/L2,0.0,L1/L2,0.0,0.0,5,complete,0.0,0.0,0.0,0.0,0.0
EfficientNet,2.5D-to-3D,SCS,validation,ser,0.04997373883707613,0.04797066236562435,L5/S1,0.01052944452359902,L4/L5,0.12632576743357882,0.11579632290997979,5,complete,0.013326698070326298,0.03441268261723486,0.06527410154064163,0.12632576743357882,0.01052944452359902
EfficientNet,2.5D-to-3D,SCS,test,accuracy,0.8806473930950283,0.0906545620761547,L5/S1,0.9599724046387564,L4/L5,0.7541830413561559,0.20578936328260056,5,complete,0.9586153336069316,0.9101391489721031,0.8203270369011941,0.7541830413561559,0.9599724046387564
EfficientNet,2.5D-to-3D,SCS,test,precision_macro,0.293549131031676,0.030218187358718205,L5/S1,0.3199908015462521,L4/L5,0.25139434711871866,0.06859645442753343,5,complete,0.31953844453564384,0.30337971632403427,0.2734423456337313,0.25139434711871866,0.3199908015462521
EfficientNet,2.5D-to-3D,SCS,test,recall_macro,0.3333333333333333,0.0,L1/L2,0.3333333333333333,L1/L2,0.3333333333333333,0.0,5,complete,0.3333333333333333,0.3333333333333333,0.3333333333333333,0.3333333333333333,0.3333333333333333
EfficientNet,2.5D-to-3D,SCS,test,f1_macro,0.3114903643322617,0.017499985835339477,L5/S1,0.3265193382776556,L4/L5,0.2865950513208102,0.03992428695684541,5,complete,0.3262825881716124,0.31764163382615057,0.30041321006507954,0.2865950513208102,0.3265193382776556
EfficientNet,2.5D-to-3D,SCS,test,oa,0.8806473930950283,0.0906545620761547,L5/S1,0.9599724046387564,L4/L5,0.7541830413561559,0.20578936328260056,5,complete,0.9586153336069316,0.9101391489721031,0.8203270369011941,0.7541830413561559,0.9599724046387564
EfficientNet,2.5D-to-3D,SCS,test,omae,0.16653162881177375,0.14043092190947065,L5/S1,0.05055785440555956,L4/L5,0.37991401360885513,0.3293561592032956,5,complete,0.053995872593865256,0.11441813274696144,0.23377227070362724,0.37991401360885513,0.05055785440555956
EfficientNet,2.5D-to-3D,SCS,test,qwk,0.0,0.0,L1/L2,0.0,L1/L2,0.0,0.0,5,complete,0.0,0.0,0.0,0.0,0.0
EfficientNet,2.5D-to-3D,SCS,test,ser,0.047179021906801934,0.051605338037858835,L5/S1,0.0105302590443159,L4/L5,0.13409705496501112,0.12356679592069522,5,complete,0.01261120620079686,0.02455728171906446,0.054099307604821324,0.13409705496501112,0.0105302590443159
EfficientNet,2.5D-to-3D,LFN,train,accuracy,0.7913983097105508,0.1496594395553365,L1/L2,0.9678490629898695,L4/L5,0.6338900836952721,0.3339589792945974,5,complete,0.9678490629898695,0.9138296996391464,0.7865343878328004,0.6338900836952721,0.654888314395666
EfficientNet,2.5D-to-3D,LFN,train,precision_macro,0.32272743574368684,0.01795759529159607,L2/L3,0.35284423402434156,L3/L4,0.30540223321813037,0.04744200080621119,5,complete,0.3226631593126933,0.35284423402434156,0.30540223321813037,0.3172912116183088,0.3154363405449602
EfficientNet,2.5D-to-3D,LFN,train,recall_macro,0.36011442055703613,0.018977417040925447,L5/S1,0.38574503379762437,L1/L2,0.33328354493403034,0.05246148886359403,5,complete,0.33328354493403034,0.35579189737404743,0.359015086625324,0.36673654005415474,0.38574503379762437
EfficientNet,2.5D-to-3D,LFN,train,f1_macro,0.32859731074068027,0.015076491873043961,L2/L3,0.3494015148786027,L4/L5,0.3070226262932899,0.0423788885853128,5,complete,0.3278870448336644,0.3494015148786027,0.32717901207702854,0.3070226262932899,0.33149635562081586
EfficientNet,2.5D-to-3D,LFN,train,oa,0.7913983097105508,0.1496594395553365,L1/L2,0.9678490629898695,L4/L5,0.6338900836952721,0.3339589792945974,5,complete,0.9678490629898695,0.9138296996391464,0.7865343878328004,0.6338900836952721,0.654888314395666
EfficientNet,2.5D-to-3D,LFN,train,omae,0.24150541242507612,0.18395297032337452,L1/L2,0.033309413108563155,L5/S1,0.430412633521189,0.39710322041262586,5,complete,0.033309413108563155,0.09051487440165831,0.22910635129488552,0.42418378979908467,0.430412633521189
EfficientNet,2.5D-to-3D,LFN,train,qwk,0.0875096319787432,0.050972794657308716,L5/S1,0.13253302314300403,L1/L2,-0.0002604282268685,0.13279345136987253,5,complete,-0.0002604282268685,0.0986576975997554,0.09891014271129228,0.10770772466653278,0.13253302314300403
EfficientNet,2.5D-to-3D,LFN,train,ser,0.03290372213562701,0.03708234740812267,L1/L2,0.00115847609843274,L5/S1,0.08530094791685504,0.0841424718184223,5,complete,0.00115847609843274,0.00434457404080468,0.01564073912768586,0.05807387349435672,0.08530094791685504
EfficientNet,2.5D-to-3D,LFN,validation,accuracy,0.7836271186440678,0.15499526620066173,L1/L2,0.9695281722400366,L4/L5,0.6134333486028402,0.35609482363719647,5,complete,0.9695281722400366,0.9146930829134219,0.7583005038937243,0.6134333486028402,0.662180485570316
EfficientNet,2.5D-to-3D,LFN,validation,precision_macro,0.3166596024900944,0.03251491325501804,L2/L3,0.3528423853635717,L4/L5,0.27320787119005857,0.07963451417351314,5,complete,0.32317605741334554,0.3528423853635717,0.29479979407808815,0.27320787119005857,0.33927190440540794
EfficientNet,2.5D-to-3D,LFN,validation,recall_macro,0.35245721374826766,0.015650203489578768,L5/S1,0.3728795590702286,L1/L2,0.3333333333333333,0.03954622573689526,5,complete,0.3333333333333333,0.3449874686716791,0.3477300103842159,0.36335569728188116,0.3728795590702286
EfficientNet,2.5D-to-3D,LFN,validation,f1_macro,0.3185225079695349,0.015660495269678387,L2/L3,0.3375895422955944,L4/L5,0.2968492045291646,0.040740337766429824,5,complete,0.328168486356121,0.3375895422955944,0.31113632975644384,0.2968492045291646,0.31886897691035065
EfficientNet,2.5D-to-3D,LFN,validation,oa,0.7836271186440678,0.15499526620066173,L1/L2,0.9695281722400366,L4/L5,0.6134333486028402,0.35609482363719647,5,complete,0.9695281722400366,0.9146930829134219,0.7583005038937243,0.6134333486028402,0.662180485570316
EfficientNet,2.5D-to-3D,LFN,validation,omae,0.25007924874026566,0.18982963721391924,L1/L2,0.031147503435639,L4/L5,0.4407054512139258,0.4095579477782868,5,complete,0.031147503435639,0.08801420064131926,0.2572698121850664,0.4407054512139258,0.4332592762253779
EfficientNet,2.5D-to-3D,LFN,validation,qwk,0.07088202739238507,0.04591061645675094,L5/S1,0.11190523514418207,L1/L2,0.0,0.11190523514418207,5,complete,0.0,0.06693730266125394,0.06393979851923776,0.11162780063725157,0.11190523514418207
EfficientNet,2.5D-to-3D,LFN,validation,ser,0.033706367384333455,0.040649054203752026,L1/L2,0.00067567567567566,L5/S1,0.09543976179569397,0.09476408612001831,5,complete,0.00067567567567566,0.0027072835547411597,0.0155703160787906,0.05413879981676588,0.09543976179569397
EfficientNet,2.5D-to-3D,LFN,test,accuracy,0.7830796102224673,0.14784373329648617,L1/L2,0.9607556536127964,L4/L5,0.6299043941901085,0.3308512594226879,5,complete,0.9607556536127964,0.9005193969479685,0.7774315131457988,0.6299043941901085,0.6467870932156647
EfficientNet,2.5D-to-3D,LFN,test,precision_macro,0.3356056963067714,0.03420024003949302,L1/L2,0.386910916450868,L3/L4,0.3016655902370188,0.08524532621384923,5,complete,0.386910916450868,0.34090078304364013,0.3016655902370188,0.34173539210590786,0.30681579969642253
EfficientNet,2.5D-to-3D,LFN,test,recall_macro,0.35651515863988437,0.015207407105970822,L5/S1,0.37793925371637144,L1/L2,0.33939393939393936,0.03854531432243208,5,complete,0.33939393939393936,0.3473990844777361,0.3526668925787868,0.3651766230325878,0.37793925371637144
EfficientNet,2.5D-to-3D,LFN,test,f1_macro,0.324107050718936,0.014560240435659486,L1/L2,0.3377677946785482,L4/L5,0.30258389130422375,0.03518390337432448,5,complete,0.3377677946785482,0.3375423544042161,0.3202948964286711,0.30258389130422375,0.3223463167790207
EfficientNet,2.5D-to-3D,LFN,test,oa,0.7830796102224673,0.14784373329648617,L1/L2,0.9607556536127964,L4/L5,0.6299043941901085,0.3308512594226879,5,complete,0.9607556536127964,0.9005193969479685,0.7774315131457988,0.6299043941901085,0.6467870932156647
EfficientNet,2.5D-to-3D,LFN,test,omae,0.25048997977569404,0.18028707676693356,L1/L2,0.03992002206287916,L5/S1,0.43238646810075376,0.3924664460378746,5,complete,0.03992002206287916,0.10489520132377272,0.24760985475271186,0.4276383526383526,0.43238646810075376
EfficientNet,2.5D-to-3D,LFN,test,qwk,0.07914380257236041,0.03343360184508046,L5/S1,0.11654310441573694,L1/L2,0.03229461756373938,0.08424848685199757,5,complete,0.03229461756373938,0.06481889763779526,0.07706971677559912,0.10499267646893132,0.11654310441573694
EfficientNet,2.5D-to-3D,LFN,test,ser,0.033569589998161384,0.03391857226932375,L1/L2,0.00067567567567566,L5/S1,0.07917356131641841,0.07849788564074275,5,complete,0.00067567567567566,0.00541459827174106,0.025041367898510702,0.057542746828461076,0.07917356131641841
EfficientNet,2.5D-to-3D,RFN,train,accuracy,0.7847439642670715,0.15433648645374645,L1/L2,0.9628804757717934,L4/L5,0.618192928095296,0.34468754767649734,5,complete,0.9628804757717934,0.917464319425218,0.7749623597036781,0.618192928095296,0.650219738339372
EfficientNet,2.5D-to-3D,RFN,train,precision_macro,0.2615813214223571,0.05144549548458219,L1/L2,0.3209601585905978,L4/L5,0.2060643093650986,0.1148958492254992,5,complete,0.3209601585905978,0.305821439808406,0.2583207865678927,0.2060643093650986,0.2167399127797906
EfficientNet,2.5D-to-3D,RFN,train,recall_macro,0.3333333333333333,0.0,L1/L2,0.3333333333333333,L1/L2,0.3333333333333333,0.0,5,complete,0.3333333333333333,0.3333333333333333,0.3333333333333333,0.3333333333333333,0.3333333333333333
EfficientNet,2.5D-to-3D,RFN,train,f1_macro,0.29088826744251073,0.03241213698774701,L1/L2,0.3270280393039603,L4/L5,0.25468031177600253,0.07234772752795776,5,complete,0.3270280393039603,0.3189830498718474,0.2910704853405601,0.25468031177600253,0.2626794509201833
EfficientNet,2.5D-to-3D,RFN,train,oa,0.7847439642670715,0.15433648645374645,L1/L2,0.9628804757717934,L4/L5,0.618192928095296,0.34468754767649734,5,complete,0.9628804757717934,0.917464319425218,0.7749623597036781,0.618192928095296,0.650219738339372
EfficientNet,2.5D-to-3D,RFN,train,omae,0.2530434649053245,0.19172536198062823,L1/L2,0.04337905090471776,L5/S1,0.44788932962648725,0.4045102787217695,5,complete,0.04337905090471776,0.08515608780944488,0.24381441912818796,0.4449784370577846,0.44788932962648725
EfficientNet,2.5D-to-3D,RFN,train,qwk,0.0,0.0,L1/L2,0.0,L1/L2,0.0,0.0,5,complete,0.0,0.0,0.0,0.0,0.0
EfficientNet,2.5D-to-3D,RFN,train,ser,0.03778742917239601,0.04145834417439221,L2/L3,0.002620407234663,L5/S1,0.09810906796585919,0.09548866073119619,5,complete,0.00625952667651118,0.002620407234663,0.01877677883186608,0.06317136515308058,0.09810906796585919
EfficientNet,2.5D-to-3D,RFN,validation,accuracy,0.7772325639371644,0.15191806818394338,L1/L2,0.9580163196749153,L4/L5,0.6120297693057983,0.34598655036911696,5,complete,0.9580163196749153,0.9011378742976806,0.7677427773674748,0.6120297693057983,0.6472360790399531
EfficientNet,2.5D-to-3D,RFN,validation,precision_macro,0.2590775213123881,0.05063935606131446,L1/L2,0.31933877322497173,L4/L5,0.20400992310193272,0.115328850123039,5,complete,0.31933877322497173,0.30037929143256015,0.25591425912249155,0.20400992310193272,0.21574535967998437
EfficientNet,2.5D-to-3D,RFN,validation,recall_macro,0.3333333333333333,0.0,L1/L2,0.3333333333333333,L1/L2,0.3333333333333333,0.0,5,complete,0.3333333333333333,0.3333333333333333,0.3333333333333333,0.3333333333333333,0.3333333333333333
EfficientNet,2.5D-to-3D,RFN,validation,f1_macro,0.2893211355258312,0.03215561362536232,L1/L2,0.32617269488817885,L4/L5,0.2530556493709847,0.07311704551719417,5,complete,0.32617269488817885,0.31599370722026765,0.28947165515070866,0.2530556493709847,0.26191197099901603
EfficientNet,2.5D-to-3D,RFN,validation,oa,0.7772325639371644,0.15191806818394338,L1/L2,0.9580163196749153,L4/L5,0.6120297693057983,0.34598655036911696,5,complete,0.9580163196749153,0.9011378742976806,0.7677427773674748,0.6120297693057983,0.6472360790399531
EfficientNet,2.5D-to-3D,RFN,validation,omae,0.2621716510699561,0.1900933019558302,L1/L2,0.0494367733350784,L4/L5,0.45635356387172366,0.40691679053664526,5,complete,0.0494367733350784,0.10224737535875547,0.2512197687137154,0.45635356387172366,0.4516007740705077
EfficientNet,2.5D-to-3D,RFN,validation,qwk,0.0,0.0,L1/L2,0.0,L1/L2,0.0,0.0,5,complete,0.0,0.0,0.0,0.0,0.0
EfficientNet,2.5D-to-3D,RFN,validation,ser,0.03940421500712053,0.04215486227039281,L2/L3,0.0033852496564360604,L5/S1,0.09883685311046082,0.09545160345402476,5,complete,0.00745309300999368,0.0033852496564360604,0.018962546081190117,0.06838333317752197,0.09883685311046082
EfficientNet,2.5D-to-3D,RFN,test,accuracy,0.7725372311086596,0.1517585418112753,L1/L2,0.9573956609670894,L4/L5,0.60146166574738,0.35593399521970936,5,complete,0.9573956609670894,0.8971594043022615,0.745610406324692,0.60146166574738,0.6610590182018753
EfficientNet,2.5D-to-3D,RFN,test,precision_macro,0.25751241036955325,0.050586180603758454,L1/L2,0.31913188698902983,L4/L5,0.2004872219157933,0.11864466507323654,5,complete,0.31913188698902983,0.29905313476742046,0.24853680210823065,0.2004872219157933,0.22035300606729175
EfficientNet,2.5D-to-3D,RFN,test,recall_macro,0.3333333333333333,0.0,L1/L2,0.3333333333333333,L1/L2,0.3333333333333333,0.0,5,complete,0.3333333333333333,0.3333333333333333,0.3333333333333333,0.3333333333333333,0.3333333333333333
EfficientNet,2.5D-to-3D,RFN,test,f1_macro,0.2883233429291451,0.032152051820354056,L1/L2,0.3260530588982804,L4/L5,0.25034611650647715,0.07570694239180326,5,complete,0.3260530588982804,0.31523354656655844,0.284728728012895,0.25034611650647715,0.2652552646615144
EfficientNet,2.5D-to-3D,RFN,test,oa,0.7725372311086596,0.1517585418112753,L1/L2,0.9573956609670894,L4/L5,0.60146166574738,0.35593399521970936,5,complete,0.9573956609670894,0.8971594043022615,0.745610406324692,0.60146166574738,0.6610590182018753
EfficientNet,2.5D-to-3D,RFN,test,omae,0.26819360176503027,0.18844753109114878,L1/L2,0.0500413678985107,L4/L5,0.47634675491818346,0.42630538701967274,5,complete,0.0500413678985107,0.10757032542746825,0.2801020408163265,0.47634675491818346,0.4269075197646626
EfficientNet,2.5D-to-3D,RFN,test,qwk,0.0,0.0,L1/L2,0.0,L1/L2,0.0,0.0,5,complete,0.0,0.0,0.0,0.0,0.0
EfficientNet,2.5D-to-3D,RFN,test,ser,0.04073083287368997,0.039484389557802015,L2/L3,0.00472972972972968,L5/S1,0.08796653796653793,0.08323680823680825,5,complete,0.00743702886560024,0.00472972972972968,0.02571244714101852,0.07780842066556348,0.08796653796653793
EfficientNet,2.5D-to-3D,LSS,train,accuracy,0.7482304811620547,0.14294288066272406,L1/L2,0.9347680790846535,L4/L5,0.5519074320558606,0.38286064702879297,5,complete,0.9347680790846535,0.8260992205932449,0.7119034673045306,0.5519074320558606,0.7164742067719837
EfficientNet,2.5D-to-3D,LSS,train,precision_macro,0.3445257652775263,0.08515350795786457,L3/L4,0.44427417555767335,L5/S1,0.2388247355906612,0.20544943996701215,5,complete,0.3115893596948845,0.3090110124258402,0.44427417555767335,0.4189295431185722,0.2388247355906612
EfficientNet,2.5D-to-3D,LSS,train,recall_macro,0.37840480032612056,0.061870252661269595,L4/L5,0.4731711158000314,L1/L2,0.3333333333333333,0.1398377824666981,5,complete,0.3333333333333333,0.34249626443974174,0.40968995472416336,0.4731711158000314,0.3333333333333333
EfficientNet,2.5D-to-3D,LSS,train,f1_macro,0.34407884088212193,0.05682280040797063,L4/L5,0.4210201767243162,L5/S1,0.2782714698136127,0.14274870691070346,5,complete,0.32209400790686915,0.3169271374062797,0.38208141255953154,0.4210201767243162,0.2782714698136127
EfficientNet,2.5D-to-3D,LSS,train,oa,0.7482304811620547,0.14294288066272406,L1/L2,0.9347680790846535,L4/L5,0.5519074320558606,0.38286064702879297,5,complete,0.9347680790846535,0.8260992205932449,0.7119034673045306,0.5519074320558606,0.7164742067719837
EfficientNet,2.5D-to-3D,LSS,train,omae,0.3114034792373056,0.17884149240102162,L1/L2,0.07971029507698321,L4/L5,0.5600162315828497,0.4803059365058665,5,complete,0.07971029507698321,0.21558127226549484,0.342126200546406,0.5600162315828497,0.359583396714794
EfficientNet,2.5D-to-3D,LSS,train,qwk,0.13951808559974546,0.17351195824388968,L4/L5,0.3633719953332205,L1/L2,0.0,0.3633719953332205,5,complete,0.0,0.0449169655504988,0.28930146711500804,0.3633719953332205,0.0
EfficientNet,2.5D-to-3D,LSS,train,ser,0.05963396039936018,0.036731155635560536,L1/L2,0.014478374161636682,L4/L5,0.11192366363871029,0.09744528947707361,5,complete,0.014478374161636682,0.041680492858739815,0.05402966785093653,0.11192366363871029,0.07605760348677754
EfficientNet,2.5D-to-3D,LSS,validation,accuracy,0.7488579068315679,0.15090122224948177,L1/L2,0.9387722300299121,L4/L5,0.5328185278448667,0.40595370218504534,5,complete,0.9387722300299121,0.8310693435430047,0.7233337129978921,0.5328185278448667,0.718295719742164
EfficientNet,2.5D-to-3D,LSS,validation,precision_macro,0.3450532147386738,0.0902301819336913,L3/L4,0.457363976027339,L5/S1,0.23943190658072128,0.21793206944661775,5,complete,0.31292407667663735,0.2967791854154439,0.457363976027339,0.41876692899322726,0.23943190658072128
EfficientNet,2.5D-to-3D,LSS,validation,recall_macro,0.3815789789540792,0.06565496341930309,L4/L5,0.47536225062944604,L1/L2,0.3333333333333333,0.14202891729611272,5,complete,0.3333333333333333,0.3394126284875183,0.42645334898676496,0.47536225062944604,0.3333333333333333
EfficientNet,2.5D-to-3D,LSS,validation,f1_macro,0.34756693925609455,0.06099340637107192,L4/L5,0.4183648519686485,L5/S1,0.27861566080032385,0.13974919116832463,5,complete,0.32280299842163873,0.31299133898409154,0.4050598461057701,0.4183648519686485,0.27861566080032385
EfficientNet,2.5D-to-3D,LSS,validation,oa,0.7488579068315679,0.15090122224948177,L1/L2,0.9387722300299121,L4/L5,0.5328185278448667,0.40595370218504534,5,complete,0.9387722300299121,0.8310693435430047,0.7233337129978921,0.5328185278448667,0.718295719742164
EfficientNet,2.5D-to-3D,LSS,validation,omae,0.3061054338306313,0.1857221773634878,L1/L2,0.07598609248521447,L4/L5,0.5767001852405715,0.500714092755357,5,complete,0.07598609248521447,0.2072789065875106,0.3225262093611522,0.5767001852405715,0.3480357754787079
EfficientNet,2.5D-to-3D,LSS,validation,qwk,0.14582956302410083,0.1790641803203463,L4/L5,0.36667775122778157,L1/L2,0.0,0.36667775122778157,5,complete,0.0,0.05000549430423794,0.31246456958848456,0.36667775122778157,0.0
EfficientNet,2.5D-to-3D,LSS,validation,ser,0.05496334066219925,0.035640217945085845,L1/L2,0.014758322515126678,L4/L5,0.10951871308543822,0.09476039057031153,5,complete,0.014758322515126678,0.03834825013051524,0.04585992235904434,0.10951871308543822,0.06633149522087181
EfficientNet,2.5D-to-3D,LSS,test,accuracy,0.7456978982451377,0.14573770981466688,L1/L2,0.9318560230180365,L4/L5,0.5408326724500225,0.39102335056801396,5,complete,0.9318560230180365,0.8259371484032071,0.7158993293575205,0.5408326724500225,0.7139643179969017
EfficientNet,2.5D-to-3D,LSS,test,precision_macro,0.332508703677436,0.07057510797470722,L4/L5,0.4124075521911452,L5/S1,0.2379881059989672,0.17441944619217803,5,complete,0.3106186743393454,0.3091732133285662,0.39235597252915594,0.4124075521911452,0.2379881059989672
EfficientNet,2.5D-to-3D,LSS,test,recall_macro,0.3788597909540019,0.06225643241053457,L4/L5,0.4678944518046594,L1/L2,0.3333333333333333,0.13456111847132607,5,complete,0.3333333333333333,0.3384628237259816,0.4212750125727018,0.4678944518046594,0.3333333333333333
EfficientNet,2.5D-to-3D,LSS,test,f1_macro,0.3449750320787472,0.059537790675895846,L4/L5,0.41795977869040984,L5/S1,0.27767273670104753,0.14028704198936232,5,complete,0.32155924611751247,0.31131472411651295,0.3963686747682532,0.41795977869040984,0.27767273670104753
EfficientNet,2.5D-to-3D,LSS,test,oa,0.7456978982451377,0.14573770981466688,L1/L2,0.9318560230180365,L4/L5,0.5408326724500225,0.39102335056801396,5,complete,0.9318560230180365,0.8259371484032071,0.7158993293575205,0.5408326724500225,0.7139643179969017
EfficientNet,2.5D-to-3D,LSS,test,omae,0.31555627621519144,0.18607540643332732,L1/L2,0.08219443012731317,L4/L5,0.5828792630728159,0.5006848329455027,5,complete,0.08219443012731317,0.21630378455971985,0.330963047179715,0.5828792630728159,0.36544085613639327
EfficientNet,2.5D-to-3D,LSS,test,qwk,0.13578708363130074,0.17622186861199926,L4/L5,0.3501634104345527,L1/L2,0.0,0.3501634104345527,5,complete,0.0,0.02341203857665442,0.30535996914529656,0.3501634104345527,0.0
EfficientNet,2.5D-to-3D,LSS,test,ser,0.061254174460329124,0.04191434483488158,L1/L2,0.01405045314534972,L4/L5,0.1237119355228385,0.10966148237748878,5,complete,0.01405045314534972,0.04224093296292694,0.04686237653723554,0.1237119355228385,0.07940517413329493
EfficientNet,2.5D-to-3D,RSS,train,accuracy,0.7973072686238607,0.09747184779137742,L1/L2,0.9311216063869885,L4/L5,0.6821272160206778,0.24899439036631066,5,complete,0.9311216063869885,0.8579654437644203,0.7557555730227244,0.6821272160206778,0.7595665039244924
EfficientNet,2.5D-to-3D,RSS,train,precision_macro,0.5993499501414121,0.074530492153998,L4/L5,0.6797140631758484,L2/L3,0.5229635551259494,0.15675050804989898,5,complete,0.5266882738921923,0.5229635551259494,0.6675108794262635,0.6797140631758484,0.5998729790868069
EfficientNet,2.5D-to-3D,RSS,train,recall_macro,0.5212553084063509,0.1156879497595818,L4/L5,0.6572534618442378,L1/L2,0.36147469455941006,0.29577876728482777,5,complete,0.36147469455941006,0.4763322144089548,0.6062596087901976,0.6572534618442378,0.5049565624289539
EfficientNet,2.5D-to-3D,RSS,train,f1_macro,0.5179022014012923,0.11101020208380945,L4/L5,0.6568056699775155,L1/L2,0.367408445245169,0.2893972247323465,5,complete,0.367408445245169,0.4690857673236476,0.5877476194137253,0.6568056699775155,0.5084635050464041
EfficientNet,2.5D-to-3D,RSS,train,oa,0.7973072686238607,0.09747184779137742,L1/L2,0.9311216063869885,L4/L5,0.6821272160206778,0.24899439036631066,5,complete,0.9311216063869885,0.8579654437644203,0.7557555730227244,0.6821272160206778,0.7595665039244924
EfficientNet,2.5D-to-3D,RSS,train,omae,0.21926612595174905,0.10019185634399927,L1/L2,0.0804623541054154,L4/L5,0.33041415453597234,0.24995180043055693,5,complete,0.0804623541054154,0.15425695734187647,0.2629836225926496,0.33041415453597234,0.26821354118283136
EfficientNet,2.5D-to-3D,RSS,train,qwk,0.5007503199274381,0.22946030294755648,L4/L5,0.7096061658541393,L1/L2,0.12150008134377263,0.5881060845103666,5,complete,0.12150008134377263,0.4990219091686587,0.6513891849642999,0.7096061658541393,0.5222342583063199
EfficientNet,2.5D-to-3D,RSS,train,ser,0.01657339457560974,0.006898596317620316,L1/L2,0.01158396049240396,L5/S1,0.02778004510732378,0.016196084614919823,5,complete,0.01158396049240396,0.01222240110629672,0.0187391956153741,0.01254137055665012,0.02778004510732378
EfficientNet,2.5D-to-3D,RSS,validation,accuracy,0.7954872526591835,0.10063486597886007,L1/L2,0.9368754501288356,L4/L5,0.6903856458845821,0.24648980424425349,5,complete,0.9368754501288356,0.8605582683687405,0.7376804904747047,0.6903856458845821,0.7519364084390545
EfficientNet,2.5D-to-3D,RSS,validation,precision_macro,0.5546958589773343,0.13529537523605373,L4/L5,0.6873460404242028,L1/L2,0.34630384477057524,0.34104219565362753,5,complete,0.34630384477057524,0.5200294797371275,0.6593939420345264,0.6873460404242028,0.5604059879202398
EfficientNet,2.5D-to-3D,RSS,validation,recall_macro,0.5267394603651029,0.1253837992419375,L4/L5,0.6720792186731271,L1/L2,0.33623471246422065,0.3358445062089065,5,complete,0.33623471246422065,0.49166725626593,0.589437040861806,0.6720792186731271,0.5442790735604304
EfficientNet,2.5D-to-3D,RSS,validation,f1_macro,0.5186119523482249,0.12613943120882698,L4/L5,0.6699134559178348,L1/L2,0.3284821333578814,0.3414313225599534,5,complete,0.3284821333578814,0.48147207461552577,0.5695994651591787,0.6699134559178348,0.5435926326907036
EfficientNet,2.5D-to-3D,RSS,validation,oa,0.7954872526591835,0.10063486597886007,L1/L2,0.9368754501288356,L4/L5,0.6903856458845821,0.24648980424425349,5,complete,0.9368754501288356,0.8605582683687405,0.7376804904747047,0.6903856458845821,0.7519364084390545
EfficientNet,2.5D-to-3D,RSS,validation,omae,0.22331903936540876,0.10594741220046856,L1/L2,0.07495409118230309,L4/L5,0.3304061528540013,0.2554520616716982,5,complete,0.07495409118230309,0.15203150276553046,0.2785494414461251,0.3304061528540013,0.28065400857908374
EfficientNet,2.5D-to-3D,RSS,validation,qwk,0.47994505957082245,0.24519883818239907,L4/L5,0.6941929096761428,L1/L2,0.0672237321459669,0.6269691775301759,5,complete,0.0672237321459669,0.48000856398957914,0.6269286128260647,0.6941929096761428,0.5313714792163589
EfficientNet,2.5D-to-3D,RSS,validation,ser,0.018806292024592258,0.008483839823905489,L1/L2,0.0118295413111387,L5/S1,0.0325904170181383,0.0207608757069996,5,complete,0.0118295413111387,0.012589771134271061,0.01622993192082974,0.0207917987385835,0.0325904170181383
EfficientNet,2.5D-to-3D,RSS,test,accuracy,0.7842903850928946,0.09971247222355749,L1/L2,0.9203236977095142,L4/L5,0.6639629169272516,0.25636078078226254,5,complete,0.9203236977095142,0.8452833166187516,0.7538485225340927,0.6639629169272516,0.7380334716748631
EfficientNet,2.5D-to-3D,RSS,test,precision_macro,0.5420883492419424,0.11548602384512287,L4/L5,0.6625172962489045,L1/L2,0.39074523759067353,0.271772058658231,5,complete,0.39074523759067353,0.4540076299749366,0.6250603922336608,0.6625172962489045,0.5781111901615363
EfficientNet,2.5D-to-3D,RSS,test,recall_macro,0.5125369393696649,0.11552632768946387,L4/L5,0.638018421421874,L1/L2,0.3414939309056956,0.29652449051617846,5,complete,0.3414939309056956,0.4745933328961406,0.5958692219844806,0.638018421421874,0.5127097896401339
EfficientNet,2.5D-to-3D,RSS,test,f1_macro,0.49662150351317036,0.11702810748952372,L4/L5,0.6377163281920535,L1/L2,0.3348294612495147,0.3028868669425388,5,complete,0.3348294612495147,0.43716556627595793,0.567928072059247,0.6377163281920535,0.5054680897890786
EfficientNet,2.5D-to-3D,RSS,test,oa,0.7842903850928946,0.09971247222355749,L1/L2,0.9203236977095142,L4/L5,0.6639629169272516,0.25636078078226254,5,complete,0.9203236977095142,0.8452833166187516,0.7538485225340927,0.6639629169272516,0.7380334716748631
EfficientNet,2.5D-to-3D,RSS,test,omae,0.23335468931001263,0.10241700121086282,L1/L2,0.09280647917043176,L4/L5,0.3550211407438514,0.2622146615734196,5,complete,0.09280647917043176,0.17074781371770237,0.2651373063176253,0.3550211407438514,0.28306070660045224
EfficientNet,2.5D-to-3D,RSS,test,qwk,0.48094373291682607,0.25685565533969207,L4/L5,0.6814031350838985,L1/L2,0.03976995315235732,0.6416331819315412,5,complete,0.03976995315235732,0.5153547401143707,0.6416122726707174,0.6814031350838985,0.5265785635627865
EfficientNet,2.5D-to-3D,RSS,test,ser,0.01764507440290721,0.0031014485043144757,L1/L2,0.01313017687994586,L5/S1,0.021094178275315463,0.007964001395369603,5,complete,0.01313017687994586,0.016031130336453862,0.018985828851717977,0.0189840576711029,0.021094178275315463
EfficientNet,2D,SCS,train,accuracy,0.9299718150136499,0.03920881440164914,L5/S1,0.969156917193537,L4/L5,0.8791661520258074,0.08999076516772964,5,complete,0.9656886512739697,0.9331983171337104,0.9026490374412252,0.8791661520258074,0.969156917193537
EfficientNet,2D,SCS,train,precision_macro,0.6839055284220403,0.10475697672772682,L3/L4,0.7814507548080387,L5/S1,0.5244063986813107,0.25704435612672805,5,complete,0.6332517017516778,0.7360265399387746,0.7814507548080387,0.7443922469303998,0.5244063986813107
EfficientNet,2D,SCS,train,recall_macro,0.6192165159545078,0.12218344817965371,L4/L5,0.7645188723726358,L5/S1,0.48780230011503517,0.27671657225760066,5,complete,0.49777546533497874,0.6529808980411979,0.693005043908691,0.7645188723726358,0.48780230011503517
EfficientNet,2D,SCS,train,f1_macro,0.6339983657933745,0.10909809363993841,L4/L5,0.7429005879037099,L5/S1,0.49954917318256287,0.24335141472114707,5,complete,0.535984667864348,0.6810648902344498,0.7104925097818022,0.7429005879037099,0.49954917318256287
EfficientNet,2D,SCS,train,oa,0.9299718150136499,0.03920881440164914,L5/S1,0.969156917193537,L4/L5,0.8791661520258074,0.08999076516772964,5,complete,0.9656886512739697,0.9331983171337104,0.9026490374412252,0.8791661520258074,0.969156917193537
EfficientNet,2D,SCS,train,omae,0.07595666729281086,0.04195129589664055,L1/L2,0.03701847189867702,L4/L5,0.13452659232902953,0.09750812043035251,5,complete,0.03701847189867702,0.07131569875056633,0.0997592553841907,0.13452659232902953,0.03716331810159072
EfficientNet,2D,SCS,train,qwk,0.6743125598652245,0.18374735268338824,L4/L5,0.8527019904460132,L5/S1,0.4156999178221966,0.43700207262381663,5,complete,0.5556653296112036,0.7384123922010837,0.8090831692456255,0.8527019904460132,0.4156999178221966
EfficientNet,2D,SCS,train,ser,0.005928482306460791,0.004615377543358032,L3/L4,0.00240829282541592,L4/L5,0.013692744354836858,0.011284451529420939,5,complete,0.00270712317264682,0.0045140158842766395,0.00240829282541592,0.013692744354836858,0.00632023529512772
EfficientNet,2D,SCS,validation,accuracy,0.9110768953435857,0.049118542186328704,L5/S1,0.9593056737763902,L4/L5,0.8387623082566134,0.12054336551977685,5,complete,0.9501726363733919,0.9186381856538235,0.8885056726577101,0.8387623082566134,0.9593056737763902
EfficientNet,2D,SCS,validation,precision_macro,0.6357993731797607,0.07511262996341216,L3/L4,0.7144563746919056,L5/S1,0.5210990086269469,0.19335736606495868,5,complete,0.60580191682146,0.677304737305764,0.7144563746919056,0.6603348284527264,0.5210990086269469
EfficientNet,2D,SCS,validation,recall_macro,0.5659563008267445,0.10746599968378585,L4/L5,0.7075173978673079,L1/L2,0.4545782738598157,0.25293912400749224,5,complete,0.4545782738598157,0.5760444152626151,0.625940934052196,0.7075173978673079,0.46570048309178735
EfficientNet,2D,SCS,validation,f1_macro,0.5785610673503931,0.0897823677325709,L4/L5,0.6708804861163467,L5/S1,0.47804440014988403,0.19283608596646262,5,complete,0.4903061627943578,0.6025324363662121,0.6510418513251646,0.6708804861163467,0.47804440014988403
EfficientNet,2D,SCS,validation,oa,0.9110768953435857,0.049118542186328704,L5/S1,0.9593056737763902,L4/L5,0.8387623082566134,0.12054336551977685,5,complete,0.9501726363733919,0.9186381856538235,0.8885056726577101,0.8387623082566134,0.9593056737763902
EfficientNet,2D,SCS,validation,omae,0.09706445494835461,0.05310819993150682,L5/S1,0.04770742893299462,L4/L5,0.17735438617844068,0.12964695724544606,5,complete,0.05404556296688464,0.08768548476559149,0.11852941189786156,0.17735438617844068,0.04770742893299462
EfficientNet,2D,SCS,validation,qwk,0.6174387461727588,0.19641701549941107,L4/L5,0.8130489477680671,L5/S1,0.34789382879672803,0.4651551189713391,5,complete,0.4813637696082222,0.6848116393475653,0.7600755453432116,0.8130489477680671,0.34789382879672803
EfficientNet,2D,SCS,validation,ser,0.008141350291940408,0.004604290232941051,L1/L2,0.00421819934027656,L4/L5,0.016116694435053903,0.011898495094777344,5,complete,0.00421819934027656,0.006323670419415039,0.00703508455557168,0.016116694435053903,0.007013102709384859
EfficientNet,2D,SCS,test,accuracy,0.920521295552214,0.047086971272449075,L1/L2,0.9649466798399888,L4/L5,0.8623106775980615,0.10263600224192737,5,complete,0.9649466798399888,0.9341005650028229,0.8798675427976999,0.8623106775980615,0.9613810125224965
EfficientNet,2D,SCS,test,precision_macro,0.6404970609078653,0.06762312783806157,L4/L5,0.7035279036346236,L5/S1,0.532415936938232,0.17111196669639162,5,complete,0.641584571397835,0.6335856453139664,0.6913712472546689,0.7035279036346236,0.532415936938232
EfficientNet,2D,SCS,test,recall_macro,0.571934257506937,0.11782006611992002,L4/L5,0.7342999976071035,L1/L2,0.45350878228201646,0.28079121532508705,5,complete,0.45350878228201646,0.5652149899033632,0.6381800942427425,0.7342999976071035,0.4684674234994601
EfficientNet,2D,SCS,test,f1_macro,0.5792786936480652,0.10277589053919259,L4/L5,0.7095789064241693,L5/S1,0.4596433357510052,0.24993557067316413,5,complete,0.4953511838387107,0.591078235139165,0.6407418070872757,0.7095789064241693,0.4596433357510052
EfficientNet,2D,SCS,test,oa,0.920521295552214,0.047086971272449075,L1/L2,0.9649466798399888,L4/L5,0.8623106775980615,0.10263600224192737,5,complete,0.9649466798399888,0.9341005650028229,0.8798675427976999,0.8623106775980615,0.9613810125224965
EfficientNet,2D,SCS,test,omae,0.0876221546242921,0.049831677022761686,L1/L2,0.03992457224401051,L4/L5,0.15532177820080545,0.11539720595679494,5,complete,0.03992457224401051,0.07219381331853544,0.1229251481310231,0.15532177820080545,0.047745461227085964
EfficientNet,2D,SCS,test,qwk,0.6090524159122992,0.22843547454483562,L4/L5,0.8291994481254015,L5/S1,0.25531425965746724,0.5738851884679342,5,complete,0.519903085634943,0.6859160708336802,0.7549292153100036,0.8291994481254015,0.25531425965746724
EfficientNet,2D,SCS,test,ser,0.008143450176506048,0.005782830938568571,L3/L4,0.0027926909287229002,L4/L5,0.017632455798867058,0.014839764870144156,5,complete,0.0048712520839994,0.00629437832135832,0.0027926909287229002,0.017632455798867058,0.00912647374958256
EfficientNet,2D,LFN,train,accuracy,0.8712793448110379,0.08792978252041352,L1/L2,0.9721933215914618,L4/L5,0.7823285532826263,0.18986476830883547,5,complete,0.9721933215914618,0.9475721143474283,0.8666201470523844,0.7823285532826263,0.7876825877812883
EfficientNet,2D,LFN,train,precision_macro,0.6421916547401751,0.09897432261114715,L4/L5,0.7295346980429034,L1/L2,0.4793987597183711,0.2501359383245323,5,complete,0.4793987597183711,0.6242662130371504,0.6752312596264972,0.7295346980429034,0.7025273432759542
EfficientNet,2D,LFN,train,recall_macro,0.6144715830955356,0.1619580590321831,L4/L5,0.7732550582451819,L1/L2,0.3939338717359236,0.37932118650925833,5,complete,0.3939338717359236,0.5123380538080673,0.6363666532624487,0.7732550582451819,0.7564642784260572
EfficientNet,2D,LFN,train,f1_macro,0.6133104234546127,0.13450792335585,L4/L5,0.7445896359814215,L1/L2,0.41349758200031933,0.33109205398110214,5,complete,0.41349758200031933,0.5470253603054709,0.6513227197514688,0.7445896359814215,0.7101168192343832
EfficientNet,2D,LFN,train,oa,0.8712793448110379,0.08792978252041352,L1/L2,0.9721933215914618,L4/L5,0.7823285532826263,0.18986476830883547,5,complete,0.9721933215914618,0.9475721143474283,0.8666201470523844,0.7823285532826263,0.7876825877812883
EfficientNet,2D,LFN,train,omae,0.13286291769668498,0.09189384931972776,L1/L2,0.028675614114357102,L5/S1,0.2281048604990965,0.1994292463847394,5,complete,0.028675614114357102,0.05358657148694683,0.13410407085314488,0.21984347152987968,0.2281048604990965
EfficientNet,2D,LFN,train,qwk,0.6055965081359431,0.20486607830900072,L5/S1,0.7587805048151122,L1/L2,0.25099798830179343,0.5077825165133187,5,complete,0.25099798830179343,0.6273204847705232,0.663358174644058,0.7275253881482293,0.7587805048151122
EfficientNet,2D,LFN,train,ser,0.004142262507722872,0.006534363306318542,L3/L4,0.0007242179055294799,L5/S1,0.01578744828038468,0.0150632303748552,5,complete,0.0008689357058189,0.00115868583437518,0.0007242179055294799,0.00217202481250612,0.01578744828038468
EfficientNet,2D,LFN,validation,accuracy,0.834249656436097,0.10973620825335359,L1/L2,0.9708795235913878,L4/L5,0.7278126431516262,0.24306688043976166,5,complete,0.9708795235913878,0.924828218048557,0.8104306000916172,0.7278126431516262,0.7372972972972973
EfficientNet,2D,LFN,validation,precision_macro,0.5701345496910816,0.08072348243085464,L4/L5,0.6585998908919816,L1/L2,0.4571628061821766,0.20143708470980498,5,complete,0.4571628061821766,0.5272671594686746,0.5776569286343595,0.6585998908919816,0.6299859632782153
EfficientNet,2D,LFN,validation,recall_macro,0.5309365881816795,0.14494556942209116,L4/L5,0.6872898991951903,L1/L2,0.36124591022117525,0.3260439889740151,5,complete,0.36124591022117525,0.41336120743637245,0.5315757404844164,0.6872898991951903,0.6612101835712432
EfficientNet,2D,LFN,validation,f1_macro,0.5320825936088067,0.1253763117989583,L4/L5,0.667400762762223,L1/L2,0.3748543201466759,0.29254644261554713,5,complete,0.3748543201466759,0.43736040218879263,0.5452805543894864,0.667400762762223,0.6355169285568554
EfficientNet,2D,LFN,validation,oa,0.834249656436097,0.10973620825335359,L1/L2,0.9708795235913878,L4/L5,0.7278126431516262,0.24306688043976166,5,complete,0.9708795235913878,0.924828218048557,0.8104306000916172,0.7278126431516262,0.7372972972972973
EfficientNet,2D,LFN,validation,omae,0.17089738891433803,0.11522161703497444,L1/L2,0.029796152084287635,L5/S1,0.2816628492899679,0.2518666972056802,5,complete,0.029796152084287635,0.0751717819514429,0.19024507558405862,0.2776110856619331,0.2816628492899679
EfficientNet,2D,LFN,validation,qwk,0.4810466274790115,0.22167777734930924,L5/S1,0.6892212598328953,L1/L2,0.13595392679605428,0.553267333036841,5,complete,0.13595392679605428,0.40569481572805677,0.5327235482149699,0.6416395868230813,0.6892212598328953
EfficientNet,2D,LFN,validation,ser,0.0051470453504351595,0.008021170252741107,L2/L3,0.0,L5/S1,0.018960146587265178,0.018960146587265178,5,complete,0.00067567567567566,0.0,0.00067567567567566,0.0054237288135593,0.018960146587265178
EfficientNet,2D,LFN,test,accuracy,0.8266666666666665,0.10755637813036922,L1/L2,0.960075381503953,L5/S1,0.7178893178893179,0.24218606361463513,5,complete,0.960075381503953,0.9100110314396028,0.8166528773671631,0.7287047251332966,0.7178893178893179
EfficientNet,2D,LFN,test,precision_macro,0.5574699272138088,0.10912466334567078,L4/L5,0.6663243023067602,L1/L2,0.38690010250894147,0.27942419979781874,5,complete,0.38690010250894147,0.5180126870090275,0.6107579510027012,0.6663243023067602,0.6053545932416138
EfficientNet,2D,LFN,test,recall_macro,0.537215834336035,0.15486356881855903,L4/L5,0.7010580837339642,L1/L2,0.3386524822695035,0.36240560146446066,5,complete,0.3386524822695035,0.413371041546999,0.5869174702691351,0.7010580837339642,0.6460800938605733
EfficientNet,2D,LFN,test,f1_macro,0.5277343932634665,0.1381492205510332,L4/L5,0.6755785983843531,L1/L2,0.3367947205758468,0.3387838778085063,5,complete,0.3367947205758468,0.4353565208319008,0.5829256114688386,0.6755785983843531,0.6080165150563933
EfficientNet,2D,LFN,test,oa,0.8266666666666665,0.10755637813036922,L1/L2,0.960075381503953,L5/S1,0.7178893178893179,0.24218606361463513,5,complete,0.960075381503953,0.9100110314396028,0.8166528773671631,0.7287047251332966,0.7178893178893179
EfficientNet,2D,LFN,test,omae,0.1791478212906784,0.11290094735617852,L1/L2,0.0406002941717227,L5/S1,0.30171906600478027,0.26111877183305754,5,complete,0.0406002941717227,0.09269626769626767,0.1853741496598639,0.2753493289207575,0.30171906600478027
EfficientNet,2D,LFN,test,qwk,0.45025984476389774,0.2688681744718547,L4/L5,0.6570645018942647,L1/L2,0.021278143362087602,0.6357863585321771,5,complete,0.021278143362087602,0.3585147064860549,0.5588671570702115,0.6570645018942647,0.6555747150068703
EfficientNet,2D,LFN,test,ser,0.0058144879573450645,0.007806688910464018,L1/L2,0.00067567567567566,L5/S1,0.019608383894098122,0.018932708218422464,5,complete,0.00067567567567566,0.0027072991358705204,0.0020270270270270003,0.00405405405405402,0.019608383894098122
EfficientNet,2D,RFN,train,accuracy,0.8897068872347862,0.06553421188585368,L1/L2,0.9710334526945978,L5/S1,0.824630254500492,0.14640319819410585,5,complete,0.9710334526945978,0.9436694483923569,0.876430644612421,0.8327706359740634,0.824630254500492
EfficientNet,2D,RFN,train,precision_macro,0.6861646268442494,0.08403549611834055,L4/L5,0.7921779105015756,L2/L3,0.5917138015428736,0.20046410895870204,5,complete,0.6098978991458848,0.5917138015428736,0.7090788398661074,0.7921779105015756,0.7279546831648049
EfficientNet,2D,RFN,train,recall_macro,0.6371150093096734,0.13908746600433328,L4/L5,0.7844917004844405,L2/L3,0.4597847910940369,0.3247069093904036,5,complete,0.5263551548176066,0.4597847910940369,0.6754754177477387,0.7844917004844405,0.7394679824045441
EfficientNet,2D,RFN,train,f1_macro,0.6451051780492464,0.12274891109729093,L4/L5,0.7800778815451548,L2/L3,0.49557253139635754,0.28450535014879724,5,complete,0.538581218895035,0.49557253139635754,0.6831357096035697,0.7800778815451548,0.7281585488061153
EfficientNet,2D,RFN,train,oa,0.8897068872347862,0.06553421188585368,L1/L2,0.9710334526945978,L5/S1,0.824630254500492,0.14640319819410585,5,complete,0.9710334526945978,0.9436694483923569,0.876430644612421,0.8327706359740634,0.824630254500492
EfficientNet,2D,RFN,train,omae,0.11233100275780719,0.06670312990924453,L1/L2,0.03086021081596288,L5/S1,0.18177409154811378,0.1509138807321509,5,complete,0.03086021081596288,0.05676755087931083,0.1241513859097761,0.1681017746358724,0.18177409154811378
EfficientNet,2D,RFN,train,qwk,0.654432555930542,0.12121003917353243,L4/L5,0.7679070264379304,L2/L3,0.5194296156790016,0.24847741075892882,5,complete,0.534741098191467,0.5194296156790016,0.6840079852077846,0.7679070264379304,0.7660770541365259
EfficientNet,2D,RFN,train,ser,0.002037889992593464,0.0025063648904585937,L2/L3,0.00043699927166785996,L5/S1,0.00640434604860572,0.0059673467769378605,5,complete,0.0018936635105608,0.00043699927166785996,0.0005820305221971601,0.0008724106099357801,0.00640434604860572
EfficientNet,2D,RFN,validation,accuracy,0.8388466723381978,0.10234014789212159,L1/L2,0.9607212816413784,L5/S1,0.7338855908831696,0.22683569075820875,5,complete,0.9607212816413784,0.9187444725943514,0.8402099712995597,0.7406720452725296,0.7338855908831696
EfficientNet,2D,RFN,validation,precision_macro,0.5871325697301882,0.1099427159783107,L4/L5,0.7082188996646497,L1/L2,0.4113765840525338,0.2968423156121159,5,complete,0.4113765840525338,0.5774181839381924,0.6370800923874883,0.7082188996646497,0.6015690886080769
EfficientNet,2D,RFN,validation,recall_macro,0.5450295838071921,0.11826596841169278,L4/L5,0.6984663405848575,L2/L3,0.4049184736387813,0.29354786694607615,5,complete,0.45032556429469206,0.4049184736387813,0.5700132853198633,0.6984663405848575,0.6014242551977661
EfficientNet,2D,RFN,validation,f1_macro,0.5449951728098027,0.12111665066138319,L4/L5,0.6985726971442493,L1/L2,0.41004365374124,0.2885290434030093,5,complete,0.41004365374124,0.43307214068272304,0.5918321789820512,0.6985726971442493,0.59145519349875
EfficientNet,2D,RFN,validation,oa,0.8388466723381978,0.10234014789212159,L1/L2,0.9607212816413784,L5/S1,0.7338855908831696,0.22683569075820875,5,complete,0.9607212816413784,0.9187444725943514,0.8402099712995597,0.7406720452725296,0.7338855908831696
EfficientNet,2D,RFN,validation,omae,0.1652161071483105,0.10433984189047617,L1/L2,0.04333965927186264,L5/S1,0.27762384660689743,0.23428418733503478,5,complete,0.04333965927186264,0.08193120308132411,0.16250192426947868,0.26068390251198964,0.27762384660689743
EfficientNet,2D,RFN,validation,qwk,0.5212322262093694,0.14219409600590938,L4/L5,0.655226226708538,L2/L3,0.3527732463376682,0.3024529803708698,5,complete,0.3865189213285661,0.3527732463376682,0.573529703442398,0.655226226708538,0.6381130332296765
EfficientNet,2D,RFN,validation,ser,0.004062779486508261,0.004361106976704588,L2/L3,0.00067567567567566,L5/S1,0.011509437490067002,0.010833761814391342,5,complete,0.00406094091324108,0.00067567567567566,0.00271189556903838,0.00135594778451918,0.011509437490067002
EfficientNet,2D,RFN,test,accuracy,0.8290853097995955,0.1024391038063745,L1/L2,0.9607694429123,L5/S1,0.7265995587424159,0.23416988416988416,5,complete,0.9607694429123,0.9079702151130722,0.8071934179077036,0.7428939143224857,0.7265995587424159
EfficientNet,2D,RFN,test,precision_macro,0.5971362184374918,0.0907475537429395,L4/L5,0.7115494053410814,L1/L2,0.5056918413506053,0.20585756399047606,5,complete,0.5056918413506053,0.5093692072363555,0.6585660863995997,0.7115494053410814,0.6005045518598172
EfficientNet,2D,RFN,test,recall_macro,0.5427592204773637,0.12208785381740771,L4/L5,0.6812158087146316,L2/L3,0.3891041644953858,0.2921116442192458,5,complete,0.4436564796172089,0.3891041644953858,0.5842903376951909,0.6812158087146316,0.6155293118644016
EfficientNet,2D,RFN,test,f1_macro,0.5457917235621954,0.1204847399168376,L4/L5,0.6883330289257727,L2/L3,0.40426550371422565,0.2840675252115471,5,complete,0.4367716819228706,0.40426550371422565,0.60038191729526,0.6883330289257727,0.5992064859528481
EfficientNet,2D,RFN,test,oa,0.8290853097995955,0.1024391038063745,L1/L2,0.9607694429123,L5/S1,0.7265995587424159,0.23416988416988416,5,complete,0.9607694429123,0.9079702151130722,0.8071934179077036,0.7428939143224857,0.7265995587424159
EfficientNet,2D,RFN,test,omae,0.17524453024453018,0.10504999745752784,L1/L2,0.04260893546607828,L5/S1,0.28558558558558556,0.24297665011950728,5,complete,0.04260893546607828,0.0927054605626034,0.19551388122816687,0.2598087883802169,0.28558558558558556
EfficientNet,2D,RFN,test,qwk,0.4987762180511126,0.1539658633630893,L4/L5,0.6632949443938916,L2/L3,0.30633866098668916,0.3569562834072024,5,complete,0.37026071212506906,0.30633866098668916,0.5455988204951389,0.6632949443938916,0.6083879522547745
EfficientNet,2D,RFN,test,ser,0.004329840044125716,0.004506778695812778,L2/L3,0.00067567567567566,L5/S1,0.01218514432800142,0.01150946865232576,5,complete,0.0033783783783783395,0.00067567567567566,0.0027072991358705,0.0027027027027026604,0.01218514432800142
EfficientNet,2D,LSS,train,accuracy,0.8623929863256125,0.06827506144093408,L1/L2,0.9424084017431152,L4/L5,0.7559729130134191,0.18643548872969617,5,complete,0.9424084017431152,0.8924531908738722,0.8625576916930312,0.7559729130134191,0.8585727343046244
EfficientNet,2D,LSS,train,precision_macro,0.7758697524812386,0.032781315830477734,L3/L4,0.8029461779408636,L1/L2,0.7381967931019251,0.06474938483893855,5,complete,0.7381967931019251,0.7938122333486277,0.8029461779408636,0.7422204558648791,0.802173102149897
EfficientNet,2D,LSS,train,recall_macro,0.6746691992582934,0.16172548955010208,L3/L4,0.8083260061472555,L1/L2,0.4069983526547628,0.40132765349249266,5,complete,0.4069983526547628,0.6427517025890565,0.8083260061472555,0.7703500717498237,0.7449198631505681
EfficientNet,2D,LSS,train,f1_macro,0.6871809077158151,0.14385239563252214,L3/L4,0.7990273160465539,L1/L2,0.44021440281543206,0.3588129132311218,5,complete,0.44021440281543206,0.6881630264825565,0.7990273160465539,0.7425343041041361,0.7659654891303969
EfficientNet,2D,LSS,train,oa,0.8623929863256125,0.06827506144093408,L1/L2,0.9424084017431152,L4/L5,0.7559729130134191,0.18643548872969617,5,complete,0.9424084017431152,0.8924531908738722,0.8625576916930312,0.7559729130134191,0.8585727343046244
EfficientNet,2D,LSS,train,omae,0.14333418416032867,0.07005536203707156,L1/L2,0.06363967716999483,L4/L5,0.2543636564945492,0.19072397932455434,5,complete,0.06363967716999483,0.1129599724681956,0.1390326445778637,0.2543636564945492,0.14667497009103997
EfficientNet,2D,LSS,train,qwk,0.7119605134115414,0.17887927991409464,L3/L4,0.8446104733700082,L1/L2,0.4007716510970504,0.4438388222729578,5,complete,0.4007716510970504,0.7277840574651708,0.8446104733700082,0.7991550909092279,0.7874812942162497
EfficientNet,2D,LSS,train,ser,0.005727170485941064,0.0031141382075864075,L3/L4,0.0015903362708949598,L4/L5,0.010336569507968239,0.008746233237073279,5,complete,0.00604807891311002,0.00541316334206768,0.0015903362708949598,0.010336569507968239,0.005247704395664421
EfficientNet,2D,LSS,validation,accuracy,0.822651194933899,0.09428622676767402,L1/L2,0.9409671976967852,L4/L5,0.6924776355241675,0.24848956217261764,5,complete,0.9409671976967852,0.878979615318509,0.8154825867073452,0.6924776355241675,0.7853489394226882
EfficientNet,2D,LSS,validation,precision_macro,0.6474574015576327,0.10439422674810696,L2/L3,0.7189123616332614,L1/L2,0.46616180062393353,0.2527505610093279,5,complete,0.46616180062393353,0.7189123616332614,0.711590456291454,0.6854946008890326,0.6551277883504814
EfficientNet,2D,LSS,validation,recall_macro,0.6065841213920322,0.1451941528756043,L3/L4,0.7350461080974677,L1/L2,0.3680606347287449,0.36698547336872284,5,complete,0.3680606347287449,0.608570040532018,0.7350461080974677,0.7110467218618292,0.610197101740101
EfficientNet,2D,LSS,validation,f1_macro,0.6068453899283257,0.13140241229458083,L3/L4,0.713540488393655,L1/L2,0.3810003331042195,0.33254015528943554,5,complete,0.3810003331042195,0.6375686930094862,0.713540488393655,0.6812496438937632,0.6208677912405044
EfficientNet,2D,LSS,validation,oa,0.822651194933899,0.09428622676767402,L1/L2,0.9409671976967852,L4/L5,0.6924776355241675,0.24848956217261764,5,complete,0.9409671976967852,0.878979615318509,0.8154825867073452,0.6924776355241675,0.7853489394226882
EfficientNet,2D,LSS,validation,omae,0.18738724194869932,0.09864208680761638,L1/L2,0.06640789355670823,L4/L5,0.32451080534267535,0.2581029117859671,5,complete,0.06640789355670823,0.12694377980813445,0.1889511056367948,0.32451080534267535,0.2301226253991837
EfficientNet,2D,LSS,validation,qwk,0.6283441365143572,0.1878694822165096,L3/L4,0.7744931080233445,L1/L2,0.30723981945417783,0.46725328856916665,5,complete,0.30723981945417783,0.6942416548957026,0.7744931080233445,0.7395430479952344,0.6262030522033264
EfficientNet,2D,LSS,validation,ser,0.010038436882598376,0.005771948858926124,L3/L4,0.00443369234414006,L4/L5,0.016988440866842903,0.012554748522702844,5,complete,0.0073750912534933195,0.005923395126643539,0.00443369234414006,0.016988440866842903,0.015471564821872058
EfficientNet,2D,LSS,test,accuracy,0.8139949426310213,0.09376744891939572,L1/L2,0.9362616416128912,L4/L5,0.6917721293046781,0.24448951230821303,5,complete,0.9362616416128912,0.87322418309538,0.7872756954675775,0.6917721293046781,0.7814410636745804
EfficientNet,2D,LSS,test,precision_macro,0.654344745143284,0.07047968240979392,L2/L3,0.7247618463001844,L1/L2,0.5362217230037963,0.18854012329638803,5,complete,0.5362217230037963,0.7247618463001844,0.6766908615392211,0.6753016418584183,0.6587476530147995
EfficientNet,2D,LSS,test,recall_macro,0.6040112405099543,0.12348071517502957,L3/L4,0.698646017548309,L1/L2,0.39540092995101483,0.3032450875972942,5,complete,0.39540092995101483,0.6165352323596478,0.698646017548309,0.694817476402578,0.6146565462882219
EfficientNet,2D,LSS,test,f1_macro,0.6076561942470239,0.10911914359149895,L3/L4,0.6802486793548217,L1/L2,0.4162851826421969,0.2639634967126248,5,complete,0.4162851826421969,0.6413365456632683,0.6802486793548217,0.6723434981024936,0.628067065472339
EfficientNet,2D,LSS,test,oa,0.8139949426310213,0.09376744891939572,L1/L2,0.9362616416128912,L4/L5,0.6917721293046781,0.24448951230821303,5,complete,0.9362616416128912,0.87322418309538,0.7872756954675775,0.6917721293046781,0.7814410636745804
EfficientNet,2D,LSS,test,omae,0.1942910216412966,0.0988015765501214,L1/L2,0.06889912354787375,L4/L5,0.326742460610037,0.2578433370621632,5,complete,0.06889912354787375,0.13047721683243507,0.2156763941265786,0.326742460610037,0.2296599130895587
EfficientNet,2D,LSS,test,qwk,0.6399434868355284,0.16210383506127346,L3/L4,0.7443778348370194,L1/L2,0.3568227398874656,0.38755509494955376,5,complete,0.3568227398874656,0.690952807203406,0.7443778348370194,0.7443656066087169,0.6631984456410345
EfficientNet,2D,LSS,test,ser,0.008285964272318076,0.006553327335397857,L3/L4,0.002952089594156,L4/L5,0.01851458991471522,0.015562500320559221,5,complete,0.00516076516076514,0.0037013999278150004,0.002952089594156,0.01851458991471522,0.01110097676413902
EfficientNet,2D,RSS,train,accuracy,0.8518127722876248,0.07625611759909007,L1/L2,0.9426956209358919,L4/L5,0.7380461537090467,0.20464946722684518,5,complete,0.9426956209358919,0.8944254972354015,0.8467952548262853,0.7380461537090467,0.8371013347314985
EfficientNet,2D,RSS,train,precision_macro,0.7760977241403262,0.03931207734036381,L1/L2,0.8137880637318695,L4/L5,0.7252073201146985,0.08858074361717105,5,complete,0.8137880637318695,0.8121983710191296,0.7820527156737813,0.7252073201146985,0.7472421501621515
EfficientNet,2D,RSS,train,recall_macro,0.6643050521912081,0.11990049616732579,L3/L4,0.7788815006815704,L1/L2,0.476846471541581,0.30203502913998936,5,complete,0.476846471541581,0.6276807269034156,0.7788815006815704,0.7498711078116488,0.6882454540178243
EfficientNet,2D,RSS,train,f1_macro,0.6852895352074457,0.08899609078608713,L3/L4,0.7751637348388367,L1/L2,0.5390843652560868,0.2360793695827499,5,complete,0.5390843652560868,0.6778181752572149,0.7751637348388367,0.7254582068430969,0.708923193841993
EfficientNet,2D,RSS,train,oa,0.8518127722876248,0.07625611759909007,L1/L2,0.9426956209358919,L4/L5,0.7380461537090467,0.20464946722684518,5,complete,0.9426956209358919,0.8944254972354015,0.8467952548262853,0.7380461537090467,0.8371013347314985
EfficientNet,2D,RSS,train,omae,0.1554919764600109,0.07881223906727146,L1/L2,0.06412741522161305,L4/L5,0.2744972454833462,0.21036983026173314,5,complete,0.06412741522161305,0.110178956144515,0.15638099876441366,0.2744972454833462,0.17227526668616655
EfficientNet,2D,RSS,train,qwk,0.6921394550350225,0.15343215033446908,L3/L4,0.8189377852050453,L1/L2,0.43262343990722185,0.3863143452978235,5,complete,0.43262343990722185,0.6827462307044685,0.8189377852050453,0.7798281963450163,0.74656162301336
EfficientNet,2D,RSS,train,ser,0.007304748747635692,0.0037518044432622044,L3/L4,0.00317625359069904,L4/L5,0.012543399192392862,0.009367145601693822,5,complete,0.006823036157504919,0.00460445337991652,0.00317625359069904,0.012543399192392862,0.00937660141766512
EfficientNet,2D,RSS,validation,accuracy,0.8101082752596518,0.10496808020642566,L1/L2,0.9450913176111697,L4/L5,0.6773362679496744,0.2677550496614953,5,complete,0.9450913176111697,0.8799706149227451,0.7933890881006753,0.6773362679496744,0.7547540877139948
EfficientNet,2D,RSS,validation,precision_macro,0.6501828870999983,0.07654490328025033,L2/L3,0.7208129524412609,L1/L2,0.5391919294782181,0.18162102296304272,5,complete,0.5391919294782181,0.7208129524412609,0.7191678637084855,0.657783101430266,0.6139585884417611
EfficientNet,2D,RSS,validation,recall_macro,0.5821412372315437,0.12711597746183398,L3/L4,0.709753533914776,L1/L2,0.3937668996862311,0.31598663422854495,5,complete,0.3937668996862311,0.5577536788316384,0.709753533914776,0.6904584031949027,0.5589736705301699
EfficientNet,2D,RSS,validation,f1_macro,0.5939795261000738,0.11042309264895388,L3/L4,0.7082667335598034,L1/L2,0.41839953965869603,0.2898671939011074,5,complete,0.41839953965869603,0.6039771056559523,0.7082667335598034,0.661265988633041,0.5779882629928761
EfficientNet,2D,RSS,validation,oa,0.8101082752596518,0.10496808020642566,L1/L2,0.9450913176111697,L4/L5,0.6773362679496744,0.2677550496614953,5,complete,0.9450913176111697,0.8799706149227451,0.7933890881006753,0.6773362679496744,0.7547540877139948
EfficientNet,2D,RSS,validation,omae,0.2027815314382341,0.11175004952574016,L1/L2,0.06376366976198841,L4/L5,0.34707234959452965,0.28330867983254127,5,complete,0.06376366976198841,0.12597847329347073,0.21257062469148957,0.34707234959452965,0.2645225398496923
EfficientNet,2D,RSS,validation,qwk,0.5912279940120063,0.17523561012465863,L3/L4,0.7375292501427568,L1/L2,0.29703970637403576,0.44048954376872107,5,complete,0.29703970637403576,0.5976113916957783,0.7375292501427568,0.7111066016577039,0.612853020189757
EfficientNet,2D,RSS,validation,ser,0.012889806697886027,0.008455087605285244,L2/L3,0.005949088216215879,L4/L5,0.024408617544204,0.018459529327988118,5,complete,0.0088549873731583,0.005949088216215879,0.00595971279216484,0.024408617544204,0.019276627563687122
EfficientNet,2D,RSS,test,accuracy,0.8025978901256314,0.10081645673603634,L1/L2,0.9261808732595551,L4/L5,0.6616121957925701,0.264568677466985,5,complete,0.9261808732595551,0.864963894796469,0.7975194708184407,0.6616121957925701,0.7627130159611224
EfficientNet,2D,RSS,test,precision_macro,0.6551864139946557,0.0575875454004231,L2/L3,0.7268200951052313,L1/L2,0.5821591608943231,0.1446609342109082,5,complete,0.5821591608943231,0.7268200951052313,0.6966577431656191,0.6469363674625561,0.6233587033455487
EfficientNet,2D,RSS,test,recall_macro,0.5722384955759638,0.118928004757413,L3/L4,0.6957854504531704,L1/L2,0.4093168324240265,0.2864686180291439,5,complete,0.4093168324240265,0.4978590631182029,0.6957854504531704,0.6663033370441508,0.591927794840269
EfficientNet,2D,RSS,test,f1_macro,0.5786019255042311,0.10460076676821788,L3/L4,0.6893067122074944,L1/L2,0.41999114525887293,0.26931556694862147,5,complete,0.41999114525887293,0.5406559713159662,0.6893067122074944,0.6462986313038335,0.5967571674349883
EfficientNet,2D,RSS,test,oa,0.8025978901256314,0.10081645673603634,L1/L2,0.9261808732595551,L4/L5,0.6616121957925701,0.264568677466985,5,complete,0.9261808732595551,0.864963894796469,0.7975194708184407,0.6616121957925701,0.7627130159611224
EfficientNet,2D,RSS,test,omae,0.2113345455322194,0.10462337554518579,L1/L2,0.08476985011923552,L4/L5,0.35749556559814655,0.272725715478911,5,complete,0.08476985011923552,0.1467604782691842,0.2091128107930853,0.35749556559814655,0.25853402288144556
EfficientNet,2D,RSS,test,qwk,0.5621732645347745,0.2116441840153495,L3/L4,0.7508312188822395,L1/L2,0.21544847342945378,0.5353827454527857,5,complete,0.21544847342945378,0.5361223342186362,0.7508312188822395,0.7077803084416713,0.6006839877018717
EfficientNet,2D,RSS,test,ser,0.013932435657850855,0.006069304198534113,L3/L4,0.006632281611525881,L5/S1,0.021247038842568018,0.014614757231042138,5,complete,0.0109507233787906,0.01172437306565304,0.006632281611525881,0.019107761390716745,0.021247038842568018
MaxViT,2.5D-to-3D,SCS,train,accuracy,0.937153544565551,0.0343560673793516,L5/S1,0.9748760614118925,L4/L5,0.9012036092974516,0.07367245211444096,5,complete,0.9714181747423986,0.9286891561703122,0.9095807212057,0.9012036092974516,0.9748760614118925
MaxViT,2.5D-to-3D,SCS,train,precision_macro,0.6899437677401485,0.11227190841111946,L4/L5,0.8085490659382835,L1/L2,0.5627161686891423,0.24583289724914115,5,complete,0.5627161686891423,0.6828221246838603,0.7977937204390366,0.8085490659382835,0.5978377589504202
MaxViT,2.5D-to-3D,SCS,train,recall_macro,0.6350582653160048,0.11560893355189514,L4/L5,0.7742503194922377,L1/L2,0.527702554445301,0.24654776504693665,5,complete,0.527702554445301,0.5892388863637859,0.7429577791930749,0.7742503194922377,0.5411417870856249
MaxViT,2.5D-to-3D,SCS,train,f1_macro,0.6472695000582187,0.11506673307898042,L4/L5,0.7805955739524849,L1/L2,0.5290105251164938,0.2515850488359911,5,complete,0.5290105251164938,0.6108825020581337,0.7570483237694873,0.7805955739524849,0.5588105753944942
MaxViT,2.5D-to-3D,SCS,train,oa,0.937153544565551,0.0343560673793516,L5/S1,0.9748760614118925,L4/L5,0.9012036092974516,0.07367245211444096,5,complete,0.9714181747423986,0.9286891561703122,0.9095807212057,0.9012036092974516,0.9748760614118925
MaxViT,2.5D-to-3D,SCS,train,omae,0.07084562669311015,0.038000252199472326,L5/S1,0.030687676243660738,L4/L5,0.11473514903904887,0.08404747279538813,5,complete,0.03233843693998086,0.07958328962555566,0.09688358161730456,0.11473514903904887,0.030687676243660738
MaxViT,2.5D-to-3D,SCS,train,qwk,0.6455289750385818,0.1714568092877358,L4/L5,0.8448472898288852,L5/S1,0.4341864557199118,0.4106608341089734,5,complete,0.5637007330777506,0.5873450258846182,0.7975653706817427,0.8448472898288852,0.4341864557199118
MaxViT,2.5D-to-3D,SCS,train,ser,0.007999171258661036,0.004727530847268447,L1/L2,0.0037566116823795,L4/L5,0.015938758336500342,0.012182146654120842,5,complete,0.0037566116823795,0.008272445795867781,0.0064643028230045195,0.015938758336500342,0.00556373765555304
MaxViT,2.5D-to-3D,SCS,validation,accuracy,0.8974176946402718,0.05749922750442958,L5/S1,0.9565058090023317,L4/L5,0.832305456115696,0.12420035288663578,5,complete,0.9536668948423704,0.8954177520493023,0.8491925611916589,0.832305456115696,0.9565058090023317
MaxViT,2.5D-to-3D,SCS,validation,precision_macro,0.5288258562850646,0.14909485941022788,L3/L4,0.6765724516094263,L5/S1,0.3197299759938043,0.35684247561562193,5,complete,0.4807319716002131,0.49675735126851006,0.6765724516094263,0.6703375309533695,0.3197299759938043
MaxViT,2.5D-to-3D,SCS,validation,recall_macro,0.5007262444282352,0.132144473823712,L4/L5,0.6710384457722337,L5/S1,0.332843031220708,0.3381954145515257,5,complete,0.46416400763932764,0.44451841156005517,0.5910673259488518,0.6710384457722337,0.332843031220708
MaxViT,2.5D-to-3D,SCS,validation,f1_macro,0.5043038418499054,0.1346908054410645,L4/L5,0.6642454271617386,L5/S1,0.3261459225104226,0.338099504651316,5,complete,0.46499928220972775,0.4554571938621029,0.6106713835055351,0.6642454271617386,0.3261459225104226
MaxViT,2.5D-to-3D,SCS,validation,oa,0.8974176946402718,0.05749922750442958,L5/S1,0.9565058090023317,L4/L5,0.832305456115696,0.12420035288663578,5,complete,0.9536668948423704,0.8954177520493023,0.8491925611916589,0.832305456115696,0.9565058090023317
MaxViT,2.5D-to-3D,SCS,validation,omae,0.1187354204283382,0.06555982865565853,L5/S1,0.05334396649053438,L4/L5,0.1978790572528825,0.1445350907623481,5,complete,0.054040496411840624,0.1200242311089239,0.16838935087750964,0.1978790572528825,0.05334396649053438
MaxViT,2.5D-to-3D,SCS,validation,qwk,0.4551047877330445,0.2563877595886169,L4/L5,0.7375939145048126,L5/S1,0.0631909135176147,0.6744030009871979,5,complete,0.42273383521912555,0.4299785451861323,0.6220267302375374,0.7375939145048126,0.0631909135176147
MaxViT,2.5D-to-3D,SCS,validation,ser,0.016153115068610086,0.008810358225852298,L1/L2,0.007707391254210981,L4/L5,0.03018451336857842,0.02247712211436744,5,complete,0.007707391254210981,0.01544198315822624,0.0175819120691686,0.03018451336857842,0.00984977549286618
MaxViT,2.5D-to-3D,SCS,test,accuracy,0.8997058924357564,0.0607089810954094,L1/L2,0.9564901087753445,L4/L5,0.8242697192924986,0.13222038948284587,5,complete,0.9564901087753445,0.9137199560842681,0.8490148913979747,0.8242697192924986,0.9550347866286957
MaxViT,2.5D-to-3D,SCS,test,precision_macro,0.5277502729948972,0.12969000575212092,L4/L5,0.6483628826243307,L5/S1,0.34772598308510816,0.30063689953922257,5,complete,0.4485333417489952,0.549960568069297,0.6441685894467548,0.6483628826243307,0.34772598308510816
MaxViT,2.5D-to-3D,SCS,test,recall_macro,0.4963028889022672,0.11906918045817129,L4/L5,0.646496872906038,L5/S1,0.3644803795238577,0.28201649338218027,5,complete,0.4222985257367863,0.45429699713653776,0.5939416692081163,0.646496872906038,0.3644803795238577
MaxViT,2.5D-to-3D,SCS,test,f1_macro,0.49461671911094635,0.12009091487989576,L4/L5,0.6340204829105335,L5/S1,0.35563587286603227,0.2783846100445012,5,complete,0.4080805100145547,0.47545615911254513,0.5998905706510662,0.6340204829105335,0.35563587286603227
MaxViT,2.5D-to-3D,SCS,test,oa,0.8997058924357564,0.0607089810954094,L1/L2,0.9564901087753445,L4/L5,0.8242697192924986,0.13222038948284587,5,complete,0.9564901087753445,0.9137199560842681,0.8490148913979747,0.8242697192924986,0.9550347866286957
MaxViT,2.5D-to-3D,SCS,test,omae,0.11685274468369214,0.07021976880419148,L1/L2,0.0497869532974677,L4/L5,0.21083996030843505,0.16105300701096736,5,complete,0.0497869532974677,0.10103851261247303,0.16643566940785587,0.21083996030843505,0.05616262779222906
MaxViT,2.5D-to-3D,SCS,test,qwk,0.43155468272998443,0.2323646469681021,L4/L5,0.7192152247644982,L5/S1,0.14813306013326105,0.5710821646312372,5,complete,0.2967205034169612,0.38242090049957567,0.6112837248356258,0.7192152247644982,0.14813306013326105
MaxViT,2.5D-to-3D,SCS,test,ser,0.01655863711944839,0.010989348375581215,L1/L2,0.006277062072812161,L4/L5,0.035109679600933516,0.028832617528121357,5,complete,0.006277062072812161,0.014758468696741139,0.01545056080583046,0.035109679600933516,0.01119741442092468
MaxViT,2.5D-to-3D,LFN,train,accuracy,0.8950975215180194,0.06755397678476553,L1/L2,0.9734971450017562,L4/L5,0.8137695443030275,0.1597276006987287,5,complete,0.9734971450017562,0.9549604801139724,0.8786524869678576,0.8137695443030275,0.8546079512034825
MaxViT,2.5D-to-3D,LFN,train,precision_macro,0.6877179388319069,0.13316386976645322,L5/S1,0.8327628279778636,L1/L2,0.5118320092972076,0.320930818680656,5,complete,0.5118320092972076,0.5936218111226553,0.7162906858724258,0.7840823598893819,0.8327628279778636
MaxViT,2.5D-to-3D,LFN,train,recall_macro,0.5969557851703255,0.14109244719337088,L5/S1,0.7572503452032152,L1/L2,0.3996573608760544,0.3575929843271608,5,complete,0.3996573608760544,0.5445192759618988,0.5774189772908612,0.7059329665195978,0.7572503452032152
MaxViT,2.5D-to-3D,LFN,train,f1_macro,0.6132650512467298,0.13859263009448855,L5/S1,0.768981481776784,L1/L2,0.4162189556255324,0.35276252615125164,5,complete,0.4162189556255324,0.5643302053998132,0.5980299404325327,0.7187646729989867,0.768981481776784
MaxViT,2.5D-to-3D,LFN,train,oa,0.8950975215180194,0.06755397678476553,L1/L2,0.9734971450017562,L4/L5,0.8137695443030275,0.1597276006987287,5,complete,0.9734971450017562,0.9549604801139724,0.8786524869678576,0.8137695443030275,0.8546079512034825
MaxViT,2.5D-to-3D,LFN,train,omae,0.11049185566175945,0.07189115814443413,L1/L2,0.0276613310966764,L4/L5,0.19795867591406255,0.17029734481738615,5,complete,0.0276613310966764,0.04706714142622168,0.12554590142480562,0.19795867591406255,0.15422622844703107
MaxViT,2.5D-to-3D,LFN,train,qwk,0.6099460454170732,0.21891278501652928,L5/S1,0.7909419181747963,L1/L2,0.2307193838594193,0.560222534315377,5,complete,0.2307193838594193,0.679452765303202,0.6426636813563212,0.705952478391627,0.7909419181747963
MaxViT,2.5D-to-3D,LFN,train,ser,0.0055893771797786915,0.004540593968455505,L1/L2,0.00115847609843274,L4/L5,0.01172822021708986,0.01056974411865712,5,complete,0.00115847609843274,0.0020276215401941,0.00419838839266312,0.01172822021708986,0.00883417965051364
MaxViT,2.5D-to-3D,LFN,validation,accuracy,0.8200444342647734,0.11567310178170778,L1/L2,0.9695258818140173,L4/L5,0.6919468621163536,0.27757901969766374,5,complete,0.9695258818140173,0.9086005497022447,0.786071919377004,0.6919468621163536,0.7440769583142465
MaxViT,2.5D-to-3D,LFN,validation,precision_macro,0.5082161112545462,0.1086051274084751,L4/L5,0.6338517944678108,L1/L2,0.3900526174739249,0.24379917699388592,5,complete,0.3900526174739249,0.4393450177718548,0.46541311974208455,0.6338517944678108,0.6124180068170562
MaxViT,2.5D-to-3D,LFN,validation,recall_macro,0.45908792995449355,0.10785180379461505,L5/S1,0.6020255230381073,L1/L2,0.3405051694804345,0.2615203535576728,5,complete,0.3405051694804345,0.3795473509315509,0.44093376656909034,0.532427839753285,0.6020255230381073
MaxViT,2.5D-to-3D,LFN,validation,f1_macro,0.4653276356781941,0.10811916712194095,L5/S1,0.6026261193235187,L1/L2,0.3414966600037105,0.26112945931980824,5,complete,0.3414966600037105,0.3917465834241607,0.44364930032587313,0.5471195153137073,0.6026261193235187
MaxViT,2.5D-to-3D,LFN,validation,oa,0.8200444342647734,0.11567310178170778,L1/L2,0.9695258818140173,L4/L5,0.6919468621163536,0.27757901969766374,5,complete,0.9695258818140173,0.9086005497022447,0.786071919377004,0.6919468621163536,0.7440769583142465
MaxViT,2.5D-to-3D,LFN,validation,omae,0.19038387540082452,0.12528870079256868,L1/L2,0.03114979386165822,L4/L5,0.32770041227668345,0.2965506184150252,5,complete,0.03114979386165822,0.09275080164910669,0.2193426477324782,0.32770041227668345,0.28097572148419603
MaxViT,2.5D-to-3D,LFN,validation,qwk,0.3491232107379193,0.22391007567055535,L5/S1,0.6162221314409339,L1/L2,0.03776156216012862,0.5784605692808052,5,complete,0.03776156216012862,0.22729829164846044,0.38961639290190214,0.47471767553817124,0.6162221314409339
MaxViT,2.5D-to-3D,LFN,validation,ser,0.010428309665597772,0.01119714437733082,L1/L2,0.00067567567567566,L5/S1,0.02505267979844248,0.024377004122766822,5,complete,0.00067567567567566,0.00135135135135134,0.005414567109482319,0.01964727439303706,0.02505267979844248
MaxViT,2.5D-to-3D,LFN,test,accuracy,0.812312925170068,0.1127409156686044,L1/L2,0.9607602500459643,L4/L5,0.6941947049089906,0.2665655451369737,5,complete,0.9607602500459643,0.8971364221364222,0.7774131274131273,0.6941947049089906,0.7320601213458356
MaxViT,2.5D-to-3D,LFN,test,precision_macro,0.5049630835881782,0.07490389206160285,L5/S1,0.5902192369671997,L1/L2,0.42045480738801067,0.16976442957918902,5,complete,0.42045480738801067,0.46979568025889673,0.4664816732089765,0.5778640201178077,0.5902192369671997
MaxViT,2.5D-to-3D,LFN,test,recall_macro,0.46129894615940714,0.09461568067139575,L5/S1,0.5798715493904009,L1/L2,0.34471557682084,0.2351559725695609,5,complete,0.34471557682084,0.40240225586088235,0.4505779730431585,0.528927375681754,0.5798715493904009
MaxViT,2.5D-to-3D,LFN,test,f1_macro,0.4644793554408772,0.09048744166448279,L5/S1,0.5768496942136234,L1/L2,0.3471659044120434,0.22968378980158,5,complete,0.3471659044120434,0.41704585471238714,0.4536488978903959,0.5276864259759362,0.5768496942136234
MaxViT,2.5D-to-3D,LFN,test,oa,0.812312925170068,0.1127409156686044,L1/L2,0.9607602500459643,L4/L5,0.6941947049089906,0.2665655451369737,5,complete,0.9607602500459643,0.8971364221364222,0.7774131274131273,0.6941947049089906,0.7320601213458356
MaxViT,2.5D-to-3D,LFN,test,omae,0.1995964331678617,0.12283567385444881,L1/L2,0.0399154256297113,L4/L5,0.32542287185144325,0.28550744622173196,5,complete,0.0399154256297113,0.10691763191763186,0.2280106637249494,0.32542287185144325,0.29771557271557264
MaxViT,2.5D-to-3D,LFN,test,qwk,0.3575701407284443,0.2030907673949467,L5/S1,0.5714757631294554,L1/L2,0.05851161909887821,0.5129641440305771,5,complete,0.05851161909887821,0.2627515758919,0.39956420487104555,0.49554754065094214,0.5714757631294554
MaxViT,2.5D-to-3D,LFN,test,ser,0.011909358337929726,0.01233477398339133,L1/L2,0.00067567567567566,L5/S1,0.029775694061408297,0.02910001838573264,5,complete,0.00067567567567566,0.004054054054054,0.00542379113807682,0.01961757676043386,0.029775694061408297
MaxViT,2.5D-to-3D,RFN,train,accuracy,0.8805906676018471,0.06851768852739752,L1/L2,0.963170961105833,L4/L5,0.8003078807691063,0.1628630803367267,5,complete,0.963170961105833,0.9379948128278841,0.8655128629919513,0.8003078807691063,0.835966820314461
MaxViT,2.5D-to-3D,RFN,train,precision_macro,0.6112643324082877,0.1309302113544496,L5/S1,0.7890307125987293,L1/L2,0.4778726282864273,0.31115808431230196,5,complete,0.4778726282864273,0.5496272130788816,0.5326358328786979,0.7071552751987027,0.7890307125987293
MaxViT,2.5D-to-3D,RFN,train,recall_macro,0.577550102240538,0.12735623764407736,L5/S1,0.7419247728794494,L1/L2,0.44924318947331426,0.2926815834061351,5,complete,0.44924318947331426,0.4801363986064608,0.5374217450866854,0.6790244051567802,0.7419247728794494
MaxViT,2.5D-to-3D,RFN,train,f1_macro,0.5773119181035449,0.12934519966049482,L5/S1,0.7485423984739127,L1/L2,0.4370803011869204,0.3114620972869923,5,complete,0.4370803011869204,0.49480429734357856,0.5330596706886579,0.6730729228246548,0.7485423984739127
MaxViT,2.5D-to-3D,RFN,train,oa,0.8805906676018471,0.06851768852739752,L1/L2,0.963170961105833,L4/L5,0.8003078807691063,0.1628630803367267,5,complete,0.963170961105833,0.9379948128278841,0.8655128629919513,0.8003078807691063,0.835966820314461
MaxViT,2.5D-to-3D,RFN,train,omae,0.12374754468925775,0.07045365551061994,L1/L2,0.04075811466688424,L4/L5,0.2052250074296035,0.16446689276271925,5,complete,0.04075811466688424,0.06273309553469275,0.1369620896972571,0.2052250074296035,0.1730594161178512
MaxViT,2.5D-to-3D,RFN,train,qwk,0.5763271507965051,0.18798318008586776,L5/S1,0.7736565266144869,L1/L2,0.2887811240166541,0.4848754025978328,5,complete,0.2887811240166541,0.504312401235949,0.6311420327131616,0.6837436694022738,0.7736565266144869
MaxViT,2.5D-to-3D,RFN,train,ser,0.004338212291104912,0.003165369029190543,L2/L3,0.0007279083625769199,L5/S1,0.00902623643231202,0.0082983280697351,5,complete,0.00392907577271724,0.0007279083625769199,0.00247495268920848,0.005532888198709901,0.00902623643231202
MaxViT,2.5D-to-3D,RFN,validation,accuracy,0.8203037883957981,0.10395338973973163,L1/L2,0.9532819935120177,L4/L5,0.7190344685744201,0.2342475249375976,5,complete,0.9532819935120177,0.9031671917507268,0.7934873216350213,0.7190344685744201,0.7325479665068043
MaxViT,2.5D-to-3D,RFN,validation,precision_macro,0.5072273435491558,0.11533015696887466,L5/S1,0.6386612696931385,L1/L2,0.3498009383603028,0.28886033133283573,5,complete,0.3498009383603028,0.4826630362177956,0.4644438865033151,0.6005675869712266,0.6386612696931385
MaxViT,2.5D-to-3D,RFN,validation,recall_macro,0.49023174088267796,0.10633041496735916,L5/S1,0.6084256154356062,L1/L2,0.35097343216925453,0.2574521832663517,5,complete,0.35097343216925453,0.43263876763120146,0.4773516540326905,0.5817692351446371,0.6084256154356062
MaxViT,2.5D-to-3D,RFN,validation,f1_macro,0.4891948729398908,0.10315825072112995,L5/S1,0.60414846680609,L1/L2,0.34953323124174307,0.25461523556434695,5,complete,0.34953323124174307,0.446313841771237,0.46949235070482526,0.5764864741755586,0.60414846680609
MaxViT,2.5D-to-3D,RFN,validation,oa,0.8203037883957981,0.10395338973973163,L1/L2,0.9532819935120177,L4/L5,0.7190344685744201,0.2342475249375976,5,complete,0.9532819935120177,0.9031671917507268,0.7934873216350213,0.7190344685744201,0.7325479665068043
MaxViT,2.5D-to-3D,RFN,validation,omae,0.18686709919881828,0.10864911614571907,L1/L2,0.050788124686429736,L4/L5,0.2890736395336879,0.23828551484725818,5,complete,0.050788124686429736,0.09886212570231938,0.20854430182517342,0.2890736395336879,0.28706730424648097
MaxViT,2.5D-to-3D,RFN,validation,qwk,0.4435274712305134,0.17021772252984205,L5/S1,0.6338751010145977,L1/L2,0.206922640798931,0.4269524602156667,5,complete,0.206922640798931,0.3465496440107143,0.4703153591972714,0.5599746111310526,0.6338751010145977
MaxViT,2.5D-to-3D,RFN,validation,ser,0.007170887594616368,0.007385858188168216,L2/L3,0.00202931745304622,L5/S1,0.019615270753285237,0.017585953300239016,5,complete,0.00407011819844746,0.00202931745304622,0.00203162346019484,0.008108108108108079,0.019615270753285237
MaxViT,2.5D-to-3D,RFN,test,accuracy,0.8124627688913403,0.10902854406676017,L1/L2,0.9540172825887112,L4/L5,0.6995817245817246,0.2544355580069866,5,complete,0.9540172825887112,0.8951461665747379,0.7862152969295827,0.6995817245817246,0.7273533737819451
MaxViT,2.5D-to-3D,RFN,test,precision_macro,0.5067269377551592,0.10226215592999494,L5/S1,0.621705113821991,L1/L2,0.37667127871500017,0.24503383510699084,5,complete,0.37667127871500017,0.46950252207715,0.4660110892737678,0.5997446848878869,0.621705113821991
MaxViT,2.5D-to-3D,RFN,test,recall_macro,0.48965047130499323,0.08504929734761112,L5/S1,0.584577494507863,L1/L2,0.3954082715373038,0.18916922297055921,5,complete,0.3954082715373038,0.4233583234366384,0.4750516515853015,0.5698566154578594,0.584577494507863
MaxViT,2.5D-to-3D,RFN,test,f1_macro,0.4874344054362344,0.08381966607253329,L5/S1,0.5790551402338618,L1/L2,0.38528828382941704,0.1937668564044448,5,complete,0.38528828382941704,0.43593447194958684,0.46997571760494805,0.5669184135633578,0.5790551402338618
MaxViT,2.5D-to-3D,RFN,test,oa,0.8124627688913403,0.10902854406676017,L1/L2,0.9540172825887112,L4/L5,0.6995817245817246,0.2544355580069866,5,complete,0.9540172825887112,0.8951461665747379,0.7862152969295827,0.6995817245817246,0.7273533737819451
MaxViT,2.5D-to-3D,RFN,test,omae,0.1948400441257584,0.11299239672770293,L1/L2,0.051392719249862065,L4/L5,0.31055341055341057,0.2591606913035485,5,complete,0.051392719249862065,0.10620518477661331,0.21784335355763923,0.31055341055341057,0.2882055524912668
MaxViT,2.5D-to-3D,RFN,test,qwk,0.43224762735793176,0.16800342174324323,L5/S1,0.6018811473193394,L1/L2,0.18543641814962825,0.41644472916971115,5,complete,0.18543641814962825,0.3481704132144069,0.4732597732198731,0.5524903848864111,0.6018811473193394
MaxViT,2.5D-to-3D,RFN,test,ser,0.007302813017098687,0.0056060831985164875,L2/L3,0.00135135135135132,L5/S1,0.01555892627321194,0.01420757492186062,5,complete,0.0054100018385732,0.00135135135135132,0.00405865048722188,0.0101351351351351,0.01555892627321194
MaxViT,2.5D-to-3D,LSS,train,accuracy,0.8242178147506813,0.08762684546287762,L1/L2,0.9465395610840857,L4/L5,0.7230499684529041,0.2234895926311815,5,complete,0.9465395610840857,0.8752945572270179,0.8003263830490965,0.7230499684529041,0.7758786039403023
MaxViT,2.5D-to-3D,LSS,train,precision_macro,0.6746094165355163,0.04218806434111846,L2/L3,0.7151627247338148,L5/S1,0.6222948446747865,0.09286788005902835,5,complete,0.6362482032967017,0.7151627247338148,0.6974088161223022,0.7019324938499774,0.6222948446747865
MaxViT,2.5D-to-3D,LSS,train,recall_macro,0.606370383518304,0.09770753440226909,L4/L5,0.712772554378633,L1/L2,0.4775483935062511,0.23522416087238185,5,complete,0.4775483935062511,0.6235191996733856,0.6795840275595193,0.712772554378633,0.5384277424737307
MaxViT,2.5D-to-3D,LSS,train,f1_macro,0.6190155083248758,0.08624065525995842,L4/L5,0.7003565988367729,L1/L2,0.5132565466086728,0.1871000522281001,5,complete,0.5132565466086728,0.6577132841714051,0.6838095389184835,0.7003565988367729,0.5399415730890444
MaxViT,2.5D-to-3D,LSS,train,oa,0.8242178147506813,0.08762684546287762,L1/L2,0.9465395610840857,L4/L5,0.7230499684529041,0.2234895926311815,5,complete,0.9465395610840857,0.8752945572270179,0.8003263830490965,0.7230499684529041,0.7758786039403023
MaxViT,2.5D-to-3D,LSS,train,omae,0.19455161398310689,0.09778686026274734,L1/L2,0.06109961234866079,L4/L5,0.30256391641991065,0.24146430407124986,5,complete,0.06109961234866079,0.13313496583671766,0.21319099244706913,0.30256391641991065,0.26276858286317617
MaxViT,2.5D-to-3D,LSS,train,qwk,0.5992854512323486,0.1540738162512527,L4/L5,0.7338643427586398,L1/L2,0.4266793314305838,0.307185011328056,5,complete,0.4266793314305838,0.6720006408661426,0.7254013719966854,0.7338643427586398,0.43848156910969094
MaxViT,2.5D-to-3D,LSS,train,ser,0.018769428733788153,0.013232083559090101,L1/L2,0.0076391734327464,L5/S1,0.03864718680347838,0.03100801337073198,5,complete,0.0076391734327464,0.00842952306373546,0.01351737549616574,0.02561388487281478,0.03864718680347838
MaxViT,2.5D-to-3D,LSS,validation,accuracy,0.7848030809466279,0.11214015977929676,L1/L2,0.9387695366448657,L4/L5,0.6563678661922736,0.2824016704525921,5,complete,0.9387695366448657,0.8547201166472457,0.7552008800713805,0.6563678661922736,0.7189570051773739
MaxViT,2.5D-to-3D,LSS,validation,precision_macro,0.5926033267001175,0.07348822582418055,L2/L3,0.6784654962008412,L5/S1,0.49585208114180723,0.18261341505903395,5,complete,0.540525251668174,0.6784654962008412,0.6147486820319897,0.6334251224577756,0.49585208114180723
MaxViT,2.5D-to-3D,LSS,validation,recall_macro,0.5448934910447287,0.09598461624816548,L4/L5,0.650494297326752,L1/L2,0.4183504981844175,0.23214379914233452,5,complete,0.4183504981844175,0.5743901917843468,0.60687663573232,0.650494297326752,0.474355832195808
MaxViT,2.5D-to-3D,LSS,validation,f1_macro,0.5465769856156631,0.09294677750221668,L4/L5,0.6306234623471605,L1/L2,0.4334811897537822,0.1971422725933783,5,complete,0.4334811897537822,0.6071170919916763,0.6034298191712106,0.6306234623471605,0.45823336481448623
MaxViT,2.5D-to-3D,LSS,validation,oa,0.7848030809466279,0.11214015977929676,L1/L2,0.9387695366448657,L4/L5,0.6563678661922736,0.2824016704525921,5,complete,0.9387695366448657,0.8547201166472457,0.7552008800713805,0.6563678661922736,0.7189570051773739
MaxViT,2.5D-to-3D,LSS,validation,omae,0.24084706754241428,0.12551043689231364,L1/L2,0.0737909836724586,L4/L5,0.3833968052076041,0.3096058215351455,5,complete,0.0737909836724586,0.15855372726970615,0.2602760715205842,0.3833968052076041,0.3282177500417184
MaxViT,2.5D-to-3D,LSS,validation,qwk,0.49549416228046084,0.18914049821380433,L4/L5,0.6591153201953007,L1/L2,0.2678629277596202,0.39125239243568055,5,complete,0.2678629277596202,0.5889537918408289,0.6471128701500082,0.6591153201953007,0.3144259014565462
MaxViT,2.5D-to-3D,LSS,validation,ser,0.025650148489042214,0.016511614605524614,L1/L2,0.0125605203173245,L5/S1,0.0471747552190923,0.0346142349017678,5,complete,0.0125605203173245,0.01327384391695186,0.015476951591964699,0.03976467139987768,0.0471747552190923
MaxViT,2.5D-to-3D,LSS,test,accuracy,0.7674007933886788,0.11893818779885326,L1/L2,0.9348004622626916,L4/L5,0.62787229521338,0.3069281670493117,5,complete,0.9348004622626916,0.834686368399381,0.7153745337439552,0.62787229521338,0.7242703073239868
MaxViT,2.5D-to-3D,LSS,test,precision_macro,0.5694160675851396,0.031094360477941965,L4/L5,0.5979908726375835,L5/S1,0.5208113939699395,0.07717947866764407,5,complete,0.5769468478827251,0.592304075851814,0.5590271475836365,0.5979908726375835,0.5208113939699395
MaxViT,2.5D-to-3D,LSS,test,recall_macro,0.5254027804125169,0.06344612875810256,L4/L5,0.6105622044947209,L1/L2,0.4489768193999463,0.16158538509477455,5,complete,0.4489768193999463,0.5242180961101806,0.5602204529297067,0.6105622044947209,0.4830363291280298
MaxViT,2.5D-to-3D,LSS,test,f1_macro,0.5260473188949146,0.05862698687280994,L4/L5,0.6010510283965818,L1/L2,0.46166566976545276,0.139385358631129,5,complete,0.46166566976545276,0.5414005069554261,0.5543202328858242,0.6010510283965818,0.47179915647128867
MaxViT,2.5D-to-3D,LSS,test,oa,0.7674007933886788,0.11893818779885326,L1/L2,0.9348004622626916,L4/L5,0.62787229521338,0.3069281670493117,5,complete,0.9348004622626916,0.834686368399381,0.7153745337439552,0.62787229521338,0.7242703073239868
MaxViT,2.5D-to-3D,LSS,test,omae,0.2634515794905685,0.13424116207879008,L1/L2,0.0755788472115144,L4/L5,0.41874345035523064,0.3431646031437162,5,complete,0.0755788472115144,0.18456355560860185,0.3083450538285879,0.41874345035523064,0.3300269904489078
MaxViT,2.5D-to-3D,LSS,test,qwk,0.47047443348568035,0.14482886960066327,L4/L5,0.6318710262149543,L1/L2,0.30769861574490687,0.3241724104700474,5,complete,0.30769861574490687,0.5071735474191985,0.5740296008160436,0.6318710262149543,0.3315993772332986
MaxViT,2.5D-to-3D,LSS,test,ser,0.03085237287924745,0.01872690706604545,L1/L2,0.01037930947420606,L5/S1,0.054297297772894756,0.0439179882986887,5,complete,0.01037930947420606,0.01924992400798288,0.02371958757254304,0.04661574556861052,0.054297297772894756
MaxViT,2.5D-to-3D,RSS,train,accuracy,0.88826672523744,0.054775476342573445,L1/L2,0.9650870430786963,L4/L5,0.8364267374703385,0.12866030560835784,5,complete,0.9650870430786963,0.9157503565938014,0.8367258325317911,0.8364267374703385,0.8873436565125725
MaxViT,2.5D-to-3D,RSS,train,precision_macro,0.7931958986282764,0.061556806860252895,L2/L3,0.8339840972586782,L1/L2,0.6855186606960283,0.14846543656264988,5,complete,0.6855186606960283,0.8339840972586782,0.7993824256403752,0.8265659750291358,0.8205283345171651
MaxViT,2.5D-to-3D,RSS,train,recall_macro,0.7196827607843218,0.08910770437209985,L4/L5,0.8335241213470708,L1/L2,0.6072098485630905,0.2263142727839803,5,complete,0.6072098485630905,0.6590957695310998,0.730232662705102,0.8335241213470708,0.768351401775246
MaxViT,2.5D-to-3D,RSS,train,f1_macro,0.738243151233845,0.08130737458186721,L4/L5,0.8274059693177008,L1/L2,0.6174172745835093,0.20998869473419157,5,complete,0.6174172745835093,0.7032935519549469,0.7564736971546611,0.8274059693177008,0.7866252631584066
MaxViT,2.5D-to-3D,RSS,train,oa,0.88826672523744,0.054775476342573445,L1/L2,0.9650870430786963,L4/L5,0.8364267374703385,0.12866030560835784,5,complete,0.9650870430786963,0.9157503565938014,0.8367258325317911,0.8364267374703385,0.8873436565125725
MaxViT,2.5D-to-3D,RSS,train,omae,0.11560461195162164,0.056593245261526544,L1/L2,0.036498878252507944,L4/L5,0.17134903606259128,0.13485015781008333,5,complete,0.036498878252507944,0.08710490509208214,0.166922202607414,0.17134903606259128,0.11614803774351279
MaxViT,2.5D-to-3D,RSS,train,qwk,0.8008215376478667,0.047573840615638276,L4/L5,0.8580748855308353,L2/L3,0.7549885474750548,0.10308633805578049,5,complete,0.7589376453364045,0.7549885474750548,0.7890699906011422,0.8580748855308353,0.843036619295896
MaxViT,2.5D-to-3D,RSS,train,ser,0.003871337189061616,0.002328849007388148,L1/L2,0.0015859213312041799,L4/L5,0.00777577353292966,0.00618985220172548,5,complete,0.0015859213312041799,0.0028552616858836997,0.00364803513920516,0.00777577353292966,0.00349169425608538
MaxViT,2.5D-to-3D,RSS,validation,accuracy,0.7857947816781357,0.11206484894208571,L1/L2,0.9421934592898766,L4/L5,0.6557307042359338,0.2864627550539428,5,complete,0.9421934592898766,0.8481025635210051,0.7186053238873444,0.6557307042359338,0.7643418574565183
MaxViT,2.5D-to-3D,RSS,validation,precision_macro,0.6003673739222197,0.07086165268067526,L5/S1,0.6712530379203278,L1/L2,0.4875346385637334,0.18371839935659434,5,complete,0.4875346385637334,0.5849617101332207,0.6140856473288878,0.644001835664929,0.6712530379203278
MaxViT,2.5D-to-3D,RSS,validation,recall_macro,0.5399055808180808,0.08254870085726648,L4/L5,0.6491984685796541,L2/L3,0.4494845754240398,0.19971389315561433,5,complete,0.48446787060107593,0.4494845754240398,0.5169914746813273,0.6491984685796541,0.5993855148043068
MaxViT,2.5D-to-3D,RSS,validation,f1_macro,0.5476307545375786,0.07646950950412944,L4/L5,0.6430238707140731,L2/L3,0.47470825381709814,0.16831561689697494,5,complete,0.478318135169811,0.47470825381709814,0.5318632381420141,0.6430238707140731,0.6102402748448968
MaxViT,2.5D-to-3D,RSS,validation,oa,0.7857947816781357,0.11206484894208571,L1/L2,0.9421934592898766,L4/L5,0.6557307042359338,0.2864627550539428,5,complete,0.9421934592898766,0.8481025635210051,0.7186053238873444,0.6557307042359338,0.7643418574565183
MaxViT,2.5D-to-3D,RSS,validation,omae,0.23274446583885222,0.12112536892359238,L1/L2,0.06449672208635883,L4/L5,0.3754281277336333,0.3109314056472745,5,complete,0.06449672208635883,0.16594440756230786,0.30433986273342023,0.3754281277336333,0.2535132090785407
MaxViT,2.5D-to-3D,RSS,validation,qwk,0.5261677145105595,0.11421468222439861,L4/L5,0.651569444348314,L2/L3,0.37967351352604056,0.2718959308222734,5,complete,0.4604401731683561,0.37967351352604056,0.5108203263314298,0.651569444348314,0.6283351151786576
MaxViT,2.5D-to-3D,RSS,validation,ser,0.01853924751698783,0.009215682702904824,L1/L2,0.00669018137623552,L4/L5,0.031158831969567098,0.02446865059333158,5,complete,0.00669018137623552,0.014046971083312997,0.02294518662076466,0.031158831969567098,0.017855066535058854
MaxViT,2.5D-to-3D,RSS,test,accuracy,0.775908551487145,0.1106513437421801,L1/L2,0.9320909527201848,L4/L5,0.6551350004763359,0.27695595224384895,5,complete,0.9320909527201848,0.8437674925988281,0.7188556080795604,0.6551350004763359,0.729693703560816
MaxViT,2.5D-to-3D,RSS,test,precision_macro,0.5509114653247661,0.06583667957252123,L4/L5,0.6444703718034661,L2/L3,0.47830777545946274,0.16616259634400338,5,complete,0.5014280643120941,0.47830777545946274,0.5500465602567128,0.6444703718034661,0.5803045547920949
MaxViT,2.5D-to-3D,RSS,test,recall_macro,0.5167683552060172,0.08354193648229057,L4/L5,0.6391642529557329,L2/L3,0.4271601865524627,0.21200406640327019,5,complete,0.46143846100392627,0.4271601865524627,0.49983332908377226,0.6391642529557329,0.5562455464341918
MaxViT,2.5D-to-3D,RSS,test,f1_macro,0.5201524648367638,0.07782448409990742,L4/L5,0.6383088325297329,L2/L3,0.4392705736407934,0.1990382588889395,5,complete,0.46668936430862784,0.4392705736407934,0.5090835978396824,0.6383088325297329,0.5474099558649822
MaxViT,2.5D-to-3D,RSS,test,oa,0.775908551487145,0.1106513437421801,L1/L2,0.9320909527201848,L4/L5,0.6551350004763359,0.27695595224384895,5,complete,0.9320909527201848,0.8437674925988281,0.7188556080795604,0.6551350004763359,0.729693703560816
MaxViT,2.5D-to-3D,RSS,test,omae,0.2431396684023753,0.11569878090937463,L1/L2,0.07520417857324312,L4/L5,0.3682785163579832,0.29307433778474007,5,complete,0.07520417857324312,0.1804029037209486,0.3053461813075807,0.3682785163579832,0.286466562052121
MaxViT,2.5D-to-3D,RSS,test,qwk,0.5074017336732222,0.1213104408867798,L4/L5,0.6683562061868844,L2/L3,0.3593903942723543,0.3089658119145301,5,complete,0.42099224759951814,0.3593903942723543,0.5230880378565963,0.6683562061868844,0.5651817824507581
MaxViT,2.5D-to-3D,RSS,test,ser,0.01904821988952037,0.007387948951112601,L1/L2,0.0072951312934280005,L3/L4,0.0242017893871411,0.016906658093713098,5,complete,0.0072951312934280005,0.02417039631977682,0.0242017893871411,0.02341351683431902,0.0161602656129369
MaxViT,2D,SCS,train,accuracy,0.9338947747129712,0.03378132849116561,L5/S1,0.9709605244509427,L4/L5,0.896443227606845,0.07451729684409769,5,complete,0.9644851709124065,0.9328689308049171,0.9047160197897448,0.896443227606845,0.9709605244509427
MaxViT,2D,SCS,train,precision_macro,0.7435809260251683,0.07652549861156417,L4/L5,0.8064467841178823,L1/L2,0.6181406811044111,0.18830610301347117,5,complete,0.6181406811044111,0.7577605591259846,0.8021668802252171,0.8064467841178823,0.733389725552346
MaxViT,2D,SCS,train,recall_macro,0.6047146816136965,0.1265447677546441,L4/L5,0.7602855228564783,L1/L2,0.4510348651932986,0.3092506576631797,5,complete,0.4510348651932986,0.6031579177466206,0.6946365654090998,0.7602855228564783,0.514458536862985
MaxViT,2D,SCS,train,f1_macro,0.6353408677575019,0.12130135368503887,L4/L5,0.7747007993065682,L1/L2,0.49243871872410094,0.28226208058246727,5,complete,0.49243871872410094,0.646971792021351,0.7283683097453227,0.7747007993065682,0.5342247189901659
MaxViT,2D,SCS,train,oa,0.9338947747129712,0.03378132849116561,L5/S1,0.9709605244509427,L4/L5,0.896443227606845,0.07451729684409769,5,complete,0.9644851709124065,0.9328689308049171,0.9047160197897448,0.896443227606845,0.9709605244509427
MaxViT,2D,SCS,train,omae,0.07209712663786856,0.03537485061810689,L5/S1,0.03520855592840034,L4/L5,0.11424258563257603,0.0790340297041757,5,complete,0.038678395283170644,0.07285217945308048,0.09950391689211532,0.11424258563257603,0.03520855592840034
MaxViT,2D,SCS,train,qwk,0.6552493499628176,0.1788058010769602,L4/L5,0.8592751135272169,L5/S1,0.4538139176524944,0.40546119587472246,5,complete,0.49754622300018403,0.6665371788837169,0.7990743167504755,0.8592751135272169,0.4538139176524944
MaxViT,2D,SCS,train,ser,0.005991901350839731,0.0028843052707921545,L1/L2,0.0031635661955771,L4/L5,0.01068581323942116,0.0075222470438440605,5,complete,0.0031635661955771,0.00572111025799746,0.00421993668185986,0.01068581323942116,0.00616908037934308
MaxViT,2D,SCS,validation,accuracy,0.9178111765144695,0.04134299658003617,L5/S1,0.9600099322295961,L4/L5,0.8653218367624239,0.09468809546717216,5,complete,0.9544299939007106,0.9221625097475596,0.8871316099320573,0.8653218367624239,0.9600099322295961
MaxViT,2D,SCS,validation,precision_macro,0.6128262148359076,0.1056870321415259,L4/L5,0.7210922479880417,L5/S1,0.4780303271607619,0.24306192082727984,5,complete,0.5232716937219037,0.6747236845785973,0.6670131207302328,0.7210922479880417,0.4780303271607619
MaxViT,2D,SCS,validation,recall_macro,0.5677782689986854,0.10660798667680194,L4/L5,0.7110197053515535,L1/L2,0.4585679825978334,0.2524517227537201,5,complete,0.4585679825978334,0.5660440913432575,0.6306598434825077,0.7110197053515535,0.472599722218275
MaxViT,2D,SCS,validation,f1_macro,0.573047564090414,0.10663085609879587,L4/L5,0.7068618528642824,L5/S1,0.45399685792514805,0.25286499493913434,5,complete,0.47906078167336225,0.5859238838587514,0.639394444130526,0.7068618528642824,0.45399685792514805
MaxViT,2D,SCS,validation,oa,0.9178111765144695,0.04134299658003617,L5/S1,0.9600099322295961,L4/L5,0.8653218367624239,0.09468809546717216,5,complete,0.9544299939007106,0.9221625097475596,0.8871316099320573,0.8653218367624239,0.9600099322295961
MaxViT,2D,SCS,validation,omae,0.09074381285164304,0.04415238096238561,L5/S1,0.04701538906673854,L4/L5,0.14660861008691994,0.0995932210201814,5,complete,0.049056797086080586,0.08833989002585343,0.12269837799262273,0.14660861008691994,0.04701538906673854
MaxViT,2D,SCS,validation,qwk,0.6233701919182756,0.16215521512976666,L4/L5,0.8281019317279984,L5/S1,0.42472184013900866,0.40338009158898974,5,complete,0.5150053110857159,0.6160844762399752,0.7329374003986796,0.8281019317279984,0.42472184013900866
MaxViT,2D,SCS,validation,ser,0.00855498936611254,0.0033480688857821465,L1/L2,0.00348679098679096,L4/L5,0.01193044684934386,0.0084436558625529,5,complete,0.00348679098679096,0.01050239977341318,0.009829987924680001,0.01193044684934386,0.007025321296334699
MaxViT,2D,SCS,test,accuracy,0.9234841033771646,0.04126276862476029,L1/L2,0.9642228543019306,L4/L5,0.8743457203602645,0.08987713394166608,5,complete,0.9642228543019306,0.9319159227014568,0.8869636148834147,0.8743457203602645,0.9599724046387564
MaxViT,2D,SCS,test,precision_macro,0.6256258076977039,0.1138509161670169,L4/L5,0.7434171432853901,L5/S1,0.4815241458342558,0.2618929974511343,5,complete,0.5706125601197444,0.5925488072881391,0.7400263819609906,0.7434171432853901,0.4815241458342558
MaxViT,2D,SCS,test,recall_macro,0.5683649324267799,0.11533633144982569,L4/L5,0.7141557636771226,L1/L2,0.46123728123728114,0.2529184824398415,5,complete,0.46123728123728114,0.5223367807409822,0.6677889064563364,0.7141557636771226,0.4763059300221772
MaxViT,2D,SCS,test,f1_macro,0.5734725215274146,0.12083935599854191,L4/L5,0.7188080265186343,L5/S1,0.45168651521095055,0.26712151130768375,5,complete,0.47455257428250003,0.5410547813058748,0.681260710319113,0.7188080265186343,0.45168651521095055
MaxViT,2D,SCS,test,oa,0.9234841033771646,0.04126276862476029,L1/L2,0.9642228543019306,L4/L5,0.8743457203602645,0.08987713394166608,5,complete,0.9642228543019306,0.9319159227014568,0.8869636148834147,0.8743457203602645,0.9599724046387564
MaxViT,2D,SCS,test,omae,0.08408944422934818,0.04235285302204119,L1/L2,0.03925182107754682,L4/L5,0.13829483326829678,0.09904301219074996,5,complete,0.03925182107754682,0.07720085528351397,0.11583389863431512,0.13829483326829678,0.0498658128830682
MaxViT,2D,SCS,test,qwk,0.5962944508265188,0.2159234338057214,L4/L5,0.8348229940476581,L5/S1,0.28782930956280256,0.5469936844848555,5,complete,0.506198586752164,0.5940834097337588,0.7585379540362103,0.8348229940476581,0.28782930956280256
MaxViT,2D,SCS,test,ser,0.007573547606512784,0.004266031381874983,L3/L4,0.00279751351772982,L4/L5,0.01264055362856134,0.00984304011083152,5,complete,0.0034746753794774403,0.00911677798497076,0.00279751351772982,0.01264055362856134,0.00983821752182456
MaxViT,2D,LFN,train,accuracy,0.8562770648856638,0.09415369319785918,L1/L2,0.9713241764534454,L4/L5,0.7608974326088118,0.21042674384463356,5,complete,0.9713241764534454,0.9325098263415252,0.845182728529141,0.7608974326088118,0.7714711604953953
MaxViT,2D,LFN,train,precision_macro,0.6370472119174042,0.07202853187974496,L4/L5,0.7053196431338188,L1/L2,0.5242097085603311,0.18110993457348767,5,complete,0.5242097085603311,0.6152328286757074,0.651797481559285,0.7053196431338188,0.6886763976578785
MaxViT,2D,LFN,train,recall_macro,0.5629782775529908,0.13527993916563957,L4/L5,0.6923196225443681,L1/L2,0.3788886234644514,0.3134309990799167,5,complete,0.3788886234644514,0.4842288165830964,0.5686036867914828,0.6923196225443681,0.6908506383815551
MaxViT,2D,LFN,train,f1_macro,0.5758813052576668,0.11848328491345676,L4/L5,0.6864595219518825,L1/L2,0.4019502910368808,0.28450923091500174,5,complete,0.4019502910368808,0.5183517156621561,0.5972220764220432,0.6864595219518825,0.6754229212153713
MaxViT,2D,LFN,train,oa,0.8562770648856638,0.09415369319785918,L1/L2,0.9713241764534454,L4/L5,0.7608974326088118,0.21042674384463356,5,complete,0.9713241764534454,0.9325098263415252,0.845182728529141,0.7608974326088118,0.7714711604953953
MaxViT,2D,LFN,train,omae,0.14664862451569557,0.09685525867628811,L1/L2,0.029255114067724658,L4/L5,0.24257872968634872,0.21332361561862406,5,complete,0.029255114067724658,0.0679248513232629,0.15597595730523417,0.24257872968634872,0.23750847019590746
MaxViT,2D,LFN,train,qwk,0.549401683288882,0.1927915740878406,L5/S1,0.7363591920521629,L1/L2,0.24397072286588917,0.49238846918627377,5,complete,0.24397072286588917,0.5058655070670988,0.578376582343956,0.6824364121153029,0.7363591920521629
MaxViT,2D,LFN,train,ser,0.002925689401359368,0.003598133347004939,L2/L3,0.00043467766478816,L5/S1,0.00897963069130282,0.00854495302651466,5,complete,0.0005792905211701,0.00043467766478816,0.00115868583437518,0.00347616229516058,0.00897963069130282
MaxViT,2D,LFN,validation,accuracy,0.8327590471827759,0.11087451155190235,L1/L2,0.9702061383417316,L4/L5,0.7176454420522218,0.25256069628950983,5,complete,0.9702061383417316,0.9241731562070544,0.8090815391662849,0.7176454420522218,0.7426889601465871
MaxViT,2D,LFN,validation,precision_macro,0.5611467048420664,0.09361579360224144,L4/L5,0.6514011430623503,L1/L2,0.42360261102007585,0.22779853204227446,5,complete,0.42360261102007585,0.5366480368518698,0.5479773392068571,0.6514011430623503,0.6461043940691786
MaxViT,2D,LFN,validation,recall_macro,0.5067868818638541,0.13694946460883153,L4/L5,0.6454053438206274,L1/L2,0.3442088731841382,0.30119647063648924,5,complete,0.3442088731841382,0.40509105999322,0.4949913107005595,0.6454053438206274,0.6442378216207256
MaxViT,2D,LFN,validation,f1_macro,0.5094244696613871,0.12437600718740315,L5/S1,0.6316436596296944,L1/L2,0.3480570416851932,0.2835866179445012,5,complete,0.3480570416851932,0.4306990801413454,0.5060884785303417,0.6306340883203608,0.6316436596296944
MaxViT,2D,LFN,validation,oa,0.8327590471827759,0.11087451155190235,L1/L2,0.9702061383417316,L4/L5,0.7176454420522218,0.25256069628950983,5,complete,0.9702061383417316,0.9241731562070544,0.8090815391662849,0.7176454420522218,0.7426889601465871
MaxViT,2D,LFN,validation,omae,0.1714402198808978,0.11434083422023573,L1/L2,0.03046953733394408,L4/L5,0.2877759963353183,0.2573064590013742,5,complete,0.03046953733394408,0.0765025194686211,0.19430371049015113,0.2877759963353183,0.26814933577645444
MaxViT,2D,LFN,validation,qwk,0.44633275315249127,0.2557652483528103,L5/S1,0.7047943272784537,L1/L2,0.05625909989276506,0.6485352273856886,5,complete,0.05625909989276506,0.35194076015290754,0.49508978886902755,0.6235797895693022,0.7047943272784537
MaxViT,2D,LFN,validation,ser,0.004199267063673816,0.004214985878352252,L1/L2,0.00067567567567566,L5/S1,0.01083829592304166,0.010162620247366,5,complete,0.00067567567567566,0.00067567567567566,0.0033852496564360604,0.00542143838754004,0.01083829592304166
MaxViT,2D,LFN,test,accuracy,0.826792608935466,0.11132716654884424,L1/L2,0.9627826806398234,L4/L5,0.7124701231844089,0.2503125574554145,5,complete,0.9627826806398234,0.916753998896856,0.8139225960654531,0.7124701231844089,0.7280336458907888
MaxViT,2D,LFN,test,precision_macro,0.5594868127511049,0.0877519999812147,L4/L5,0.6338310096126304,L1/L2,0.4157747122884409,0.21805629732418952,5,complete,0.4157747122884409,0.5437097974364489,0.5827242811874261,0.6338310096126304,0.621394263230578
MaxViT,2D,LFN,test,recall_macro,0.5196014702164483,0.12733807540215772,L4/L5,0.6443075898503344,L1/L2,0.3623923444976076,0.28191524535272683,5,complete,0.3623923444976076,0.4199329137051807,0.5312577826191358,0.6443075898503344,0.6401167204099829
MaxViT,2D,LFN,test,f1_macro,0.5178391475287644,0.1094753247095387,L4/L5,0.6210956033017857,L1/L2,0.37155011816119665,0.24954548514058905,5,complete,0.37155011816119665,0.44198335819734663,0.5381956780376125,0.6210956033017857,0.6163709799458804
MaxViT,2D,LFN,test,oa,0.826792608935466,0.11132716654884424,L1/L2,0.9627826806398234,L4/L5,0.7124701231844089,0.2503125574554145,5,complete,0.9627826806398234,0.916753998896856,0.8139225960654531,0.7124701231844089,0.7280336458907888
MaxViT,2D,LFN,test,omae,0.17834620334620332,0.11562176738932972,L1/L2,0.037217319360176464,L4/L5,0.29361095789667213,0.25639363853649566,5,complete,0.037217319360176464,0.08595330023901451,0.1887847030704173,0.29361095789667213,0.28616473616473614
MaxViT,2D,LFN,test,qwk,0.4733906603094497,0.20905836508735867,L5/S1,0.6686885094923023,L1/L2,0.1600284030579741,0.5086601064343281,5,complete,0.1600284030579741,0.3743835811035294,0.5313199376596416,0.6325328702338011,0.6686885094923023
MaxViT,2D,LFN,test,ser,0.005138812281669396,0.0055044431825644795,L1/L2,0.0,L5/S1,0.01419838205552488,0.01419838205552488,5,complete,0.0,0.0027072991358705204,0.0027072991358705204,0.00608108108108106,0.01419838205552488
MaxViT,2D,RFN,train,accuracy,0.8670229903037899,0.07855863042758363,L1/L2,0.9671019428605744,L5/S1,0.7918620924689226,0.1752398503916518,5,complete,0.9671019428605744,0.930277246319459,0.8467338647488795,0.799139805121114,0.7918620924689226
MaxViT,2D,RFN,train,precision_macro,0.6968351949403767,0.052760219014553876,L4/L5,0.756203866393866,L2/L3,0.6334607927780602,0.12274307361580583,5,complete,0.6492623089644645,0.6334607927780602,0.7229798289352192,0.756203866393866,0.7222691776302734
MaxViT,2D,RFN,train,recall_macro,0.5466770964818359,0.13535652461243294,L4/L5,0.7036913581248788,L2/L3,0.40855746998956227,0.29513388813531655,5,complete,0.4167053135300205,0.40855746998956227,0.545236223678008,0.7036913581248788,0.6591951170867102
MaxViT,2D,RFN,train,f1_macro,0.5745522847606273,0.12538700167920858,L4/L5,0.7168535986265154,L2/L3,0.44156197854913304,0.2752916200773824,5,complete,0.45469783817217546,0.44156197854913304,0.5825138521801594,0.7168535986265154,0.6771341562751527
MaxViT,2D,RFN,train,oa,0.8670229903037899,0.07855863042758363,L1/L2,0.9671019428605744,L5/S1,0.7918620924689226,0.1752398503916518,5,complete,0.9671019428605744,0.930277246319459,0.8467338647488795,0.799139805121114,0.7918620924689226
MaxViT,2D,RFN,train,omae,0.1363829781084614,0.0807392445211243,L1/L2,0.03566338991637264,L5/S1,0.21774585551307374,0.1820824655967011,5,complete,0.03566338991637264,0.07001376894163945,0.15443051388219492,0.20406136228902616,0.21774585551307374
MaxViT,2D,RFN,train,qwk,0.5357617199000648,0.18138534985930677,L5/S1,0.7137074660777893,L2/L3,0.3270933948571226,0.38661407122066677,5,complete,0.37057106603875994,0.3270933948571226,0.5633035913104589,0.704133081216193,0.7137074660777893
MaxViT,2D,RFN,train,ser,0.0034059684122513477,0.003662122537961303,L2/L3,0.00029101526109858003,L5/S1,0.00960794798199644,0.009316932720897859,5,complete,0.0027653327769471,0.00029101526109858003,0.00116437863107436,0.00320116741014026,0.00960794798199644
MaxViT,2D,RFN,validation,accuracy,0.8345163866737717,0.10279647353033831,L1/L2,0.9593676866073961,L5/S1,0.7311965684120648,0.2281711181953313,5,complete,0.9593676866073961,0.9167059778560989,0.8266528306237749,0.7386588698695237,0.7311965684120648
MaxViT,2D,RFN,validation,precision_macro,0.5915689647916048,0.08409468515421097,L4/L5,0.6791051751288276,L1/L2,0.4546219332868973,0.2244832418419303,5,complete,0.4546219332868973,0.6323301002977567,0.5866280635124115,0.6791051751288276,0.6051595517321312
MaxViT,2D,RFN,validation,recall_macro,0.5219863411881187,0.10567912198004754,L4/L5,0.6652279158408685,L2/L3,0.41260712962185264,0.25262078621901585,5,complete,0.43007420778178895,0.41260712962185264,0.5189361700453526,0.6652279158408685,0.5830862826507311
MaxViT,2D,RFN,validation,f1_macro,0.5304670401426345,0.10143489455987041,L4/L5,0.6657847335038926,L1/L2,0.41806203091672184,0.24772270258717072,5,complete,0.41806203091672184,0.44504128946710253,0.5398273810588942,0.6657847335038926,0.5836197657665607
MaxViT,2D,RFN,validation,oa,0.8345163866737717,0.10279647353033831,L1/L2,0.9593676866073961,L5/S1,0.7311965684120648,0.2281711181953313,5,complete,0.9593676866073961,0.9167059778560989,0.8266528306237749,0.7386588698695237,0.7311965684120648
MaxViT,2D,RFN,validation,omae,0.17035719739109564,0.10568079933565284,L1/L2,0.045378107266727086,L5/S1,0.2823375900978806,0.23695948283115353,5,complete,0.045378107266727086,0.08397198824559594,0.17469852072757636,0.26539978061769826,0.2823375900978806
MaxViT,2D,RFN,validation,qwk,0.4959012891264261,0.15847715313886632,L5/S1,0.6422171311130004,L1/L2,0.3123444895031279,0.3298726416098725,5,complete,0.3123444895031279,0.34449095255563933,0.5420664620825593,0.6383874103778038,0.6422171311130004
MaxViT,2D,RFN,validation,ser,0.004873584064867321,0.005140411709401808,L2/L3,0.0006779661016949,L5/S1,0.013534158509945382,0.012856192408250483,5,complete,0.004745793874123121,0.0006779661016949,0.00135135135135134,0.00405865048722186,0.013534158509945382
MaxViT,2D,RFN,test,accuracy,0.8330125022982167,0.09730979073531595,L1/L2,0.9600983636697922,L4/L5,0.7428801250229821,0.2172182386468101,5,complete,0.9600983636697922,0.9086642765214193,0.8044493473064902,0.7428801250229821,0.7489703989703991
MaxViT,2D,RFN,test,precision_macro,0.627006300291447,0.08866728525947476,L3/L4,0.7213133257332096,L2/L3,0.5146815611078708,0.20663176462533883,5,complete,0.5657294173610972,0.5146815611078708,0.7213133257332096,0.7056293276678447,0.6276778695872128
MaxViT,2D,RFN,test,recall_macro,0.509689120134345,0.12063976681939484,L4/L5,0.6470003940610718,L1/L2,0.37448567133349736,0.27251472272757443,5,complete,0.37448567133349736,0.3941880097715581,0.5407739512737,0.6470003940610718,0.5919975742318976
MaxViT,2D,RFN,test,f1_macro,0.5297560040706447,0.11798500314290561,L4/L5,0.6599504141275069,L1/L2,0.3963164953741001,0.2636339187534068,5,complete,0.3963164953741001,0.41318862194823563,0.5807267218804797,0.6599504141275069,0.5985977670229009
MaxViT,2D,RFN,test,oa,0.8330125022982167,0.09730979073531595,L1/L2,0.9600983636697922,L4/L5,0.7428801250229821,0.2172182386468101,5,complete,0.9600983636697922,0.9086642765214193,0.8044493473064902,0.7428801250229821,0.7489703989703991
MaxViT,2D,RFN,test,omae,0.17280933995219705,0.0998972776471653,L1/L2,0.04599191027762452,L5/S1,0.265922044493473,0.2199301342158485,5,complete,0.04599191027762452,0.09133572347858059,0.19962309248023527,0.26117392903107184,0.265922044493473
MaxViT,2D,RFN,test,qwk,0.4770165525222736,0.17289633967755957,L4/L5,0.6461425194803396,L1/L2,0.2483191945607964,0.3978233249195432,5,complete,0.2483191945607964,0.35245091594957084,0.5134223203284557,0.6461425194803396,0.6247478122922053
MaxViT,2D,RFN,test,ser,0.00582184225041364,0.005532341123462028,L2/L3,0.0,L5/S1,0.014892443463872002,0.014892443463872002,5,complete,0.00609027394741674,0.0,0.00407243978672546,0.004054054054054,0.014892443463872002
MaxViT,2D,LSS,train,accuracy,0.8450252826600877,0.07435989386700256,L1/L2,0.9405044089573602,L4/L5,0.7363729684429077,0.20413144051445253,5,complete,0.9405044089573602,0.8765758202982734,0.8398169597838564,0.7363729684429077,0.8318562558180405
MaxViT,2D,LSS,train,precision_macro,0.7563595096082646,0.06396882959236237,L5/S1,0.8050769360313635,L1/L2,0.653476900159929,0.15160003587143456,5,complete,0.653476900159929,0.7836739509425438,0.8037205976510926,0.7358491632563942,0.8050769360313635
MaxViT,2D,LSS,train,recall_macro,0.6230985864465335,0.13427364676374642,L4/L5,0.7498729392129134,L1/L2,0.42288739610867615,0.3269855431042373,5,complete,0.42288739610867615,0.563650681972164,0.731956526099476,0.7498729392129134,0.6471253888394375
MaxViT,2D,LSS,train,f1_macro,0.645100966042832,0.12165664855292581,L3/L4,0.7491481675340835,L1/L2,0.449909690698863,0.29923847683522053,5,complete,0.449909690698863,0.6081031958401215,0.7491481675340835,0.7278387750769387,0.6905050010641527
MaxViT,2D,LSS,train,oa,0.8450252826600877,0.07435989386700256,L1/L2,0.9405044089573602,L4/L5,0.7363729684429077,0.20413144051445253,5,complete,0.9405044089573602,0.8765758202982734,0.8398169597838564,0.7363729684429077,0.8318562558180405
MaxViT,2D,LSS,train,omae,0.1597445666910792,0.07340539465581497,L1/L2,0.06601110981411351,L4/L5,0.2680841488611259,0.2020730390470124,5,complete,0.06601110981411351,0.1305761342404923,0.1609778277063733,0.2680841488611259,0.17307361283329098
MaxViT,2D,LSS,train,qwk,0.6632207172667529,0.17818427689695798,L3/L4,0.8032130610348613,L1/L2,0.367676219614668,0.43553684142019333,5,complete,0.367676219614668,0.6337726904733031,0.8032130610348613,0.7879265525874394,0.7235150626234927
MaxViT,2D,LSS,train,ser,0.004769849351166864,0.0024822525635895295,L3/L4,0.00079478749022968,L2/L3,0.0071519545387658204,0.006357167048536141,5,complete,0.00651551877147374,0.0071519545387658204,0.00079478749022968,0.0044571173040335605,0.0049298686513315195
MaxViT,2D,LSS,validation,accuracy,0.8195994649677705,0.09401967895917418,L1/L2,0.941702632960315,L4/L5,0.6917290585069338,0.2499735744533812,5,complete,0.941702632960315,0.8730313124101535,0.8031107239425939,0.6917290585069338,0.788423597018856
MaxViT,2D,LSS,validation,precision_macro,0.6604432163547058,0.14221704031108,L2/L3,0.7843982723304153,L1/L2,0.4154698613515427,0.3689284109788726,5,complete,0.4154698613515427,0.7843982723304153,0.721294061603018,0.693082235924169,0.6879716505643836
MaxViT,2D,LSS,validation,recall_macro,0.5817191994228038,0.12737134096431801,L4/L5,0.707489105099416,L1/L2,0.3817877774399513,0.3257013276594647,5,complete,0.3817877774399513,0.5595843455979583,0.6744585502173679,0.707489105099416,0.585276218759325
MaxViT,2D,LSS,validation,f1_macro,0.5943326907395621,0.12220645379067364,L4/L5,0.6842427109704277,L1/L2,0.38613952796714346,0.2981031830032842,5,complete,0.38613952796714346,0.6118957640293198,0.68295979287034,0.6842427109704277,0.6064256578605798
MaxViT,2D,LSS,validation,oa,0.8195994649677705,0.09401967895917418,L1/L2,0.941702632960315,L4/L5,0.6917290585069338,0.2499735744533812,5,complete,0.941702632960315,0.8730313124101535,0.8031107239425939,0.6917290585069338,0.788423597018856
MaxViT,2D,LSS,validation,omae,0.18999298844426143,0.09498921928332489,L1/L2,0.06790298310930439,L4/L5,0.3208066353215607,0.2529036522122563,5,complete,0.06790298310930439,0.1373068829521858,0.19910074617932383,0.3208066353215607,0.22484769465893253
MaxViT,2D,LSS,validation,qwk,0.5913485950998687,0.19325367302826713,L3/L4,0.7453921877942813,L1/L2,0.2697670260330066,0.4756251617612747,5,complete,0.2697670260330066,0.5977057577006832,0.7453921877942813,0.7398129795528732,0.604065024418499
MaxViT,2D,LSS,validation,ser,0.009592453412031944,0.004394079362495628,L3/L4,0.00221147012191786,L5/S1,0.01327129167778856,0.011059821555870701,5,complete,0.00960561606961954,0.0103381953623393,0.00221147012191786,0.01253569382849446,0.01327129167778856
MaxViT,2D,LSS,test,accuracy,0.8170274671576628,0.08973524732223644,L1/L2,0.9385285259169545,L4/L5,0.7023073009774953,0.23622122493945918,5,complete,0.9385285259169545,0.8681204223611798,0.7872988868115235,0.7023073009774953,0.7888821997211609
MaxViT,2D,LSS,test,precision_macro,0.698346763803898,0.005927320388512244,L5/S1,0.7060743227147366,L2/L3,0.6919053462220716,0.01416897649266502,5,complete,0.7029583351199198,0.6919053462220716,0.6959755680841148,0.694820246878648,0.7060743227147366
MaxViT,2D,LSS,test,recall_macro,0.5868869976999775,0.10924621366260934,L4/L5,0.7081917166139688,L1/L2,0.4267320182175869,0.28145969839638196,5,complete,0.4267320182175869,0.5496218111591712,0.6642449359004339,0.7081917166139688,0.5856445066087266
MaxViT,2D,LSS,test,f1_macro,0.6028152458564573,0.08927237579625705,L4/L5,0.6889321541287725,L1/L2,0.4604429057213698,0.2284892484074027,5,complete,0.4604429057213698,0.5843825442136852,0.6632168500122861,0.6889321541287725,0.6171017752061726
MaxViT,2D,LSS,test,oa,0.8170274671576628,0.08973524732223644,L1/L2,0.9385285259169545,L4/L5,0.7023073009774953,0.23622122493945918,5,complete,0.9385285259169545,0.8681204223611798,0.7872988868115235,0.7023073009774953,0.7888821997211609
MaxViT,2D,LSS,test,omae,0.19201584952472645,0.09168328566318981,L1/L2,0.06889596060242853,L4/L5,0.31102763054722943,0.2421316699448009,5,complete,0.06889596060242853,0.14003933817761008,0.21640518640309764,0.31102763054722943,0.22371113189326652
MaxViT,2D,LSS,test,qwk,0.5976432426981082,0.18780834968803822,L4/L5,0.7561935168747634,L1/L2,0.284247807848646,0.47194570902611743,5,complete,0.284247807848646,0.5871606922566599,0.7247846596165833,0.7561935168747634,0.6358295368938885
MaxViT,2D,LSS,test,ser,0.009043316682389273,0.0039664016228914455,L3/L4,0.0037040732146211204,L4/L5,0.01333493152472472,0.0096308583101036,5,complete,0.0074244865193831,0.008159760538789959,0.0037040732146211204,0.01333493152472472,0.012593331614427461
MaxViT,2D,RSS,train,accuracy,0.8625524762423702,0.06180081684496511,L1/L2,0.9433378554723871,L4/L5,0.7854309555966301,0.157906899875757,5,complete,0.9433378554723871,0.9036597291663302,0.8476276493727113,0.7854309555966301,0.8327061916037921
MaxViT,2D,RSS,train,precision_macro,0.7734181156254138,0.07315084615939332,L2/L3,0.8584340685409408,L1/L2,0.6626802921658569,0.19575377637508395,5,complete,0.6626802921658569,0.8584340685409408,0.8153263845738781,0.7689515283224393,0.7616983045239538
MaxViT,2D,RSS,train,recall_macro,0.6579609944290354,0.13052340294792117,L4/L5,0.7780440290463778,L1/L2,0.4470947663911712,0.33094926265520663,5,complete,0.4470947663911712,0.6505113160985182,0.7538780034054207,0.7780440290463778,0.6602768572036891
MaxViT,2D,RSS,train,f1_macro,0.6891449060199131,0.1177894046368472,L3/L4,0.7765399483358213,L1/L2,0.4883505227369917,0.2881894255988296,5,complete,0.4883505227369917,0.7189420933498252,0.7765399483358213,0.7706861714407398,0.6912057942361872
MaxViT,2D,RSS,train,oa,0.8625524762423702,0.06180081684496511,L1/L2,0.9433378554723871,L4/L5,0.7854309555966301,0.157906899875757,5,complete,0.9433378554723871,0.9036597291663302,0.8476276493727113,0.7854309555966301,0.8327061916037921
MaxViT,2D,RSS,train,omae,0.14211297215229718,0.06318660900018187,L1/L2,0.060310937944255336,L4/L5,0.21932870158512102,0.15901776364086567,5,complete,0.060310937944255336,0.09856338299730186,0.1547517962824815,0.21932870158512102,0.17761004195232624
MaxViT,2D,RSS,train,qwk,0.7164282277372577,0.12852224347098554,L4/L5,0.8237782441809898,L1/L2,0.5024259177418692,0.3213523264391206,5,complete,0.5024259177418692,0.7218506515169297,0.8094560592866259,0.8237782441809898,0.7246302659598741
MaxViT,2D,RSS,train,ser,0.004665448394667312,0.0033228244902152333,L2/L3,0.0022231121636319,L5/S1,0.01031623355611842,0.00809312139248652,5,complete,0.0036487934166424194,0.0022231121636319,0.0023794456551926605,0.00475965718175116,0.01031623355611842
MaxViT,2D,RSS,validation,accuracy,0.8185093127821839,0.09670633804466744,L1/L2,0.9480330553182744,L4/L5,0.7024104661562388,0.2456225891620356,5,complete,0.9480330553182744,0.8791322757283819,0.8006743758578828,0.7024104661562388,0.7622963908501416
MaxViT,2D,RSS,validation,precision_macro,0.67375607436281,0.07173164407434689,L3/L4,0.7458016343933608,L1/L2,0.5609182573662543,0.18488337702710644,5,complete,0.5609182573662543,0.7194922052436536,0.7458016343933608,0.6879389380523316,0.6546293367584499
MaxViT,2D,RSS,validation,recall_macro,0.5823013102815822,0.11107547579327637,L4/L5,0.6933480351263017,L1/L2,0.42829820452771267,0.26504983059858905,5,complete,0.42829820452771267,0.547926127500536,0.6885354835816303,0.6933480351263017,0.5533987006717298
MaxViT,2D,RSS,validation,f1_macro,0.6034962394950736,0.10032760131413393,L3/L4,0.7064897300251338,L1/L2,0.4549613757669251,0.25152835425820874,5,complete,0.4549613757669251,0.5927700479305413,0.7064897300251338,0.685917105514433,0.5773429382383345
MaxViT,2D,RSS,validation,oa,0.8185093127821839,0.09670633804466744,L1/L2,0.9480330553182744,L4/L5,0.7024104661562388,0.2456225891620356,5,complete,0.9480330553182744,0.8791322757283819,0.8006743758578828,0.7024104661562388,0.7622963908501416
MaxViT,2D,RSS,validation,omae,0.19024392492075246,0.10269984001274501,L1/L2,0.055663365131611096,L4/L5,0.314635632963772,0.25897226783216093,5,complete,0.055663365131611096,0.12458069764431653,0.20156755768775197,0.314635632963772,0.25477237117631074
MaxViT,2D,RSS,validation,qwk,0.6347513420269324,0.10699299470932613,L3/L4,0.7449929369268722,L1/L2,0.48093724370198887,0.2640556932248833,5,complete,0.48093724370198887,0.615310738614582,0.7449929369268722,0.7279618446717229,0.6045539462194964
MaxViT,2D,RSS,validation,ser,0.008753237702936376,0.007604147590889139,L3/L4,0.0022419335456347602,L5/S1,0.017068762026452258,0.014826828480817497,5,complete,0.00369642044988552,0.00371297337269852,0.0022419335456347602,0.01704609912001082,0.017068762026452258
MaxViT,2D,RSS,test,accuracy,0.8099852445558031,0.09356918532317236,L1/L2,0.9283412070072069,L4/L5,0.6968027512745402,0.23153845573266674,5,complete,0.9283412070072069,0.8751254780652118,0.802096513073228,0.6968027512745402,0.7475602733588294
MaxViT,2D,RSS,test,precision_macro,0.6678808285271893,0.08187114307094147,L2/L3,0.7621756995856378,L1/L2,0.5715196861197394,0.19065601346589844,5,complete,0.5715196861197394,0.7621756995856378,0.728748919326931,0.6784848705828657,0.598474967020773
MaxViT,2D,RSS,test,recall_macro,0.5677547934497691,0.12107081894068407,L4/L5,0.6869610230667219,L1/L2,0.3948425259055536,0.29211849716116833,5,complete,0.3948425259055536,0.5325482927324147,0.6805176433197204,0.6869610230667219,0.5439044822244347
MaxViT,2D,RSS,test,f1_macro,0.5852688298708714,0.11173607561200395,L3/L4,0.6962526380383175,L1/L2,0.4203101864653897,0.2759424515729278,5,complete,0.4203101864653897,0.5851535021427282,0.6962526380383175,0.6792024623093437,0.5454253603985773
MaxViT,2D,RSS,test,oa,0.8099852445558031,0.09356918532317236,L1/L2,0.9283412070072069,L4/L5,0.6968027512745402,0.23153845573266674,5,complete,0.9283412070072069,0.8751254780652118,0.802096513073228,0.6968027512745402,0.7475602733588294
MaxViT,2D,RSS,test,omae,0.1992181964124218,0.09646464818642533,L1/L2,0.07966243360360536,L4/L5,0.31418502924803915,0.23452259564443378,5,complete,0.07966243360360536,0.12928452012944996,0.20451677260885406,0.31418502924803915,0.26844222647216043
MaxViT,2D,RSS,test,qwk,0.5982504374821028,0.1781163759015316,L4/L5,0.7447746081010265,L1/L2,0.30875060476571414,0.4360240033353123,5,complete,0.30875060476571414,0.6376452169902714,0.7357900463159066,0.7447746081010265,0.5642917112375956
MaxViT,2D,RSS,test,ser,0.009203440968225113,0.004487108979955265,L2/L3,0.00440999819466186,L5/S1,0.01600249983098986,0.011592501636328,5,complete,0.00800364061081232,0.00440999819466186,0.006613285682082181,0.01098778052257934,0.01600249983098986
ViT,2.5D-to-3D,SCS,train,accuracy,0.8813695947207577,0.08579826252239885,L5/S1,0.9664479836089559,L4/L5,0.7666275511452796,0.1998204324636763,5,complete,0.9571153465584572,0.8918106296187489,0.8248464626723472,0.7666275511452796,0.9664479836089559
ViT,2.5D-to-3D,SCS,train,precision_macro,0.4015478859482746,0.09348725282989025,L4/L5,0.5072575408715674,L1/L2,0.3190384488528191,0.18821909201874826,5,complete,0.3190384488528191,0.36221609262039606,0.4970780195269384,0.5072575408715674,0.3221493278696519
ViT,2.5D-to-3D,SCS,train,recall_macro,0.36422549758173434,0.04774393901937956,L4/L5,0.4427856855471678,L1/L2,0.3333333333333333,0.10945235221383448,5,complete,0.3333333333333333,0.3346613386643854,0.3770137970304517,0.4427856855471678,0.3333333333333333
ViT,2.5D-to-3D,SCS,train,f1_macro,0.3569235306797355,0.048698522151897974,L4/L5,0.43298338463036146,L2/L3,0.3192878122347171,0.11369557239564437,5,complete,0.3260291822845158,0.3192878122347171,0.3786716332590925,0.43298338463036146,0.32764564098999027
ViT,2.5D-to-3D,SCS,train,oa,0.8813695947207577,0.08579826252239885,L5/S1,0.9664479836089559,L4/L5,0.7666275511452796,0.1998204324636763,5,complete,0.9571153465584572,0.8918106296187489,0.8248464626723472,0.7666275511452796,0.9664479836089559
ViT,2.5D-to-3D,SCS,train,omae,0.16097126356921174,0.1267079446389315,L5/S1,0.04333126576967708,L4/L5,0.34411132159478725,0.30078005582511014,5,complete,0.0531150338644239,0.13572643279255853,0.22857226382461207,0.34411132159478725,0.04333126576967708
ViT,2.5D-to-3D,SCS,train,qwk,0.10302465480068013,0.15661116239919223,L4/L5,0.3557285802036271,L1/L2,0.0,0.3557285802036271,5,complete,0.0,0.0024559549631439997,0.15693873883662954,0.3557285802036271,0.0
ViT,2.5D-to-3D,SCS,train,ser,0.0423408582899695,0.042164858237909,L5/S1,0.009779249378632799,L4/L5,0.11073887274006675,0.10095962336143395,5,complete,0.01023038042288126,0.027537062411307323,0.05341872649695937,0.11073887274006675,0.009779249378632799
ViT,2.5D-to-3D,SCS,validation,accuracy,0.8765377998230791,0.07701028136227565,L5/S1,0.9579094733049323,L4/L5,0.7748770956048604,0.18303237770007186,5,complete,0.9396604225912173,0.8856518235333738,0.8245901840810118,0.7748770956048604,0.9579094733049323
ViT,2.5D-to-3D,SCS,validation,precision_macro,0.40278127427723065,0.12012578255072386,L4/L5,0.5862297976093362,L1/L2,0.31322014086373906,0.2730096567455972,5,complete,0.31322014086373906,0.33040713266010924,0.46474614248465834,0.5862297976093362,0.31930315776831075
ViT,2.5D-to-3D,SCS,validation,recall_macro,0.3679279226795317,0.0523515079154936,L4/L5,0.45300076026571545,L1/L2,0.3333333333333333,0.11966742693238214,5,complete,0.3333333333333333,0.33543393146277095,0.3845382550025055,0.45300076026571545,0.3333333333333333
ViT,2.5D-to-3D,SCS,validation,f1_macro,0.3590748001112364,0.053267996376837566,L4/L5,0.4417331035394989,L2/L3,0.3203492798402979,0.12138382369920103,5,complete,0.32295795495575563,0.3203492798402979,0.38417446595623284,0.4417331035394989,0.3261591962643968
ViT,2.5D-to-3D,SCS,validation,oa,0.8765377998230791,0.07701028136227565,L5/S1,0.9579094733049323,L4/L5,0.7748770956048604,0.18303237770007186,5,complete,0.9396604225912173,0.8856518235333738,0.8245901840810118,0.7748770956048604,0.9579094733049323
ViT,2.5D-to-3D,SCS,validation,omae,0.16723883739747208,0.11528126259353114,L5/S1,0.05261997121866676,L4/L5,0.3317263668007973,0.2791063955821306,5,complete,0.07366627547910908,0.14875093992500574,0.2294306335637814,0.3317263668007973,0.05261997121866676
ViT,2.5D-to-3D,SCS,validation,qwk,0.117542432186686,0.17024027822769772,L4/L5,0.3926519189459265,L1/L2,0.0,0.3926519189459265,5,complete,0.0,0.0206914988953762,0.17436874309212733,0.3926519189459265,0.0
ViT,2.5D-to-3D,SCS,validation,ser,0.043776637220551154,0.03928293943047718,L5/S1,0.01052944452359902,L4/L5,0.10660346240565768,0.09607401788205866,5,complete,0.013326698070326298,0.034402763458379546,0.05402081764479324,0.10660346240565768,0.01052944452359902
ViT,2.5D-to-3D,SCS,test,accuracy,0.8813274066007137,0.08829591417494184,L5/S1,0.9599724046387564,L4/L5,0.7625556195256658,0.1974167851130907,5,complete,0.9586153336069316,0.9087305410883628,0.8167631341438522,0.7625556195256658,0.9599724046387564
ViT,2.5D-to-3D,SCS,test,precision_macro,0.37197497440712307,0.08029355084079953,L4/L5,0.4765269860621893,L2/L3,0.3033340271233239,0.17319295893886538,5,complete,0.31953844453564384,0.3033340271233239,0.44048461276820616,0.4765269860621893,0.3199908015462521
ViT,2.5D-to-3D,SCS,test,recall_macro,0.3582869834960811,0.04175154350722112,L4/L5,0.42942403426328485,L2/L3,0.3328133552271483,0.09661067903613657,5,complete,0.3333333333333333,0.3328133552271483,0.36253086132330586,0.42942403426328485,0.3333333333333333
ViT,2.5D-to-3D,SCS,test,f1_macro,0.3491368234197854,0.042135825170006684,L4/L5,0.4199796937297968,L2/L3,0.3173818429866223,0.10259785074317451,5,complete,0.3262825881716124,0.3173818429866223,0.3555206539332397,0.4199796937297968,0.3265193382776556
ViT,2.5D-to-3D,SCS,test,oa,0.8813274066007137,0.08829591417494184,L5/S1,0.9599724046387564,L4/L5,0.7625556195256658,0.1974167851130907,5,complete,0.9586153336069316,0.9087305410883628,0.8167631341438522,0.7625556195256658,0.9599724046387564
ViT,2.5D-to-3D,SCS,test,omae,0.16164608527575025,0.1316290454125038,L5/S1,0.05055785440555956,L4/L5,0.3582710556529991,0.30771320124743956,5,complete,0.053995872593865256,0.11582674063070171,0.2295789030956255,0.3582710556529991,0.05055785440555956
ViT,2.5D-to-3D,SCS,test,qwk,0.09216709103114853,0.14329024748647123,L4/L5,0.3250359730033559,L2/L3,-0.0018609571069179002,0.3268969301102738,5,complete,0.0,-0.0018609571069179002,0.13766043925930466,0.3250359730033559,0.0
ViT,2.5D-to-3D,SCS,test,ser,0.042973491876463946,0.045787699747754484,L5/S1,0.0105302590443159,L4/L5,0.12082667517866483,0.11029641613434893,5,complete,0.01261120620079686,0.02455728171906446,0.046342037239477676,0.12082667517866483,0.0105302590443159
ViT,2.5D-to-3D,LFN,train,accuracy,0.7801890410646422,0.1591750395359314,L1/L2,0.9679938855821939,L4/L5,0.6140500172990387,0.35394386828315516,5,complete,0.9679938855821939,0.9094850218694143,0.7766864515547409,0.6140500172990387,0.6327298290178226
ViT,2.5D-to-3D,LFN,train,precision_macro,0.2755051820497426,0.03971259804424181,L1/L2,0.322664628527398,L4/L5,0.22042513407354508,0.10223949445385294,5,complete,0.322664628527398,0.3031616739564714,0.2588954838515803,0.22042513407354508,0.2723789898397184
ViT,2.5D-to-3D,LFN,train,recall_macro,0.3336699834181398,0.0010049192630284638,L5/S1,0.3354377830192613,L4/L5,0.33291213407143777,0.0025256489478235333,5,complete,0.3333333333333333,0.3333333333333333,0.3333333333333333,0.33291213407143777,0.3354377830192613
ViT,2.5D-to-3D,LFN,train,f1_macro,0.2912918209534623,0.031897415789492505,L1/L2,0.3279119422512559,L4/L5,0.2545124207501259,0.07339952150113,5,complete,0.3279119422512559,0.31753197637656083,0.2914303651367851,0.2545124207501259,0.2650724002525836
ViT,2.5D-to-3D,LFN,train,oa,0.7801890410646422,0.1591750395359314,L1/L2,0.9679938855821939,L4/L5,0.6140500172990387,0.35394386828315516,5,complete,0.9679938855821939,0.9094850218694143,0.7766864515547409,0.6140500172990387,0.6327298290178226
ViT,2.5D-to-3D,LFN,train,omae,0.2598110301635671,0.20118726030409,L1/L2,0.033164590516238754,L5/S1,0.47081834636376724,0.43765375584752847,5,complete,0.033164590516238754,0.09572848772533682,0.24257485238105497,0.4567688738314378,0.47081834636376724
ViT,2.5D-to-3D,LFN,train,qwk,0.0010241910900281519,0.0019828387840196307,L5/S1,0.0045428176501276195,L1/L2,0.0,0.0045428176501276195,5,complete,0.0,0.0,0.0,0.00057813780001314,0.0045428176501276195
ViT,2.5D-to-3D,LFN,train,ser,0.040000071228209234,0.04510274950867751,L1/L2,0.00115847609843274,L5/S1,0.10354817538158989,0.10238969928315715,5,complete,0.00115847609843274,0.00521350959475108,0.01926130393579592,0.07081889113047654,0.10354817538158989
ViT,2.5D-to-3D,LFN,validation,accuracy,0.7729147961520842,0.16491051812610394,L1/L2,0.9695281722400366,L4/L5,0.5924095281722401,0.3771186440677965,5,complete,0.9695281722400366,0.9119812185066423,0.7508428767750802,0.5924095281722401,0.6398121850664222
ViT,2.5D-to-3D,LFN,validation,precision_macro,0.2855483659494474,0.02938394792325984,L1/L2,0.32317605741334554,L3/L4,0.25028095892502666,0.07289509848831888,5,complete,0.32317605741334554,0.30399373950221403,0.25028095892502666,0.2642514350777072,0.28603963882894334
ViT,2.5D-to-3D,LFN,validation,recall_macro,0.3343137536207692,0.0015981195544878487,L5/S1,0.33701050902345464,L1/L2,0.3333333333333333,0.003677175690121326,5,complete,0.3333333333333333,0.3333333333333333,0.3333333333333333,0.3345582590803914,0.33701050902345464
ViT,2.5D-to-3D,LFN,validation,f1_macro,0.2907222325694452,0.03211730341821525,L1/L2,0.328168486356121,L4/L5,0.2516576982946928,0.07651078806142819,5,complete,0.328168486356121,0.3179837829149359,0.28583294227966927,0.2516576982946928,0.26996825300180693
ViT,2.5D-to-3D,LFN,validation,oa,0.7729147961520842,0.16491051812610394,L1/L2,0.9695281722400366,L4/L5,0.5924095281722401,0.3771186440677965,5,complete,0.9695281722400366,0.9119812185066423,0.7508428767750802,0.5924095281722401,0.6398121850664222
ViT,2.5D-to-3D,LFN,validation,omae,0.2672995877233165,0.20709261618510255,L1/L2,0.031147503435639,L4/L5,0.4752863032524049,0.4441387998167659,5,complete,0.031147503435639,0.09140403114979383,0.26743930371049013,0.4752863032524049,0.4712207970682547
ViT,2.5D-to-3D,LFN,validation,qwk,0.0018618900694728358,0.0025500679392983895,L5/S1,0.00473096902306822,L1/L2,0.0,0.00473096902306822,5,complete,0.0,0.0,0.0,0.00457848132429596,0.00473096902306822
ViT,2.5D-to-3D,LFN,validation,ser,0.040214383875400786,0.04788324325315967,L1/L2,0.00067567567567566,L5/S1,0.11103298213467702,0.11035730645900137,5,complete,0.00067567567567566,0.0033852496564360595,0.018282180485570263,0.06769583142464494,0.11103298213467702
ViT,2.5D-to-3D,LFN,test,accuracy,0.7710507446221732,0.15961818064074174,L1/L2,0.9600799779371207,L4/L5,0.60352546423975,0.3565545136973708,5,complete,0.9600799779371207,0.8984923699209414,0.7699990807133663,0.60352546423975,0.6231568302996875
ViT,2.5D-to-3D,LFN,test,precision_macro,0.2866286129515891,0.05429365217661874,L5/S1,0.3473221686738918,L4/L5,0.20963041989357775,0.13769174878031407,5,complete,0.32002665931237356,0.29949745664031374,0.2566663602377887,0.20963041989357775,0.3473221686738918
ViT,2.5D-to-3D,LFN,test,recall_macro,0.3336431688599129,0.0018267655223177348,L5/S1,0.33662071976326347,L4/L5,0.331595124536301,0.005025595226962443,5,complete,0.3333333333333333,0.3333333333333333,0.3333333333333333,0.331595124536301,0.33662071976326347
ViT,2.5D-to-3D,LFN,test,f1_macro,0.29011999944481326,0.03149975985526522,L1/L2,0.32654391723115606,L4/L5,0.2523409343314837,0.07420298289967237,5,complete,0.32654391723115606,0.31550061194967605,0.2899856707129892,0.2523409343314837,0.26622886299876136
ViT,2.5D-to-3D,LFN,test,oa,0.7710507446221732,0.15961818064074174,L1/L2,0.9600799779371207,L4/L5,0.60352546423975,0.3565545136973708,5,complete,0.9600799779371207,0.8984923699209414,0.7699990807133663,0.60352546423975,0.6231568302996875
ViT,2.5D-to-3D,LFN,test,omae,0.26859808788380213,0.19890488817423363,L1/L2,0.04059569773855484,L5/S1,0.4695256480970766,0.42892995035852177,5,complete,0.04059569773855484,0.10759790402647543,0.25706931421217133,0.4682018753447325,0.4695256480970766
ViT,2.5D-to-3D,LFN,test,qwk,0.0017725140609791319,0.0053785533245151165,L5/S1,0.01121920816821064,L4/L5,-0.00235663786331498,0.01357584603152562,5,complete,0.0,0.0,0.0,-0.00235663786331498,0.01121920816821064
ViT,2.5D-to-3D,LFN,test,ser,0.039648832505975326,0.04075827961414106,L1/L2,0.00067567567567566,L5/S1,0.09268247839676405,0.0920068027210884,5,complete,0.00067567567567566,0.00609027394741674,0.027068394925537743,0.07172733958448244,0.09268247839676405
ViT,2.5D-to-3D,RFN,train,accuracy,0.7843947463233085,0.1534342783856537,L1/L2,0.9622978100762362,L4/L5,0.6197947292929635,0.34250308078327263,5,complete,0.9622978100762362,0.915573410334309,0.7745250428453303,0.6197947292929635,0.6497827390677042
ViT,2.5D-to-3D,RFN,train,precision_macro,0.3395476045216247,0.04340548489838864,L3/L4,0.40016585070752325,L5/S1,0.30120962239998705,0.0989562283075362,5,complete,0.32095377437917827,0.3057728481651007,0.40016585070752325,0.36963592695633446,0.30120962239998705
ViT,2.5D-to-3D,RFN,train,recall_macro,0.3368264197430527,0.004905658460880951,L4/L5,0.3445472181301338,L2/L3,0.3326509186351706,0.01189629949496318,5,complete,0.3331325301204819,0.3326509186351706,0.33856813039791045,0.3445472181301338,0.3352333014315668
ViT,2.5D-to-3D,RFN,train,f1_macro,0.30133206321604733,0.023305528805370398,L1/L2,0.32692751669898074,L5/S1,0.26897925809470286,0.05794825860427788,5,complete,0.32692751669898074,0.3186406975908715,0.3036559562336401,0.2884568874620417,0.26897925809470286
ViT,2.5D-to-3D,RFN,train,oa,0.7843947463233085,0.1534342783856537,L1/L2,0.9622978100762362,L4/L5,0.6197947292929635,0.34250308078327263,5,complete,0.9622978100762362,0.915573410334309,0.7745250428453303,0.6197947292929635,0.6497827390677042
ViT,2.5D-to-3D,RFN,train,omae,0.25272282862329826,0.1892218857795949,L1/L2,0.04396171660027494,L5/S1,0.4477436632025979,0.40378194660232297,5,complete,0.04396171660027494,0.08893790599126306,0.24396040313875722,0.43901045418359813,0.4477436632025979
ViT,2.5D-to-3D,RFN,train,qwk,0.010077042319063458,0.016251125859940183,L4/L5,0.03404445530060603,L2/L3,-0.00504505151953428,0.039089506820140306,5,complete,-0.00083144077909084,-0.00504505151953428,0.01923753669364786,0.03404445530060603,0.00297971189968852
ViT,2.5D-to-3D,RFN,train,ser,0.037117574946606904,0.040255814040800066,L2/L3,0.0045113163255721,L5/S1,0.09752640227030204,0.09301508594472994,5,complete,0.00625952667651118,0.0045113163255721,0.018485445984087502,0.05880518347656168,0.09752640227030204
ViT,2.5D-to-3D,RFN,validation,accuracy,0.7787213315009924,0.14905857189517283,L1/L2,0.9553136169722125,L4/L5,0.6194896868504618,0.3358239301217507,5,complete,0.9553136169722125,0.8990970579711499,0.7744995341242316,0.6194896868504618,0.6452067615869068
ViT,2.5D-to-3D,RFN,validation,precision_macro,0.31760044885945066,0.04340011449168819,L3/L4,0.3714270428311516,L5/S1,0.2560333034506878,0.11539373938046377,5,complete,0.31929557934616143,0.3003091602873186,0.3714270428311516,0.3409371583819337,0.2560333034506878
ViT,2.5D-to-3D,RFN,validation,recall_macro,0.3387606145583236,0.008031131744663871,L4/L5,0.3491991115766092,L1/L2,0.33238770685579194,0.01681140472081727,5,complete,0.33238770685579194,0.3325757575757575,0.3456478564858903,0.3491991115766092,0.33399264029756914
ViT,2.5D-to-3D,RFN,validation,f1_macro,0.30327302856995225,0.023373898699912663,L1/L2,0.32569686610616394,L5/S1,0.2665319599707136,0.059164906135450335,5,complete,0.32569686610616394,0.31561397264698465,0.31370495822721634,0.29481738589868284,0.2665319599707136
ViT,2.5D-to-3D,RFN,validation,oa,0.7787213315009924,0.14905857189517283,L1/L2,0.9553136169722125,L4/L5,0.6194896868504618,0.3358239301217507,5,complete,0.9553136169722125,0.8990970579711499,0.7744995341242316,0.6194896868504618,0.6452067615869068
ViT,2.5D-to-3D,RFN,validation,omae,0.25933199958865816,0.18521752949390335,L1/L2,0.052139476037781095,L5/S1,0.4522764497461834,0.40013697370840234,5,complete,0.052139476037781095,0.1063290080118167,0.24378733628128302,0.44212772786622667,0.4522764497461834
ViT,2.5D-to-3D,RFN,validation,qwk,0.019636110079844844,0.029865510188869026,L4/L5,0.058135281931286364,L2/L3,-0.00600600600600604,0.0641412879372924,5,complete,-0.00366972477064218,-0.00600600600600604,0.04523622064632086,0.058135281931286364,0.0044847785982652195
ViT,2.5D-to-3D,RFN,validation,ser,0.03805333108965066,0.040245504934658914,L2/L3,0.00542606598296666,L5/S1,0.09748321133309022,0.09205714535012356,5,complete,0.00745309300999368,0.00542606598296666,0.018286870405514438,0.06161741471668826,0.09748321133309022
ViT,2.5D-to-3D,RFN,test,accuracy,0.766182202610774,0.15571687628182768,L1/L2,0.954017282588711,L4/L5,0.5872494943923515,0.36676778819635947,5,complete,0.954017282588711,0.89580805295091,0.7375022982165839,0.5872494943923515,0.6563338849053135
ViT,2.5D-to-3D,RFN,test,precision_macro,0.3017451981995571,0.018332263750987645,L4/L5,0.31919828832725117,L5/S1,0.2752895523683548,0.04390873595889638,5,complete,0.31906609955210835,0.2991930357605638,0.2959790149895075,0.31919828832725117,0.2752895523683548
ViT,2.5D-to-3D,RFN,test,recall_macro,0.3328410462401729,0.0006255539666578128,L4/L5,0.3338086248346973,L1/L2,0.3321385902031063,0.0016700346315909886,5,complete,0.3321385902031063,0.33281653746770024,0.33295103270789916,0.3338086248346973,0.3324904459874617
ViT,2.5D-to-3D,RFN,test,f1_macro,0.29499283887153604,0.024593841370056806,L1/L2,0.32545097397582934,L5/S1,0.26912059406884514,0.056330379906984196,5,complete,0.32545097397582934,0.31508765713240416,0.2902018779324903,0.27510309124811105,0.26912059406884514
ViT,2.5D-to-3D,RFN,test,oa,0.766182202610774,0.15571687628182768,L1/L2,0.954017282588711,L4/L5,0.5872494943923515,0.36676778819635947,5,complete,0.954017282588711,0.89580805295091,0.7375022982165839,0.5872494943923515,0.6563338849053135
ViT,2.5D-to-3D,RFN,test,omae,0.2735990071704357,0.1903624630569918,L1/L2,0.05341974627688908,L4/L5,0.48581540724397865,0.4323956609670896,5,complete,0.05341974627688908,0.11027302813017097,0.28821014892443464,0.48581540724397865,0.43027670527670525
ViT,2.5D-to-3D,RFN,test,qwk,0.0008625763454607038,0.005715030799766769,L2/L3,0.00815460758897006,L3/L4,-0.00484520593430412,0.01299981352327418,5,complete,-0.00469251667078292,0.00815460758897006,-0.00484520593430412,0.00460170163849526,0.0010942951049252394
ViT,2.5D-to-3D,RFN,test,ser,0.03978120978120973,0.03768477745709545,L2/L3,0.006081081081081021,L5/S1,0.08661059018201869,0.08052950910093767,5,complete,0.00743702886560024,0.006081081081081021,0.02571244714101852,0.07306490163633016,0.08661059018201869
ViT,2.5D-to-3D,LSS,train,accuracy,0.7523405682319495,0.13557005356407756,L1/L2,0.9325439630942267,L4/L5,0.5720026595383426,0.3605413035558841,5,complete,0.9325439630942267,0.8276951318415675,0.7120291862325865,0.5720026595383426,0.717431900453024
ViT,2.5D-to-3D,LSS,train,precision_macro,0.50284554878251,0.0985577206634845,L2/L3,0.6119465233536551,L5/S1,0.38049592056946346,0.2314506027841916,5,complete,0.4192809371046051,0.6119465233536551,0.538750290836173,0.5637540720486531,0.38049592056946346
ViT,2.5D-to-3D,LSS,train,recall_macro,0.4033268241889785,0.07137316611248909,L4/L5,0.5092396047658543,L1/L2,0.34042507986451864,0.16881452490133564,5,complete,0.34042507986451864,0.3810070625150808,0.4403633177724296,0.5092396047658543,0.34559905602700913
ViT,2.5D-to-3D,LSS,train,f1_macro,0.3904385097472666,0.07340522334251487,L4/L5,0.4825455078813192,L5/S1,0.30609828952450496,0.17644721835681426,5,complete,0.33666582181761495,0.38176685696188073,0.44511607255101326,0.4825455078813192,0.30609828952450496
ViT,2.5D-to-3D,LSS,train,oa,0.7523405682319495,0.13557005356407756,L1/L2,0.9325439630942267,L4/L5,0.5720026595383426,0.3605413035558841,5,complete,0.9325439630942267,0.8276951318415675,0.7120291862325865,0.5720026595383426,0.717431900453024
ViT,2.5D-to-3D,LSS,train,omae,0.29987286989317674,0.1646321565209372,L1/L2,0.08272729352403592,L4/L5,0.5207169690851399,0.43798967556110396,5,complete,0.08272729352403592,0.20810750147432672,0.3341108123385769,0.5207169690851399,0.3537017730438043
ViT,2.5D-to-3D,LSS,train,qwk,0.21687052942415458,0.18123223925613866,L4/L5,0.4467814968330436,L1/L2,0.0462076681806637,0.4005738286523799,5,complete,0.0462076681806637,0.17902320082325832,0.3606599722135382,0.4467814968330436,0.05168030907026903
ViT,2.5D-to-3D,LSS,train,ser,0.0522134381251262,0.030288829344323163,L1/L2,0.01527125661826268,L4/L5,0.09271962862348243,0.07744837200521976,5,complete,0.01527125661826268,0.0358026333158943,0.04613999857116336,0.09271962862348243,0.07113367349682824
ViT,2.5D-to-3D,LSS,validation,accuracy,0.7508099476045043,0.1453655425149312,L1/L2,0.9372578847842237,L4/L5,0.5522860898409625,0.38497179494326117,5,complete,0.9372578847842237,0.8376486587746464,0.710753740455233,0.5522860898409625,0.7161033641674555
ViT,2.5D-to-3D,LSS,validation,precision_macro,0.4481902930947565,0.09845917842389153,L4/L5,0.5363679403795735,L5/S1,0.32184396030224305,0.21452398007733042,5,complete,0.3637812557161463,0.49532621654523606,0.5236320925305838,0.5363679403795735,0.32184396030224305
ViT,2.5D-to-3D,LSS,validation,recall_macro,0.410134663911531,0.07230009389316992,L4/L5,0.5153317013491312,L5/S1,0.346549187566086,0.1687825137830452,5,complete,0.34740023110021373,0.39205183415711914,0.44934036538510524,0.5153317013491312,0.346549187566086
ViT,2.5D-to-3D,LSS,validation,f1_macro,0.3954605030724757,0.0696848466484087,L4/L5,0.4790023756638643,L5/S1,0.31023364011155347,0.1687687355523108,5,complete,0.34616306506355954,0.39401468543292906,0.44788874909047227,0.4790023756638643,0.31023364011155347
ViT,2.5D-to-3D,LSS,validation,oa,0.7508099476045043,0.1453655425149312,L1/L2,0.9372578847842237,L4/L5,0.5522860898409625,0.38497179494326117,5,complete,0.9372578847842237,0.8376486587746464,0.710753740455233,0.5522860898409625,0.7161033641674555
ViT,2.5D-to-3D,LSS,validation,omae,0.29378904693654473,0.17172846605759387,L1/L2,0.07900664296845153,L4/L5,0.5349267122335604,0.45592006926510886,5,complete,0.07900664296845153,0.19114909186024193,0.320995857457666,0.5349267122335604,0.3428669301628037
ViT,2.5D-to-3D,LSS,validation,qwk,0.24830254643315408,0.17745043994442697,L4/L5,0.4477787533827722,L1/L2,0.05966044528789307,0.3881183080948791,5,complete,0.05966044528789307,0.2610436562096194,0.39484655868308727,0.4477787533827722,0.0781833186023986
ViT,2.5D-to-3D,LSS,validation,ser,0.044598994541048924,0.028460934458491734,L1/L2,0.01626452775267522,L4/L5,0.08721280207452282,0.07094827432184761,5,complete,0.01626452775267522,0.02879775063488842,0.031749597912899,0.08721280207452282,0.05897029433025917
ViT,2.5D-to-3D,LSS,test,accuracy,0.7410930005989533,0.14414860168556934,L1/L2,0.9296451037493995,L4/L5,0.5479470775356037,0.3816980262137958,5,complete,0.9296451037493995,0.824364528640794,0.691058446170888,0.5479470775356037,0.712449846898082
ViT,2.5D-to-3D,LSS,test,precision_macro,0.4933118773567453,0.061959588943805086,L3/L4,0.5461154426517412,L1/L2,0.4223340561889695,0.12378138646277165,5,complete,0.4223340561889695,0.5218265717505497,0.5461154426517412,0.545862299603314,0.43042101658915205
ViT,2.5D-to-3D,LSS,test,recall_macro,0.4052424373189595,0.06636720760533868,L4/L5,0.4938785815104101,L1/L2,0.34414655745425404,0.14973202405615604,5,complete,0.34414655745425404,0.3849414395344436,0.4544953791065119,0.4938785815104101,0.3487502289891782
ViT,2.5D-to-3D,LSS,test,f1_macro,0.3941729013661989,0.07075098335585517,L4/L5,0.4710079193053205,L5/S1,0.3129665275106285,0.158041391794692,5,complete,0.34262011690082883,0.381494676762714,0.4627752663515029,0.4710079193053205,0.3129665275106285
ViT,2.5D-to-3D,LSS,test,oa,0.7410930005989533,0.14414860168556934,L1/L2,0.9296451037493995,L4/L5,0.5479470775356037,0.3816980262137958,5,complete,0.9296451037493995,0.824364528640794,0.691058446170888,0.5479470775356037,0.712449846898082
ViT,2.5D-to-3D,LSS,test,omae,0.30897130784563764,0.17550166529164973,L1/L2,0.08588136415609778,L4/L5,0.5528698952343037,0.466988531078206,5,complete,0.08588136415609778,0.20666660035872592,0.34075728655551807,0.5528698952343037,0.35868139292354284
ViT,2.5D-to-3D,LSS,test,qwk,0.22029173961590676,0.18220600297530146,L4/L5,0.434984008309209,L1/L2,0.029692246052590566,0.40529176225661845,5,complete,0.029692246052590566,0.19768256594147848,0.37744689520266966,0.434984008309209,0.06165298257358611
ViT,2.5D-to-3D,LSS,test,ser,0.050064308444591074,0.03502778682131288,L1/L2,0.015526467905497322,L4/L5,0.10081697276990735,0.08529050486441003,5,complete,0.015526467905497322,0.03103112899951998,0.031815732726405935,0.10081697276990735,0.07113123982162478
ViT,2.5D-to-3D,RSS,train,accuracy,0.7383570150010097,0.15067777422529666,L1/L2,0.9225554414205863,L4/L5,0.5259321662143271,0.3966232752062592,5,complete,0.9225554414205863,0.8341514114555121,0.6922744924500889,0.5259321662143271,0.7168715634645337
ViT,2.5D-to-3D,RSS,train,precision_macro,0.4461663546285572,0.06335314600215754,L3/L4,0.5171624382186051,L1/L2,0.3936034958612685,0.12355894235733655,5,complete,0.3936034958612685,0.41163869175057916,0.5171624382186051,0.5130757493490334,0.39535139796330004
ViT,2.5D-to-3D,RSS,train,recall_macro,0.3903046662658715,0.05503218004927173,L4/L5,0.4718978652674565,L1/L2,0.34388793642891125,0.12800992883854523,5,complete,0.34388793642891125,0.35778837589120194,0.4224510836816796,0.4718978652674565,0.35549807006010836
ViT,2.5D-to-3D,RSS,train,f1_macro,0.37357795656899007,0.05208466072612269,L4/L5,0.4470784114054468,L5/S1,0.32418517467370944,0.12289323673173735,5,complete,0.34195059279638934,0.3458678103021809,0.4088077936672237,0.4470784114054468,0.32418517467370944
ViT,2.5D-to-3D,RSS,train,oa,0.7383570150010097,0.15067777422529666,L1/L2,0.9225554414205863,L4/L5,0.5259321662143271,0.3966232752062592,5,complete,0.9225554414205863,0.8341514114555121,0.6922744924500889,0.5259321662143271,0.7168715634645337
ViT,2.5D-to-3D,RSS,train,omae,0.32293061932714756,0.19375055513982323,L1/L2,0.09235795302864551,L4/L5,0.6000819147802087,0.5077239617515632,5,complete,0.09235795302864551,0.19362246705589176,0.3686445308762467,0.6000819147802087,0.3599462308947451
ViT,2.5D-to-3D,RSS,train,qwk,0.1776441153971322,0.13347472709883224,L4/L5,0.35242833750991737,L1/L2,0.03986071346252784,0.3125676240473895,5,complete,0.03986071346252784,0.12478706377932999,0.28254811215116293,0.35242833750991737,0.08859635008272296
ViT,2.5D-to-3D,RSS,train,ser,0.06128763432815715,0.04388785878808491,L1/L2,0.01491339444923192,L4/L5,0.12601408099453573,0.1111006865453038,5,complete,0.01491339444923192,0.02777387851140382,0.060919023326335565,0.12601408099453573,0.07681779435927873
ViT,2.5D-to-3D,RSS,validation,accuracy,0.7303947411412277,0.16275633544707066,L1/L2,0.9353629919987304,L4/L5,0.512991687708859,0.42237130428987146,5,complete,0.9353629919987304,0.8390689775872209,0.6712904115975913,0.512991687708859,0.6932596368137374
ViT,2.5D-to-3D,RSS,validation,precision_macro,0.4263909559329,0.06757746101320244,L4/L5,0.5072283862329272,L5/S1,0.35521152969933223,0.15201685653359498,5,complete,0.36008278901524704,0.4364916221964236,0.47294045252057,0.5072283862329272,0.35521152969933223
ViT,2.5D-to-3D,RSS,validation,recall_macro,0.39085186814759754,0.05672128036336302,L4/L5,0.4832308676320288,L1/L2,0.3473595748732063,0.13587129275882254,5,complete,0.3473595748732063,0.3608613859480686,0.4075360426930704,0.4832308676320288,0.3552714695916139
ViT,2.5D-to-3D,RSS,validation,f1_macro,0.37414762388249223,0.05565574715650263,L4/L5,0.46086574791248286,L5/S1,0.32103848369616966,0.1398272642163132,5,complete,0.3431689882909884,0.3495247286053849,0.39614017090743503,0.46086574791248286,0.32103848369616966
ViT,2.5D-to-3D,RSS,validation,oa,0.7303947411412277,0.16275633544707066,L1/L2,0.9353629919987304,L4/L5,0.512991687708859,0.42237130428987146,5,complete,0.9353629919987304,0.8390689775872209,0.6712904115975913,0.512991687708859,0.6932596368137374
ViT,2.5D-to-3D,RSS,validation,omae,0.3257379485245883,0.20535397867394445,L1/L2,0.07575623021973625,L4/L5,0.6097111505058929,0.5339549202861567,5,complete,0.07575623021973625,0.18550180658556487,0.3679229999299735,0.6097111505058929,0.38979755538177435
ViT,2.5D-to-3D,RSS,validation,qwk,0.2029954335222822,0.13601571367200563,L4/L5,0.3662604395241932,L5/S1,0.07976516391009836,0.2864952756140948,5,complete,0.10513635488575104,0.12965373093031843,0.33416147836105003,0.3662604395241932,0.07976516391009836
ViT,2.5D-to-3D,RSS,validation,ser,0.05613268966581616,0.04600310211551783,L1/L2,0.01111922221846668,L4/L5,0.12270283821475196,0.11158361599628527,5,complete,0.01111922221846668,0.02457078417278576,0.03921341152756476,0.12270283821475196,0.08305719219551164
ViT,2.5D-to-3D,RSS,test,accuracy,0.7293419384472766,0.15208898169694998,L1/L2,0.9087356731495149,L4/L5,0.5142074119451887,0.39452826120432616,5,complete,0.9087356731495149,0.8363370298012821,0.6997447013742701,0.5142074119451887,0.6876848759661268
ViT,2.5D-to-3D,RSS,test,precision_macro,0.43490566481968607,0.06981456649126341,L3/L4,0.5067181470166846,L5/S1,0.35488201454063845,0.15183613247604616,5,complete,0.37952752756120006,0.4289714186781078,0.5067181470166846,0.5044292163017994,0.35488201454063845
ViT,2.5D-to-3D,RSS,test,recall_macro,0.399864170353161,0.05780094101157127,L4/L5,0.47567280255113176,L1/L2,0.3426791732125824,0.13299362933854936,5,complete,0.3426791732125824,0.38106256166468283,0.44463652200963805,0.47567280255113176,0.35526979232777
ViT,2.5D-to-3D,RSS,test,f1_macro,0.3872050178694796,0.06010560299903319,L4/L5,0.45860848948425426,L5/S1,0.32228142150618616,0.1363270679780681,5,complete,0.340783813009473,0.3741255559113478,0.4402258094361363,0.45860848948425426,0.32228142150618616
ViT,2.5D-to-3D,RSS,test,oa,0.7293419384472766,0.15208898169694998,L1/L2,0.9087356731495149,L4/L5,0.5142074119451887,0.39452826120432616,5,complete,0.9087356731495149,0.8363370298012821,0.6997447013742701,0.5142074119451887,0.6876848759661268
ViT,2.5D-to-3D,RSS,test,omae,0.3275880965991164,0.1904159745164522,L1/L2,0.10943307215367075,L4/L5,0.6040536344977424,0.49462056234407165,5,complete,0.10943307215367075,0.19436418306942532,0.3499858262849075,0.6040536344977424,0.38010376698983606
ViT,2.5D-to-3D,RSS,test,qwk,0.19929580446787515,0.15321441827671448,L4/L5,0.35655884186492426,L1/L2,0.02299982041175914,0.3335590214531651,5,complete,0.02299982041175914,0.19222813715899584,0.3496343520259907,0.35655884186492426,0.0750578708777058
ViT,2.5D-to-3D,RSS,test,ser,0.056930035046392935,0.03912040364872028,L1/L2,0.01816874530318562,L4/L5,0.11826104644293109,0.10009230113974547,5,complete,0.01816874530318562,0.03070121287070754,0.04973052765917768,0.11826104644293109,0.06778864295596276
ViT,2D,SCS,train,accuracy,0.930481303028474,0.03975355543650379,L1/L2,0.9699018004013681,L4/L5,0.8754150730487117,0.0944867273526564,5,complete,0.9699018004013681,0.9346962122400575,0.907456341897521,0.8754150730487117,0.9649370875547115
ViT,2D,SCS,train,precision_macro,0.7382096403276461,0.05317310669624423,L3/L4,0.7908762787881749,L5/S1,0.6565079749460776,0.1343683038420973,5,complete,0.7156372291825712,0.7671280498180839,0.7908762787881749,0.7608986689033235,0.6565079749460776
ViT,2D,SCS,train,recall_macro,0.6542102107439428,0.06681840127727451,L3/L4,0.7191991892241265,L5/S1,0.5540196774211965,0.16517951180293,5,complete,0.6322036776938496,0.6556442846078645,0.7191991892241265,0.7099842247726764,0.5540196774211965
ViT,2D,SCS,train,f1_macro,0.6730696190349833,0.07353905140772747,L3/L4,0.7478530651902122,L5/S1,0.5643696405304931,0.18348342465971912,5,complete,0.6370573982675921,0.6925126573578237,0.7478530651902122,0.7235553338287952,0.5643696405304931
ViT,2D,SCS,train,oa,0.930481303028474,0.03975355543650379,L1/L2,0.9699018004013681,L4/L5,0.8754150730487117,0.0944867273526564,5,complete,0.9699018004013681,0.9346962122400575,0.907456341897521,0.8754150730487117,0.9649370875547115
ViT,2D,SCS,train,omae,0.07634903630492357,0.044287138475334324,L1/L2,0.03114970799074428,L4/L5,0.1406825797923712,0.10953287180162692,5,complete,0.03114970799074428,0.07041547420391407,0.09750913717594929,0.1406825797923712,0.041988282361639
ViT,2D,SCS,train,qwk,0.7166282293650788,0.12495985712101126,L4/L5,0.8207134229318884,L5/S1,0.5100244753485796,0.3106889475833088,5,complete,0.7159489738346791,0.7257085010078811,0.810745773702366,0.8207134229318884,0.5100244753485796
ViT,2D,SCS,train,ser,0.006830339333397495,0.00560621282714022,L1/L2,0.00105150839211246,L4/L5,0.016097652841082898,0.015046144448970438,5,complete,0.00105150839211246,0.00511168644397152,0.00496547907347024,0.016097652841082898,0.00692536991635036
ViT,2D,SCS,validation,accuracy,0.9200210474707694,0.0356249707518239,L1/L2,0.9579293152736879,L4/L5,0.8765063064937134,0.08142300877997444,5,complete,0.9579293152736879,0.9143786338485045,0.8969150265880774,0.8765063064937134,0.9543759551498632
ViT,2D,SCS,validation,precision_macro,0.662296365347139,0.10491642600419666,L3/L4,0.7546431247615596,L5/S1,0.49062784494553346,0.2640152798160261,5,complete,0.6491473072173819,0.6803937491488499,0.7546431247615596,0.7366698006623696,0.49062784494553346
ViT,2D,SCS,validation,recall_macro,0.6192201919308824,0.08770940169258876,L4/L5,0.7151073443222334,L5/S1,0.4914037767350711,0.22370356758716237,5,complete,0.5910297988918495,0.6129586086411122,0.6856014310641456,0.7151073443222334,0.4914037767350711
ViT,2D,SCS,validation,f1_macro,0.6241942310064459,0.100212751385713,L4/L5,0.7191354874833692,L5/S1,0.4716433250622714,0.24749216242109778,5,complete,0.6063173137798652,0.6133779322390329,0.7104970964676902,0.7191354874833692,0.4716433250622714
ViT,2D,SCS,validation,oa,0.9200210474707694,0.0356249707518239,L1/L2,0.9579293152736879,L4/L5,0.8765063064937134,0.08142300877997444,5,complete,0.9579293152736879,0.9143786338485045,0.8969150265880774,0.8765063064937134,0.9543759551498632
ViT,2D,SCS,validation,omae,0.08587061729297271,0.037309614171925964,L1/L2,0.0434644298700572,L4/L5,0.13190790369151012,0.08844347382145293,5,complete,0.0434644298700572,0.09333376956018107,0.10800988653311785,0.13190790369151012,0.0526370968099973
ViT,2D,SCS,validation,qwk,0.6898197145180237,0.16645486166949422,L4/L5,0.8460347851624637,L5/S1,0.4159259515559091,0.43010883360655455,5,complete,0.7044165205420493,0.6871299568551776,0.7955913584745188,0.8460347851624637,0.4159259515559091
ViT,2D,SCS,validation,ser,0.005891664763741991,0.002832919144035291,L1/L2,0.00139374514374512,L4/L5,0.00841421018522358,0.00702046504147846,5,complete,0.00139374514374512,0.00771240340868556,0.00492491312119528,0.00841421018522358,0.00701305195986042
ViT,2D,SCS,test,accuracy,0.9196867792648389,0.040328289720417194,L1/L2,0.9607755522427363,L4/L5,0.8679247854422177,0.09285076680051851,5,complete,0.9607755522427363,0.9291677189951711,0.8882884394193515,0.8679247854422177,0.9522774002247172
ViT,2D,SCS,test,precision_macro,0.6383174084982771,0.09421087590360536,L3/L4,0.734327398661451,L1/L2,0.5167227082257526,0.2176046904356984,5,complete,0.5167227082257526,0.6559882409481664,0.734327398661451,0.7169603371765858,0.5675883574794299
ViT,2D,SCS,test,recall_macro,0.5983377155010673,0.11383671748152825,L3/L4,0.6975145721536161,L5/S1,0.41809070922211883,0.2794238629314973,5,complete,0.6018283762098852,0.5801683186507895,0.6975145721536161,0.694086601268927,0.41809070922211883
ViT,2D,SCS,test,f1_macro,0.5948786029508584,0.10922705317796902,L3/L4,0.7037570424907114,L5/S1,0.4485313207594002,0.25522572173131114,5,complete,0.5368707669282882,0.5854883686274539,0.7037570424907114,0.699745515948438,0.4485313207594002
ViT,2D,SCS,test,oa,0.9196867792648389,0.040328289720417194,L1/L2,0.9607755522427363,L4/L5,0.8679247854422177,0.09285076680051851,5,complete,0.9607755522427363,0.9291677189951711,0.8882884394193515,0.8679247854422177,0.9522774002247172
ViT,2D,SCS,test,omae,0.08761182874149441,0.043819025068849174,L1/L2,0.03992131186876206,L4/L5,0.14753028723209244,0.10760897536333038,5,complete,0.03992131186876206,0.07713386791639858,0.11593017564165775,0.14753028723209244,0.057543501048561284
ViT,2D,SCS,test,qwk,0.6509825848664562,0.21553766193957768,L4/L5,0.818082767233124,L5/S1,0.27939666297019156,0.5386861042629325,5,complete,0.705373973199251,0.6730921259139782,0.7789673950157361,0.818082767233124,0.27939666297019156
ViT,2D,SCS,test,ser,0.007298608006333192,0.005633677956363734,L1/L2,0.00069686411149824,L4/L5,0.015455072674310299,0.01475820856281206,5,complete,0.00069686411149824,0.00630158691156972,0.004218615061009319,0.015455072674310299,0.009820901273278379
ViT,2D,LFN,train,accuracy,0.7804206105035122,0.15887346730636043,L1/L2,0.9679938855821939,L4/L5,0.6152079692854241,0.3527859162967698,5,complete,0.9679938855821939,0.9094850218694143,0.7766864515547409,0.6152079692854241,0.6327297242257878
ViT,2D,LFN,train,precision_macro,0.26014020350117073,0.052957822435453494,L1/L2,0.322664628527398,L4/L5,0.2050693230951414,0.11759530543225663,5,complete,0.322664628527398,0.3031616739564714,0.2588954838515803,0.2050693230951414,0.21090990807526255
ViT,2D,LFN,train,recall_macro,0.3333333333333333,0.0,L1/L2,0.3333333333333333,L1/L2,0.3333333333333333,0.0,5,complete,0.3333333333333333,0.3333333333333333,0.3333333333333333,0.3333333333333333,0.3333333333333333
ViT,2D,LFN,train,f1_macro,0.2898286380803558,0.033543988165397914,L1/L2,0.3279119422512559,L4/L5,0.25391839197572785,0.07399355027552806,5,complete,0.3279119422512559,0.31753197637656083,0.2914303651367851,0.25391839197572785,0.2583505146614495
ViT,2D,LFN,train,oa,0.7804206105035122,0.15887346730636043,L1/L2,0.9679938855821939,L4/L5,0.6152079692854241,0.3527859162967698,5,complete,0.9679938855821939,0.9094850218694143,0.7766864515547409,0.6152079692854241,0.6327297242257878
ViT,2D,LFN,train,omae,0.2598111559140091,0.20120070845875215,L1/L2,0.033164590516238754,L5/S1,0.47154256411742423,0.43837797360118547,5,complete,0.033164590516238754,0.09572848772533682,0.24257485238105497,0.4560452848299906,0.47154256411742423
ViT,2D,LFN,train,qwk,0.0,0.0,L1/L2,0.0,L1/L2,0.0,0.0,5,complete,0.0,0.0,0.0,0.0,0.0
ViT,2D,LFN,train,ser,0.04023176641752128,0.04543204202836402,L1/L2,0.00115847609843274,L5/S1,0.1042722883432119,0.10311381224477915,5,complete,0.00115847609843274,0.00521350959475108,0.01926130393579592,0.07125325411541475,0.1042722883432119
ViT,2D,LFN,validation,accuracy,0.7726436097114064,0.16523294052835222,L1/L2,0.9695281722400366,L4/L5,0.5917315620705452,0.3777966101694914,5,complete,0.9695281722400366,0.9119812185066423,0.7508428767750802,0.5917315620705452,0.6391342189647274
ViT,2D,LFN,validation,precision_macro,0.2575478699038021,0.05507764684278411,L1/L2,0.32317605741334554,L4/L5,0.197243854023515,0.12593220338983055,5,complete,0.32317605741334554,0.30399373950221403,0.25028095892502666,0.197243854023515,0.21304473965490905
ViT,2D,LFN,validation,recall_macro,0.3333333333333333,0.0,L1/L2,0.3333333333333333,L1/L2,0.3333333333333333,0.0,5,complete,0.3333333333333333,0.3333333333333333,0.3333333333333333,0.3333333333333333,0.3333333333333333
ViT,2D,LFN,validation,f1_macro,0.2879356719599627,0.035085591739363584,L1/L2,0.328168486356121,L4/L5,0.24776907422601732,0.08039941213010368,5,complete,0.328168486356121,0.3179837829149359,0.28583294227966927,0.24776907422601732,0.2599240740230703
ViT,2D,LFN,validation,oa,0.7726436097114064,0.16523294052835222,L1/L2,0.9695281722400366,L4/L5,0.5917315620705452,0.3777966101694914,5,complete,0.9695281722400366,0.9119812185066423,0.7508428767750802,0.5917315620705452,0.6391342189647274
ViT,2D,LFN,validation,omae,0.26784196060467247,0.2077670879954675,L1/L2,0.031147503435639,L4/L5,0.47664223545579476,0.44549473202015577,5,complete,0.031147503435639,0.09140403114979383,0.26743930371049013,0.47664223545579476,0.4725767292716445
ViT,2D,LFN,validation,qwk,0.0,0.0,L1/L2,0.0,L1/L2,0.0,0.0,5,complete,0.0,0.0,0.0,0.0,0.0
ViT,2D,LFN,validation,ser,0.04048557031607875,0.048231368685518264,L1/L2,0.00067567567567566,L5/S1,0.11171094823637193,0.11103527256069627,5,complete,0.00067567567567566,0.0033852496564360595,0.018282180485570263,0.06837379752633985,0.11171094823637193
ViT,2D,LFN,test,accuracy,0.7720012870012869,0.15839696682812401,L1/L2,0.9600799779371207,L4/L5,0.6076070968928111,0.3524728810443096,5,complete,0.9600799779371207,0.8984923699209414,0.7699990807133663,0.6076070968928111,0.6238279095421954
ViT,2D,LFN,test,precision_macro,0.25733376233376226,0.052798988942708014,L1/L2,0.32002665931237356,L4/L5,0.20253569896427037,0.11749096034810319,5,complete,0.32002665931237356,0.29949745664031374,0.2566663602377887,0.20253569896427037,0.20794263651406503
ViT,2D,LFN,test,recall_macro,0.3333333333333333,0.0,L1/L2,0.3333333333333333,L1/L2,0.3333333333333333,0.0,5,complete,0.3333333333333333,0.3333333333333333,0.3333333333333333,0.3333333333333333,0.3333333333333333
ViT,2D,LFN,test,f1_macro,0.2880074333080925,0.033786274902635326,L1/L2,0.32654391723115606,L4/L5,0.25192221329623005,0.07462170393492601,5,complete,0.32654391723115606,0.31550061194967605,0.2899856707129892,0.25192221329623005,0.25608475335041087
ViT,2D,LFN,test,oa,0.7720012870012869,0.15839696682812401,L1/L2,0.9600799779371207,L4/L5,0.6076070968928111,0.3524728810443096,5,complete,0.9600799779371207,0.8984923699209414,0.7699990807133663,0.6076070968928111,0.6238279095421954
ViT,2D,LFN,test,omae,0.268189924618496,0.19840243085231726,L1/L2,0.04059569773855484,L5/S1,0.4708861923147637,0.4302904945762088,5,complete,0.04059569773855484,0.10759790402647543,0.25706931421217133,0.4648005148005148,0.4708861923147637
ViT,2D,LFN,test,qwk,0.0,0.0,L1/L2,0.0,L1/L2,0.0,0.0,5,complete,0.0,0.0,0.0,0.0,0.0
ViT,2D,LFN,test,ser,0.04019121161978301,0.04155478866084246,L1/L2,0.00067567567567566,L5/S1,0.09471410185695896,0.0940384261812833,5,complete,0.00067567567567566,0.00609027394741674,0.027068394925537743,0.07240761169332595,0.09471410185695896
ViT,2D,RFN,train,accuracy,0.8472714727091027,0.09854336769394903,L1/L2,0.9679773174588753,L4/L5,0.7477909152501658,0.22018640220870944,5,complete,0.9679773174588753,0.9296973327338323,0.8286956842087433,0.7477909152501658,0.7621961138938975
ViT,2D,RFN,train,precision_macro,0.5806515272455787,0.060869122467307114,L4/L5,0.6274878307571109,L2/L3,0.4876896040284606,0.13979822672865028,5,complete,0.5493423036247499,0.4876896040284606,0.6211433249509698,0.6274878307571109,0.6175945728666022
ViT,2D,RFN,train,recall_macro,0.510819602597401,0.08208139368584155,L5/S1,0.5999199064932078,L2/L3,0.4123780716762072,0.1875418348170006,5,complete,0.47388843830286353,0.4123780716762072,0.47528151258712786,0.5926300839275983,0.5999199064932078
ViT,2D,RFN,train,f1_macro,0.5215293386575119,0.0737458518195127,L5/S1,0.6003662209465432,L2/L3,0.43142655421647236,0.16893966673007088,5,complete,0.49574677174682585,0.43142655421647236,0.48496727006907114,0.5951398763086473,0.6003662209465432
ViT,2D,RFN,train,oa,0.8472714727091027,0.09854336769394903,L1/L2,0.9679773174588753,L4/L5,0.7477909152501658,0.22018640220870944,5,complete,0.9679773174588753,0.9296973327338323,0.8286956842087433,0.7477909152501658,0.7621961138938975
ViT,2D,RFN,train,omae,0.16276206385917472,0.1081488197056098,L1/L2,0.03391327589313068,L4/L5,0.2674737823534212,0.2335605064602905,5,complete,0.03391327589313068,0.07073871377779553,0.1761030505259235,0.2674737823534212,0.2655814967456026
ViT,2D,RFN,train,qwk,0.47455609508546176,0.08519414880868972,L5/S1,0.5684841775707005,L2/L3,0.34925737608427176,0.2192268014864287,5,complete,0.46703023830758583,0.34925737608427176,0.4510112539929712,0.5369974294717796,0.5684841775707005
ViT,2D,RFN,train,ser,0.010033536568277646,0.011489557218083523,L2/L3,0.00043604651162790003,L5/S1,0.0277776106395002,0.027341564127872302,5,complete,0.0018905933520061001,0.00043604651162790003,0.0047987347346669,0.015264697603587122,0.0277776106395002
ViT,2D,RFN,validation,accuracy,0.8286786018117736,0.10943818385408823,L1/L2,0.9607236188107858,L5/S1,0.7183245144141027,0.2423991043966831,5,complete,0.9607236188107858,0.918746809763759,0.8171590303551562,0.7284390357150647,0.7183245144141027
ViT,2D,RFN,validation,precision_macro,0.5323941361521788,0.05886330218926334,L4/L5,0.628585260826598,L1/L2,0.4730551951449972,0.15553006568160083,5,complete,0.4730551951449972,0.5043593764133565,0.5165641773966941,0.628585260826598,0.5394066709792479
ViT,2D,RFN,validation,recall_macro,0.49587789466744026,0.061273199409925976,L4/L5,0.5735507041515009,L2/L3,0.4201118294850589,0.15343887466644202,5,complete,0.4722602825542504,0.4201118294850589,0.47172914735971316,0.5735507041515009,0.541737509786678
ViT,2D,RFN,validation,f1_macro,0.496838934826206,0.055583948871136483,L4/L5,0.5741702248505958,L2/L3,0.44079150484874374,0.13337872000185202,5,complete,0.4597712822432105,0.44079150484874374,0.47524961891514916,0.5741702248505958,0.5342120432733312
ViT,2D,RFN,validation,oa,0.8286786018117736,0.10943818385408823,L1/L2,0.9607236188107858,L5/S1,0.7183245144141027,0.2423991043966831,5,complete,0.9607236188107858,0.918746809763759,0.8171590303551562,0.7284390357150647,0.7183245144141027
ViT,2D,RFN,validation,omae,0.18189126864671654,0.11937595490621783,L1/L2,0.04266622727881804,L5/S1,0.31622202797747595,0.2735558006986579,5,complete,0.04266622727881804,0.08328708854132578,0.18623080015331828,0.28105019928264474,0.31622202797747595
ViT,2D,RFN,validation,qwk,0.4497976642230183,0.06783361698794856,L4/L5,0.5270969786471332,L2/L3,0.3586729066314859,0.16842407201564735,5,complete,0.41419385319505364,0.3586729066314859,0.4458990428748738,0.5270969786471332,0.5031255397665448
ViT,2D,RFN,validation,ser,0.01056987045849029,0.013711465222683029,L2/L3,0.00203389830508474,L5/S1,0.034546542391578686,0.032512644086493944,5,complete,0.00338984608960392,0.00203389830508474,0.00338983050847456,0.009489234997709541,0.034546542391578686
ViT,2D,RFN,test,accuracy,0.8245642581356867,0.1042828775008782,L1/L2,0.9594226879941166,L4/L5,0.7251103143960288,0.23431237359808776,5,complete,0.9594226879941166,0.9059431880860451,0.7976374333517191,0.7251103143960288,0.7347076668505241
ViT,2D,RFN,test,precision_macro,0.511396766486401,0.08906384148949213,L4/L5,0.6311069141841015,L1/L2,0.40230757719589744,0.22879933698820404,5,complete,0.40230757719589744,0.4558567978506395,0.5073519898185013,0.6311069141841015,0.5603605533828654
ViT,2D,RFN,test,recall_macro,0.4772840708167041,0.07764621026718757,L4/L5,0.5731106799276894,L1/L2,0.39870995550343374,0.17440072442425564,5,complete,0.39870995550343374,0.41765573658486305,0.45207311661348004,0.5731106799276894,0.5448708654540542
ViT,2D,RFN,test,f1_macro,0.4783191135540202,0.07500389421941486,L4/L5,0.571351998060229,L1/L2,0.3996557230024876,0.17169627505774138,5,complete,0.3996557230024876,0.42691646766438174,0.4502989792589268,0.571351998060229,0.5433723997840757
ViT,2D,RFN,test,oa,0.8245642581356867,0.1042828775008782,L1/L2,0.9594226879941166,L4/L5,0.7251103143960288,0.23431237359808776,5,complete,0.9594226879941166,0.9059431880860451,0.7976374333517191,0.7251103143960288,0.7347076668505241
ViT,2D,RFN,test,omae,0.1867071152785438,0.11453812960102662,L1/L2,0.04328461114175393,L4/L5,0.293914322485751,0.2506297113439971,5,complete,0.04328461114175393,0.09405681191395475,0.20915609487038056,0.293914322485751,0.2931237359808788
ViT,2D,RFN,test,qwk,0.4263003254172781,0.08674267907581344,L4/L5,0.5242850065662423,L1/L2,0.32542737679472267,0.19885762977151966,5,complete,0.32542737679472267,0.3581203166482972,0.42216737107174884,0.5242850065662423,0.5015015560053796
ViT,2D,RFN,test,ser,0.01127137341423053,0.011776947749181707,L2/L3,0.0,L5/S1,0.027831402831402802,0.027831402831402802,5,complete,0.0027072991358705204,0.0,0.0067935282220996,0.019024636881779723,0.027831402831402802
ViT,2D,LSS,train,accuracy,0.8473135675420407,0.07340677973439458,L1/L2,0.9501950410520225,L4/L5,0.7629199160262861,0.1872751250257364,5,complete,0.9501950410520225,0.8906930720863379,0.8214676726994592,0.7629199160262861,0.8112921358460976
ViT,2D,LSS,train,precision_macro,0.7200192853852518,0.05513709107854075,L4/L5,0.7557409696868123,L1/L2,0.6224310049624654,0.13330996472434686,5,complete,0.6224310049624654,0.7442419798133999,0.7445689518540063,0.7557409696868123,0.7331135206095755
ViT,2D,LSS,train,recall_macro,0.6696764416083424,0.08175583504826742,L4/L5,0.744770907871931,L1/L2,0.5374975844590801,0.20727332341285087,5,complete,0.5374975844590801,0.6803445444192707,0.727774360653275,0.744770907871931,0.6579948106381555
ViT,2D,LSS,train,f1_macro,0.6861962846178887,0.07377015272825387,L4/L5,0.7484177481063956,L1/L2,0.5622419707114926,0.18617577739490299,5,complete,0.5622419707114926,0.7024388373762144,0.733775434020049,0.7484177481063956,0.684107432875292
ViT,2D,LSS,train,oa,0.8473135675420407,0.07340677973439458,L1/L2,0.9501950410520225,L4/L5,0.7629199160262861,0.1872751250257364,5,complete,0.9501950410520225,0.8906930720863379,0.8214676726994592,0.7629199160262861,0.8112921358460976
ViT,2D,LSS,train,omae,0.15717320376345262,0.07457553323434382,L1/L2,0.05235172972954244,L4/L5,0.2428065158751096,0.19045478614556716,5,complete,0.05235172972954244,0.11408035351819534,0.18028317168567248,0.2428065158751096,0.19634424800874323
ViT,2D,LSS,train,qwk,0.7311045358375956,0.06755478779013957,L4/L5,0.7946660435123132,L1/L2,0.6315727831357829,0.16309326037653027,5,complete,0.6315727831357829,0.7429885799949375,0.7871741017109019,0.7946660435123132,0.6991211708340426
ViT,2D,LSS,train,ser,0.004486771305493305,0.002386832966380382,L3/L4,0.0017508443851316801,L5/S1,0.007636383854840981,0.005885539469709301,5,complete,0.0025467707815650205,0.00477342560453326,0.0017508443851316801,0.00572643190139558,0.007636383854840981
ViT,2D,LSS,validation,accuracy,0.8294449724015133,0.08481490327597976,L1/L2,0.9446272855359774,L4/L5,0.7300632771286855,0.21456400840729195,5,complete,0.9446272855359774,0.883347824012881,0.8067542494737403,0.7300632771286855,0.7824322258562819
ViT,2D,LSS,validation,precision_macro,0.6718759495024169,0.07630421398073389,L4/L5,0.7250036304424985,L1/L2,0.544758382867693,0.18024524757480553,5,complete,0.544758382867693,0.7228137134719205,0.7103050780287095,0.7250036304424985,0.6564989427012627
ViT,2D,LSS,validation,recall_macro,0.6430855481115437,0.10039773515146973,L3/L4,0.7261536884555284,L1/L2,0.48650545850997473,0.23964822994555368,5,complete,0.48650545850997473,0.6800274382366684,0.7261536884555284,0.7199700343128087,0.6027711210427382
ViT,2D,LSS,validation,f1_macro,0.6510078869168664,0.09101848873511306,L4/L5,0.7192527583553445,L1/L2,0.5052563331657095,0.21399642518963502,5,complete,0.5052563331657095,0.695581959577859,0.7159894312306385,0.7192527583553445,0.6189589522547804
ViT,2D,LSS,validation,oa,0.8294449724015133,0.08481490327597976,L1/L2,0.9446272855359774,L4/L5,0.7300632771286855,0.21456400840729195,5,complete,0.9446272855359774,0.883347824012881,0.8067542494737403,0.7300632771286855,0.7824322258562819
ViT,2D,LSS,validation,omae,0.17660757353075174,0.08692007791770243,L1/L2,0.06053364221055172,L4/L5,0.27511668387217114,0.21458304166161943,5,complete,0.06053364221055172,0.11813918538457605,0.19546536065631762,0.27511668387217114,0.2337829955301421
ViT,2D,LSS,validation,qwk,0.6838282109380516,0.10729689218479439,L4/L5,0.7680798229136129,L1/L2,0.5376318913988607,0.23044793151475218,5,complete,0.5376318913988607,0.7511775066359947,0.7618360832234555,0.7680798229136129,0.6004157505183341
ViT,2D,LSS,validation,ser,0.0060525459322649435,0.005923931982913281,L2/L3,0.00148700939745714,L5/S1,0.016215221386424138,0.014728211988966998,5,complete,0.0051609277465291,0.00148700939745714,0.0022196101300578598,0.00517996100085648,0.016215221386424138
ViT,2D,LSS,test,accuracy,0.8187331183312525,0.08738509062133183,L1/L2,0.9436923338754433,L4/L5,0.7273818782835005,0.21631045559194273,5,complete,0.9436923338754433,0.8718094198704099,0.777691622793621,0.7273818782835005,0.7730903368332874
ViT,2D,LSS,test,precision_macro,0.6688127928106363,0.05888212255495524,L4/L5,0.7160865450505167,L1/L2,0.5664963683406882,0.14959017670982855,5,complete,0.5664963683406882,0.6972212663767099,0.6808595733708265,0.7160865450505167,0.6834002109144406
ViT,2D,LSS,test,recall_macro,0.6323106289018038,0.07699903128460663,L4/L5,0.7120292315346051,L1/L2,0.5113861849429988,0.20064304659160626,5,complete,0.5113861849429988,0.6528329658398512,0.6750758026635055,0.7120292315346051,0.6102289595280587
ViT,2D,LSS,test,f1_macro,0.6406058854244706,0.07268814145019588,L4/L5,0.7123189080253054,L1/L2,0.5216051033857741,0.19071380463953125,5,complete,0.5216051033857741,0.6647580446528598,0.6743024575200541,0.7123189080253054,0.6300449135383595
ViT,2D,LSS,test,oa,0.8187331183312525,0.08738509062133183,L1/L2,0.9436923338754433,L4/L5,0.7273818782835005,0.21631045559194273,5,complete,0.9436923338754433,0.8718094198704099,0.777691622793621,0.7273818782835005,0.7730903368332874
ViT,2D,LSS,test,omae,0.18749894047561663,0.08836762163716903,L1/L2,0.06002304229276306,L4/L5,0.27708778528105965,0.2170647429882966,5,complete,0.06002304229276306,0.1348603496678411,0.2260233237898071,0.27708778528105965,0.23950020134661223
ViT,2D,LSS,test,qwk,0.6740687095900342,0.08276390386022983,L4/L5,0.7798537778295465,L1/L2,0.5621640455024645,0.217689732327082,5,complete,0.5621640455024645,0.682262886304142,0.7155580234585781,0.7798537778295465,0.63050481485544
ViT,2D,LSS,test,ser,0.006232058806869059,0.003754911219352544,L3/L4,0.0037149465834280795,L5/S1,0.0125905381798997,0.00887559159647162,5,complete,0.0037153761682063398,0.006669769538251019,0.0037149465834280795,0.0044696635645601595,0.0125905381798997
ViT,2D,RSS,train,accuracy,0.8286201712749037,0.08464488306289462,L1/L2,0.9431776052059732,L4/L5,0.7268460701885104,0.21633153501746272,5,complete,0.9431776052059732,0.8819262617055733,0.8042991739457437,0.7268460701885104,0.7868517453287186
ViT,2D,RSS,train,precision_macro,0.6569522137490289,0.06428674586039755,L3/L4,0.7247819123623681,L1/L2,0.5715043913412051,0.153277521021163,5,complete,0.5715043913412051,0.6678900012658148,0.7247819123623681,0.7076579588552708,0.6129268049204852
ViT,2D,RSS,train,recall_macro,0.6107175410264103,0.09065425619000331,L4/L5,0.7031504900748128,L1/L2,0.48528421053721604,0.21786627953759674,5,complete,0.48528421053721604,0.6017462967009931,0.6934856907242523,0.7031504900748128,0.5699210170947773
ViT,2D,RSS,train,f1_macro,0.6240715516208519,0.08592042734751958,L3/L4,0.7051761502343538,L1/L2,0.5015474757092431,0.2036286745251107,5,complete,0.5015474757092431,0.6250573298064391,0.7051761502343538,0.7039573230606124,0.5846194792936117
ViT,2D,RSS,train,oa,0.8286201712749037,0.08464488306289462,L1/L2,0.9431776052059732,L4/L5,0.7268460701885104,0.21633153501746272,5,complete,0.9431776052059732,0.8819262617055733,0.8042991739457437,0.7268460701885104,0.7868517453287186
ViT,2D,RSS,train,omae,0.17804795951166558,0.08837954735667998,L1/L2,0.05888601733215115,L4/L5,0.2812548709879573,0.22236885365580616,5,complete,0.05888601733215115,0.12077304353426761,0.19998618290901823,0.2812548709879573,0.22933968279493366
ViT,2D,RSS,train,qwk,0.6829925614336572,0.07899151648083648,L4/L5,0.7650474677113819,L1/L2,0.583379927681939,0.18166754002944285,5,complete,0.583379927681939,0.6802664112110481,0.7567340463272224,0.7650474677113819,0.6295349542366943
ViT,2D,RSS,train,ser,0.0066681307865693994,0.005817577284066715,L1/L2,0.00206362253812434,L5/S1,0.016191428123652263,0.014127805585527923,5,complete,0.00206362253812434,0.0026993052398409,0.00428535685476168,0.008100941176467818,0.016191428123652263
ViT,2D,RSS,validation,accuracy,0.8241937892948596,0.09087638048459037,L1/L2,0.9487512156168473,L4/L5,0.7193982127838824,0.2293530028329649,5,complete,0.9487512156168473,0.8800669821323547,0.8030384601375792,0.7193982127838824,0.7697140758036353
ViT,2D,RSS,validation,precision_macro,0.6395350231517206,0.10110564029198574,L3/L4,0.7474620213838394,L1/L2,0.48300474128380966,0.2644572801000298,5,complete,0.48300474128380966,0.6341556471524405,0.7474620213838394,0.7068589356387718,0.6261937702997413
ViT,2D,RSS,validation,recall_macro,0.6111418703653542,0.10325935605897534,L3/L4,0.7180435479374052,L1/L2,0.46420106544520134,0.25384248249220387,5,complete,0.46420106544520134,0.6003103083474903,0.7180435479374052,0.7006832731962401,0.5724711569004335
ViT,2D,RSS,validation,f1_macro,0.6192368586434606,0.10282931946112099,L3/L4,0.7294763338477074,L1/L2,0.4702863867076731,0.2591899471400343,5,complete,0.4702863867076731,0.6065198923724658,0.7294763338477074,0.7018382370781213,0.588063443211335
ViT,2D,RSS,validation,oa,0.8241937892948596,0.09087638048459037,L1/L2,0.9487512156168473,L4/L5,0.7193982127838824,0.2293530028329649,5,complete,0.9487512156168473,0.8800669821323547,0.8030384601375792,0.7193982127838824,0.7697140758036353
ViT,2D,RSS,validation,omae,0.18381074144857362,0.09693007897702276,L1/L2,0.05273628714802768,L4/L5,0.29318612091478397,0.24044983376675627,5,complete,0.05273628714802768,0.12361832283032245,0.1977191156199965,0.29318612091478397,0.2517938607297376
ViT,2D,RSS,validation,qwk,0.6723321378057232,0.07752062426134004,L3/L4,0.7596031335868297,L1/L2,0.597360253024355,0.1622428805624747,5,complete,0.597360253024355,0.6612900503808583,0.7596031335868297,0.7447722950301913,0.598634957006382
ViT,2D,RSS,validation,ser,0.008004530743433455,0.008901717314962938,L3/L4,0.00075757575757574,L5/S1,0.02150793653337298,0.020750360775797238,5,complete,0.001487502764875,0.00368530496267718,0.00075757575757574,0.012584333698666381,0.02150793653337298
ViT,2D,RSS,test,accuracy,0.8125002247591115,0.09140361444081727,L1/L2,0.9386430627233491,L4/L5,0.6995530803835213,0.2390899823398278,5,complete,0.9386430627233491,0.8596260537971292,0.8011705963191609,0.6995530803835213,0.7635083305723974
ViT,2D,RSS,test,precision_macro,0.6311558242583895,0.0833453011888469,L3/L4,0.7280886973858095,L1/L2,0.5104826082872184,0.21760608909859114,5,complete,0.5104826082872184,0.6273494091277282,0.7280886973858095,0.6863649923769712,0.6034934141142202
ViT,2D,RSS,test,recall_macro,0.5998755211046087,0.0958996164652542,L3/L4,0.7056080598856691,L1/L2,0.46899679999859645,0.23661125988707266,5,complete,0.46899679999859645,0.5870799460989182,0.7056080598856691,0.6804695331814286,0.5572232663584313
ViT,2D,RSS,test,f1_macro,0.6073533730909468,0.09316490278646164,L3/L4,0.7145869917831094,L1/L2,0.481411960454275,0.23317503132883438,5,complete,0.481411960454275,0.5899482754532543,0.7145869917831094,0.6819938279177961,0.5688258098462994
ViT,2D,RSS,test,oa,0.8125002247591115,0.09140361444081727,L1/L2,0.9386430627233491,L4/L5,0.6995530803835213,0.2390899823398278,5,complete,0.9386430627233491,0.8596260537971292,0.8011705963191609,0.6995530803835213,0.7635083305723974
ViT,2D,RSS,test,omae,0.19610578090294456,0.09734347961036949,L1/L2,0.06427699535809808,L4/L5,0.3157668867691436,0.2514898914110455,5,complete,0.06427699535809808,0.14256166098066872,0.2046778377865627,0.3157668867691436,0.25324552362024966
ViT,2D,RSS,test,qwk,0.6557513774349366,0.08263054520762896,L3/L4,0.7441643927602883,L1/L2,0.5646342320659951,0.17953016069429328,5,complete,0.5646342320659951,0.6654120872546896,0.7441643927602883,0.7266858090090546,0.5778603660846553
ViT,2D,RSS,test,ser,0.008606005662056113,0.006938900727555999,L2/L3,0.00218771477779784,L5/S1,0.01675385419264706,0.01456613941484922,5,complete,0.00292005808144722,0.00218771477779784,0.00584843410572362,0.01531996715266482,0.01675385419264706
