architecture,representation,condition,condition_name,condition_slug,repeat,seed,split,spinal_level,model_config,model_label,trial_id,best_epoch,checkpoint,accuracy,precision_macro,recall_macro,f1_macro,oa,omae,qwk,ser,oa_equals_accuracy,n_samples,n_class_0,n_class_1,n_class_2
ConvNeXt,2.5D-to-3D,LFN,Left Neural Foraminal Narrowing,left_neural_foraminal_narrowing,1,42,train,L1/L2,nas_best_convnext3d_3d,ConvNeXt 3D,313,1,,0.9703113685734974,0.3234371228578325,0.3333333333333333,0.3283106700967781,0.9703113685734974,0.0311368573497465,0.0,0.001448225923244,True,,,,
ConvNeXt,2.5D-to-3D,LFN,Left Neural Foraminal Narrowing,left_neural_foraminal_narrowing,1,42,train,L2/L3,nas_best_convnext3d_3d,ConvNeXt 3D,313,1,,0.9080376538740044,0.3026792179580014,0.3333333333333333,0.3172675521821632,0.9080376538740044,0.0955829109341057,0.0,0.00362056480811,True,,,,
ConvNeXt,2.5D-to-3D,LFN,Left Neural Foraminal Narrowing,left_neural_foraminal_narrowing,1,42,train,L3/L4,nas_best_convnext3d_3d,ConvNeXt 3D,313,1,,0.776249094858798,0.258749698286266,0.3333333333333333,0.291343932599538,0.776249094858798,0.2411296162201303,0.0,0.0173787110789283,True,,,,
ConvNeXt,2.5D-to-3D,LFN,Left Neural Foraminal Narrowing,left_neural_foraminal_narrowing,1,42,train,L4/L5,nas_best_convnext3d_3d,ConvNeXt 3D,313,1,,0.6097031136857349,0.2032343712285783,0.3333333333333333,0.2525116209326736,0.6097031136857349,0.4641564083997103,0.0,0.0738595220854453,True,,,,
ConvNeXt,2.5D-to-3D,LFN,Left Neural Foraminal Narrowing,left_neural_foraminal_narrowing,1,42,train,L5/S1,nas_best_convnext3d_3d,ConvNeXt 3D,313,1,,0.6263577118030412,0.208785903934347,0.3333333333333333,0.2567527456218462,0.6263577118030412,0.4779145546705286,0.0,0.1042722664735698,True,,,,
ConvNeXt,2.5D-to-3D,LFN,Left Neural Foraminal Narrowing,left_neural_foraminal_narrowing,1,42,validation,L1/L2,nas_best_convnext3d_3d,ConvNeXt 3D,313,1,,0.9593220338983052,0.319774011299435,0.3333333333333333,0.3264129181084198,0.9593220338983052,0.0406779661016949,0.0,0.0,True,295,283,12,0
ConvNeXt,2.5D-to-3D,LFN,Left Neural Foraminal Narrowing,left_neural_foraminal_narrowing,1,42,validation,L2/L3,nas_best_convnext3d_3d,ConvNeXt 3D,313,1,,0.9084745762711864,0.3028248587570621,0.3333333333333333,0.3173475429248075,0.9084745762711864,0.0983050847457627,0.0,0.0067796610169491,True,295,268,25,2
ConvNeXt,2.5D-to-3D,LFN,Left Neural Foraminal Narrowing,left_neural_foraminal_narrowing,1,42,validation,L3/L4,nas_best_convnext3d_3d,ConvNeXt 3D,313,1,,0.7491525423728813,0.2497175141242937,0.3333333333333333,0.2855297157622739,0.7491525423728813,0.2711864406779661,0.0,0.0203389830508474,True,295,221,68,6
ConvNeXt,2.5D-to-3D,LFN,Left Neural Foraminal Narrowing,left_neural_foraminal_narrowing,1,42,validation,L4/L5,nas_best_convnext3d_3d,ConvNeXt 3D,313,1,,0.6067796610169491,0.2022598870056497,0.3333333333333333,0.2517580872011252,0.6067796610169491,0.4644067796610169,0.0,0.0711864406779661,True,295,179,95,21
ConvNeXt,2.5D-to-3D,LFN,Left Neural Foraminal Narrowing,left_neural_foraminal_narrowing,1,42,validation,L5/S1,nas_best_convnext3d_3d,ConvNeXt 3D,313,1,,0.6508474576271186,0.2169491525423728,0.3333333333333333,0.2628336755646817,0.6508474576271186,0.4542372881355932,0.0,0.1050847457627118,True,295,192,72,31
ConvNeXt,2.5D-to-3D,LFN,Left Neural Foraminal Narrowing,left_neural_foraminal_narrowing,1,42,test,L1/L2,nas_best_convnext3d_3d,ConvNeXt 3D,313,1,,0.9594594594594594,0.3198198198198198,0.3333333333333333,0.3264367816091953,0.9594594594594594,0.0405405405405405,0.0,0.0,True,,,,
ConvNeXt,2.5D-to-3D,LFN,Left Neural Foraminal Narrowing,left_neural_foraminal_narrowing,1,42,test,L2/L3,nas_best_convnext3d_3d,ConvNeXt 3D,313,1,,0.9087837837837838,0.3029279279279279,0.3333333333333333,0.3174041297935103,0.9087837837837838,0.1013513513513513,0.0,0.0101351351351351,True,,,,
ConvNeXt,2.5D-to-3D,LFN,Left Neural Foraminal Narrowing,left_neural_foraminal_narrowing,1,42,test,L3/L4,nas_best_convnext3d_3d,ConvNeXt 3D,313,1,,0.7736486486486487,0.2578828828828829,0.3333333333333333,0.2907936507936507,0.7736486486486487,0.2601351351351351,0.0,0.0337837837837837,True,,,,
ConvNeXt,2.5D-to-3D,LFN,Left Neural Foraminal Narrowing,left_neural_foraminal_narrowing,1,42,test,L4/L5,nas_best_convnext3d_3d,ConvNeXt 3D,313,1,,0.6182432432432432,0.206081081081081,0.3333333333333333,0.2546972860125261,0.6182432432432432,0.4391891891891892,0.0,0.0574324324324324,True,,,,
ConvNeXt,2.5D-to-3D,LFN,Left Neural Foraminal Narrowing,left_neural_foraminal_narrowing,1,42,test,L5/S1,nas_best_convnext3d_3d,ConvNeXt 3D,313,1,,0.6418918918918919,0.2139639639639639,0.3333333333333333,0.2606310013717421,0.6418918918918919,0.4594594594594595,0.0,0.1013513513513513,True,,,,
ConvNeXt,2.5D-to-3D,LFN,Left Neural Foraminal Narrowing,left_neural_foraminal_narrowing,2,142,train,L1/L2,nas_best_convnext3d_3d,ConvNeXt 3D,313,1,,0.9695872556118754,0.3231957518706251,0.3333333333333333,0.3281862745098039,0.9695872556118754,0.0318609703113685,0.0,0.001448225923244,True,,,,
ConvNeXt,2.5D-to-3D,LFN,Left Neural Foraminal Narrowing,left_neural_foraminal_narrowing,2,142,train,L2/L3,nas_best_convnext3d_3d,ConvNeXt 3D,313,1,,0.9109341057204924,0.3036447019068308,0.3333333333333333,0.3177971453833523,0.9109341057204924,0.0941346850108617,0.0,0.005068790731354,True,,,,
ConvNeXt,2.5D-to-3D,LFN,Left Neural Foraminal Narrowing,left_neural_foraminal_narrowing,2,142,train,L3/L4,nas_best_convnext3d_3d,ConvNeXt 3D,313,1,,0.782766111513396,0.260922037171132,0.3333333333333333,0.2927159490928784,0.782766111513396,0.2389572773352643,0.0,0.0217233888486603,True,,,,
ConvNeXt,2.5D-to-3D,LFN,Left Neural Foraminal Narrowing,left_neural_foraminal_narrowing,2,142,train,L4/L5,nas_best_convnext3d_3d,ConvNeXt 3D,313,1,,0.6140477914554671,0.2046825971518223,0.3333333333333333,0.2536264393599521,0.6140477914554671,0.4547429398986242,0.0,0.0687907313540912,True,,,,
ConvNeXt,2.5D-to-3D,LFN,Left Neural Foraminal Narrowing,left_neural_foraminal_narrowing,2,142,train,L5/S1,nas_best_convnext3d_3d,ConvNeXt 3D,313,1,,0.6372194062273715,0.2124064687424571,0.3333333333333333,0.2594722099366062,0.6372194062273715,0.4670528602461984,0.0,0.1042722664735698,True,,,,
ConvNeXt,2.5D-to-3D,LFN,Left Neural Foraminal Narrowing,left_neural_foraminal_narrowing,2,142,validation,L1/L2,nas_best_convnext3d_3d,ConvNeXt 3D,313,1,,0.9593220338983052,0.319774011299435,0.3333333333333333,0.3264129181084198,0.9593220338983052,0.0406779661016949,0.0,0.0,True,295,283,12,0
ConvNeXt,2.5D-to-3D,LFN,Left Neural Foraminal Narrowing,left_neural_foraminal_narrowing,2,142,validation,L2/L3,nas_best_convnext3d_3d,ConvNeXt 3D,313,1,,0.9016949152542372,0.3005649717514124,0.3333333333333333,0.3161021984551396,0.9016949152542372,0.1016949152542373,0.0,0.0033898305084745,True,295,266,28,1
ConvNeXt,2.5D-to-3D,LFN,Left Neural Foraminal Narrowing,left_neural_foraminal_narrowing,2,142,validation,L3/L4,nas_best_convnext3d_3d,ConvNeXt 3D,313,1,,0.7254237288135593,0.2418079096045197,0.3333333333333333,0.2802881466928618,0.7254237288135593,0.2949152542372881,0.0,0.0203389830508474,True,295,214,75,6
ConvNeXt,2.5D-to-3D,LFN,Left Neural Foraminal Narrowing,left_neural_foraminal_narrowing,2,142,validation,L4/L5,nas_best_convnext3d_3d,ConvNeXt 3D,313,1,,0.6033898305084746,0.2011299435028248,0.3333333333333333,0.2508809020436927,0.6033898305084746,0.4644067796610169,0.0,0.0677966101694915,True,295,178,97,20
ConvNeXt,2.5D-to-3D,LFN,Left Neural Foraminal Narrowing,left_neural_foraminal_narrowing,2,142,validation,L5/S1,nas_best_convnext3d_3d,ConvNeXt 3D,313,1,,0.6305084745762712,0.2101694915254237,0.3333333333333333,0.2577962577962578,0.6305084745762712,0.4813559322033898,0.0,0.111864406779661,True,295,186,76,33
ConvNeXt,2.5D-to-3D,LFN,Left Neural Foraminal Narrowing,left_neural_foraminal_narrowing,2,142,test,L1/L2,nas_best_convnext3d_3d,ConvNeXt 3D,313,1,,0.9628378378378378,0.3209459459459459,0.3333333333333333,0.3270223752151462,0.9628378378378378,0.0371621621621621,0.0,0.0,True,,,,
ConvNeXt,2.5D-to-3D,LFN,Left Neural Foraminal Narrowing,left_neural_foraminal_narrowing,2,142,test,L2/L3,nas_best_convnext3d_3d,ConvNeXt 3D,313,1,,0.902027027027027,0.3006756756756756,0.3333333333333333,0.3161634103019538,0.902027027027027,0.1047297297297297,0.0,0.0067567567567567,True,,,,
ConvNeXt,2.5D-to-3D,LFN,Left Neural Foraminal Narrowing,left_neural_foraminal_narrowing,2,142,test,L3/L4,nas_best_convnext3d_3d,ConvNeXt 3D,313,1,,0.7668918918918919,0.2556306306306306,0.3333333333333333,0.2893562778840025,0.7668918918918919,0.2466216216216216,0.0,0.0135135135135135,True,,,,
ConvNeXt,2.5D-to-3D,LFN,Left Neural Foraminal Narrowing,left_neural_foraminal_narrowing,2,142,test,L4/L5,nas_best_convnext3d_3d,ConvNeXt 3D,313,1,,0.6013513513513513,0.2004504504504504,0.3333333333333333,0.250351617440225,0.6013513513513513,0.4831081081081081,0.0,0.0844594594594594,True,,,,
ConvNeXt,2.5D-to-3D,LFN,Left Neural Foraminal Narrowing,left_neural_foraminal_narrowing,2,142,test,L5/S1,nas_best_convnext3d_3d,ConvNeXt 3D,313,1,,0.6114864864864865,0.2038288288288288,0.3333333333333333,0.2529699510831586,0.6114864864864865,0.4831081081081081,0.0,0.0945945945945946,True,,,,
ConvNeXt,2.5D-to-3D,LFN,Left Neural Foraminal Narrowing,left_neural_foraminal_narrowing,3,242,train,L1/L2,nas_best_convnext3d_3d,ConvNeXt 3D,313,1,,0.9659420289855072,0.3219806763285024,0.3333333333333333,0.3275586681410493,0.9659420289855072,0.0347826086956521,0.0,0.0007246376811594,True,,,,
ConvNeXt,2.5D-to-3D,LFN,Left Neural Foraminal Narrowing,left_neural_foraminal_narrowing,3,242,train,L2/L3,nas_best_convnext3d_3d,ConvNeXt 3D,313,1,,0.9065217391304348,0.3021739130434782,0.3333333333333333,0.3169897377423033,0.9065217391304348,0.0985507246376811,0.0,0.0050724637681159,True,,,,
ConvNeXt,2.5D-to-3D,LFN,Left Neural Foraminal Narrowing,left_neural_foraminal_narrowing,3,242,train,L3/L4,nas_best_convnext3d_3d,ConvNeXt 3D,313,1,,0.7840579710144927,0.2613526570048309,0.3333333333333333,0.2929867316544814,0.7840579710144927,0.2347826086956521,0.0,0.0188405797101449,True,,,,
ConvNeXt,2.5D-to-3D,LFN,Left Neural Foraminal Narrowing,left_neural_foraminal_narrowing,3,242,train,L4/L5,nas_best_convnext3d_3d,ConvNeXt 3D,313,1,,0.6202898550724638,0.2067632850241546,0.3333333333333333,0.2552176505664877,0.6202898550724638,0.45,0.0,0.0702898550724637,True,,,,
ConvNeXt,2.5D-to-3D,LFN,Left Neural Foraminal Narrowing,left_neural_foraminal_narrowing,3,242,train,L5/S1,nas_best_convnext3d_3d,ConvNeXt 3D,313,1,,0.6333333333333333,0.2111111111111111,0.3333333333333333,0.2585034013605442,0.6333333333333333,0.4710144927536231,0.0,0.1043478260869565,True,,,,
ConvNeXt,2.5D-to-3D,LFN,Left Neural Foraminal Narrowing,left_neural_foraminal_narrowing,3,242,validation,L1/L2,nas_best_convnext3d_3d,ConvNeXt 3D,313,1,,0.9763513513513512,0.3254504504504504,0.3333333333333333,0.3293447293447293,0.9763513513513512,0.027027027027027,0.0,0.0033783783783783,True,296,289,6,1
ConvNeXt,2.5D-to-3D,LFN,Left Neural Foraminal Narrowing,left_neural_foraminal_narrowing,3,242,validation,L2/L3,nas_best_convnext3d_3d,ConvNeXt 3D,313,1,,0.9155405405405406,0.3051801801801801,0.3333333333333333,0.3186360964138742,0.9155405405405406,0.0912162162162162,0.0,0.0067567567567567,True,296,271,23,2
ConvNeXt,2.5D-to-3D,LFN,Left Neural Foraminal Narrowing,left_neural_foraminal_narrowing,3,242,validation,L3/L4,nas_best_convnext3d_3d,ConvNeXt 3D,313,1,,0.7263513513513513,0.2421171171171171,0.3333333333333333,0.2804957599478147,0.7263513513513513,0.2939189189189189,0.0,0.0202702702702702,True,296,215,75,6
ConvNeXt,2.5D-to-3D,LFN,Left Neural Foraminal Narrowing,left_neural_foraminal_narrowing,3,242,validation,L4/L5,nas_best_convnext3d_3d,ConvNeXt 3D,313,1,,0.597972972972973,0.1993243243243243,0.3333333333333333,0.2494714587737843,0.597972972972973,0.4695945945945945,0.0,0.0675675675675675,True,296,177,99,20
ConvNeXt,2.5D-to-3D,LFN,Left Neural Foraminal Narrowing,left_neural_foraminal_narrowing,3,242,validation,L5/S1,nas_best_convnext3d_3d,ConvNeXt 3D,313,1,,0.6554054054054054,0.2184684684684684,0.3333333333333333,0.2639455782312925,0.6554054054054054,0.4527027027027027,0.0,0.1081081081081081,True,296,194,70,32
ConvNeXt,2.5D-to-3D,LFN,Left Neural Foraminal Narrowing,left_neural_foraminal_narrowing,3,242,test,L1/L2,nas_best_convnext3d_3d,ConvNeXt 3D,313,1,,0.9628378378378378,0.3209459459459459,0.3333333333333333,0.3270223752151462,0.9628378378378378,0.0371621621621621,0.0,0.0,True,,,,
ConvNeXt,2.5D-to-3D,LFN,Left Neural Foraminal Narrowing,left_neural_foraminal_narrowing,3,242,test,L2/L3,nas_best_convnext3d_3d,ConvNeXt 3D,313,1,,0.9087837837837838,0.3029279279279279,0.3333333333333333,0.3174041297935103,0.9087837837837838,0.0945945945945946,0.0,0.0033783783783783,True,,,,
ConvNeXt,2.5D-to-3D,LFN,Left Neural Foraminal Narrowing,left_neural_foraminal_narrowing,3,242,test,L3/L4,nas_best_convnext3d_3d,ConvNeXt 3D,313,1,,0.7601351351351351,0.2533783783783783,0.3333333333333333,0.2879078694817658,0.7601351351351351,0.2668918918918919,0.0,0.027027027027027,True,,,,
ConvNeXt,2.5D-to-3D,LFN,Left Neural Foraminal Narrowing,left_neural_foraminal_narrowing,3,242,test,L4/L5,nas_best_convnext3d_3d,ConvNeXt 3D,313,1,,0.5777027027027027,0.1925675675675675,0.3333333333333333,0.2441113490364025,0.5777027027027027,0.5,0.0,0.0777027027027027,True,,,,
ConvNeXt,2.5D-to-3D,LFN,Left Neural Foraminal Narrowing,left_neural_foraminal_narrowing,3,242,test,L5/S1,nas_best_convnext3d_3d,ConvNeXt 3D,313,1,,0.6047297297297297,0.2015765765765765,0.3333333333333333,0.2512280701754386,0.6047297297297297,0.4932432432432432,0.0,0.0979729729729729,True,,,,
ConvNeXt,2.5D-to-3D,LFN,Left Neural Foraminal Narrowing,left_neural_foraminal_narrowing,4,342,train,L1/L2,nas_best_convnext3d_3d,ConvNeXt 3D,313,1,,0.9659666908037654,0.3219888969345885,0.3333333333333333,0.3275629220380601,0.9659666908037654,0.0347574221578566,0.0,0.000724112961622,True,,,,
ConvNeXt,2.5D-to-3D,LFN,Left Neural Foraminal Narrowing,left_neural_foraminal_narrowing,4,342,train,L2/L3,nas_best_convnext3d_3d,ConvNeXt 3D,313,1,,0.9094858797972484,0.3031619599324161,0.3333333333333333,0.3175325496144608,0.9094858797972484,0.0970311368573497,0.0,0.0065170166545981,True,,,,
ConvNeXt,2.5D-to-3D,LFN,Left Neural Foraminal Narrowing,left_neural_foraminal_narrowing,4,342,train,L3/L4,nas_best_convnext3d_3d,ConvNeXt 3D,313,1,,0.776249094858798,0.258749698286266,0.3333333333333333,0.291343932599538,0.776249094858798,0.2425778421433743,0.0,0.0188269370021723,True,,,,
ConvNeXt,2.5D-to-3D,LFN,Left Neural Foraminal Narrowing,left_neural_foraminal_narrowing,4,342,train,L4/L5,nas_best_convnext3d_3d,ConvNeXt 3D,313,1,,0.6227371469949312,0.2075790489983104,0.3333333333333333,0.2558381674847538,0.6227371469949312,0.4540188269370022,0.0,0.0767559739319333,True,,,,
ConvNeXt,2.5D-to-3D,LFN,Left Neural Foraminal Narrowing,left_neural_foraminal_narrowing,4,342,train,L5/S1,nas_best_convnext3d_3d,ConvNeXt 3D,313,1,,0.6321506154960174,0.2107168718320058,0.3333333333333333,0.2582076308784383,0.6321506154960174,0.4721216509775525,0.0,0.1042722664735698,True,,,,
ConvNeXt,2.5D-to-3D,LFN,Left Neural Foraminal Narrowing,left_neural_foraminal_narrowing,4,342,validation,L1/L2,nas_best_convnext3d_3d,ConvNeXt 3D,313,1,,0.9830508474576272,0.3276836158192091,0.3333333333333333,0.3304843304843305,0.9830508474576272,0.0169491525423728,0.0,0.0,True,295,290,5,0
ConvNeXt,2.5D-to-3D,LFN,Left Neural Foraminal Narrowing,left_neural_foraminal_narrowing,4,342,validation,L2/L3,nas_best_convnext3d_3d,ConvNeXt 3D,313,1,,0.9220338983050848,0.3073446327683616,0.3333333333333333,0.3198118753674309,0.9220338983050848,0.0779661016949152,0.0,0.0,True,295,272,23,0
ConvNeXt,2.5D-to-3D,LFN,Left Neural Foraminal Narrowing,left_neural_foraminal_narrowing,4,342,validation,L3/L4,nas_best_convnext3d_3d,ConvNeXt 3D,313,1,,0.7728813559322034,0.2576271186440678,0.3333333333333333,0.2906309751434034,0.7728813559322034,0.2440677966101695,0.0,0.0169491525423728,True,295,228,62,5
ConvNeXt,2.5D-to-3D,LFN,Left Neural Foraminal Narrowing,left_neural_foraminal_narrowing,4,342,validation,L4/L5,nas_best_convnext3d_3d,ConvNeXt 3D,313,1,,0.5525423728813559,0.1841807909604519,0.3333333333333333,0.2372634643377001,0.5525423728813559,0.5016949152542373,0.0,0.0542372881355932,True,295,163,116,16
ConvNeXt,2.5D-to-3D,LFN,Left Neural Foraminal Narrowing,left_neural_foraminal_narrowing,4,342,validation,L5/S1,nas_best_convnext3d_3d,ConvNeXt 3D,313,1,,0.6372881355932203,0.2124293785310734,0.3333333333333333,0.2594893029675638,0.6372881355932203,0.4779661016949152,0.0,0.1152542372881356,True,295,188,73,34
ConvNeXt,2.5D-to-3D,LFN,Left Neural Foraminal Narrowing,left_neural_foraminal_narrowing,4,342,test,L1/L2,nas_best_convnext3d_3d,ConvNeXt 3D,313,1,,0.956081081081081,0.3186936936936936,0.3333333333333333,0.3258491652274035,0.956081081081081,0.0472972972972973,0.0,0.0033783783783783,True,,,,
ConvNeXt,2.5D-to-3D,LFN,Left Neural Foraminal Narrowing,left_neural_foraminal_narrowing,4,342,test,L2/L3,nas_best_convnext3d_3d,ConvNeXt 3D,313,1,,0.8885135135135135,0.2961711711711711,0.3333333333333333,0.3136553369111508,0.8885135135135135,0.1148648648648648,0.0,0.0033783783783783,True,,,,
ConvNeXt,2.5D-to-3D,LFN,Left Neural Foraminal Narrowing,left_neural_foraminal_narrowing,4,342,test,L3/L4,nas_best_convnext3d_3d,ConvNeXt 3D,313,1,,0.75,0.25,0.3333333333333333,0.2857142857142857,0.75,0.2804054054054054,0.0,0.0304054054054054,True,,,,
ConvNeXt,2.5D-to-3D,LFN,Left Neural Foraminal Narrowing,left_neural_foraminal_narrowing,4,342,test,L4/L5,nas_best_convnext3d_3d,ConvNeXt 3D,313,1,,0.6114864864864865,0.2038288288288288,0.3333333333333333,0.2529699510831586,0.6114864864864865,0.4493243243243243,0.0,0.0608108108108108,True,,,,
ConvNeXt,2.5D-to-3D,LFN,Left Neural Foraminal Narrowing,left_neural_foraminal_narrowing,4,342,test,L5/S1,nas_best_convnext3d_3d,ConvNeXt 3D,313,1,,0.6283783783783784,0.2094594594594594,0.3333333333333333,0.2572614107883818,0.6283783783783784,0.4628378378378378,0.0,0.0912162162162162,True,,,,
ConvNeXt,2.5D-to-3D,LFN,Left Neural Foraminal Narrowing,left_neural_foraminal_narrowing,5,442,train,L1/L2,nas_best_convnext3d_3d,ConvNeXt 3D,313,1,,0.9681620839363242,0.3227206946454414,0.3333333333333333,0.3279411764705882,0.9681620839363242,0.0332850940665701,0.0,0.0014471780028943,True,,,,
ConvNeXt,2.5D-to-3D,LFN,Left Neural Foraminal Narrowing,left_neural_foraminal_narrowing,5,442,train,L2/L3,nas_best_convnext3d_3d,ConvNeXt 3D,313,1,,0.9124457308248914,0.3041485769416305,0.3333333333333333,0.3180728969605246,0.9124457308248914,0.0933429811866859,0.0,0.0057887120115774,True,,,,
ConvNeXt,2.5D-to-3D,LFN,Left Neural Foraminal Narrowing,left_neural_foraminal_narrowing,5,442,train,L3/L4,nas_best_convnext3d_3d,ConvNeXt 3D,313,1,,0.76410998552822,0.2547033285094066,0.3333333333333333,0.2887612797374897,0.76410998552822,0.2554269175108538,0.0,0.0195369030390738,True,,,,
ConvNeXt,2.5D-to-3D,LFN,Left Neural Foraminal Narrowing,left_neural_foraminal_narrowing,5,442,train,L4/L5,nas_best_convnext3d_3d,ConvNeXt 3D,313,1,,0.6092619392185239,0.2030873130728413,0.3333333333333333,0.2523980815347721,0.6092619392185239,0.4573082489146165,0.0,0.0665701881331403,True,,,,
ConvNeXt,2.5D-to-3D,LFN,Left Neural Foraminal Narrowing,left_neural_foraminal_narrowing,5,442,train,L5/S1,nas_best_convnext3d_3d,ConvNeXt 3D,313,1,,0.6345875542691751,0.2115291847563917,0.3333333333333333,0.2588165855098126,0.6345875542691751,0.4696092619392185,0.0,0.1041968162083936,True,,,,
ConvNeXt,2.5D-to-3D,LFN,Left Neural Foraminal Narrowing,left_neural_foraminal_narrowing,5,442,validation,L1/L2,nas_best_convnext3d_3d,ConvNeXt 3D,313,1,,0.9695945945945946,0.3231981981981982,0.3333333333333333,0.3281875357347055,0.9695945945945946,0.0304054054054054,0.0,0.0,True,296,287,9,0
ConvNeXt,2.5D-to-3D,LFN,Left Neural Foraminal Narrowing,left_neural_foraminal_narrowing,5,442,validation,L2/L3,nas_best_convnext3d_3d,ConvNeXt 3D,313,1,,0.9121621621621622,0.304054054054054,0.3333333333333333,0.3180212014134275,0.9121621621621622,0.0878378378378378,0.0,0.0,True,296,270,26,0
ConvNeXt,2.5D-to-3D,LFN,Left Neural Foraminal Narrowing,left_neural_foraminal_narrowing,5,442,validation,L3/L4,nas_best_convnext3d_3d,ConvNeXt 3D,313,1,,0.7804054054054054,0.2601351351351351,0.3333333333333333,0.2922201138519924,0.7804054054054054,0.2331081081081081,0.0,0.0135135135135135,True,296,231,61,4
ConvNeXt,2.5D-to-3D,LFN,Left Neural Foraminal Narrowing,left_neural_foraminal_narrowing,5,442,validation,L4/L5,nas_best_convnext3d_3d,ConvNeXt 3D,313,1,,0.597972972972973,0.1993243243243243,0.3333333333333333,0.2494714587737843,0.597972972972973,0.4831081081081081,0.0,0.081081081081081,True,296,177,95,24
ConvNeXt,2.5D-to-3D,LFN,Left Neural Foraminal Narrowing,left_neural_foraminal_narrowing,5,442,validation,L5/S1,nas_best_convnext3d_3d,ConvNeXt 3D,313,1,,0.6216216216216216,0.2072072072072072,0.3333333333333333,0.2555555555555556,0.6216216216216216,0.4966216216216216,0.0,0.1182432432432432,True,296,184,77,35
ConvNeXt,2.5D-to-3D,LFN,Left Neural Foraminal Narrowing,left_neural_foraminal_narrowing,5,442,test,L1/L2,nas_best_convnext3d_3d,ConvNeXt 3D,313,1,,0.9591836734693876,0.3197278911564625,0.3333333333333333,0.3263888888888889,0.9591836734693876,0.0408163265306122,0.0,0.0,True,,,,
ConvNeXt,2.5D-to-3D,LFN,Left Neural Foraminal Narrowing,left_neural_foraminal_narrowing,5,442,test,L2/L3,nas_best_convnext3d_3d,ConvNeXt 3D,313,1,,0.8843537414965986,0.2947845804988662,0.3333333333333333,0.3128760529482551,0.8843537414965986,0.1224489795918367,0.0,0.0068027210884353,True,,,,
ConvNeXt,2.5D-to-3D,LFN,Left Neural Foraminal Narrowing,left_neural_foraminal_narrowing,5,442,test,L3/L4,nas_best_convnext3d_3d,ConvNeXt 3D,313,1,,0.7993197278911565,0.2664399092970521,0.3333333333333333,0.2961562696912413,0.7993197278911565,0.2312925170068027,0.0,0.0306122448979591,True,,,,
ConvNeXt,2.5D-to-3D,LFN,Left Neural Foraminal Narrowing,left_neural_foraminal_narrowing,5,442,test,L4/L5,nas_best_convnext3d_3d,ConvNeXt 3D,313,1,,0.6292517006802721,0.209750566893424,0.3333333333333333,0.2574808629088378,0.6292517006802721,0.4523809523809524,0.0,0.0816326530612244,True,,,,
ConvNeXt,2.5D-to-3D,LFN,Left Neural Foraminal Narrowing,left_neural_foraminal_narrowing,5,442,test,L5/S1,nas_best_convnext3d_3d,ConvNeXt 3D,313,1,,0.6326530612244898,0.2108843537414966,0.3333333333333333,0.2583333333333333,0.6326530612244898,0.4557823129251701,0.0,0.0884353741496598,True,,,,
ConvNeXt,2.5D-to-3D,LSS,Left Subarticular Stenosis,left_subarticular_stenosis,1,42,train,L1/L2,nas_best_convnext3d_3d,ConvNeXt 3D,362,1,,0.9314741035856574,0.3104913678618858,0.3333333333333333,0.3215071507150715,0.9314741035856574,0.0836653386454183,0.0,0.0151394422310756,True,,,,
ConvNeXt,2.5D-to-3D,LSS,Left Subarticular Stenosis,left_subarticular_stenosis,1,42,train,L2/L3,nas_best_convnext3d_3d,ConvNeXt 3D,362,1,,0.8191235059760956,0.2730411686586985,0.3333333333333333,0.3001898087312016,0.8191235059760956,0.2254980079681275,0.0,0.0446215139442231,True,,,,
ConvNeXt,2.5D-to-3D,LSS,Left Subarticular Stenosis,left_subarticular_stenosis,1,42,train,L3/L4,nas_best_convnext3d_3d,ConvNeXt 3D,362,1,,0.6677290836653387,0.2225763612217795,0.3333333333333333,0.2669214843127886,0.6677290836653387,0.4318725099601593,0.0,0.099601593625498,True,,,,
ConvNeXt,2.5D-to-3D,LSS,Left Subarticular Stenosis,left_subarticular_stenosis,1,42,train,L4/L5,nas_best_convnext3d_3d,ConvNeXt 3D,362,1,,0.4661354581673306,0.1553784860557769,0.3333333333333333,0.2119565217391304,0.4661354581673306,0.749800796812749,0.0,0.2159362549800796,True,,,,
ConvNeXt,2.5D-to-3D,LSS,Left Subarticular Stenosis,left_subarticular_stenosis,1,42,train,L5/S1,nas_best_convnext3d_3d,ConvNeXt 3D,362,1,,0.7219123505976096,0.2406374501992032,0.3333333333333333,0.2795002313743637,0.7219123505976096,0.3553784860557769,0.0,0.0772908366533864,True,,,,
ConvNeXt,2.5D-to-3D,LSS,Left Subarticular Stenosis,left_subarticular_stenosis,1,42,validation,L1/L2,nas_best_convnext3d_3d,ConvNeXt 3D,362,1,,0.9487179487179488,0.3162393162393162,0.3333333333333333,0.3245614035087719,0.9487179487179488,0.0659340659340659,0.0,0.0146520146520146,True,273,259,10,4
ConvNeXt,2.5D-to-3D,LSS,Left Subarticular Stenosis,left_subarticular_stenosis,1,42,validation,L2/L3,nas_best_convnext3d_3d,ConvNeXt 3D,362,1,,0.8315018315018315,0.2771672771672772,0.3333333333333333,0.3026666666666667,0.8315018315018315,0.2271062271062271,0.0,0.0586080586080586,True,273,227,30,16
ConvNeXt,2.5D-to-3D,LSS,Left Subarticular Stenosis,left_subarticular_stenosis,1,42,validation,L3/L4,nas_best_convnext3d_3d,ConvNeXt 3D,362,1,,0.706959706959707,0.2356532356532356,0.3333333333333333,0.2761087267525036,0.706959706959707,0.3736263736263736,0.0,0.0805860805860805,True,273,193,58,22
ConvNeXt,2.5D-to-3D,LSS,Left Subarticular Stenosis,left_subarticular_stenosis,1,42,validation,L4/L5,nas_best_convnext3d_3d,ConvNeXt 3D,362,1,,0.4578754578754578,0.1526251526251526,0.3333333333333333,0.2093802345058626,0.4578754578754578,0.7912087912087912,0.0,0.2490842490842491,True,273,125,80,68
ConvNeXt,2.5D-to-3D,LSS,Left Subarticular Stenosis,left_subarticular_stenosis,1,42,validation,L5/S1,nas_best_convnext3d_3d,ConvNeXt 3D,362,1,,0.6923076923076923,0.2307692307692307,0.3333333333333333,0.2727272727272727,0.6923076923076923,0.3736263736263736,0.0,0.0659340659340659,True,273,189,66,18
ConvNeXt,2.5D-to-3D,LSS,Left Subarticular Stenosis,left_subarticular_stenosis,1,42,test,L1/L2,nas_best_convnext3d_3d,ConvNeXt 3D,362,1,,0.937037037037037,0.3123456790123456,0.3333333333333333,0.3224984066284257,0.937037037037037,0.074074074074074,0.0,0.0111111111111111,True,,,,
ConvNeXt,2.5D-to-3D,LSS,Left Subarticular Stenosis,left_subarticular_stenosis,1,42,test,L2/L3,nas_best_convnext3d_3d,ConvNeXt 3D,362,1,,0.8444444444444444,0.2814814814814815,0.3333333333333333,0.3052208835341365,0.8444444444444444,0.1814814814814815,0.0,0.0259259259259259,True,,,,
ConvNeXt,2.5D-to-3D,LSS,Left Subarticular Stenosis,left_subarticular_stenosis,1,42,test,L3/L4,nas_best_convnext3d_3d,ConvNeXt 3D,362,1,,0.7222222222222222,0.2407407407407407,0.3333333333333333,0.2795698924731183,0.7222222222222222,0.3592592592592593,0.0,0.0814814814814814,True,,,,
ConvNeXt,2.5D-to-3D,LSS,Left Subarticular Stenosis,left_subarticular_stenosis,1,42,test,L4/L5,nas_best_convnext3d_3d,ConvNeXt 3D,362,1,,0.4703703703703704,0.1567901234567901,0.3333333333333333,0.2132661628883291,0.4703703703703704,0.7777777777777778,0.0,0.2481481481481481,True,,,,
ConvNeXt,2.5D-to-3D,LSS,Left Subarticular Stenosis,left_subarticular_stenosis,1,42,test,L5/S1,nas_best_convnext3d_3d,ConvNeXt 3D,362,1,,0.7148148148148148,0.2382716049382716,0.3333333333333333,0.2778977681785457,0.7148148148148148,0.3592592592592593,0.0,0.074074074074074,True,,,,
ConvNeXt,2.5D-to-3D,LSS,Left Subarticular Stenosis,left_subarticular_stenosis,2,142,train,L1/L2,nas_best_convnext3d_3d,ConvNeXt 3D,362,1,,0.939297124600639,0.3130990415335463,0.3333333333333333,0.3228995057660626,0.939297124600639,0.0742811501597444,0.0,0.0135782747603833,True,,,,
ConvNeXt,2.5D-to-3D,LSS,Left Subarticular Stenosis,left_subarticular_stenosis,2,142,train,L2/L3,nas_best_convnext3d_3d,ConvNeXt 3D,362,1,,0.8258785942492013,0.2752928647497337,0.3333333333333333,0.3015456401283173,0.8258785942492013,0.2164536741214057,0.0,0.042332268370607,True,,,,
ConvNeXt,2.5D-to-3D,LSS,Left Subarticular Stenosis,left_subarticular_stenosis,2,142,train,L3/L4,nas_best_convnext3d_3d,ConvNeXt 3D,362,1,,0.6876996805111821,0.2292332268370607,0.3333333333333333,0.2716516800757217,0.6876996805111821,0.40814696485623,0.0,0.0958466453674121,True,,,,
ConvNeXt,2.5D-to-3D,LSS,Left Subarticular Stenosis,left_subarticular_stenosis,2,142,train,L4/L5,nas_best_convnext3d_3d,ConvNeXt 3D,362,1,,0.4776357827476038,0.1592119275825346,0.3333333333333333,0.2154954954954955,0.4776357827476038,0.7412140575079872,0.0,0.218849840255591,True,,,,
ConvNeXt,2.5D-to-3D,LSS,Left Subarticular Stenosis,left_subarticular_stenosis,2,142,train,L5/S1,nas_best_convnext3d_3d,ConvNeXt 3D,362,1,,0.7172523961661342,0.239084132055378,0.3333333333333333,0.2784496124031008,0.7172523961661342,0.3586261980830671,0.0,0.0758785942492012,True,,,,
ConvNeXt,2.5D-to-3D,LSS,Left Subarticular Stenosis,left_subarticular_stenosis,2,142,validation,L1/L2,nas_best_convnext3d_3d,ConvNeXt 3D,362,1,,0.9413919413919414,0.3137973137973138,0.3333333333333333,0.3232704402515723,0.9413919413919414,0.0695970695970696,0.0,0.0109890109890109,True,273,257,13,3
ConvNeXt,2.5D-to-3D,LSS,Left Subarticular Stenosis,left_subarticular_stenosis,2,142,validation,L2/L3,nas_best_convnext3d_3d,ConvNeXt 3D,362,1,,0.8534798534798534,0.2844932844932845,0.3333333333333333,0.3069828722002635,0.8534798534798534,0.1794871794871795,0.0,0.0329670329670329,True,273,233,31,9
ConvNeXt,2.5D-to-3D,LSS,Left Subarticular Stenosis,left_subarticular_stenosis,2,142,validation,L3/L4,nas_best_convnext3d_3d,ConvNeXt 3D,362,1,,0.684981684981685,0.2283272283272283,0.3333333333333333,0.2710144927536231,0.684981684981685,0.3919413919413919,0.0,0.0769230769230769,True,273,187,65,21
ConvNeXt,2.5D-to-3D,LSS,Left Subarticular Stenosis,left_subarticular_stenosis,2,142,validation,L4/L5,nas_best_convnext3d_3d,ConvNeXt 3D,362,1,,0.4285714285714285,0.1428571428571428,0.3333333333333333,0.1999999999999999,0.4285714285714285,0.8021978021978022,0.0,0.2307692307692307,True,273,117,93,63
ConvNeXt,2.5D-to-3D,LSS,Left Subarticular Stenosis,left_subarticular_stenosis,2,142,validation,L5/S1,nas_best_convnext3d_3d,ConvNeXt 3D,362,1,,0.7435897435897436,0.2478632478632478,0.3333333333333333,0.284313725490196,0.7435897435897436,0.3296703296703296,0.0,0.0732600732600732,True,273,203,50,20
ConvNeXt,2.5D-to-3D,LSS,Left Subarticular Stenosis,left_subarticular_stenosis,2,142,test,L1/L2,nas_best_convnext3d_3d,ConvNeXt 3D,362,1,,0.9084249084249084,0.3028083028083028,0.3333333333333333,0.3173384516954574,0.9084249084249084,0.1135531135531135,0.0,0.0219780219780219,True,,,,
ConvNeXt,2.5D-to-3D,LSS,Left Subarticular Stenosis,left_subarticular_stenosis,2,142,test,L2/L3,nas_best_convnext3d_3d,ConvNeXt 3D,362,1,,0.7912087912087912,0.2637362637362637,0.3333333333333333,0.294478527607362,0.7912087912087912,0.271062271062271,0.0,0.0622710622710622,True,,,,
ConvNeXt,2.5D-to-3D,LSS,Left Subarticular Stenosis,left_subarticular_stenosis,2,142,test,L3/L4,nas_best_convnext3d_3d,ConvNeXt 3D,362,1,,0.652014652014652,0.2173382173382173,0.3333333333333333,0.2631189948263119,0.652014652014652,0.4505494505494505,0.0,0.1025641025641025,True,,,,
ConvNeXt,2.5D-to-3D,LSS,Left Subarticular Stenosis,left_subarticular_stenosis,2,142,test,L4/L5,nas_best_convnext3d_3d,ConvNeXt 3D,362,1,,0.4468864468864469,0.1489621489621489,0.3333333333333333,0.2059071729957805,0.4468864468864469,0.8058608058608059,0.0,0.2527472527472527,True,,,,
ConvNeXt,2.5D-to-3D,LSS,Left Subarticular Stenosis,left_subarticular_stenosis,2,142,test,L5/S1,nas_best_convnext3d_3d,ConvNeXt 3D,362,1,,0.684981684981685,0.2283272283272283,0.3333333333333333,0.2710144927536231,0.684981684981685,0.3882783882783883,0.0,0.0732600732600732,True,,,,
ConvNeXt,2.5D-to-3D,LSS,Left Subarticular Stenosis,left_subarticular_stenosis,3,242,train,L1/L2,nas_best_convnext3d_3d,ConvNeXt 3D,362,1,,0.931691818903892,0.3105639396346306,0.3333333333333333,0.3215460526315789,0.931691818903892,0.0833995234312946,0.0,0.0150913423351866,True,,,,
ConvNeXt,2.5D-to-3D,LSS,Left Subarticular Stenosis,left_subarticular_stenosis,3,242,train,L2/L3,nas_best_convnext3d_3d,ConvNeXt 3D,362,1,,0.8220810166799047,0.2740270055599682,0.3333333333333333,0.3007846556233653,0.8220810166799047,0.2263701350277998,0.0,0.0484511517077045,True,,,,
ConvNeXt,2.5D-to-3D,LSS,Left Subarticular Stenosis,left_subarticular_stenosis,3,242,train,L3/L4,nas_best_convnext3d_3d,ConvNeXt 3D,362,1,,0.6822875297855441,0.2274291765951813,0.3333333333333333,0.2703808624488511,0.6822875297855441,0.4130262112787927,0.0,0.0953137410643367,True,,,,
ConvNeXt,2.5D-to-3D,LSS,Left Subarticular Stenosis,left_subarticular_stenosis,3,242,train,L4/L5,nas_best_convnext3d_3d,ConvNeXt 3D,362,1,,0.4741858617950754,0.1580619539316918,0.3333333333333333,0.2144396551724137,0.4741858617950754,0.7466243050039714,0.0,0.2208101667990468,True,,,,
ConvNeXt,2.5D-to-3D,LSS,Left Subarticular Stenosis,left_subarticular_stenosis,3,242,train,L5/S1,nas_best_convnext3d_3d,ConvNeXt 3D,362,1,,0.7124702144559174,0.2374900714853058,0.3333333333333333,0.2773654916512059,0.7124702144559174,0.3653693407466243,0.0,0.0778395552025417,True,,,,
ConvNeXt,2.5D-to-3D,LSS,Left Subarticular Stenosis,left_subarticular_stenosis,3,242,validation,L1/L2,nas_best_convnext3d_3d,ConvNeXt 3D,362,1,,0.9365671641791044,0.3121890547263681,0.3333333333333333,0.3224149004495825,0.9365671641791044,0.085820895522388,0.0,0.0223880597014925,True,268,251,11,6
ConvNeXt,2.5D-to-3D,LSS,Left Subarticular Stenosis,left_subarticular_stenosis,3,242,validation,L2/L3,nas_best_convnext3d_3d,ConvNeXt 3D,362,1,,0.8246268656716418,0.2748756218905472,0.3333333333333333,0.3012951601908657,0.8246268656716418,0.208955223880597,0.0,0.0335820895522388,True,268,221,38,9
ConvNeXt,2.5D-to-3D,LSS,Left Subarticular Stenosis,left_subarticular_stenosis,3,242,validation,L3/L4,nas_best_convnext3d_3d,ConvNeXt 3D,362,1,,0.7014925373134329,0.2338308457711443,0.3333333333333333,0.2748538011695906,0.7014925373134329,0.3843283582089552,0.0,0.085820895522388,True,268,188,57,23
ConvNeXt,2.5D-to-3D,LSS,Left Subarticular Stenosis,left_subarticular_stenosis,3,242,validation,L4/L5,nas_best_convnext3d_3d,ConvNeXt 3D,362,1,,0.4253731343283582,0.1417910447761194,0.3333333333333333,0.1989528795811518,0.4253731343283582,0.8022388059701493,0.0,0.2276119402985074,True,268,114,93,61
ConvNeXt,2.5D-to-3D,LSS,Left Subarticular Stenosis,left_subarticular_stenosis,3,242,validation,L5/S1,nas_best_convnext3d_3d,ConvNeXt 3D,362,1,,0.7350746268656716,0.2450248756218905,0.3333333333333333,0.2824372759856631,0.7350746268656716,0.3283582089552239,0.0,0.0634328358208955,True,268,197,54,17
ConvNeXt,2.5D-to-3D,LSS,Left Subarticular Stenosis,left_subarticular_stenosis,3,242,test,L1/L2,nas_best_convnext3d_3d,ConvNeXt 3D,362,1,,0.948339483394834,0.3161131611316113,0.3333333333333333,0.3244949494949495,0.948339483394834,0.055350553505535,0.0,0.003690036900369,True,,,,
ConvNeXt,2.5D-to-3D,LSS,Left Subarticular Stenosis,left_subarticular_stenosis,3,242,test,L2/L3,nas_best_convnext3d_3d,ConvNeXt 3D,362,1,,0.8376383763837638,0.2792127921279212,0.3333333333333333,0.3038821954484605,0.8376383763837638,0.1955719557195571,0.0,0.033210332103321,True,,,,
ConvNeXt,2.5D-to-3D,LSS,Left Subarticular Stenosis,left_subarticular_stenosis,3,242,test,L3/L4,nas_best_convnext3d_3d,ConvNeXt 3D,362,1,,0.6605166051660517,0.2201722017220172,0.3333333333333333,0.2651851851851852,0.6605166051660517,0.4354243542435424,0.0,0.0959409594095941,True,,,,
ConvNeXt,2.5D-to-3D,LSS,Left Subarticular Stenosis,left_subarticular_stenosis,3,242,test,L4/L5,nas_best_convnext3d_3d,ConvNeXt 3D,362,1,,0.4649446494464944,0.1549815498154981,0.3333333333333333,0.2115869017632241,0.4649446494464944,0.7822878228782287,0.0,0.2472324723247232,True,,,,
ConvNeXt,2.5D-to-3D,LSS,Left Subarticular Stenosis,left_subarticular_stenosis,3,242,test,L5/S1,nas_best_convnext3d_3d,ConvNeXt 3D,362,1,,0.7158671586715867,0.2386223862238622,0.3333333333333333,0.2781362007168458,0.7158671586715867,0.3579335793357933,0.0,0.07380073800738,True,,,,
ConvNeXt,2.5D-to-3D,LSS,Left Subarticular Stenosis,left_subarticular_stenosis,4,342,train,L1/L2,nas_best_convnext3d_3d,ConvNeXt 3D,362,1,,0.9357652656621728,0.3119217552207243,0.3333333333333333,0.3222722927761846,0.9357652656621728,0.0785091197462331,0.0,0.014274385408406,True,,,,
ConvNeXt,2.5D-to-3D,LSS,Left Subarticular Stenosis,left_subarticular_stenosis,4,342,train,L2/L3,nas_best_convnext3d_3d,ConvNeXt 3D,362,1,,0.8215701823949246,0.2738567274649748,0.3333333333333333,0.3006820490494848,0.8215701823949246,0.2212529738302934,0.0,0.042823156225218,True,,,,
ConvNeXt,2.5D-to-3D,LSS,Left Subarticular Stenosis,left_subarticular_stenosis,4,342,train,L3/L4,nas_best_convnext3d_3d,ConvNeXt 3D,362,1,,0.6819984139571769,0.2273328046523922,0.3333333333333333,0.2703127455602703,0.6819984139571769,0.4147501982553529,0.0,0.0967486122125297,True,,,,
ConvNeXt,2.5D-to-3D,LSS,Left Subarticular Stenosis,left_subarticular_stenosis,4,342,train,L4/L5,nas_best_convnext3d_3d,ConvNeXt 3D,362,1,,0.4694686756542426,0.1564895585514142,0.3333333333333333,0.212987947472567,0.4694686756542426,0.7557494052339413,0.0,0.2252180808881839,True,,,,
ConvNeXt,2.5D-to-3D,LSS,Left Subarticular Stenosis,left_subarticular_stenosis,4,342,train,L5/S1,nas_best_convnext3d_3d,ConvNeXt 3D,362,1,,0.711340206185567,0.2371134020618557,0.3333333333333333,0.2771084337349397,0.711340206185567,0.3576526566217288,0.0,0.0689928628072958,True,,,,
ConvNeXt,2.5D-to-3D,LSS,Left Subarticular Stenosis,left_subarticular_stenosis,4,342,validation,L1/L2,nas_best_convnext3d_3d,ConvNeXt 3D,362,1,,0.9301470588235294,0.3100490196078431,0.3333333333333333,0.3212698412698412,0.9301470588235294,0.0919117647058823,0.0,0.0220588235294117,True,272,253,13,6
ConvNeXt,2.5D-to-3D,LSS,Left Subarticular Stenosis,left_subarticular_stenosis,4,342,validation,L2/L3,nas_best_convnext3d_3d,ConvNeXt 3D,362,1,,0.8198529411764706,0.2732843137254901,0.3333333333333333,0.3003367003367003,0.8198529411764706,0.2242647058823529,0.0,0.0441176470588235,True,272,223,37,12
ConvNeXt,2.5D-to-3D,LSS,Left Subarticular Stenosis,left_subarticular_stenosis,4,342,validation,L3/L4,nas_best_convnext3d_3d,ConvNeXt 3D,362,1,,0.6875,0.2291666666666666,0.3333333333333333,0.2716049382716049,0.6875,0.4044117647058823,0.0,0.0919117647058823,True,272,187,60,25
ConvNeXt,2.5D-to-3D,LSS,Left Subarticular Stenosis,left_subarticular_stenosis,4,342,validation,L4/L5,nas_best_convnext3d_3d,ConvNeXt 3D,362,1,,0.4338235294117647,0.1446078431372549,0.3333333333333333,0.2017094017094017,0.4338235294117647,0.7757352941176471,0.0,0.2095588235294117,True,272,118,97,57
ConvNeXt,2.5D-to-3D,LSS,Left Subarticular Stenosis,left_subarticular_stenosis,4,342,validation,L5/S1,nas_best_convnext3d_3d,ConvNeXt 3D,362,1,,0.7316176470588235,0.2438725490196078,0.3333333333333333,0.2816702052370842,0.7316176470588235,0.3492647058823529,0.0,0.0808823529411764,True,272,199,51,22
ConvNeXt,2.5D-to-3D,LSS,Left Subarticular Stenosis,left_subarticular_stenosis,4,342,test,L1/L2,nas_best_convnext3d_3d,ConvNeXt 3D,362,1,,0.9358490566037736,0.3119496855345912,0.3333333333333333,0.3222871994801819,0.9358490566037736,0.0716981132075471,0.0,0.0075471698113207,True,,,,
ConvNeXt,2.5D-to-3D,LSS,Left Subarticular Stenosis,left_subarticular_stenosis,4,342,test,L2/L3,nas_best_convnext3d_3d,ConvNeXt 3D,362,1,,0.8452830188679246,0.2817610062893081,0.3333333333333333,0.305385139740968,0.8452830188679246,0.2037735849056604,0.0,0.0490566037735849,True,,,,
ConvNeXt,2.5D-to-3D,LSS,Left Subarticular Stenosis,left_subarticular_stenosis,4,342,test,L3/L4,nas_best_convnext3d_3d,ConvNeXt 3D,362,1,,0.6754716981132075,0.2251572327044025,0.3333333333333333,0.2687687687687687,0.6754716981132075,0.4075471698113208,0.0,0.0830188679245283,True,,,,
ConvNeXt,2.5D-to-3D,LSS,Left Subarticular Stenosis,left_subarticular_stenosis,4,342,test,L4/L5,nas_best_convnext3d_3d,ConvNeXt 3D,362,1,,0.4792452830188679,0.1597484276729559,0.3333333333333333,0.2159863945578231,0.4792452830188679,0.7660377358490567,0.0,0.2452830188679245,True,,,,
ConvNeXt,2.5D-to-3D,LSS,Left Subarticular Stenosis,left_subarticular_stenosis,4,342,test,L5/S1,nas_best_convnext3d_3d,ConvNeXt 3D,362,1,,0.7245283018867924,0.2415094339622641,0.3333333333333333,0.2800875273522976,0.7245283018867924,0.3735849056603773,0.0,0.0981132075471698,True,,,,
ConvNeXt,2.5D-to-3D,LSS,Left Subarticular Stenosis,left_subarticular_stenosis,5,442,train,L1/L2,nas_best_convnext3d_3d,ConvNeXt 3D,362,1,,0.9356120826709062,0.3118706942236354,0.3333333333333333,0.3222450376454483,0.9356120826709062,0.0786963434022257,0.0,0.0143084260731319,True,,,,
ConvNeXt,2.5D-to-3D,LSS,Left Subarticular Stenosis,left_subarticular_stenosis,5,442,train,L2/L3,nas_best_convnext3d_3d,ConvNeXt 3D,362,1,,0.829093799682035,0.2763645998940117,0.3333333333333333,0.3021874547298276,0.829093799682035,0.2146263910969793,0.0,0.0437201907790143,True,,,,
ConvNeXt,2.5D-to-3D,LSS,Left Subarticular Stenosis,left_subarticular_stenosis,5,442,train,L3/L4,nas_best_convnext3d_3d,ConvNeXt 3D,362,1,,0.6915739268680445,0.2305246422893482,0.3333333333333333,0.2725563909774436,0.6915739268680445,0.4085850556438791,0.0,0.1001589825119236,True,,,,
ConvNeXt,2.5D-to-3D,LSS,Left Subarticular Stenosis,left_subarticular_stenosis,5,442,train,L4/L5,nas_best_convnext3d_3d,ConvNeXt 3D,362,1,,0.4697933227344992,0.156597774244833,0.3333333333333333,0.2130881557598702,0.4697933227344992,0.7543720190779014,0.0,0.2241653418124006,True,,,,
ConvNeXt,2.5D-to-3D,LSS,Left Subarticular Stenosis,left_subarticular_stenosis,5,442,train,L5/S1,nas_best_convnext3d_3d,ConvNeXt 3D,362,1,,0.71939586645469,0.2397986221515633,0.3333333333333333,0.2789335799044537,0.71939586645469,0.3608903020667726,0.0,0.0802861685214626,True,,,,
ConvNeXt,2.5D-to-3D,LSS,Left Subarticular Stenosis,left_subarticular_stenosis,5,442,validation,L1/L2,nas_best_convnext3d_3d,ConvNeXt 3D,362,1,,0.937037037037037,0.3123456790123456,0.3333333333333333,0.3224984066284257,0.937037037037037,0.0666666666666666,0.0,0.0037037037037037,True,270,253,16,1
ConvNeXt,2.5D-to-3D,LSS,Left Subarticular Stenosis,left_subarticular_stenosis,5,442,validation,L2/L3,nas_best_convnext3d_3d,ConvNeXt 3D,362,1,,0.8222222222222222,0.2740740740740741,0.3333333333333333,0.3008130081300813,0.8222222222222222,0.2222222222222222,0.0,0.0444444444444444,True,270,222,36,12
ConvNeXt,2.5D-to-3D,LSS,Left Subarticular Stenosis,left_subarticular_stenosis,5,442,validation,L3/L4,nas_best_convnext3d_3d,ConvNeXt 3D,362,1,,0.6481481481481481,0.2160493827160493,0.3333333333333333,0.2621722846441948,0.6481481481481481,0.4444444444444444,0.0,0.0925925925925925,True,270,175,70,25
ConvNeXt,2.5D-to-3D,LSS,Left Subarticular Stenosis,left_subarticular_stenosis,5,442,validation,L4/L5,nas_best_convnext3d_3d,ConvNeXt 3D,362,1,,0.4518518518518518,0.1506172839506172,0.3333333333333333,0.2074829931972789,0.4518518518518518,0.7666666666666667,0.0,0.2185185185185185,True,270,122,89,59
ConvNeXt,2.5D-to-3D,LSS,Left Subarticular Stenosis,left_subarticular_stenosis,5,442,validation,L5/S1,nas_best_convnext3d_3d,ConvNeXt 3D,362,1,,0.6888888888888889,0.2296296296296296,0.3333333333333333,0.2719298245614035,0.6888888888888889,0.3592592592592593,0.0,0.0481481481481481,True,270,186,71,13
ConvNeXt,2.5D-to-3D,LSS,Left Subarticular Stenosis,left_subarticular_stenosis,5,442,test,L1/L2,nas_best_convnext3d_3d,ConvNeXt 3D,362,1,,0.9296296296296296,0.3098765432098765,0.3333333333333333,0.3211772232885476,0.9296296296296296,0.0962962962962963,0.0,0.0259259259259259,True,,,,
ConvNeXt,2.5D-to-3D,LSS,Left Subarticular Stenosis,left_subarticular_stenosis,5,442,test,L2/L3,nas_best_convnext3d_3d,ConvNeXt 3D,362,1,,0.8074074074074075,0.2691358024691358,0.3333333333333333,0.2978142076502732,0.8074074074074075,0.237037037037037,0.0,0.0444444444444444,True,,,,
ConvNeXt,2.5D-to-3D,LSS,Left Subarticular Stenosis,left_subarticular_stenosis,5,442,test,L3/L4,nas_best_convnext3d_3d,ConvNeXt 3D,362,1,,0.6703703703703704,0.2234567901234568,0.3333333333333333,0.2675535846267553,0.6703703703703704,0.3962962962962963,0.0,0.0666666666666666,True,,,,
ConvNeXt,2.5D-to-3D,LSS,Left Subarticular Stenosis,left_subarticular_stenosis,5,442,test,L4/L5,nas_best_convnext3d_3d,ConvNeXt 3D,362,1,,0.4592592592592592,0.1530864197530864,0.3333333333333333,0.2098138747884941,0.4592592592592592,0.7814814814814814,0.0,0.2407407407407407,True,,,,
ConvNeXt,2.5D-to-3D,LSS,Left Subarticular Stenosis,left_subarticular_stenosis,5,442,test,L5/S1,nas_best_convnext3d_3d,ConvNeXt 3D,362,1,,0.7296296296296296,0.2432098765432098,0.3333333333333333,0.2812276945039257,0.7296296296296296,0.3481481481481481,0.0,0.0777777777777777,True,,,,
ConvNeXt,2.5D-to-3D,RFN,Right Neural Foraminal Narrowing,right_neural_foraminal_narrowing,1,42,train,L1/L2,nas_best_convnext3d_3d,ConvNeXt 3D,371,1,,0.9606700655498908,0.3202233551832969,0.3333333333333333,0.3266468548786528,0.9606700655498908,0.0451565914056809,0.0,0.0058266569555717,True,,,,
ConvNeXt,2.5D-to-3D,RFN,Right Neural Foraminal Narrowing,right_neural_foraminal_narrowing,1,42,train,L2/L3,nas_best_convnext3d_3d,ConvNeXt 3D,371,1,,0.9104151493080844,0.3034717164360281,0.3333333333333333,0.3177023764137756,0.9104151493080844,0.0924981791697013,0.0,0.0029133284777858,True,,,,
ConvNeXt,2.5D-to-3D,RFN,Right Neural Foraminal Narrowing,right_neural_foraminal_narrowing,1,42,train,L3/L4,nas_best_convnext3d_3d,ConvNeXt 3D,371,1,,0.775673707210488,0.258557902403496,0.3333333333333333,0.2912223133716161,0.775673707210488,0.2403495994173343,0.0,0.0160233066278222,True,,,,
ConvNeXt,2.5D-to-3D,RFN,Right Neural Foraminal Narrowing,right_neural_foraminal_narrowing,1,42,train,L4/L5,nas_best_convnext3d_3d,ConvNeXt 3D,371,1,,0.616897305171158,0.2056324350570526,0.3333333333333333,0.2543543543543543,0.616897305171158,0.4450109249817917,0.0,0.0619082301529497,True,,,,
ConvNeXt,2.5D-to-3D,RFN,Right Neural Foraminal Narrowing,right_neural_foraminal_narrowing,1,42,train,L5/S1,nas_best_convnext3d_3d,ConvNeXt 3D,371,1,,0.6489439184268027,0.2163146394756009,0.3333333333333333,0.2623674911660777,0.6489439184268027,0.4508375819373634,0.0,0.099781500364166,True,,,,
ConvNeXt,2.5D-to-3D,RFN,Right Neural Foraminal Narrowing,right_neural_foraminal_narrowing,1,42,validation,L1/L2,nas_best_convnext3d_3d,ConvNeXt 3D,371,1,,0.9594594594594594,0.3198198198198198,0.3333333333333333,0.3264367816091953,0.9594594594594594,0.0472972972972973,0.0,0.0067567567567567,True,296,284,10,2
ConvNeXt,2.5D-to-3D,RFN,Right Neural Foraminal Narrowing,right_neural_foraminal_narrowing,1,42,validation,L2/L3,nas_best_convnext3d_3d,ConvNeXt 3D,371,1,,0.9087837837837838,0.3029279279279279,0.3333333333333333,0.3174041297935103,0.9087837837837838,0.0945945945945946,0.0,0.0033783783783783,True,296,269,26,1
ConvNeXt,2.5D-to-3D,RFN,Right Neural Foraminal Narrowing,right_neural_foraminal_narrowing,1,42,validation,L3/L4,nas_best_convnext3d_3d,ConvNeXt 3D,371,1,,0.7398648648648649,0.2466216216216216,0.3333333333333333,0.283495145631068,0.7398648648648649,0.2905405405405405,0.0,0.0304054054054054,True,296,219,68,9
ConvNeXt,2.5D-to-3D,RFN,Right Neural Foraminal Narrowing,right_neural_foraminal_narrowing,1,42,validation,L4/L5,nas_best_convnext3d_3d,ConvNeXt 3D,371,1,,0.6047297297297297,0.2015765765765765,0.3333333333333333,0.2512280701754386,0.6047297297297297,0.4831081081081081,0.0,0.0878378378378378,True,296,179,91,26
ConvNeXt,2.5D-to-3D,RFN,Right Neural Foraminal Narrowing,right_neural_foraminal_narrowing,1,42,validation,L5/S1,nas_best_convnext3d_3d,ConvNeXt 3D,371,1,,0.6587837837837838,0.2195945945945946,0.3333333333333333,0.2647657841140529,0.6587837837837838,0.4324324324324324,0.0,0.0912162162162162,True,296,195,74,27
ConvNeXt,2.5D-to-3D,RFN,Right Neural Foraminal Narrowing,right_neural_foraminal_narrowing,1,42,test,L1/L2,nas_best_convnext3d_3d,ConvNeXt 3D,371,1,,0.9662162162162162,0.322072072072072,0.3333333333333333,0.3276059564719358,0.9662162162162162,0.0439189189189189,0.0,0.0101351351351351,True,,,,
ConvNeXt,2.5D-to-3D,RFN,Right Neural Foraminal Narrowing,right_neural_foraminal_narrowing,1,42,test,L2/L3,nas_best_convnext3d_3d,ConvNeXt 3D,371,1,,0.9222972972972971,0.3074324324324324,0.3333333333333333,0.3198594024604569,0.9222972972972971,0.081081081081081,0.0,0.0033783783783783,True,,,,
ConvNeXt,2.5D-to-3D,RFN,Right Neural Foraminal Narrowing,right_neural_foraminal_narrowing,1,42,test,L3/L4,nas_best_convnext3d_3d,ConvNeXt 3D,371,1,,0.7702702702702703,0.2567567567567567,0.3333333333333333,0.2900763358778626,0.7702702702702703,0.2567567567567567,0.0,0.027027027027027,True,,,,
ConvNeXt,2.5D-to-3D,RFN,Right Neural Foraminal Narrowing,right_neural_foraminal_narrowing,1,42,test,L4/L5,nas_best_convnext3d_3d,ConvNeXt 3D,371,1,,0.6148648648648649,0.2049549549549549,0.3333333333333333,0.2538354253835425,0.6148648648648649,0.4493243243243243,0.0,0.0641891891891891,True,,,,
ConvNeXt,2.5D-to-3D,RFN,Right Neural Foraminal Narrowing,right_neural_foraminal_narrowing,1,42,test,L5/S1,nas_best_convnext3d_3d,ConvNeXt 3D,371,1,,0.6554054054054054,0.2184684684684684,0.3333333333333333,0.2639455782312925,0.6554054054054054,0.4324324324324324,0.0,0.0878378378378378,True,,,,
ConvNeXt,2.5D-to-3D,RFN,Right Neural Foraminal Narrowing,right_neural_foraminal_narrowing,2,142,train,L1/L2,nas_best_convnext3d_3d,ConvNeXt 3D,371,1,,0.9555717407137656,0.3185239135712551,0.3333333333333333,0.3257603972687771,0.9555717407137656,0.0524399126001456,0.0,0.0080116533139111,True,,,,
ConvNeXt,2.5D-to-3D,RFN,Right Neural Foraminal Narrowing,right_neural_foraminal_narrowing,2,142,train,L2/L3,nas_best_convnext3d_3d,ConvNeXt 3D,371,1,,0.9133284777858705,0.3044428259286234,0.3333333333333333,0.3182337266844309,0.9133284777858705,0.0895848506919155,0.0,0.0029133284777858,True,,,,
ConvNeXt,2.5D-to-3D,RFN,Right Neural Foraminal Narrowing,right_neural_foraminal_narrowing,2,142,train,L3/L4,nas_best_convnext3d_3d,ConvNeXt 3D,371,1,,0.775673707210488,0.258557902403496,0.3333333333333333,0.2912223133716161,0.775673707210488,0.2447195921340131,0.0,0.020393299344501,True,,,,
ConvNeXt,2.5D-to-3D,RFN,Right Neural Foraminal Narrowing,right_neural_foraminal_narrowing,2,142,train,L4/L5,nas_best_convnext3d_3d,ConvNeXt 3D,371,1,,0.6234522942461762,0.207817431415392,0.3333333333333333,0.2560191416180649,0.6234522942461762,0.437727603787327,0.0,0.0611798980335032,True,,,,
ConvNeXt,2.5D-to-3D,RFN,Right Neural Foraminal Narrowing,right_neural_foraminal_narrowing,2,142,train,L5/S1,nas_best_convnext3d_3d,ConvNeXt 3D,371,1,,0.6525855790240349,0.2175285263413449,0.3333333333333333,0.2632584104598208,0.6525855790240349,0.4464675892206846,0.0,0.0990531682447195,True,,,,
ConvNeXt,2.5D-to-3D,RFN,Right Neural Foraminal Narrowing,right_neural_foraminal_narrowing,2,142,validation,L1/L2,nas_best_convnext3d_3d,ConvNeXt 3D,371,1,,0.9763513513513512,0.3254504504504504,0.3333333333333333,0.3293447293447293,0.9763513513513512,0.027027027027027,0.0,0.0033783783783783,True,296,289,6,1
ConvNeXt,2.5D-to-3D,RFN,Right Neural Foraminal Narrowing,right_neural_foraminal_narrowing,2,142,validation,L2/L3,nas_best_convnext3d_3d,ConvNeXt 3D,371,1,,0.9087837837837838,0.3029279279279279,0.3333333333333333,0.3174041297935103,0.9087837837837838,0.0945945945945946,0.0,0.0033783783783783,True,296,269,26,1
ConvNeXt,2.5D-to-3D,RFN,Right Neural Foraminal Narrowing,right_neural_foraminal_narrowing,2,142,validation,L3/L4,nas_best_convnext3d_3d,ConvNeXt 3D,371,1,,0.7837837837837838,0.2612612612612612,0.3333333333333333,0.2929292929292929,0.7837837837837838,0.2297297297297297,0.0,0.0135135135135135,True,296,232,60,4
ConvNeXt,2.5D-to-3D,RFN,Right Neural Foraminal Narrowing,right_neural_foraminal_narrowing,2,142,validation,L4/L5,nas_best_convnext3d_3d,ConvNeXt 3D,371,1,,0.6013513513513513,0.2004504504504504,0.3333333333333333,0.250351617440225,0.6013513513513513,0.4594594594594595,0.0,0.0608108108108108,True,296,178,100,18
ConvNeXt,2.5D-to-3D,RFN,Right Neural Foraminal Narrowing,right_neural_foraminal_narrowing,2,142,validation,L5/S1,nas_best_convnext3d_3d,ConvNeXt 3D,371,1,,0.6722972972972973,0.224099099099099,0.3333333333333333,0.268013468013468,0.6722972972972973,0.4324324324324324,0.0,0.1047297297297297,True,296,199,66,31
ConvNeXt,2.5D-to-3D,RFN,Right Neural Foraminal Narrowing,right_neural_foraminal_narrowing,2,142,test,L1/L2,nas_best_convnext3d_3d,ConvNeXt 3D,371,1,,0.972972972972973,0.3243243243243243,0.3333333333333333,0.3287671232876712,0.972972972972973,0.0304054054054054,0.0,0.0033783783783783,True,,,,
ConvNeXt,2.5D-to-3D,RFN,Right Neural Foraminal Narrowing,right_neural_foraminal_narrowing,2,142,test,L2/L3,nas_best_convnext3d_3d,ConvNeXt 3D,371,1,,0.9087837837837838,0.3029279279279279,0.3333333333333333,0.3174041297935103,0.9087837837837838,0.0945945945945946,0.0,0.0033783783783783,True,,,,
ConvNeXt,2.5D-to-3D,RFN,Right Neural Foraminal Narrowing,right_neural_foraminal_narrowing,2,142,test,L3/L4,nas_best_convnext3d_3d,ConvNeXt 3D,371,1,,0.7263513513513513,0.2421171171171171,0.3333333333333333,0.2804957599478147,0.7263513513513513,0.2972972972972973,0.0,0.0236486486486486,True,,,,
ConvNeXt,2.5D-to-3D,RFN,Right Neural Foraminal Narrowing,right_neural_foraminal_narrowing,2,142,test,L4/L5,nas_best_convnext3d_3d,ConvNeXt 3D,371,1,,0.5878378378378378,0.1959459459459459,0.3333333333333333,0.2468085106382978,0.5878378378378378,0.5067567567567568,0.0,0.0945945945945946,True,,,,
ConvNeXt,2.5D-to-3D,RFN,Right Neural Foraminal Narrowing,right_neural_foraminal_narrowing,2,142,test,L5/S1,nas_best_convnext3d_3d,ConvNeXt 3D,371,1,,0.625,0.2083333333333333,0.3333333333333333,0.2564102564102564,0.625,0.4527027027027027,0.0,0.0777027027027027,True,,,,
ConvNeXt,2.5D-to-3D,RFN,Right Neural Foraminal Narrowing,right_neural_foraminal_narrowing,3,242,train,L1/L2,nas_best_convnext3d_3d,ConvNeXt 3D,371,1,,0.9672727272727272,0.3224242424242424,0.3333333333333333,0.3277880468268638,0.9672727272727272,0.037090909090909,0.0,0.0043636363636363,True,,,,
ConvNeXt,2.5D-to-3D,RFN,Right Neural Foraminal Narrowing,right_neural_foraminal_narrowing,3,242,train,L2/L3,nas_best_convnext3d_3d,ConvNeXt 3D,371,1,,0.9236363636363636,0.3078787878787878,0.3333333333333333,0.3201008191556395,0.9236363636363636,0.0785454545454545,0.0,0.0021818181818181,True,,,,
ConvNeXt,2.5D-to-3D,RFN,Right Neural Foraminal Narrowing,right_neural_foraminal_narrowing,3,242,train,L3/L4,nas_best_convnext3d_3d,ConvNeXt 3D,371,1,,0.7796363636363637,0.2598787878787879,0.3333333333333333,0.2920583026835581,0.7796363636363637,0.2407272727272727,0.0,0.0203636363636363,True,,,,
ConvNeXt,2.5D-to-3D,RFN,Right Neural Foraminal Narrowing,right_neural_foraminal_narrowing,3,242,train,L4/L5,nas_best_convnext3d_3d,ConvNeXt 3D,371,1,,0.6174545454545455,0.2058181818181818,0.3333333333333333,0.2544964028776978,0.6174545454545455,0.4443636363636363,0.0,0.0618181818181818,True,,,,
ConvNeXt,2.5D-to-3D,RFN,Right Neural Foraminal Narrowing,right_neural_foraminal_narrowing,3,242,train,L5/S1,nas_best_convnext3d_3d,ConvNeXt 3D,371,1,,0.6494545454545455,0.2164848484848485,0.3333333333333333,0.2624926513815402,0.6494545454545455,0.4494545454545454,0.0,0.0989090909090909,True,,,,
ConvNeXt,2.5D-to-3D,RFN,Right Neural Foraminal Narrowing,right_neural_foraminal_narrowing,3,242,validation,L1/L2,nas_best_convnext3d_3d,ConvNeXt 3D,371,1,,0.9625850340136054,0.3208616780045351,0.3333333333333333,0.3269786250722126,0.9625850340136054,0.0476190476190476,0.0,0.010204081632653,True,294,283,8,3
ConvNeXt,2.5D-to-3D,RFN,Right Neural Foraminal Narrowing,right_neural_foraminal_narrowing,3,242,validation,L2/L3,nas_best_convnext3d_3d,ConvNeXt 3D,371,1,,0.8979591836734694,0.2993197278911564,0.3333333333333333,0.3154121863799283,0.8979591836734694,0.1020408163265306,0.0,0.0,True,294,264,30,0
ConvNeXt,2.5D-to-3D,RFN,Right Neural Foraminal Narrowing,right_neural_foraminal_narrowing,3,242,validation,L3/L4,nas_best_convnext3d_3d,ConvNeXt 3D,371,1,,0.7482993197278912,0.2494331065759637,0.3333333333333333,0.2853437094682231,0.7482993197278912,0.2755102040816326,0.0,0.0238095238095238,True,294,220,67,7
ConvNeXt,2.5D-to-3D,RFN,Right Neural Foraminal Narrowing,right_neural_foraminal_narrowing,3,242,validation,L4/L5,nas_best_convnext3d_3d,ConvNeXt 3D,371,1,,0.5986394557823129,0.1995464852607709,0.3333333333333333,0.2496453900709219,0.5986394557823129,0.4829931972789115,0.0,0.0816326530612244,True,294,176,94,24
ConvNeXt,2.5D-to-3D,RFN,Right Neural Foraminal Narrowing,right_neural_foraminal_narrowing,3,242,validation,L5/S1,nas_best_convnext3d_3d,ConvNeXt 3D,371,1,,0.6360544217687075,0.2120181405895691,0.3333333333333333,0.2591822591822592,0.6360544217687075,0.4489795918367347,0.0,0.0850340136054421,True,294,187,82,25
ConvNeXt,2.5D-to-3D,RFN,Right Neural Foraminal Narrowing,right_neural_foraminal_narrowing,3,242,test,L1/L2,nas_best_convnext3d_3d,ConvNeXt 3D,371,1,,0.9324324324324323,0.3108108108108108,0.3333333333333333,0.3216783216783216,0.9324324324324323,0.081081081081081,0.0,0.0135135135135135,True,,,,
ConvNeXt,2.5D-to-3D,RFN,Right Neural Foraminal Narrowing,right_neural_foraminal_narrowing,3,242,test,L2/L3,nas_best_convnext3d_3d,ConvNeXt 3D,371,1,,0.8716216216216216,0.2905405405405405,0.3333333333333333,0.3104693140794224,0.8716216216216216,0.1385135135135135,0.0,0.0101351351351351,True,,,,
ConvNeXt,2.5D-to-3D,RFN,Right Neural Foraminal Narrowing,right_neural_foraminal_narrowing,3,242,test,L3/L4,nas_best_convnext3d_3d,ConvNeXt 3D,371,1,,0.7432432432432432,0.2477477477477477,0.3333333333333333,0.2842377260981912,0.7432432432432432,0.2702702702702703,0.0,0.0135135135135135,True,,,,
ConvNeXt,2.5D-to-3D,RFN,Right Neural Foraminal Narrowing,right_neural_foraminal_narrowing,3,242,test,L4/L5,nas_best_convnext3d_3d,ConvNeXt 3D,371,1,,0.6182432432432432,0.206081081081081,0.3333333333333333,0.2546972860125261,0.6182432432432432,0.4527027027027027,0.0,0.0709459459459459,True,,,,
ConvNeXt,2.5D-to-3D,RFN,Right Neural Foraminal Narrowing,right_neural_foraminal_narrowing,3,242,test,L5/S1,nas_best_convnext3d_3d,ConvNeXt 3D,371,1,,0.6756756756756757,0.2252252252252252,0.3333333333333333,0.2688172043010752,0.6756756756756757,0.4222972972972973,0.0,0.0979729729729729,True,,,,
ConvNeXt,2.5D-to-3D,RFN,Right Neural Foraminal Narrowing,right_neural_foraminal_narrowing,4,342,train,L1/L2,nas_best_convnext3d_3d,ConvNeXt 3D,371,1,,0.9672250546249088,0.3224083515416363,0.3333333333333333,0.3277798346291496,0.9672250546249088,0.0393299344501092,0.0,0.0065549890750182,True,,,,
ConvNeXt,2.5D-to-3D,RFN,Right Neural Foraminal Narrowing,right_neural_foraminal_narrowing,4,342,train,L2/L3,nas_best_convnext3d_3d,ConvNeXt 3D,371,1,,0.9198834668608884,0.3066278222869628,0.3333333333333333,0.3194233687405159,0.9198834668608884,0.0830298616168973,0.0,0.0029133284777858,True,,,,
ConvNeXt,2.5D-to-3D,RFN,Right Neural Foraminal Narrowing,right_neural_foraminal_narrowing,4,342,train,L3/L4,nas_best_convnext3d_3d,ConvNeXt 3D,371,1,,0.7691187181354697,0.2563729060451565,0.3333333333333333,0.2898312062577192,0.7691187181354697,0.2490895848506919,0.0,0.0182083029861616,True,,,,
ConvNeXt,2.5D-to-3D,RFN,Right Neural Foraminal Narrowing,right_neural_foraminal_narrowing,4,342,train,L4/L5,nas_best_convnext3d_3d,ConvNeXt 3D,371,1,,0.6096139839766934,0.2032046613255644,0.3333333333333333,0.2524886877828054,0.6096139839766934,0.4530225782957028,0.0,0.0626365622723962,True,,,,
ConvNeXt,2.5D-to-3D,RFN,Right Neural Foraminal Narrowing,right_neural_foraminal_narrowing,4,342,train,L5/S1,nas_best_convnext3d_3d,ConvNeXt 3D,371,1,,0.6525855790240349,0.2175285263413449,0.3333333333333333,0.2632584104598208,0.6525855790240349,0.4457392571012382,0.0,0.0983248361252731,True,,,,
ConvNeXt,2.5D-to-3D,RFN,Right Neural Foraminal Narrowing,right_neural_foraminal_narrowing,4,342,validation,L1/L2,nas_best_convnext3d_3d,ConvNeXt 3D,371,1,,0.9527027027027029,0.3175675675675676,0.3333333333333333,0.3252595155709342,0.9527027027027029,0.054054054054054,0.0,0.0067567567567567,True,296,282,12,2
ConvNeXt,2.5D-to-3D,RFN,Right Neural Foraminal Narrowing,right_neural_foraminal_narrowing,4,342,validation,L2/L3,nas_best_convnext3d_3d,ConvNeXt 3D,371,1,,0.902027027027027,0.3006756756756756,0.3333333333333333,0.3161634103019538,0.902027027027027,0.0979729729729729,0.0,0.0,True,296,267,29,0
ConvNeXt,2.5D-to-3D,RFN,Right Neural Foraminal Narrowing,right_neural_foraminal_narrowing,4,342,validation,L3/L4,nas_best_convnext3d_3d,ConvNeXt 3D,371,1,,0.8040540540540541,0.268018018018018,0.3333333333333333,0.2971285892634207,0.8040540540540541,0.206081081081081,0.0,0.0101351351351351,True,296,238,55,3
ConvNeXt,2.5D-to-3D,RFN,Right Neural Foraminal Narrowing,right_neural_foraminal_narrowing,4,342,validation,L4/L5,nas_best_convnext3d_3d,ConvNeXt 3D,371,1,,0.6486486486486487,0.2162162162162162,0.3333333333333333,0.2622950819672131,0.6486486486486487,0.4189189189189189,0.0,0.0675675675675675,True,296,192,84,20
ConvNeXt,2.5D-to-3D,RFN,Right Neural Foraminal Narrowing,right_neural_foraminal_narrowing,4,342,validation,L5/S1,nas_best_convnext3d_3d,ConvNeXt 3D,371,1,,0.6317567567567568,0.2105855855855856,0.3333333333333333,0.2581090407177364,0.6317567567567568,0.4729729729729729,0.0,0.1047297297297297,True,296,187,78,31
ConvNeXt,2.5D-to-3D,RFN,Right Neural Foraminal Narrowing,right_neural_foraminal_narrowing,4,342,test,L1/L2,nas_best_convnext3d_3d,ConvNeXt 3D,371,1,,0.9425675675675677,0.3141891891891892,0.3333333333333333,0.3234782608695652,0.9425675675675677,0.0641891891891891,0.0,0.0067567567567567,True,,,,
ConvNeXt,2.5D-to-3D,RFN,Right Neural Foraminal Narrowing,right_neural_foraminal_narrowing,4,342,test,L2/L3,nas_best_convnext3d_3d,ConvNeXt 3D,371,1,,0.8851351351351351,0.295045045045045,0.3333333333333333,0.3130227001194743,0.8851351351351351,0.1216216216216216,0.0,0.0067567567567567,True,,,,
ConvNeXt,2.5D-to-3D,RFN,Right Neural Foraminal Narrowing,right_neural_foraminal_narrowing,4,342,test,L3/L4,nas_best_convnext3d_3d,ConvNeXt 3D,371,1,,0.7364864864864865,0.2454954954954955,0.3333333333333333,0.2827496757457847,0.7364864864864865,0.3006756756756756,0.0,0.0371621621621621,True,,,,
ConvNeXt,2.5D-to-3D,RFN,Right Neural Foraminal Narrowing,right_neural_foraminal_narrowing,4,342,test,L4/L5,nas_best_convnext3d_3d,ConvNeXt 3D,371,1,,0.6047297297297297,0.2015765765765765,0.3333333333333333,0.2512280701754386,0.6047297297297297,0.4763513513513513,0.0,0.081081081081081,True,,,,
ConvNeXt,2.5D-to-3D,RFN,Right Neural Foraminal Narrowing,right_neural_foraminal_narrowing,4,342,test,L5/S1,nas_best_convnext3d_3d,ConvNeXt 3D,371,1,,0.6655405405405406,0.2218468468468468,0.3333333333333333,0.2663962136578769,0.6655405405405406,0.4155405405405405,0.0,0.081081081081081,True,,,,
ConvNeXt,2.5D-to-3D,RFN,Right Neural Foraminal Narrowing,right_neural_foraminal_narrowing,5,442,train,L1/L2,nas_best_convnext3d_3d,ConvNeXt 3D,371,1,,0.9636627906976744,0.3212209302325581,0.3333333333333333,0.3271650629163582,0.9636627906976744,0.0428779069767441,0.0,0.0065406976744186,True,,,,
ConvNeXt,2.5D-to-3D,RFN,Right Neural Foraminal Narrowing,right_neural_foraminal_narrowing,5,442,train,L2/L3,nas_best_convnext3d_3d,ConvNeXt 3D,371,1,,0.9200581395348836,0.3066860465116279,0.3333333333333333,0.3194549583648751,0.9200581395348836,0.0821220930232558,0.0,0.0021802325581395,True,,,,
ConvNeXt,2.5D-to-3D,RFN,Right Neural Foraminal Narrowing,right_neural_foraminal_narrowing,5,442,train,L3/L4,nas_best_convnext3d_3d,ConvNeXt 3D,371,1,,0.7747093023255814,0.2582364341085271,0.3333333333333333,0.291018291018291,0.7747093023255814,0.2441860465116279,0.0,0.0188953488372093,True,,,,
ConvNeXt,2.5D-to-3D,RFN,Right Neural Foraminal Narrowing,right_neural_foraminal_narrowing,5,442,train,L4/L5,nas_best_convnext3d_3d,ConvNeXt 3D,371,1,,0.623546511627907,0.2078488372093023,0.3333333333333333,0.2560429722470904,0.623546511627907,0.4447674418604651,0.0,0.068313953488372,True,,,,
ConvNeXt,2.5D-to-3D,RFN,Right Neural Foraminal Narrowing,right_neural_foraminal_narrowing,5,442,train,L5/S1,nas_best_convnext3d_3d,ConvNeXt 3D,371,1,,0.6475290697674418,0.2158430232558139,0.3333333333333333,0.2620202911336568,0.6475290697674418,0.4469476744186046,0.0,0.0944767441860465,True,,,,
ConvNeXt,2.5D-to-3D,RFN,Right Neural Foraminal Narrowing,right_neural_foraminal_narrowing,5,442,validation,L1/L2,nas_best_convnext3d_3d,ConvNeXt 3D,371,1,,0.9389830508474576,0.3129943502824858,0.3333333333333333,0.3228438228438228,0.9389830508474576,0.0711864406779661,0.0,0.0101694915254237,True,295,277,15,3
ConvNeXt,2.5D-to-3D,RFN,Right Neural Foraminal Narrowing,right_neural_foraminal_narrowing,5,442,validation,L2/L3,nas_best_convnext3d_3d,ConvNeXt 3D,371,1,,0.888135593220339,0.296045197740113,0.3333333333333333,0.3135846798324356,0.888135593220339,0.1220338983050847,0.0,0.0101694915254237,True,295,262,30,3
ConvNeXt,2.5D-to-3D,RFN,Right Neural Foraminal Narrowing,right_neural_foraminal_narrowing,5,442,validation,L3/L4,nas_best_convnext3d_3d,ConvNeXt 3D,371,1,,0.7627118644067796,0.2542372881355932,0.3333333333333333,0.2884615384615385,0.7627118644067796,0.2542372881355932,0.0,0.0169491525423728,True,295,225,65,5
ConvNeXt,2.5D-to-3D,RFN,Right Neural Foraminal Narrowing,right_neural_foraminal_narrowing,5,442,validation,L4/L5,nas_best_convnext3d_3d,ConvNeXt 3D,371,1,,0.6067796610169491,0.2022598870056497,0.3333333333333333,0.2517580872011252,0.6067796610169491,0.4372881355932203,0.0,0.0440677966101694,True,295,179,103,13
ConvNeXt,2.5D-to-3D,RFN,Right Neural Foraminal Narrowing,right_neural_foraminal_narrowing,5,442,validation,L5/S1,nas_best_convnext3d_3d,ConvNeXt 3D,371,1,,0.6372881355932203,0.2124293785310734,0.3333333333333333,0.2594893029675638,0.6372881355932203,0.4711864406779661,0.0,0.1084745762711864,True,295,188,75,32
ConvNeXt,2.5D-to-3D,RFN,Right Neural Foraminal Narrowing,right_neural_foraminal_narrowing,5,442,test,L1/L2,nas_best_convnext3d_3d,ConvNeXt 3D,371,1,,0.9727891156462584,0.3242630385487528,0.3333333333333333,0.328735632183908,0.9727891156462584,0.0306122448979591,0.0,0.0034013605442176,True,,,,
ConvNeXt,2.5D-to-3D,RFN,Right Neural Foraminal Narrowing,right_neural_foraminal_narrowing,5,442,test,L2/L3,nas_best_convnext3d_3d,ConvNeXt 3D,371,1,,0.8979591836734694,0.2993197278911564,0.3333333333333333,0.3154121863799283,0.8979591836734694,0.1020408163265306,0.0,0.0,True,,,,
ConvNeXt,2.5D-to-3D,RFN,Right Neural Foraminal Narrowing,right_neural_foraminal_narrowing,5,442,test,L3/L4,nas_best_convnext3d_3d,ConvNeXt 3D,371,1,,0.7517006802721088,0.2505668934240362,0.3333333333333333,0.286084142394822,0.7517006802721088,0.2755102040816326,0.0,0.0272108843537414,True,,,,
ConvNeXt,2.5D-to-3D,RFN,Right Neural Foraminal Narrowing,right_neural_foraminal_narrowing,5,442,test,L4/L5,nas_best_convnext3d_3d,ConvNeXt 3D,371,1,,0.5816326530612245,0.1938775510204081,0.3333333333333333,0.2451612903225806,0.5816326530612245,0.4965986394557823,0.0,0.0782312925170068,True,,,,
ConvNeXt,2.5D-to-3D,RFN,Right Neural Foraminal Narrowing,right_neural_foraminal_narrowing,5,442,test,L5/S1,nas_best_convnext3d_3d,ConvNeXt 3D,371,1,,0.6836734693877551,0.227891156462585,0.3333333333333333,0.2707070707070707,0.6836734693877551,0.4115646258503401,0.0,0.0952380952380952,True,,,,
ConvNeXt,2.5D-to-3D,RSS,Right Subarticular Stenosis,right_subarticular_stenosis,1,42,train,L1/L2,nas_best_convnext3d_3d,ConvNeXt 3D,364,1,,0.9286846275752774,0.3095615425250924,0.3333333333333333,0.3210079430293071,0.9286846275752774,0.0839936608557844,0.0,0.0126782884310618,True,,,,
ConvNeXt,2.5D-to-3D,RSS,Right Subarticular Stenosis,right_subarticular_stenosis,1,42,train,L2/L3,nas_best_convnext3d_3d,ConvNeXt 3D,364,1,,0.8367670364500792,0.2789223454833597,0.3333333333333333,0.3037100949094046,0.8367670364500792,0.1933438985736925,0.0,0.0301109350237717,True,,,,
ConvNeXt,2.5D-to-3D,RSS,Right Subarticular Stenosis,right_subarticular_stenosis,1,42,train,L3/L4,nas_best_convnext3d_3d,ConvNeXt 3D,364,1,,0.6703645007923931,0.2234548335974643,0.3333333333333333,0.2675521821631878,0.6703645007923931,0.4326465927099842,0.0,0.1030110935023771,True,,,,
ConvNeXt,2.5D-to-3D,RSS,Right Subarticular Stenosis,right_subarticular_stenosis,1,42,train,L4/L5,nas_best_convnext3d_3d,ConvNeXt 3D,364,1,,0.4580031695721077,0.1526677231907025,0.3333333333333333,0.2094202898550724,0.4580031695721077,0.7678288431061807,0.0,0.2258320126782884,True,,,,
ConvNeXt,2.5D-to-3D,RSS,Right Subarticular Stenosis,right_subarticular_stenosis,1,42,train,L5/S1,nas_best_convnext3d_3d,ConvNeXt 3D,364,1,,0.713946117274168,0.2379820390913893,0.3333333333333333,0.277700724302666,0.713946117274168,0.3700475435816164,0.0,0.0839936608557844,True,,,,
ConvNeXt,2.5D-to-3D,RSS,Right Subarticular Stenosis,right_subarticular_stenosis,1,42,validation,L1/L2,nas_best_convnext3d_3d,ConvNeXt 3D,364,1,,0.928030303030303,0.3093434343434343,0.3333333333333333,0.320890635232482,0.928030303030303,0.0871212121212121,0.0,0.0151515151515151,True,264,245,15,4
ConvNeXt,2.5D-to-3D,RSS,Right Subarticular Stenosis,right_subarticular_stenosis,1,42,validation,L2/L3,nas_best_convnext3d_3d,ConvNeXt 3D,364,1,,0.8409090909090909,0.2803030303030303,0.3333333333333333,0.3045267489711934,0.8409090909090909,0.2007575757575757,0.0,0.0416666666666666,True,264,222,31,11
ConvNeXt,2.5D-to-3D,RSS,Right Subarticular Stenosis,right_subarticular_stenosis,1,42,validation,L3/L4,nas_best_convnext3d_3d,ConvNeXt 3D,364,1,,0.6818181818181818,0.2272727272727272,0.3333333333333333,0.2702702702702703,0.6818181818181818,0.4053030303030303,0.0,0.0871212121212121,True,264,180,61,23
ConvNeXt,2.5D-to-3D,RSS,Right Subarticular Stenosis,right_subarticular_stenosis,1,42,validation,L4/L5,nas_best_convnext3d_3d,ConvNeXt 3D,364,1,,0.4431818181818182,0.1477272727272727,0.3333333333333333,0.2047244094488189,0.4431818181818182,0.7878787878787878,0.0,0.231060606060606,True,264,117,86,61
ConvNeXt,2.5D-to-3D,RSS,Right Subarticular Stenosis,right_subarticular_stenosis,1,42,validation,L5/S1,nas_best_convnext3d_3d,ConvNeXt 3D,364,1,,0.7083333333333334,0.2361111111111111,0.3333333333333333,0.2764227642276423,0.7083333333333334,0.3787878787878788,0.0,0.0871212121212121,True,264,187,54,23
ConvNeXt,2.5D-to-3D,RSS,Right Subarticular Stenosis,right_subarticular_stenosis,1,42,test,L1/L2,nas_best_convnext3d_3d,ConvNeXt 3D,364,1,,0.920863309352518,0.3069544364508393,0.3333333333333333,0.3196004993757803,0.920863309352518,0.0935251798561151,0.0,0.014388489208633,True,,,,
ConvNeXt,2.5D-to-3D,RSS,Right Subarticular Stenosis,right_subarticular_stenosis,1,42,test,L2/L3,nas_best_convnext3d_3d,ConvNeXt 3D,364,1,,0.8273381294964028,0.2757793764988009,0.3333333333333333,0.3018372703412073,0.8273381294964028,0.2230215827338129,0.0,0.0503597122302158,True,,,,
ConvNeXt,2.5D-to-3D,RSS,Right Subarticular Stenosis,right_subarticular_stenosis,1,42,test,L3/L4,nas_best_convnext3d_3d,ConvNeXt 3D,364,1,,0.6906474820143885,0.2302158273381295,0.3333333333333333,0.2723404255319149,0.6906474820143885,0.3848920863309352,0.0,0.0755395683453237,True,,,,
ConvNeXt,2.5D-to-3D,RSS,Right Subarticular Stenosis,right_subarticular_stenosis,1,42,test,L4/L5,nas_best_convnext3d_3d,ConvNeXt 3D,364,1,,0.4928057553956834,0.1642685851318945,0.3333333333333333,0.2200803212851405,0.4928057553956834,0.7230215827338129,0.0,0.2158273381294964,True,,,,
ConvNeXt,2.5D-to-3D,RSS,Right Subarticular Stenosis,right_subarticular_stenosis,1,42,test,L5/S1,nas_best_convnext3d_3d,ConvNeXt 3D,364,1,,0.6762589928057554,0.2254196642685851,0.3333333333333333,0.2689556509298998,0.6762589928057554,0.420863309352518,0.0,0.0971223021582733,True,,,,
ConvNeXt,2.5D-to-3D,RSS,Right Subarticular Stenosis,right_subarticular_stenosis,2,142,train,L1/L2,nas_best_convnext3d_3d,ConvNeXt 3D,364,1,,0.9293089753772836,0.3097696584590945,0.3333333333333333,0.3211198023878139,0.9293089753772836,0.0826052422557585,0.0,0.011914217633042,True,,,,
ConvNeXt,2.5D-to-3D,RSS,Right Subarticular Stenosis,right_subarticular_stenosis,2,142,train,L2/L3,nas_best_convnext3d_3d,ConvNeXt 3D,364,1,,0.82922954725973,0.2764098490865767,0.3333333333333333,0.3022145028224055,0.82922954725973,0.204924543288324,0.0,0.034154090548054,True,,,,
ConvNeXt,2.5D-to-3D,RSS,Right Subarticular Stenosis,right_subarticular_stenosis,2,142,train,L3/L4,nas_best_convnext3d_3d,ConvNeXt 3D,364,1,,0.6791104050833995,0.2263701350277998,0.3333333333333333,0.2696310312204352,0.6791104050833995,0.4162033359809372,0.0,0.0953137410643367,True,,,,
ConvNeXt,2.5D-to-3D,RSS,Right Subarticular Stenosis,right_subarticular_stenosis,2,142,train,L4/L5,nas_best_convnext3d_3d,ConvNeXt 3D,364,1,,0.4583002382843527,0.1527667460947842,0.3333333333333333,0.209513435003631,0.4583002382843527,0.7656870532168387,0.0,0.2239872915011914,True,,,,
ConvNeXt,2.5D-to-3D,RSS,Right Subarticular Stenosis,right_subarticular_stenosis,2,142,train,L5/S1,nas_best_convnext3d_3d,ConvNeXt 3D,364,1,,0.7069102462271644,0.2356367487423881,0.3333333333333333,0.2760974096478982,0.7069102462271644,0.3820492454328832,0.0,0.0889594916600476,True,,,,
ConvNeXt,2.5D-to-3D,RSS,Right Subarticular Stenosis,right_subarticular_stenosis,2,142,validation,L1/L2,nas_best_convnext3d_3d,ConvNeXt 3D,364,1,,0.9416058394160584,0.3138686131386861,0.3333333333333333,0.3233082706766917,0.9416058394160584,0.072992700729927,0.0,0.0145985401459854,True,274,258,12,4
ConvNeXt,2.5D-to-3D,RSS,Right Subarticular Stenosis,right_subarticular_stenosis,2,142,validation,L2/L3,nas_best_convnext3d_3d,ConvNeXt 3D,364,1,,0.8503649635036497,0.2834549878345498,0.3333333333333333,0.3063773833004602,0.8503649635036497,0.1751824817518248,0.0,0.0255474452554744,True,274,233,34,7
ConvNeXt,2.5D-to-3D,RSS,Right Subarticular Stenosis,right_subarticular_stenosis,2,142,validation,L3/L4,nas_best_convnext3d_3d,ConvNeXt 3D,364,1,,0.656934306569343,0.218978102189781,0.3333333333333333,0.2643171806167401,0.656934306569343,0.437956204379562,0.0,0.0948905109489051,True,274,180,68,26
ConvNeXt,2.5D-to-3D,RSS,Right Subarticular Stenosis,right_subarticular_stenosis,2,142,validation,L4/L5,nas_best_convnext3d_3d,ConvNeXt 3D,364,1,,0.5036496350364964,0.1678832116788321,0.3333333333333333,0.2233009708737864,0.5036496350364964,0.7007299270072993,0.0,0.2043795620437956,True,274,138,80,56
ConvNeXt,2.5D-to-3D,RSS,Right Subarticular Stenosis,right_subarticular_stenosis,2,142,validation,L5/S1,nas_best_convnext3d_3d,ConvNeXt 3D,364,1,,0.708029197080292,0.2360097323600973,0.3333333333333333,0.2763532763532764,0.708029197080292,0.3795620437956204,0.0,0.0875912408759124,True,274,194,56,24
ConvNeXt,2.5D-to-3D,RSS,Right Subarticular Stenosis,right_subarticular_stenosis,2,142,test,L1/L2,nas_best_convnext3d_3d,ConvNeXt 3D,364,1,,0.904059040590406,0.3013530135301352,0.3333333333333333,0.3165374677002584,0.904059040590406,0.1143911439114391,0.0,0.018450184501845,True,,,,
ConvNeXt,2.5D-to-3D,RSS,Right Subarticular Stenosis,right_subarticular_stenosis,2,142,test,L2/L3,nas_best_convnext3d_3d,ConvNeXt 3D,364,1,,0.8523985239852399,0.2841328413284132,0.3333333333333333,0.3067729083665338,0.8523985239852399,0.1955719557195571,0.0,0.047970479704797,True,,,,
ConvNeXt,2.5D-to-3D,RSS,Right Subarticular Stenosis,right_subarticular_stenosis,2,142,test,L3/L4,nas_best_convnext3d_3d,ConvNeXt 3D,364,1,,0.6752767527675276,0.2250922509225092,0.3333333333333333,0.2687224669603524,0.6752767527675276,0.4280442804428044,0.0,0.1033210332103321,True,,,,
ConvNeXt,2.5D-to-3D,RSS,Right Subarticular Stenosis,right_subarticular_stenosis,2,142,test,L4/L5,nas_best_convnext3d_3d,ConvNeXt 3D,364,1,,0.4317343173431734,0.1439114391143911,0.3333333333333333,0.2010309278350515,0.4317343173431734,0.8191881918819188,0.0,0.2509225092250922,True,,,,
ConvNeXt,2.5D-to-3D,RSS,Right Subarticular Stenosis,right_subarticular_stenosis,2,142,test,L5/S1,nas_best_convnext3d_3d,ConvNeXt 3D,364,1,,0.7084870848708487,0.2361623616236162,0.3333333333333333,0.2764578833693304,0.7084870848708487,0.3653136531365313,0.0,0.07380073800738,True,,,,
ConvNeXt,2.5D-to-3D,RSS,Right Subarticular Stenosis,right_subarticular_stenosis,3,242,train,L1/L2,nas_best_convnext3d_3d,ConvNeXt 3D,364,1,,0.9317460317460318,0.3105820105820105,0.3333333333333333,0.3215557381539304,0.9317460317460318,0.0817460317460317,0.0,0.0134920634920634,True,,,,
ConvNeXt,2.5D-to-3D,RSS,Right Subarticular Stenosis,right_subarticular_stenosis,3,242,train,L2/L3,nas_best_convnext3d_3d,ConvNeXt 3D,364,1,,0.8396825396825397,0.2798941798941799,0.3333333333333333,0.3042853034224906,0.8396825396825397,0.196031746031746,0.0,0.0357142857142857,True,,,,
ConvNeXt,2.5D-to-3D,RSS,Right Subarticular Stenosis,right_subarticular_stenosis,3,242,train,L3/L4,nas_best_convnext3d_3d,ConvNeXt 3D,364,1,,0.6777777777777778,0.2259259259259259,0.3333333333333333,0.2693156732891832,0.6777777777777778,0.4206349206349206,0.0,0.0984126984126984,True,,,,
ConvNeXt,2.5D-to-3D,RSS,Right Subarticular Stenosis,right_subarticular_stenosis,3,242,train,L4/L5,nas_best_convnext3d_3d,ConvNeXt 3D,364,1,,0.3111111111111111,0.1037037037037037,0.3333333333333333,0.1581920903954802,0.3111111111111111,0.6888888888888889,0.0,0.0,True,,,,
ConvNeXt,2.5D-to-3D,RSS,Right Subarticular Stenosis,right_subarticular_stenosis,3,242,train,L5/S1,nas_best_convnext3d_3d,ConvNeXt 3D,364,1,,0.7253968253968254,0.2417989417989418,0.3333333333333333,0.2802821220484514,0.7253968253968254,0.3634920634920635,0.0,0.0888888888888888,True,,,,
ConvNeXt,2.5D-to-3D,RSS,Right Subarticular Stenosis,right_subarticular_stenosis,3,242,validation,L1/L2,nas_best_convnext3d_3d,ConvNeXt 3D,364,1,,0.9138576779026216,0.3046192259675406,0.3333333333333333,0.3183300717547292,0.9138576779026216,0.0936329588014981,0.0,0.0074906367041198,True,267,244,21,2
ConvNeXt,2.5D-to-3D,RSS,Right Subarticular Stenosis,right_subarticular_stenosis,3,242,validation,L2/L3,nas_best_convnext3d_3d,ConvNeXt 3D,364,1,,0.8127340823970037,0.2709113607990012,0.3333333333333333,0.2988980716253444,0.8127340823970037,0.2209737827715356,0.0,0.0337078651685393,True,267,217,41,9
ConvNeXt,2.5D-to-3D,RSS,Right Subarticular Stenosis,right_subarticular_stenosis,3,242,validation,L3/L4,nas_best_convnext3d_3d,ConvNeXt 3D,364,1,,0.6629213483146067,0.2209737827715355,0.3333333333333333,0.2657657657657657,0.6629213483146067,0.4157303370786517,0.0,0.0786516853932584,True,267,177,69,21
ConvNeXt,2.5D-to-3D,RSS,Right Subarticular Stenosis,right_subarticular_stenosis,3,242,validation,L4/L5,nas_best_convnext3d_3d,ConvNeXt 3D,364,1,,0.3258426966292135,0.1086142322097378,0.3333333333333333,0.1638418079096045,0.3258426966292135,0.6741573033707865,0.0,0.0,True,267,118,87,62
ConvNeXt,2.5D-to-3D,RSS,Right Subarticular Stenosis,right_subarticular_stenosis,3,242,validation,L5/S1,nas_best_convnext3d_3d,ConvNeXt 3D,364,1,,0.6629213483146067,0.2209737827715355,0.3333333333333333,0.2657657657657657,0.6629213483146067,0.4419475655430712,0.0,0.1048689138576779,True,267,177,62,28
ConvNeXt,2.5D-to-3D,RSS,Right Subarticular Stenosis,right_subarticular_stenosis,3,242,test,L1/L2,nas_best_convnext3d_3d,ConvNeXt 3D,364,1,,0.9205776173285198,0.3068592057761732,0.3333333333333333,0.3195488721804511,0.9205776173285198,0.0974729241877256,0.0,0.0180505415162454,True,,,,
ConvNeXt,2.5D-to-3D,RSS,Right Subarticular Stenosis,right_subarticular_stenosis,3,242,test,L2/L3,nas_best_convnext3d_3d,ConvNeXt 3D,364,1,,0.8411552346570397,0.2803850782190132,0.3333333333333333,0.3045751633986928,0.8411552346570397,0.1913357400722021,0.0,0.0324909747292418,True,,,,
ConvNeXt,2.5D-to-3D,RSS,Right Subarticular Stenosis,right_subarticular_stenosis,3,242,test,L3/L4,nas_best_convnext3d_3d,ConvNeXt 3D,364,1,,0.6750902527075813,0.2250300842358604,0.3333333333333333,0.2686781609195402,0.6750902527075813,0.4296028880866426,0.0,0.1046931407942238,True,,,,
ConvNeXt,2.5D-to-3D,RSS,Right Subarticular Stenosis,right_subarticular_stenosis,3,242,test,L4/L5,nas_best_convnext3d_3d,ConvNeXt 3D,364,1,,0.3140794223826715,0.1046931407942238,0.3333333333333333,0.1593406593406593,0.3140794223826715,0.6859205776173285,0.0,0.0,True,,,,
ConvNeXt,2.5D-to-3D,RSS,Right Subarticular Stenosis,right_subarticular_stenosis,3,242,test,L5/S1,nas_best_convnext3d_3d,ConvNeXt 3D,364,1,,0.6678700361010831,0.2226233453670277,0.3333333333333333,0.2669552669552669,0.6678700361010831,0.3898916967509025,0.0,0.0577617328519855,True,,,,
ConvNeXt,2.5D-to-3D,RSS,Right Subarticular Stenosis,right_subarticular_stenosis,4,342,train,L1/L2,nas_best_convnext3d_3d,ConvNeXt 3D,364,1,,0.9264240506329114,0.3088080168776371,0.3333333333333333,0.320602327173169,0.9264240506329114,0.0878164556962025,0.0,0.0142405063291139,True,,,,
ConvNeXt,2.5D-to-3D,RSS,Right Subarticular Stenosis,right_subarticular_stenosis,4,342,train,L2/L3,nas_best_convnext3d_3d,ConvNeXt 3D,364,1,,0.8314873417721519,0.277162447257384,0.3333333333333333,0.3026637868970482,0.8314873417721519,0.2017405063291139,0.0,0.0332278481012658,True,,,,
ConvNeXt,2.5D-to-3D,RSS,Right Subarticular Stenosis,right_subarticular_stenosis,4,342,train,L3/L4,nas_best_convnext3d_3d,ConvNeXt 3D,364,1,,0.6732594936708861,0.2244198312236287,0.3333333333333333,0.2682427107959023,0.6732594936708861,0.4216772151898734,0.0,0.0949367088607595,True,,,,
ConvNeXt,2.5D-to-3D,RSS,Right Subarticular Stenosis,right_subarticular_stenosis,4,342,train,L4/L5,nas_best_convnext3d_3d,ConvNeXt 3D,364,1,,0.4691455696202531,0.1563818565400843,0.3333333333333333,0.2128881708849398,0.4691455696202531,0.7579113924050633,0.0,0.2270569620253164,True,,,,
ConvNeXt,2.5D-to-3D,RSS,Right Subarticular Stenosis,right_subarticular_stenosis,4,342,train,L5/S1,nas_best_convnext3d_3d,ConvNeXt 3D,364,1,,0.7120253164556962,0.2373417721518987,0.3333333333333333,0.277264325323475,0.7120253164556962,0.377373417721519,0.0,0.0893987341772152,True,,,,
ConvNeXt,2.5D-to-3D,RSS,Right Subarticular Stenosis,right_subarticular_stenosis,4,342,validation,L1/L2,nas_best_convnext3d_3d,ConvNeXt 3D,364,1,,0.9411764705882352,0.3137254901960784,0.3333333333333333,0.3232323232323232,0.9411764705882352,0.0735294117647058,0.0,0.0147058823529411,True,272,256,12,4
ConvNeXt,2.5D-to-3D,RSS,Right Subarticular Stenosis,right_subarticular_stenosis,4,342,validation,L2/L3,nas_best_convnext3d_3d,ConvNeXt 3D,364,1,,0.8602941176470589,0.286764705882353,0.3333333333333333,0.308300395256917,0.8602941176470589,0.1654411764705882,0.0,0.025735294117647,True,272,234,31,7
ConvNeXt,2.5D-to-3D,RSS,Right Subarticular Stenosis,right_subarticular_stenosis,4,342,validation,L3/L4,nas_best_convnext3d_3d,ConvNeXt 3D,364,1,,0.6727941176470589,0.2242647058823529,0.3333333333333333,0.2681318681318681,0.6727941176470589,0.4264705882352941,0.0,0.0992647058823529,True,272,183,62,27
ConvNeXt,2.5D-to-3D,RSS,Right Subarticular Stenosis,right_subarticular_stenosis,4,342,validation,L4/L5,nas_best_convnext3d_3d,ConvNeXt 3D,364,1,,0.4558823529411764,0.1519607843137254,0.3333333333333333,0.2087542087542087,0.4558823529411764,0.7573529411764706,0.0,0.213235294117647,True,272,124,90,58
ConvNeXt,2.5D-to-3D,RSS,Right Subarticular Stenosis,right_subarticular_stenosis,4,342,validation,L5/S1,nas_best_convnext3d_3d,ConvNeXt 3D,364,1,,0.6580882352941176,0.2193627450980392,0.3333333333333333,0.2645971914264597,0.6580882352941176,0.4338235294117647,0.0,0.0919117647058823,True,272,179,68,25
ConvNeXt,2.5D-to-3D,RSS,Right Subarticular Stenosis,right_subarticular_stenosis,4,342,test,L1/L2,nas_best_convnext3d_3d,ConvNeXt 3D,364,1,,0.917910447761194,0.3059701492537313,0.3333333333333333,0.3190661478599222,0.917910447761194,0.0895522388059701,0.0,0.0074626865671641,True,,,,
ConvNeXt,2.5D-to-3D,RSS,Right Subarticular Stenosis,right_subarticular_stenosis,4,342,test,L2/L3,nas_best_convnext3d_3d,ConvNeXt 3D,364,1,,0.832089552238806,0.277363184079602,0.3333333333333333,0.3027834351663272,0.832089552238806,0.2201492537313432,0.0,0.0522388059701492,True,,,,
ConvNeXt,2.5D-to-3D,RSS,Right Subarticular Stenosis,right_subarticular_stenosis,4,342,test,L3/L4,nas_best_convnext3d_3d,ConvNeXt 3D,364,1,,0.6865671641791045,0.2288557213930348,0.3333333333333333,0.2713864306784661,0.6865671641791045,0.4141791044776119,0.0,0.1007462686567164,True,,,,
ConvNeXt,2.5D-to-3D,RSS,Right Subarticular Stenosis,right_subarticular_stenosis,4,342,test,L4/L5,nas_best_convnext3d_3d,ConvNeXt 3D,364,1,,0.4291044776119403,0.1430348258706467,0.3333333333333333,0.2001740644038294,0.4291044776119403,0.7985074626865671,0.0,0.2276119402985074,True,,,,
ConvNeXt,2.5D-to-3D,RSS,Right Subarticular Stenosis,right_subarticular_stenosis,4,342,test,L5/S1,nas_best_convnext3d_3d,ConvNeXt 3D,364,1,,0.7350746268656716,0.2450248756218905,0.3333333333333333,0.2824372759856631,0.7350746268656716,0.332089552238806,0.0,0.0671641791044776,True,,,,
ConvNeXt,2.5D-to-3D,RSS,Right Subarticular Stenosis,right_subarticular_stenosis,5,442,train,L1/L2,nas_best_convnext3d_3d,ConvNeXt 3D,364,1,,0.9179936305732485,0.3059978768577495,0.3333333333333333,0.3190812231908122,0.9179936305732485,0.0955414012738853,0.0,0.0135350318471337,True,,,,
ConvNeXt,2.5D-to-3D,RSS,Right Subarticular Stenosis,right_subarticular_stenosis,5,442,train,L2/L3,nas_best_convnext3d_3d,ConvNeXt 3D,364,1,,0.8351910828025477,0.2783970276008492,0.3333333333333333,0.3033984092552422,0.8351910828025477,0.2038216560509554,0.0,0.0390127388535031,True,,,,
ConvNeXt,2.5D-to-3D,RSS,Right Subarticular Stenosis,right_subarticular_stenosis,5,442,train,L3/L4,nas_best_convnext3d_3d,ConvNeXt 3D,364,1,,0.6719745222929936,0.2239915074309978,0.3333333333333333,0.267936507936508,0.6719745222929936,0.4251592356687898,0.0,0.0971337579617834,True,,,,
ConvNeXt,2.5D-to-3D,RSS,Right Subarticular Stenosis,right_subarticular_stenosis,5,442,train,L4/L5,nas_best_convnext3d_3d,ConvNeXt 3D,364,1,,0.2237261146496815,0.0745753715498938,0.3333333333333333,0.1218824549989156,0.2237261146496815,1.2396496815286624,0.0,0.4633757961783439,True,,,,
ConvNeXt,2.5D-to-3D,RSS,Right Subarticular Stenosis,right_subarticular_stenosis,5,442,train,L5/S1,nas_best_convnext3d_3d,ConvNeXt 3D,364,1,,0.7093949044585988,0.2364649681528662,0.3333333333333333,0.2766651141127154,0.7093949044585988,0.3742038216560509,0.0,0.0835987261146496,True,,,,
ConvNeXt,2.5D-to-3D,RSS,Right Subarticular Stenosis,right_subarticular_stenosis,5,442,validation,L1/L2,nas_best_convnext3d_3d,ConvNeXt 3D,364,1,,0.9597069597069596,0.3199023199023199,0.3333333333333333,0.3264797507788162,0.9597069597069596,0.0549450549450549,0.0,0.0146520146520146,True,273,262,7,4
ConvNeXt,2.5D-to-3D,RSS,Right Subarticular Stenosis,right_subarticular_stenosis,5,442,validation,L2/L3,nas_best_convnext3d_3d,ConvNeXt 3D,364,1,,0.8424908424908425,0.2808302808302808,0.3333333333333333,0.3048376408217362,0.8424908424908425,0.1831501831501831,0.0,0.0256410256410256,True,273,230,36,7
ConvNeXt,2.5D-to-3D,RSS,Right Subarticular Stenosis,right_subarticular_stenosis,5,442,validation,L3/L4,nas_best_convnext3d_3d,ConvNeXt 3D,364,1,,0.6776556776556777,0.2258852258852259,0.3333333333333333,0.2692867540029112,0.6776556776556777,0.4139194139194139,0.0,0.0915750915750915,True,273,185,63,25
ConvNeXt,2.5D-to-3D,RSS,Right Subarticular Stenosis,right_subarticular_stenosis,5,442,validation,L4/L5,nas_best_convnext3d_3d,ConvNeXt 3D,364,1,,0.2161172161172161,0.072039072039072,0.3333333333333333,0.1184738955823293,0.2161172161172161,1.2564102564102564,0.0,0.4725274725274725,True,273,129,85,59
ConvNeXt,2.5D-to-3D,RSS,Right Subarticular Stenosis,right_subarticular_stenosis,5,442,validation,L5/S1,nas_best_convnext3d_3d,ConvNeXt 3D,364,1,,0.717948717948718,0.2393162393162393,0.3333333333333333,0.2786069651741293,0.717948717948718,0.3809523809523809,0.0,0.0989010989010989,True,273,196,50,27
ConvNeXt,2.5D-to-3D,RSS,Right Subarticular Stenosis,right_subarticular_stenosis,5,442,test,L1/L2,nas_best_convnext3d_3d,ConvNeXt 3D,364,1,,0.9381818181818182,0.3127272727272727,0.3333333333333333,0.3227016885553471,0.9381818181818182,0.0727272727272727,0.0,0.0109090909090909,True,,,,
ConvNeXt,2.5D-to-3D,RSS,Right Subarticular Stenosis,right_subarticular_stenosis,5,442,test,L2/L3,nas_best_convnext3d_3d,ConvNeXt 3D,364,1,,0.8327272727272728,0.2775757575757576,0.3333333333333333,0.3029100529100529,0.8327272727272728,0.1927272727272727,0.0,0.0254545454545454,True,,,,
ConvNeXt,2.5D-to-3D,RSS,Right Subarticular Stenosis,right_subarticular_stenosis,5,442,test,L3/L4,nas_best_convnext3d_3d,ConvNeXt 3D,364,1,,0.6872727272727273,0.2290909090909091,0.3333333333333333,0.271551724137931,0.6872727272727273,0.4109090909090909,0.0,0.0981818181818181,True,,,,
ConvNeXt,2.5D-to-3D,RSS,Right Subarticular Stenosis,right_subarticular_stenosis,5,442,test,L4/L5,nas_best_convnext3d_3d,ConvNeXt 3D,364,1,,0.24,0.08,0.3333333333333333,0.1290322580645161,0.24,1.2,0.0,0.44,True,,,,
ConvNeXt,2.5D-to-3D,RSS,Right Subarticular Stenosis,right_subarticular_stenosis,5,442,test,L5/S1,nas_best_convnext3d_3d,ConvNeXt 3D,364,1,,0.6872727272727273,0.2290909090909091,0.3333333333333333,0.271551724137931,0.6872727272727273,0.4,0.0,0.0872727272727272,True,,,,
ConvNeXt,2.5D-to-3D,SCS,Spinal Canal Stenosis,spinal_canal_stenosis,1,42,train,L1/L2,nas_best_convnext3d_3d,ConvNeXt 3D,314,1,,0.9555388093443858,0.3185129364481286,0.3333333333333333,0.3257546563904945,0.9555388093443858,0.0550113036925395,0.0,0.0105501130369253,True,,,,
ConvNeXt,2.5D-to-3D,SCS,Spinal Canal Stenosis,spinal_canal_stenosis,1,42,train,L2/L3,nas_best_convnext3d_3d,ConvNeXt 3D,314,1,,0.8967596081386586,0.2989198693795529,0.3333333333333333,0.315190041054165,0.8967596081386586,0.1326299924642049,0.0,0.0293896006028636,True,,,,
ConvNeXt,2.5D-to-3D,SCS,Spinal Canal Stenosis,spinal_canal_stenosis,1,42,train,L3/L4,nas_best_convnext3d_3d,ConvNeXt 3D,314,1,,0.8221552373775434,0.2740517457925144,0.3333333333333333,0.300799558864075,0.8221552373775434,0.2388847023360964,0.0,0.0610399397136397,True,,,,
ConvNeXt,2.5D-to-3D,SCS,Spinal Canal Stenosis,spinal_canal_stenosis,1,42,train,L4/L5,nas_best_convnext3d_3d,ConvNeXt 3D,314,1,,0.7498116051243406,0.2499372017081135,0.3333333333333333,0.2856732701693942,0.7498116051243406,0.3798040693293142,0.0,0.1296156744536548,True,,,,
ConvNeXt,2.5D-to-3D,SCS,Spinal Canal Stenosis,spinal_canal_stenosis,1,42,train,L5/S1,nas_best_convnext3d_3d,ConvNeXt 3D,314,1,,0.9660889223813112,0.3220296407937704,0.3333333333333333,0.3275840040884119,0.9660889223813112,0.0437076111529766,0.0,0.0097965335342878,True,,,,
ConvNeXt,2.5D-to-3D,SCS,Spinal Canal Stenosis,spinal_canal_stenosis,1,42,validation,L1/L2,nas_best_convnext3d_3d,ConvNeXt 3D,314,1,,0.9335664335664337,0.3111888111888112,0.3333333333333333,0.321880650994575,0.9335664335664337,0.0804195804195804,0.0,0.0139860139860139,True,286,267,15,4
ConvNeXt,2.5D-to-3D,SCS,Spinal Canal Stenosis,spinal_canal_stenosis,1,42,validation,L2/L3,nas_best_convnext3d_3d,ConvNeXt 3D,314,1,,0.8811188811188811,0.2937062937062937,0.3333333333333333,0.312267657992565,0.8811188811188811,0.1468531468531468,0.0,0.0279720279720279,True,286,252,26,8
ConvNeXt,2.5D-to-3D,SCS,Spinal Canal Stenosis,spinal_canal_stenosis,1,42,validation,L3/L4,nas_best_convnext3d_3d,ConvNeXt 3D,314,1,,0.8111888111888111,0.2703962703962704,0.3333333333333333,0.2985842985842986,0.8111888111888111,0.2622377622377622,0.0,0.0734265734265734,True,286,232,33,21
ConvNeXt,2.5D-to-3D,SCS,Spinal Canal Stenosis,spinal_canal_stenosis,1,42,validation,L4/L5,nas_best_convnext3d_3d,ConvNeXt 3D,314,1,,0.7552447552447552,0.2517482517482517,0.3333333333333333,0.2868525896414343,0.7552447552447552,0.3636363636363636,0.0,0.1188811188811188,True,286,216,36,34
ConvNeXt,2.5D-to-3D,SCS,Spinal Canal Stenosis,spinal_canal_stenosis,1,42,validation,L5/S1,nas_best_convnext3d_3d,ConvNeXt 3D,314,1,,0.958041958041958,0.3193473193473193,0.3333333333333333,0.3261904761904762,0.958041958041958,0.0524475524475524,0.0,0.0104895104895104,True,286,274,9,3
ConvNeXt,2.5D-to-3D,SCS,Spinal Canal Stenosis,spinal_canal_stenosis,1,42,test,L1/L2,nas_best_convnext3d_3d,ConvNeXt 3D,314,1,,0.972027972027972,0.324009324009324,0.3333333333333333,0.3286052009456264,0.972027972027972,0.0384615384615384,0.0,0.0104895104895104,True,,,,
ConvNeXt,2.5D-to-3D,SCS,Spinal Canal Stenosis,spinal_canal_stenosis,1,42,test,L2/L3,nas_best_convnext3d_3d,ConvNeXt 3D,314,1,,0.9090909090909092,0.303030303030303,0.3333333333333333,0.3174603174603174,0.9090909090909092,0.1083916083916083,0.0,0.0174825174825174,True,,,,
ConvNeXt,2.5D-to-3D,SCS,Spinal Canal Stenosis,spinal_canal_stenosis,1,42,test,L3/L4,nas_best_convnext3d_3d,ConvNeXt 3D,314,1,,0.8321678321678322,0.2773892773892774,0.3333333333333333,0.3027989821882951,0.8321678321678322,0.2202797202797203,0.0,0.0524475524475524,True,,,,
ConvNeXt,2.5D-to-3D,SCS,Spinal Canal Stenosis,spinal_canal_stenosis,1,42,test,L4/L5,nas_best_convnext3d_3d,ConvNeXt 3D,314,1,,0.7587412587412588,0.2529137529137529,0.3333333333333333,0.2876076872100729,0.7587412587412588,0.3811188811188811,0.0,0.1398601398601398,True,,,,
ConvNeXt,2.5D-to-3D,SCS,Spinal Canal Stenosis,spinal_canal_stenosis,1,42,test,L5/S1,nas_best_convnext3d_3d,ConvNeXt 3D,314,1,,0.9615384615384616,0.3205128205128205,0.3333333333333333,0.326797385620915,0.9615384615384616,0.0489510489510489,0.0,0.0104895104895104,True,,,,
ConvNeXt,2.5D-to-3D,SCS,Spinal Canal Stenosis,spinal_canal_stenosis,2,142,train,L1/L2,nas_best_convnext3d_3d,ConvNeXt 3D,314,1,,0.9578947368421052,0.3192982456140351,0.3333333333333333,0.3261648745519713,0.9578947368421052,0.0511278195488721,0.0,0.0090225563909774,True,,,,
ConvNeXt,2.5D-to-3D,SCS,Spinal Canal Stenosis,spinal_canal_stenosis,2,142,train,L2/L3,nas_best_convnext3d_3d,ConvNeXt 3D,314,1,,0.8969924812030076,0.2989974937343359,0.3333333333333333,0.3152331880036993,0.8969924812030076,0.1285714285714285,0.0,0.025563909774436,True,,,,
ConvNeXt,2.5D-to-3D,SCS,Spinal Canal Stenosis,spinal_canal_stenosis,2,142,train,L3/L4,nas_best_convnext3d_3d,ConvNeXt 3D,314,1,,0.8225563909774436,0.2741854636591478,0.3333333333333333,0.3008800880088009,0.8225563909774436,0.2413533834586466,0.0,0.0639097744360902,True,,,,
ConvNeXt,2.5D-to-3D,SCS,Spinal Canal Stenosis,spinal_canal_stenosis,2,142,train,L4/L5,nas_best_convnext3d_3d,ConvNeXt 3D,314,1,,0.7526315789473684,0.2508771929824561,0.3333333333333333,0.2862862862862863,0.7526315789473684,0.3796992481203007,0.0,0.1323308270676691,True,,,,
ConvNeXt,2.5D-to-3D,SCS,Spinal Canal Stenosis,spinal_canal_stenosis,2,142,train,L5/S1,nas_best_convnext3d_3d,ConvNeXt 3D,314,1,,0.9639097744360904,0.3213032581453634,0.3333333333333333,0.3272077590607453,0.9639097744360904,0.0451127819548872,0.0,0.0090225563909774,True,,,,
ConvNeXt,2.5D-to-3D,SCS,Spinal Canal Stenosis,spinal_canal_stenosis,2,142,validation,L1/L2,nas_best_convnext3d_3d,ConvNeXt 3D,314,1,,0.9375,0.3125,0.3333333333333333,0.3225806451612903,0.9375,0.0763888888888889,0.0,0.0138888888888888,True,288,270,14,4
ConvNeXt,2.5D-to-3D,SCS,Spinal Canal Stenosis,spinal_canal_stenosis,2,142,validation,L2/L3,nas_best_convnext3d_3d,ConvNeXt 3D,314,1,,0.8923611111111112,0.2974537037037037,0.3333333333333333,0.3143730886850153,0.8923611111111112,0.1388888888888889,0.0,0.03125,True,288,257,22,9
ConvNeXt,2.5D-to-3D,SCS,Spinal Canal Stenosis,spinal_canal_stenosis,2,142,validation,L3/L4,nas_best_convnext3d_3d,ConvNeXt 3D,314,1,,0.8125,0.2708333333333333,0.3333333333333333,0.2988505747126437,0.8125,0.2395833333333333,0.0,0.0520833333333333,True,288,234,39,15
ConvNeXt,2.5D-to-3D,SCS,Spinal Canal Stenosis,spinal_canal_stenosis,2,142,validation,L4/L5,nas_best_convnext3d_3d,ConvNeXt 3D,314,1,,0.75,0.25,0.3333333333333333,0.2857142857142857,0.75,0.375,0.0,0.125,True,288,216,36,36
ConvNeXt,2.5D-to-3D,SCS,Spinal Canal Stenosis,spinal_canal_stenosis,2,142,validation,L5/S1,nas_best_convnext3d_3d,ConvNeXt 3D,314,1,,0.9583333333333334,0.3194444444444445,0.3333333333333333,0.326241134751773,0.9583333333333334,0.0520833333333333,0.0,0.0104166666666666,True,288,276,9,3
ConvNeXt,2.5D-to-3D,SCS,Spinal Canal Stenosis,spinal_canal_stenosis,2,142,test,L1/L2,nas_best_convnext3d_3d,ConvNeXt 3D,314,1,,0.9572953736654805,0.3190984578884935,0.3333333333333333,0.326060606060606,0.9572953736654805,0.0604982206405693,0.0,0.0177935943060498,True,,,,
ConvNeXt,2.5D-to-3D,SCS,Spinal Canal Stenosis,spinal_canal_stenosis,2,142,test,L2/L3,nas_best_convnext3d_3d,ConvNeXt 3D,314,1,,0.896797153024911,0.298932384341637,0.3333333333333333,0.3151969981238274,0.896797153024911,0.1352313167259786,0.0,0.0320284697508896,True,,,,
ConvNeXt,2.5D-to-3D,SCS,Spinal Canal Stenosis,spinal_canal_stenosis,2,142,test,L3/L4,nas_best_convnext3d_3d,ConvNeXt 3D,314,1,,0.8291814946619217,0.2763938315539739,0.3333333333333333,0.3022049286640726,0.8291814946619217,0.2313167259786477,0.0,0.0604982206405693,True,,,,
ConvNeXt,2.5D-to-3D,SCS,Spinal Canal Stenosis,spinal_canal_stenosis,2,142,test,L4/L5,nas_best_convnext3d_3d,ConvNeXt 3D,314,1,,0.7508896797153025,0.2502965599051008,0.3333333333333333,0.2859078590785908,0.7508896797153025,0.3701067615658363,0.0,0.1209964412811387,True,,,,
ConvNeXt,2.5D-to-3D,SCS,Spinal Canal Stenosis,spinal_canal_stenosis,2,142,test,L5/S1,nas_best_convnext3d_3d,ConvNeXt 3D,314,1,,0.9715302491103204,0.3238434163701068,0.3333333333333333,0.3285198555956679,0.9715302491103204,0.0427046263345195,0.0,0.0142348754448398,True,,,,
ConvNeXt,2.5D-to-3D,SCS,Spinal Canal Stenosis,spinal_canal_stenosis,3,242,train,L1/L2,nas_best_convnext3d_3d,ConvNeXt 3D,314,1,,0.9580524344569288,0.319350811485643,0.3333333333333333,0.3261922978831931,0.9580524344569288,0.0539325842696629,0.0,0.0119850187265917,True,,,,
ConvNeXt,2.5D-to-3D,SCS,Spinal Canal Stenosis,spinal_canal_stenosis,3,242,train,L2/L3,nas_best_convnext3d_3d,ConvNeXt 3D,314,1,,0.8936329588014982,0.2978776529338327,0.3333333333333333,0.3146097046413502,0.8936329588014982,0.1340823970037453,0.0,0.0277153558052434,True,,,,
ConvNeXt,2.5D-to-3D,SCS,Spinal Canal Stenosis,spinal_canal_stenosis,3,242,train,L3/L4,nas_best_convnext3d_3d,ConvNeXt 3D,314,1,,0.8217228464419476,0.2739076154806492,0.3333333333333333,0.3007127192982456,0.8217228464419476,0.2404494382022471,0.0,0.0621722846441947,True,,,,
ConvNeXt,2.5D-to-3D,SCS,Spinal Canal Stenosis,spinal_canal_stenosis,3,242,train,L4/L5,nas_best_convnext3d_3d,ConvNeXt 3D,314,1,,0.751310861423221,0.2504369538077403,0.3333333333333333,0.2859994297120046,0.751310861423221,0.3767790262172285,0.0,0.1280898876404494,True,,,,
ConvNeXt,2.5D-to-3D,SCS,Spinal Canal Stenosis,spinal_canal_stenosis,3,242,train,L5/S1,nas_best_convnext3d_3d,ConvNeXt 3D,314,1,,0.9655430711610486,0.3218476903870162,0.3333333333333333,0.3274898373983739,0.9655430711610486,0.045692883895131,0.0,0.0112359550561797,True,,,,
ConvNeXt,2.5D-to-3D,SCS,Spinal Canal Stenosis,spinal_canal_stenosis,3,242,validation,L1/L2,nas_best_convnext3d_3d,ConvNeXt 3D,314,1,,0.9293286219081272,0.3097762073027091,0.3333333333333333,0.3211233211233211,0.9293286219081272,0.0848056537102473,0.0,0.0141342756183745,True,283,263,16,4
ConvNeXt,2.5D-to-3D,SCS,Spinal Canal Stenosis,spinal_canal_stenosis,3,242,validation,L2/L3,nas_best_convnext3d_3d,ConvNeXt 3D,314,1,,0.8763250883392226,0.2921083627797409,0.3333333333333333,0.3113622096672944,0.8763250883392226,0.1625441696113074,0.0,0.03886925795053,True,283,248,24,11
ConvNeXt,2.5D-to-3D,SCS,Spinal Canal Stenosis,spinal_canal_stenosis,3,242,validation,L3/L4,nas_best_convnext3d_3d,ConvNeXt 3D,314,1,,0.8197879858657244,0.2732626619552414,0.3333333333333333,0.3003236245954692,0.8197879858657244,0.2438162544169611,0.0,0.0636042402826855,True,283,232,33,18
ConvNeXt,2.5D-to-3D,SCS,Spinal Canal Stenosis,spinal_canal_stenosis,3,242,validation,L4/L5,nas_best_convnext3d_3d,ConvNeXt 3D,314,1,,0.7632508833922261,0.254416961130742,0.3333333333333333,0.2885771543086172,0.7632508833922261,0.3604240282685512,0.0,0.1236749116607773,True,283,216,32,35
ConvNeXt,2.5D-to-3D,SCS,Spinal Canal Stenosis,spinal_canal_stenosis,3,242,validation,L5/S1,nas_best_convnext3d_3d,ConvNeXt 3D,314,1,,0.9752650176678446,0.3250883392226149,0.3333333333333333,0.3291592128801431,0.9752650176678446,0.0318021201413427,0.0,0.0070671378091872,True,283,276,5,2
ConvNeXt,2.5D-to-3D,SCS,Spinal Canal Stenosis,spinal_canal_stenosis,3,242,test,L1/L2,nas_best_convnext3d_3d,ConvNeXt 3D,314,1,,0.9644128113879004,0.3214709371293001,0.3333333333333333,0.3272946859903382,0.9644128113879004,0.0391459074733096,0.0,0.0035587188612099,True,,,,
ConvNeXt,2.5D-to-3D,SCS,Spinal Canal Stenosis,spinal_canal_stenosis,3,242,test,L2/L3,nas_best_convnext3d_3d,ConvNeXt 3D,314,1,,0.9288256227758008,0.3096085409252669,0.3333333333333333,0.3210332103321033,0.9288256227758008,0.0854092526690391,0.0,0.0142348754448398,True,,,,
ConvNeXt,2.5D-to-3D,SCS,Spinal Canal Stenosis,spinal_canal_stenosis,3,242,test,L3/L4,nas_best_convnext3d_3d,ConvNeXt 3D,314,1,,0.8256227758007118,0.2752075919335706,0.3333333333333333,0.3014944769330734,0.8256227758007118,0.2313167259786477,0.0,0.0569395017793594,True,,,,
ConvNeXt,2.5D-to-3D,SCS,Spinal Canal Stenosis,spinal_canal_stenosis,3,242,test,L4/L5,nas_best_convnext3d_3d,ConvNeXt 3D,314,1,,0.7437722419928826,0.2479240806642942,0.3333333333333333,0.2843537414965986,0.7437722419928826,0.398576512455516,0.0,0.1423487544483986,True,,,,
ConvNeXt,2.5D-to-3D,SCS,Spinal Canal Stenosis,spinal_canal_stenosis,3,242,test,L5/S1,nas_best_convnext3d_3d,ConvNeXt 3D,314,1,,0.9466192170818504,0.3155397390272835,0.3333333333333333,0.3241925655088361,0.9466192170818504,0.0604982206405693,0.0,0.0071174377224199,True,,,,
ConvNeXt,2.5D-to-3D,SCS,Spinal Canal Stenosis,spinal_canal_stenosis,4,342,train,L1/L2,nas_best_convnext3d_3d,ConvNeXt 3D,314,1,,0.9578313253012049,0.3192771084337349,0.3333333333333333,0.3261538461538462,0.9578313253012049,0.0512048192771084,0.0,0.0090361445783132,True,,,,
ConvNeXt,2.5D-to-3D,SCS,Spinal Canal Stenosis,spinal_canal_stenosis,4,342,train,L2/L3,nas_best_convnext3d_3d,ConvNeXt 3D,314,1,,0.8930722891566265,0.2976907630522088,0.3333333333333333,0.3145054362238133,0.8930722891566265,0.1317771084337349,0.0,0.0248493975903614,True,,,,
ConvNeXt,2.5D-to-3D,SCS,Spinal Canal Stenosis,spinal_canal_stenosis,4,342,train,L3/L4,nas_best_convnext3d_3d,ConvNeXt 3D,314,1,,0.8268072289156626,0.2756024096385542,0.3333333333333333,0.3017312448474856,0.8268072289156626,0.2341867469879518,0.0,0.0609939759036144,True,,,,
ConvNeXt,2.5D-to-3D,SCS,Spinal Canal Stenosis,spinal_canal_stenosis,4,342,train,L4/L5,nas_best_convnext3d_3d,ConvNeXt 3D,314,1,,0.7515060240963856,0.2505020080321285,0.3333333333333333,0.2860418458010891,0.7515060240963856,0.3742469879518072,0.0,0.1257530120481927,True,,,,
ConvNeXt,2.5D-to-3D,SCS,Spinal Canal Stenosis,spinal_canal_stenosis,4,342,train,L5/S1,nas_best_convnext3d_3d,ConvNeXt 3D,314,1,,0.9691265060240964,0.3230421686746987,0.3333333333333333,0.3281070745697896,0.9691265060240964,0.0391566265060241,0.0,0.0082831325301204,True,,,,
ConvNeXt,2.5D-to-3D,SCS,Spinal Canal Stenosis,spinal_canal_stenosis,4,342,validation,L1/L2,nas_best_convnext3d_3d,ConvNeXt 3D,314,1,,0.950354609929078,0.3167848699763593,0.3333333333333333,0.3248484848484848,0.950354609929078,0.0602836879432624,0.0,0.0106382978723404,True,282,268,11,3
ConvNeXt,2.5D-to-3D,SCS,Spinal Canal Stenosis,spinal_canal_stenosis,4,342,validation,L2/L3,nas_best_convnext3d_3d,ConvNeXt 3D,314,1,,0.900709219858156,0.3002364066193853,0.3333333333333333,0.3159203980099502,0.900709219858156,0.1382978723404255,0.0,0.0390070921985815,True,282,254,17,11
ConvNeXt,2.5D-to-3D,SCS,Spinal Canal Stenosis,spinal_canal_stenosis,4,342,validation,L3/L4,nas_best_convnext3d_3d,ConvNeXt 3D,314,1,,0.8262411347517731,0.2754137115839243,0.3333333333333333,0.3016181229773463,0.8262411347517731,0.2375886524822695,0.0,0.0638297872340425,True,282,233,31,18
ConvNeXt,2.5D-to-3D,SCS,Spinal Canal Stenosis,spinal_canal_stenosis,4,342,validation,L4/L5,nas_best_convnext3d_3d,ConvNeXt 3D,314,1,,0.7695035460992907,0.2565011820330969,0.3333333333333333,0.2899131596526386,0.7695035460992907,0.3617021276595745,0.0,0.1312056737588652,True,282,217,28,37
ConvNeXt,2.5D-to-3D,SCS,Spinal Canal Stenosis,spinal_canal_stenosis,4,342,validation,L5/S1,nas_best_convnext3d_3d,ConvNeXt 3D,314,1,,0.950354609929078,0.3167848699763593,0.3333333333333333,0.3248484848484848,0.950354609929078,0.0638297872340425,0.0,0.0141843971631205,True,282,268,10,4
ConvNeXt,2.5D-to-3D,SCS,Spinal Canal Stenosis,spinal_canal_stenosis,4,342,test,L1/L2,nas_best_convnext3d_3d,ConvNeXt 3D,314,1,,0.944636678200692,0.314878892733564,0.3333333333333333,0.3238434163701068,0.944636678200692,0.0761245674740484,0.0,0.0207612456747404,True,,,,
ConvNeXt,2.5D-to-3D,SCS,Spinal Canal Stenosis,spinal_canal_stenosis,4,342,test,L2/L3,nas_best_convnext3d_3d,ConvNeXt 3D,314,1,,0.9065743944636678,0.3021914648212226,0.3333333333333333,0.3169993950393224,0.9065743944636678,0.1211072664359861,0.0,0.0276816608996539,True,,,,
ConvNeXt,2.5D-to-3D,SCS,Spinal Canal Stenosis,spinal_canal_stenosis,4,342,test,L3/L4,nas_best_convnext3d_3d,ConvNeXt 3D,314,1,,0.7958477508650519,0.2652825836216839,0.3333333333333333,0.2954399486191393,0.7958477508650519,0.2664359861591695,0.0,0.0622837370242214,True,,,,
ConvNeXt,2.5D-to-3D,SCS,Spinal Canal Stenosis,spinal_canal_stenosis,4,342,test,L4/L5,nas_best_convnext3d_3d,ConvNeXt 3D,314,1,,0.7370242214532872,0.245674740484429,0.3333333333333333,0.2828685258964143,0.7370242214532872,0.4083044982698962,0.0,0.1453287197231834,True,,,,
ConvNeXt,2.5D-to-3D,SCS,Spinal Canal Stenosis,spinal_canal_stenosis,4,342,test,L5/S1,nas_best_convnext3d_3d,ConvNeXt 3D,314,1,,0.9550173010380624,0.3183391003460207,0.3333333333333333,0.3256637168141593,0.9550173010380624,0.0588235294117647,0.0,0.0138408304498269,True,,,,
ConvNeXt,2.5D-to-3D,SCS,Spinal Canal Stenosis,spinal_canal_stenosis,5,442,train,L1/L2,nas_best_convnext3d_3d,ConvNeXt 3D,314,1,,0.9562594268476622,0.3187531422825541,0.3333333333333333,0.3258802364430738,0.9562594268476622,0.0542986425339366,0.0,0.0105580693815987,True,,,,
ConvNeXt,2.5D-to-3D,SCS,Spinal Canal Stenosis,spinal_canal_stenosis,5,442,train,L2/L3,nas_best_convnext3d_3d,ConvNeXt 3D,314,1,,0.8929110105580694,0.2976370035193564,0.3333333333333333,0.3144754316069057,0.8929110105580694,0.1319758672699849,0.0,0.0248868778280542,True,,,,
ConvNeXt,2.5D-to-3D,SCS,Spinal Canal Stenosis,spinal_canal_stenosis,5,442,train,L3/L4,nas_best_convnext3d_3d,ConvNeXt 3D,314,1,,0.8197586726998491,0.2732528908999497,0.3333333333333333,0.3003177234424644,0.8197586726998491,0.2443438914027149,0.0,0.0641025641025641,True,,,,
ConvNeXt,2.5D-to-3D,SCS,Spinal Canal Stenosis,spinal_canal_stenosis,5,442,train,L4/L5,nas_best_convnext3d_3d,ConvNeXt 3D,314,1,,0.7473604826546003,0.2491201608848667,0.3333333333333333,0.2851388289454755,0.7473604826546003,0.3831070889894419,0.0,0.1304675716440422,True,,,,
ConvNeXt,2.5D-to-3D,SCS,Spinal Canal Stenosis,spinal_canal_stenosis,5,442,train,L5/S1,nas_best_convnext3d_3d,ConvNeXt 3D,314,1,,0.9675716440422324,0.3225238813474108,0.3333333333333333,0.3278395298326306,0.9675716440422324,0.0429864253393665,0.0,0.0105580693815987,True,,,,
ConvNeXt,2.5D-to-3D,SCS,Spinal Canal Stenosis,spinal_canal_stenosis,5,442,validation,L1/L2,nas_best_convnext3d_3d,ConvNeXt 3D,314,1,,0.9475524475524476,0.3158508158508158,0.3333333333333333,0.3243566726511071,0.9475524475524476,0.0664335664335664,0.0,0.0139860139860139,True,286,271,11,4
ConvNeXt,2.5D-to-3D,SCS,Spinal Canal Stenosis,spinal_canal_stenosis,5,442,validation,L2/L3,nas_best_convnext3d_3d,ConvNeXt 3D,314,1,,0.8986013986013986,0.2995337995337995,0.3333333333333333,0.3155310006138735,0.8986013986013986,0.1363636363636363,0.0,0.0349650349650349,True,286,257,19,10
ConvNeXt,2.5D-to-3D,SCS,Spinal Canal Stenosis,spinal_canal_stenosis,5,442,validation,L3/L4,nas_best_convnext3d_3d,ConvNeXt 3D,314,1,,0.8356643356643356,0.2785547785547785,0.3333333333333333,0.3034920634920635,0.8356643356643356,0.2377622377622377,0.0,0.0734265734265734,True,286,239,26,21
ConvNeXt,2.5D-to-3D,SCS,Spinal Canal Stenosis,spinal_canal_stenosis,5,442,validation,L4/L5,nas_best_convnext3d_3d,ConvNeXt 3D,314,1,,0.7447552447552448,0.2482517482517482,0.3333333333333333,0.2845691382765531,0.7447552447552448,0.3881118881118881,0.0,0.1328671328671328,True,286,213,35,38
ConvNeXt,2.5D-to-3D,SCS,Spinal Canal Stenosis,spinal_canal_stenosis,5,442,validation,L5/S1,nas_best_convnext3d_3d,ConvNeXt 3D,314,1,,0.9475524475524476,0.3158508158508158,0.3333333333333333,0.3243566726511071,0.9475524475524476,0.0629370629370629,0.0,0.0104895104895104,True,286,271,12,3
ConvNeXt,2.5D-to-3D,SCS,Spinal Canal Stenosis,spinal_canal_stenosis,5,442,test,L1/L2,nas_best_convnext3d_3d,ConvNeXt 3D,314,1,,0.9547038327526132,0.3182346109175377,0.3333333333333333,0.3256090314913844,0.9547038327526132,0.0557491289198606,0.0,0.0104529616724738,True,,,,
ConvNeXt,2.5D-to-3D,SCS,Spinal Canal Stenosis,spinal_canal_stenosis,5,442,test,L2/L3,nas_best_convnext3d_3d,ConvNeXt 3D,314,1,,0.9094076655052264,0.3031358885017421,0.3333333333333333,0.3175182481751825,0.9094076655052264,0.1219512195121951,0.0,0.0313588850174216,True,,,,
ConvNeXt,2.5D-to-3D,SCS,Spinal Canal Stenosis,spinal_canal_stenosis,5,442,test,L3/L4,nas_best_convnext3d_3d,ConvNeXt 3D,314,1,,0.818815331010453,0.272938443670151,0.3333333333333333,0.3001277139208174,0.818815331010453,0.2195121951219512,0.0,0.0383275261324041,True,,,,
ConvNeXt,2.5D-to-3D,SCS,Spinal Canal Stenosis,spinal_canal_stenosis,5,442,test,L4/L5,nas_best_convnext3d_3d,ConvNeXt 3D,314,1,,0.7804878048780488,0.2601626016260163,0.3333333333333333,0.2922374429223744,0.7804878048780488,0.3414634146341463,0.0,0.1219512195121951,True,,,,
ConvNeXt,2.5D-to-3D,SCS,Spinal Canal Stenosis,spinal_canal_stenosis,5,442,test,L5/S1,nas_best_convnext3d_3d,ConvNeXt 3D,314,1,,0.9651567944250872,0.321718931475029,0.3333333333333333,0.3274231678486998,0.9651567944250872,0.0418118466898954,0.0,0.0069686411149825,True,,,,
ConvNeXt,2D,LFN,Left Neural Foraminal Narrowing,left_neural_foraminal_narrowing,1,42,train,L1/L2,nas_best_convnext_2d,ConvNeXt 2D,2,14,,0.9753801593048516,0.5233115690675372,0.4761449164434239,0.4960376423972263,0.9753801593048516,0.0246198406951484,0.5417423044640939,0.0,True,,,,
ConvNeXt,2D,LFN,Left Neural Foraminal Narrowing,left_neural_foraminal_narrowing,1,42,train,L2/L3,nas_best_convnext_2d,ConvNeXt 2D,2,14,,0.946415640839971,0.5566217287866772,0.5546012323406629,0.5555931627863672,0.946415640839971,0.0535843591600289,0.6904544105263796,0.0,True,,,,
ConvNeXt,2D,LFN,Left Neural Foraminal Narrowing,left_neural_foraminal_narrowing,1,42,train,L3/L4,nas_best_convnext_2d,ConvNeXt 2D,2,14,,0.8472121650977552,0.5112814787567465,0.5166448459457101,0.5139101799115106,0.8472121650977552,0.1527878349022447,0.5996226938777753,0.0,True,,,,
ConvNeXt,2D,LFN,Left Neural Foraminal Narrowing,left_neural_foraminal_narrowing,1,42,train,L4/L5,nas_best_convnext_2d,ConvNeXt 2D,2,14,,0.775524981897176,0.7340528796923041,0.7355865312945307,0.7345183528797254,0.775524981897176,0.225923244026068,0.7126012721000715,0.001448225923244,True,,,,
ConvNeXt,2D,LFN,Left Neural Foraminal Narrowing,left_neural_foraminal_narrowing,1,42,train,L5/S1,nas_best_convnext_2d,ConvNeXt 2D,2,14,,0.7856625633598842,0.706893257434559,0.7169433394796997,0.7088280381608562,0.7856625633598842,0.2201303403330919,0.7557918749074383,0.0057929036929761,True,,,,
ConvNeXt,2D,LFN,Left Neural Foraminal Narrowing,left_neural_foraminal_narrowing,1,42,validation,L1/L2,nas_best_convnext_2d,ConvNeXt 2D,2,14,,0.9694915254237289,0.656392694063927,0.4166666666666667,0.4614492753623189,0.9694915254237289,0.0305084745762711,0.3900758097863541,0.0,True,295,283,12,0
ConvNeXt,2D,LFN,Left Neural Foraminal Narrowing,left_neural_foraminal_narrowing,1,42,validation,L2/L3,nas_best_convnext_2d,ConvNeXt 2D,2,14,,0.9254237288135592,0.5070332480818415,0.4967164179104477,0.5015432098765432,0.9254237288135592,0.0745762711864406,0.5726326880021071,0.0,True,295,268,25,2
ConvNeXt,2D,LFN,Left Neural Foraminal Narrowing,left_neural_foraminal_narrowing,1,42,validation,L3/L4,nas_best_convnext_2d,ConvNeXt 2D,2,14,,0.7966101694915254,0.4755549797011316,0.4834087481146305,0.4794292717086835,0.7966101694915254,0.2033898305084746,0.5126651982378855,0.0,True,295,221,68,6
ConvNeXt,2D,LFN,Left Neural Foraminal Narrowing,left_neural_foraminal_narrowing,1,42,validation,L4/L5,nas_best_convnext_2d,ConvNeXt 2D,2,14,,0.7593220338983051,0.6792127643561375,0.6766319896575704,0.677350953773718,0.7593220338983051,0.2440677966101695,0.6771092178440421,0.0033898305084745,True,295,179,95,21
ConvNeXt,2D,LFN,Left Neural Foraminal Narrowing,left_neural_foraminal_narrowing,1,42,validation,L5/S1,nas_best_convnext_2d,ConvNeXt 2D,2,14,,0.7661016949152543,0.6573774337321135,0.6465800477897252,0.6517141796944323,0.7661016949152543,0.2440677966101695,0.7064526828770443,0.0101694915254237,True,295,192,72,31
ConvNeXt,2D,LFN,Left Neural Foraminal Narrowing,left_neural_foraminal_narrowing,1,42,test,L1/L2,nas_best_convnext_2d,ConvNeXt 2D,2,14,,0.9662162162162162,0.5730593607305936,0.4154929577464788,0.4525462962962963,0.9662162162162162,0.0337837837837837,0.3620689655172414,0.0,True,,,,
ConvNeXt,2D,LFN,Left Neural Foraminal Narrowing,left_neural_foraminal_narrowing,1,42,test,L2/L3,nas_best_convnext_2d,ConvNeXt 2D,2,14,,0.9256756756756755,0.5005529750055298,0.4913258983890954,0.4955827795126377,0.9256756756756755,0.0743243243243243,0.5890964159515396,0.0,True,,,,
ConvNeXt,2D,LFN,Left Neural Foraminal Narrowing,left_neural_foraminal_narrowing,1,42,test,L3/L4,nas_best_convnext_2d,ConvNeXt 2D,2,14,,0.8581081081081081,0.5145709461939367,0.5278480042902015,0.5210676263307842,0.8581081081081081,0.1418918918918918,0.6622289844047167,0.0,True,,,,
ConvNeXt,2D,LFN,Left Neural Foraminal Narrowing,left_neural_foraminal_narrowing,1,42,test,L4/L5,nas_best_convnext_2d,ConvNeXt 2D,2,14,,0.7533783783783784,0.6662124002455494,0.6508290474659809,0.6577708006279436,0.7533783783783784,0.25,0.637768903774314,0.0033783783783783,True,,,,
ConvNeXt,2D,LFN,Left Neural Foraminal Narrowing,left_neural_foraminal_narrowing,1,42,test,L5/S1,nas_best_convnext_2d,ConvNeXt 2D,2,14,,0.7804054054054054,0.6933613091701328,0.7017543859649124,0.6952350270004909,0.7804054054054054,0.2229729729729729,0.7524596615505706,0.0033783783783783,True,,,,
ConvNeXt,2D,LFN,Left Neural Foraminal Narrowing,left_neural_foraminal_narrowing,2,142,train,L1/L2,nas_best_convnext_2d,ConvNeXt 2D,2,9,,0.9746560463432296,0.5482349113388645,0.4159198406771222,0.4504789111073768,0.9746560463432296,0.0253439536567704,0.435885764970881,0.0,True,,,,
ConvNeXt,2D,LFN,Left Neural Foraminal Narrowing,left_neural_foraminal_narrowing,2,142,train,L2/L3,nas_best_convnext_2d,ConvNeXt 2D,2,9,,0.940622737146995,0.5528111270208417,0.4981040878606801,0.5202152641878669,0.940622737146995,0.059377262853005,0.6135454632321826,0.0,True,,,,
ConvNeXt,2D,LFN,Left Neural Foraminal Narrowing,left_neural_foraminal_narrowing,2,142,train,L3/L4,nas_best_convnext_2d,ConvNeXt 2D,2,9,,0.8595220854453295,0.7938975308853712,0.580258334189879,0.6375291130423589,0.8595220854453295,0.1412020275162925,0.6242872274754216,0.000724112961622,True,,,,
ConvNeXt,2D,LFN,Left Neural Foraminal Narrowing,left_neural_foraminal_narrowing,2,142,train,L4/L5,nas_best_convnext_2d,ConvNeXt 2D,2,9,,0.782766111513396,0.732564554786777,0.6945278597760879,0.711136254966942,0.782766111513396,0.2215785662563359,0.6912512830607854,0.004344677769732,True,,,,
ConvNeXt,2D,LFN,Left Neural Foraminal Narrowing,left_neural_foraminal_narrowing,2,142,train,L5/S1,nas_best_convnext_2d,ConvNeXt 2D,2,9,,0.7921795800144823,0.7064995738001992,0.7211382027558498,0.7047166820970078,0.7921795800144823,0.2165097755249819,0.7600977329210752,0.0086893555394641,True,,,,
ConvNeXt,2D,LFN,Left Neural Foraminal Narrowing,left_neural_foraminal_narrowing,2,142,validation,L1/L2,nas_best_convnext_2d,ConvNeXt 2D,2,9,,0.9627118644067796,0.6541950113378685,0.3611111111111111,0.3782606763542639,0.9627118644067796,0.0372881355932203,0.1485174494883232,0.0,True,295,283,12,0
ConvNeXt,2D,LFN,Left Neural Foraminal Narrowing,left_neural_foraminal_narrowing,2,142,validation,L2/L3,nas_best_convnext_2d,ConvNeXt 2D,2,9,,0.9220338983050848,0.5286359147975738,0.4580200501253132,0.4828159041394335,0.9220338983050848,0.0779661016949152,0.4949758094529215,0.0,True,295,266,28,1
ConvNeXt,2D,LFN,Left Neural Foraminal Narrowing,left_neural_foraminal_narrowing,2,142,validation,L3/L4,nas_best_convnext_2d,ConvNeXt 2D,2,9,,0.7966101694915254,0.6125773867709351,0.5066458982346833,0.5365135953371247,0.7966101694915254,0.2067796610169491,0.4980418636056719,0.0033898305084745,True,295,214,75,6
ConvNeXt,2D,LFN,Left Neural Foraminal Narrowing,left_neural_foraminal_narrowing,2,142,validation,L4/L5,nas_best_convnext_2d,ConvNeXt 2D,2,9,,0.7457627118644068,0.7073580301891694,0.6950055986717634,0.7008925823330255,0.7457627118644068,0.2576271186440678,0.6522908607350097,0.0033898305084745,True,295,178,97,20
ConvNeXt,2D,LFN,Left Neural Foraminal Narrowing,left_neural_foraminal_narrowing,2,142,validation,L5/S1,nas_best_convnext_2d,ConvNeXt 2D,2,9,,0.7457627118644068,0.6462812549769071,0.6782210903603093,0.6578300135646462,0.7457627118644068,0.2813559322033898,0.6720271317394185,0.0271186440677966,True,295,186,76,33
ConvNeXt,2D,LFN,Left Neural Foraminal Narrowing,left_neural_foraminal_narrowing,2,142,test,L1/L2,nas_best_convnext_2d,ConvNeXt 2D,2,9,,0.972972972972973,0.6575654152445961,0.4242424242424242,0.4715768660405339,0.972972972972973,0.027027027027027,0.4193231976459048,0.0,True,,,,
ConvNeXt,2D,LFN,Left Neural Foraminal Narrowing,left_neural_foraminal_narrowing,2,142,test,L2/L3,nas_best_convnext_2d,ConvNeXt 2D,2,9,,0.9493243243243245,0.5898412698412698,0.5394645581911499,0.5608343583435834,0.9493243243243245,0.054054054054054,0.6511719261490114,0.0033783783783783,True,,,,
ConvNeXt,2D,LFN,Left Neural Foraminal Narrowing,left_neural_foraminal_narrowing,2,142,test,L3/L4,nas_best_convnext_2d,ConvNeXt 2D,2,9,,0.8412162162162162,0.8759977650063857,0.7027278888512368,0.759448159862221,0.8412162162162162,0.1587837837837837,0.5576751875874348,0.0,True,,,,
ConvNeXt,2D,LFN,Left Neural Foraminal Narrowing,left_neural_foraminal_narrowing,2,142,test,L4/L5,nas_best_convnext_2d,ConvNeXt 2D,2,9,,0.7533783783783784,0.6895141895141895,0.6504587008175265,0.6660236527543487,0.7533783783783784,0.25,0.6820353356890458,0.0033783783783783,True,,,,
ConvNeXt,2D,LFN,Left Neural Foraminal Narrowing,left_neural_foraminal_narrowing,2,142,test,L5/S1,nas_best_convnext_2d,ConvNeXt 2D,2,9,,0.7094594594594594,0.5772626009468115,0.5911836570533465,0.5800404241134022,0.7094594594594594,0.3006756756756756,0.6555441226909697,0.0101351351351351,True,,,,
ConvNeXt,2D,LFN,Left Neural Foraminal Narrowing,left_neural_foraminal_narrowing,3,242,train,L1/L2,nas_best_convnext_2d,ConvNeXt 2D,2,13,,0.9746376811594204,0.5725865880619012,0.4552714265522903,0.4933714059946483,0.9746376811594204,0.0253623188405797,0.5098039215686274,0.0,True,,,,
ConvNeXt,2D,LFN,Left Neural Foraminal Narrowing,left_neural_foraminal_narrowing,3,242,train,L2/L3,nas_best_convnext_2d,ConvNeXt 2D,2,13,,0.9471014492753624,0.5714618604912777,0.5282571756802209,0.5468736297465578,0.9471014492753624,0.0528985507246376,0.6796575891323979,0.0,True,,,,
ConvNeXt,2D,LFN,Left Neural Foraminal Narrowing,left_neural_foraminal_narrowing,3,242,train,L3/L4,nas_best_convnext_2d,ConvNeXt 2D,2,13,,0.8565217391304348,0.7729998659876709,0.7187204648673062,0.7416629297458893,0.8565217391304348,0.1434782608695652,0.646296756555238,0.0,True,,,,
ConvNeXt,2D,LFN,Left Neural Foraminal Narrowing,left_neural_foraminal_narrowing,3,242,train,L4/L5,nas_best_convnext_2d,ConvNeXt 2D,2,13,,0.7920289855072464,0.7741721066231472,0.7042959801659193,0.7323404300620485,0.7920289855072464,0.2123188405797101,0.6999803265787921,0.0043478260869565,True,,,,
ConvNeXt,2D,LFN,Left Neural Foraminal Narrowing,left_neural_foraminal_narrowing,3,242,train,L5/S1,nas_best_convnext_2d,ConvNeXt 2D,2,13,,0.808695652173913,0.7454673385044379,0.6971337408498425,0.7175555931046461,0.808695652173913,0.194927536231884,0.7675112313414811,0.0036231884057971,True,,,,
ConvNeXt,2D,LFN,Left Neural Foraminal Narrowing,left_neural_foraminal_narrowing,3,242,validation,L1/L2,nas_best_convnext_2d,ConvNeXt 2D,2,13,,0.972972972972973,0.3265306122448979,0.3321799307958477,0.3293310463121784,0.972972972972973,0.027027027027027,0.3272727272727272,0.0,True,296,289,6,1
ConvNeXt,2D,LFN,Left Neural Foraminal Narrowing,left_neural_foraminal_narrowing,3,242,validation,L2/L3,nas_best_convnext_2d,ConvNeXt 2D,2,13,,0.929054054054054,0.5029309885424994,0.4708807957644794,0.4843988330593688,0.929054054054054,0.0709459459459459,0.5406443984629028,0.0,True,296,271,23,2
ConvNeXt,2D,LFN,Left Neural Foraminal Narrowing,left_neural_foraminal_narrowing,3,242,validation,L3/L4,nas_best_convnext_2d,ConvNeXt 2D,2,13,,0.831081081081081,0.5304069858100733,0.4942635658914729,0.5050943654266958,0.831081081081081,0.1689189189189189,0.5956946948587662,0.0,True,296,215,75,6
ConvNeXt,2D,LFN,Left Neural Foraminal Narrowing,left_neural_foraminal_narrowing,3,242,validation,L4/L5,nas_best_convnext_2d,ConvNeXt 2D,2,13,,0.75,0.714780070877632,0.6282856816755121,0.6586523680320823,0.75,0.2533783783783784,0.6356311548791406,0.0033783783783783,True,296,177,99,20
ConvNeXt,2D,LFN,Left Neural Foraminal Narrowing,left_neural_foraminal_narrowing,3,242,validation,L5/S1,nas_best_convnext_2d,ConvNeXt 2D,2,13,,0.7702702702702703,0.712819089900111,0.6087506136475209,0.6393350943575832,0.7702702702702703,0.2432432432432432,0.6659142212189616,0.0135135135135135,True,296,194,70,32
ConvNeXt,2D,LFN,Left Neural Foraminal Narrowing,left_neural_foraminal_narrowing,3,242,test,L1/L2,nas_best_convnext_2d,ConvNeXt 2D,2,13,,0.9763513513513512,0.658675799086758,0.4545454545454546,0.5070672058540343,0.9763513513513512,0.0236486486486486,0.5238970588235294,0.0,True,,,,
ConvNeXt,2D,LFN,Left Neural Foraminal Narrowing,left_neural_foraminal_narrowing,3,242,test,L2/L3,nas_best_convnext_2d,ConvNeXt 2D,2,13,,0.9222972972972971,0.5082652479574388,0.4656848727480698,0.4828652828652828,0.9222972972972971,0.0777027027027027,0.4934523809523808,0.0,True,,,,
ConvNeXt,2D,LFN,Left Neural Foraminal Narrowing,left_neural_foraminal_narrowing,3,242,test,L3/L4,nas_best_convnext_2d,ConvNeXt 2D,2,13,,0.8277027027027027,0.7487628137150937,0.593994708994709,0.6455228968230781,0.8277027027027027,0.1722972972972972,0.6021085925144964,0.0,True,,,,
ConvNeXt,2D,LFN,Left Neural Foraminal Narrowing,left_neural_foraminal_narrowing,3,242,test,L4/L5,nas_best_convnext_2d,ConvNeXt 2D,2,13,,0.7162162162162162,0.6702608860768078,0.6270720848725965,0.6421278421278421,0.7162162162162162,0.2837837837837837,0.6379310344827587,0.0,True,,,,
ConvNeXt,2D,LFN,Left Neural Foraminal Narrowing,left_neural_foraminal_narrowing,3,242,test,L5/S1,nas_best_convnext_2d,ConvNeXt 2D,2,13,,0.8141891891891891,0.7836529930946176,0.7377111025492841,0.7570046405743805,0.8141891891891891,0.1959459459459459,0.7496828752642706,0.0101351351351351,True,,,,
ConvNeXt,2D,LFN,Left Neural Foraminal Narrowing,left_neural_foraminal_narrowing,4,342,train,L1/L2,nas_best_convnext_2d,ConvNeXt 2D,2,7,,0.9666908037653874,0.5446702144815352,0.347576211894053,0.3548903337146067,0.9666908037653874,0.0340333091962346,0.0718194911185789,0.000724112961622,True,,,,
ConvNeXt,2D,LFN,Left Neural Foraminal Narrowing,left_neural_foraminal_narrowing,4,342,train,L2/L3,nas_best_convnext_2d,ConvNeXt 2D,2,7,,0.9341057204923968,0.5535494995373874,0.4545080166922908,0.4854761232817111,0.9341057204923968,0.0666183924692252,0.5308357307041766,0.000724112961622,True,,,,
ConvNeXt,2D,LFN,Left Neural Foraminal Narrowing,left_neural_foraminal_narrowing,4,342,train,L3/L4,nas_best_convnext_2d,ConvNeXt 2D,2,7,,0.8276611151339609,0.5041058198792343,0.4429684615790306,0.4566869976571905,0.8276611151339609,0.1759594496741491,0.4562137462082833,0.00362056480811,True,,,,
ConvNeXt,2D,LFN,Left Neural Foraminal Narrowing,left_neural_foraminal_narrowing,4,342,train,L4/L5,nas_best_convnext_2d,ConvNeXt 2D,2,7,,0.7581462708182476,0.7598390479127718,0.5796978171571764,0.617995012676272,0.7581462708182476,0.2469225199131064,0.6250241886569922,0.005068790731354,True,,,,
ConvNeXt,2D,LFN,Left Neural Foraminal Narrowing,left_neural_foraminal_narrowing,4,342,train,L5/S1,nas_best_convnext_2d,ConvNeXt 2D,2,7,,0.7711803041274439,0.7380592674228161,0.5910055007993152,0.6260837938846368,0.7711803041274439,0.2425778421433743,0.6531041045281196,0.0137581462708182,True,,,,
ConvNeXt,2D,LFN,Left Neural Foraminal Narrowing,left_neural_foraminal_narrowing,4,342,validation,L1/L2,nas_best_convnext_2d,ConvNeXt 2D,2,7,,0.9830508474576272,0.3276836158192091,0.3333333333333333,0.3304843304843305,0.9830508474576272,0.0169491525423728,0.0,0.0,True,295,290,5,0
ConvNeXt,2D,LFN,Left Neural Foraminal Narrowing,left_neural_foraminal_narrowing,4,342,validation,L2/L3,nas_best_convnext_2d,ConvNeXt 2D,2,7,,0.9220338983050848,0.4779326364692218,0.3864023870417732,0.405639871506338,0.9220338983050848,0.0779661016949152,0.2269568189586419,0.0,True,295,272,23,0
ConvNeXt,2D,LFN,Left Neural Foraminal Narrowing,left_neural_foraminal_narrowing,4,342,validation,L3/L4,nas_best_convnext_2d,ConvNeXt 2D,2,7,,0.8610169491525423,0.5498366013071895,0.4926900584795322,0.5104128607964925,0.8610169491525423,0.1423728813559322,0.5706252067482633,0.0033898305084745,True,295,228,62,5
ConvNeXt,2D,LFN,Left Neural Foraminal Narrowing,left_neural_foraminal_narrowing,4,342,validation,L4/L5,nas_best_convnext_2d,ConvNeXt 2D,2,7,,0.735593220338983,0.8216628959276018,0.5327110217897186,0.5546451629245208,0.735593220338983,0.2677966101694915,0.5590596224465317,0.0033898305084745,True,295,163,116,16
ConvNeXt,2D,LFN,Left Neural Foraminal Narrowing,left_neural_foraminal_narrowing,4,342,validation,L5/S1,nas_best_convnext_2d,ConvNeXt 2D,2,7,,0.7728813559322034,0.6930345173767974,0.5802287105457165,0.6011272141706925,0.7728813559322034,0.2372881355932203,0.6795769615549521,0.0101694915254237,True,295,188,73,34
ConvNeXt,2D,LFN,Left Neural Foraminal Narrowing,left_neural_foraminal_narrowing,4,342,test,L1/L2,nas_best_convnext_2d,ConvNeXt 2D,2,7,,0.9628378378378378,0.5441789912779674,0.3888888888888889,0.4164351851851851,0.9628378378378378,0.0371621621621621,0.412274368231047,0.0,True,,,,
ConvNeXt,2D,LFN,Left Neural Foraminal Narrowing,left_neural_foraminal_narrowing,4,342,test,L2/L3,nas_best_convnext_2d,ConvNeXt 2D,2,7,,0.9087837837837838,0.5294582839066825,0.4324302915082382,0.4592459324155193,0.9087837837837838,0.0912162162162162,0.4322250639386189,0.0,True,,,,
ConvNeXt,2D,LFN,Left Neural Foraminal Narrowing,left_neural_foraminal_narrowing,4,342,test,L3/L4,nas_best_convnext_2d,ConvNeXt 2D,2,7,,0.8243243243243243,0.5122218896537962,0.4642873642873643,0.4750950163267491,0.8243243243243243,0.1824324324324324,0.5090087513584625,0.0067567567567567,True,,,,
ConvNeXt,2D,LFN,Left Neural Foraminal Narrowing,left_neural_foraminal_narrowing,4,342,test,L4/L5,nas_best_convnext_2d,ConvNeXt 2D,2,7,,0.75,0.7027037099148452,0.566451283544181,0.5963894987708532,0.75,0.2567567567567567,0.581669787655019,0.0067567567567567,True,,,,
ConvNeXt,2D,LFN,Left Neural Foraminal Narrowing,left_neural_foraminal_narrowing,4,342,test,L5/S1,nas_best_convnext_2d,ConvNeXt 2D,2,7,,0.7668918918918919,0.7627986760406852,0.5702091520202676,0.6018287146469763,0.7668918918918919,0.2432432432432432,0.6311467552800588,0.0101351351351351,True,,,,
ConvNeXt,2D,LFN,Left Neural Foraminal Narrowing,left_neural_foraminal_narrowing,5,442,train,L1/L2,nas_best_convnext_2d,ConvNeXt 2D,2,7,,0.9732272069464544,0.5244681335702246,0.4580753078510926,0.4835904859799336,0.9732272069464544,0.0267727930535455,0.5079957663812181,0.0,True,,,,
ConvNeXt,2D,LFN,Left Neural Foraminal Narrowing,left_neural_foraminal_narrowing,5,442,train,L2/L3,nas_best_convnext_2d,ConvNeXt 2D,2,7,,0.9435600578871202,0.562985632916773,0.4924031355926256,0.5192826053335101,0.9435600578871202,0.0564399421128798,0.6213565632793565,0.0,True,,,,
ConvNeXt,2D,LFN,Left Neural Foraminal Narrowing,left_neural_foraminal_narrowing,5,442,train,L3/L4,nas_best_convnext_2d,ConvNeXt 2D,2,7,,0.8335745296671491,0.742737003058104,0.5790378938023865,0.6310478412217587,0.8335745296671491,0.1671490593342981,0.5635485821014881,0.0007235890014471,True,,,,
ConvNeXt,2D,LFN,Left Neural Foraminal Narrowing,left_neural_foraminal_narrowing,5,442,train,L4/L5,nas_best_convnext_2d,ConvNeXt 2D,2,7,,0.7735166425470333,0.7377456097448215,0.7019769244576897,0.7113281330143572,0.7735166425470333,0.2315484804630969,0.6781771075903651,0.0050651230101302,True,,,,
ConvNeXt,2D,LFN,Left Neural Foraminal Narrowing,left_neural_foraminal_narrowing,5,442,train,L5/S1,nas_best_convnext_2d,ConvNeXt 2D,2,7,,0.7771345875542692,0.7216130398392334,0.6101315096338739,0.6444124884159397,0.7771345875542692,0.2329956584659913,0.6903602626656544,0.0101302460202604,True,,,,
ConvNeXt,2D,LFN,Left Neural Foraminal Narrowing,left_neural_foraminal_narrowing,5,442,validation,L1/L2,nas_best_convnext_2d,ConvNeXt 2D,2,7,,0.9662162162162162,0.4353431930223739,0.3680474899987094,0.3831417624521072,0.9662162162162162,0.0337837837837837,0.1538021726700972,0.0,True,296,287,9,0
ConvNeXt,2D,LFN,Left Neural Foraminal Narrowing,left_neural_foraminal_narrowing,5,442,validation,L2/L3,nas_best_convnext_2d,ConvNeXt 2D,2,7,,0.9358108108108107,0.5519010471572141,0.4810066476733143,0.5078437186710157,0.9358108108108107,0.0641891891891891,0.5251604187774401,0.0,True,296,270,26,0
ConvNeXt,2D,LFN,Left Neural Foraminal Narrowing,left_neural_foraminal_narrowing,5,442,validation,L3/L4,nas_best_convnext_2d,ConvNeXt 2D,2,7,,0.8513513513513513,0.8895824663614925,0.6158895749059684,0.6941097724230253,0.8513513513513513,0.1486486486486486,0.5489367597146222,0.0,True,296,231,61,4
ConvNeXt,2D,LFN,Left Neural Foraminal Narrowing,left_neural_foraminal_narrowing,5,442,validation,L4/L5,nas_best_convnext_2d,ConvNeXt 2D,2,7,,0.7533783783783784,0.7406852596110909,0.6524358211913964,0.6832314447175479,0.7533783783783784,0.2567567567567567,0.6411060180393316,0.0101351351351351,True,296,177,95,24
ConvNeXt,2D,LFN,Left Neural Foraminal Narrowing,left_neural_foraminal_narrowing,5,442,validation,L5/S1,nas_best_convnext_2d,ConvNeXt 2D,2,7,,0.7466216216216216,0.7515157305562523,0.5709486166007905,0.6103264166970028,0.7466216216216216,0.2635135135135135,0.6551169306738425,0.0101351351351351,True,296,184,77,35
ConvNeXt,2D,LFN,Left Neural Foraminal Narrowing,left_neural_foraminal_narrowing,5,442,test,L1/L2,nas_best_convnext_2d,ConvNeXt 2D,2,7,,0.9625850340136054,0.6541524459613197,0.3611111111111111,0.3782385730211817,0.9625850340136054,0.0374149659863945,0.1484992101105845,0.0,True,,,,
ConvNeXt,2D,LFN,Left Neural Foraminal Narrowing,left_neural_foraminal_narrowing,5,442,test,L2/L3,nas_best_convnext_2d,ConvNeXt 2D,2,7,,0.9149659863945578,0.5636463180947167,0.4362179487179487,0.467310193742726,0.9149659863945578,0.0850340136054421,0.4981564932404752,0.0,True,,,,
ConvNeXt,2D,LFN,Left Neural Foraminal Narrowing,left_neural_foraminal_narrowing,5,442,test,L3/L4,nas_best_convnext_2d,ConvNeXt 2D,2,7,,0.8571428571428571,0.6857864357864357,0.4927817178881009,0.5329524628121823,0.8571428571428571,0.1496598639455782,0.5522274400304608,0.0068027210884353,True,,,,
ConvNeXt,2D,LFN,Left Neural Foraminal Narrowing,left_neural_foraminal_narrowing,5,442,test,L4/L5,nas_best_convnext_2d,ConvNeXt 2D,2,7,,0.7551020408163265,0.6503071788537662,0.6177486309839251,0.6299616617559813,0.7551020408163265,0.2448979591836734,0.6914915323403388,0.0,True,,,,
ConvNeXt,2D,LFN,Left Neural Foraminal Narrowing,left_neural_foraminal_narrowing,5,442,test,L5/S1,nas_best_convnext_2d,ConvNeXt 2D,2,7,,0.7619047619047619,0.7443554117964174,0.5783049890052251,0.6184748874235427,0.7619047619047619,0.2551020408163265,0.601244614648157,0.0170068027210884,True,,,,
ConvNeXt,2D,LSS,Left Subarticular Stenosis,left_subarticular_stenosis,1,42,train,L1/L2,nas_best_convnext_2d,ConvNeXt 2D,52,7,,0.9386454183266932,0.4575699980641641,0.3968693742578808,0.4132645948383536,0.9386454183266932,0.0653386454183267,0.4776983624355378,0.0039840637450199,True,,,,
ConvNeXt,2D,LSS,Left Subarticular Stenosis,left_subarticular_stenosis,1,42,train,L2/L3,nas_best_convnext_2d,ConvNeXt 2D,52,7,,0.8796812749003984,0.7163578311854174,0.5844128262723388,0.6301187336533054,0.8796812749003984,0.1266932270916334,0.6841250641817599,0.0063745019920318,True,,,,
ConvNeXt,2D,LSS,Left Subarticular Stenosis,left_subarticular_stenosis,1,42,train,L3/L4,nas_best_convnext_2d,ConvNeXt 2D,52,7,,0.798406374501992,0.7205548493764389,0.6640891446257124,0.6822036106631942,0.798406374501992,0.2071713147410358,0.7454500501149609,0.0055776892430278,True,,,,
ConvNeXt,2D,LSS,Left Subarticular Stenosis,left_subarticular_stenosis,1,42,train,L4/L5,nas_best_convnext_2d,ConvNeXt 2D,52,7,,0.7521912350597609,0.7493026190257287,0.7199169905714866,0.7296116546454332,0.7521912350597609,0.2557768924302789,0.779047356472812,0.0079681274900398,True,,,,
ConvNeXt,2D,LSS,Left Subarticular Stenosis,left_subarticular_stenosis,1,42,train,L5/S1,nas_best_convnext_2d,ConvNeXt 2D,52,7,,0.8007968127490039,0.7117071025209624,0.59233864456777,0.6242400799930033,0.8007968127490039,0.2143426294820717,0.643162446595,0.0151394422310756,True,,,,
ConvNeXt,2D,LSS,Left Subarticular Stenosis,left_subarticular_stenosis,1,42,validation,L1/L2,nas_best_convnext_2d,ConvNeXt 2D,52,7,,0.9597069597069596,0.5233458177278402,0.4333333333333333,0.4615969581749049,0.9597069597069596,0.0476190476190476,0.5011286681715574,0.0073260073260073,True,273,259,10,4
ConvNeXt,2D,LSS,Left Subarticular Stenosis,left_subarticular_stenosis,1,42,validation,L2/L3,nas_best_convnext_2d,ConvNeXt 2D,52,7,,0.9010989010989012,0.8090150406585549,0.6511502692119432,0.7085222813524701,0.9010989010989012,0.1062271062271062,0.7544227886056971,0.0073260073260073,True,273,227,30,16
ConvNeXt,2D,LSS,Left Subarticular Stenosis,left_subarticular_stenosis,1,42,validation,L3/L4,nas_best_convnext_2d,ConvNeXt 2D,52,7,,0.8021978021978022,0.687311925222373,0.6747202234963535,0.6799723119520075,0.8021978021978022,0.1978021978021978,0.7473781616286244,0.0,True,273,193,58,22
ConvNeXt,2D,LSS,Left Subarticular Stenosis,left_subarticular_stenosis,1,42,validation,L4/L5,nas_best_convnext_2d,ConvNeXt 2D,52,7,,0.73992673992674,0.7365711535846174,0.7172254901960784,0.7245779982675801,0.73992673992674,0.271062271062271,0.7711123687354587,0.0109890109890109,True,273,125,80,68
ConvNeXt,2D,LSS,Left Subarticular Stenosis,left_subarticular_stenosis,1,42,validation,L5/S1,nas_best_convnext_2d,ConvNeXt 2D,52,7,,0.7875457875457875,0.7308429118773946,0.5822510822510822,0.619683015932547,0.7875457875457875,0.2307692307692307,0.5837980076436313,0.0183150183150183,True,273,189,66,18
ConvNeXt,2D,LSS,Left Subarticular Stenosis,left_subarticular_stenosis,1,42,test,L1/L2,nas_best_convnext_2d,ConvNeXt 2D,52,7,,0.9481481481481482,0.8182389937106919,0.492063492063492,0.5663520663520664,0.9481481481481482,0.0518518518518518,0.5771812080536912,0.0,True,,,,
ConvNeXt,2D,LSS,Left Subarticular Stenosis,left_subarticular_stenosis,1,42,test,L2/L3,nas_best_convnext_2d,ConvNeXt 2D,52,7,,0.8925925925925926,0.7472248820796539,0.5817042606516291,0.6346907150430517,0.8925925925925926,0.1148148148148148,0.6084362310433413,0.0074074074074074,True,,,,
ConvNeXt,2D,LSS,Left Subarticular Stenosis,left_subarticular_stenosis,1,42,test,L3/L4,nas_best_convnext_2d,ConvNeXt 2D,52,7,,0.8333333333333334,0.7557625123414597,0.7141868613566725,0.7309038480742297,0.8333333333333334,0.174074074074074,0.7525250709895402,0.0074074074074074,True,,,,
ConvNeXt,2D,LSS,Left Subarticular Stenosis,left_subarticular_stenosis,1,42,test,L4/L5,nas_best_convnext_2d,ConvNeXt 2D,52,7,,0.7333333333333333,0.7357584465343087,0.7129370759134291,0.7209550647843033,0.7333333333333333,0.2777777777777778,0.7649145436955821,0.0111111111111111,True,,,,
ConvNeXt,2D,LSS,Left Subarticular Stenosis,left_subarticular_stenosis,1,42,test,L5/S1,nas_best_convnext_2d,ConvNeXt 2D,52,7,,0.8,0.7346263479976877,0.6332045571614701,0.6595736872845306,0.8,0.2111111111111111,0.6646954464813719,0.0111111111111111,True,,,,
ConvNeXt,2D,LSS,Left Subarticular Stenosis,left_subarticular_stenosis,2,142,train,L1/L2,nas_best_convnext_2d,ConvNeXt 2D,52,10,,0.9552715654952076,0.7581010127049085,0.6020077522534438,0.6354190044364819,0.9552715654952076,0.0487220447284345,0.6541221148308975,0.0039936102236421,True,,,,
ConvNeXt,2D,LSS,Left Subarticular Stenosis,left_subarticular_stenosis,2,142,train,L2/L3,nas_best_convnext_2d,ConvNeXt 2D,52,10,,0.8889776357827476,0.7692859011633263,0.6359885486742171,0.6733883785307757,0.8889776357827476,0.1134185303514377,0.7289670687148402,0.0023961661341853,True,,,,
ConvNeXt,2D,LSS,Left Subarticular Stenosis,left_subarticular_stenosis,2,142,train,L3/L4,nas_best_convnext_2d,ConvNeXt 2D,52,10,,0.847444089456869,0.7824405264042582,0.7678118924046383,0.7737923612109153,0.847444089456869,0.1533546325878594,0.8208063742668487,0.0007987220447284,True,,,,
ConvNeXt,2D,LSS,Left Subarticular Stenosis,left_subarticular_stenosis,2,142,train,L4/L5,nas_best_convnext_2d,ConvNeXt 2D,52,10,,0.7971246006389776,0.8041059067506442,0.773427860229878,0.784676150339657,0.7971246006389776,0.2068690095846645,0.8206097355710331,0.0039936102236421,True,,,,
ConvNeXt,2D,LSS,Left Subarticular Stenosis,left_subarticular_stenosis,2,142,train,L5/S1,nas_best_convnext_2d,ConvNeXt 2D,52,10,,0.8234824281150159,0.7490332170958512,0.6747302705689764,0.7036522298532094,0.8234824281150159,0.1829073482428115,0.7201839046906643,0.0063897763578274,True,,,,
ConvNeXt,2D,LSS,Left Subarticular Stenosis,left_subarticular_stenosis,2,142,validation,L1/L2,nas_best_convnext_2d,ConvNeXt 2D,52,10,,0.9633699633699634,0.7145886344359628,0.5969935814293791,0.6439890231797746,0.9633699633699634,0.0366300366300366,0.7511848341232228,0.0,True,273,257,13,3
ConvNeXt,2D,LSS,Left Subarticular Stenosis,left_subarticular_stenosis,2,142,validation,L2/L3,nas_best_convnext_2d,ConvNeXt 2D,52,10,,0.9010989010989012,0.6470388532629197,0.6155439670599576,0.625954465017731,0.9010989010989012,0.0989010989010989,0.7629979743416611,0.0,True,273,233,31,9
ConvNeXt,2D,LSS,Left Subarticular Stenosis,left_subarticular_stenosis,2,142,validation,L3/L4,nas_best_convnext_2d,ConvNeXt 2D,52,10,,0.8351648351648352,0.7491039426523297,0.7723831723831723,0.7596297537483866,0.8351648351648352,0.1684981684981685,0.7827946295375435,0.0036630036630036,True,273,187,65,21
ConvNeXt,2D,LSS,Left Subarticular Stenosis,left_subarticular_stenosis,2,142,validation,L4/L5,nas_best_convnext_2d,ConvNeXt 2D,52,10,,0.7362637362637363,0.7418538437203418,0.7112922919374531,0.7194977507040852,0.7362637362637363,0.2673992673992674,0.7602823926100242,0.0036630036630036,True,273,117,93,63
ConvNeXt,2D,LSS,Left Subarticular Stenosis,left_subarticular_stenosis,2,142,validation,L5/S1,nas_best_convnext_2d,ConvNeXt 2D,52,10,,0.7912087912087912,0.7804564448730312,0.6155665024630542,0.6534846534846535,0.7912087912087912,0.2161172161172161,0.6342117016525235,0.0073260073260073,True,273,203,50,20
ConvNeXt,2D,LSS,Left Subarticular Stenosis,left_subarticular_stenosis,2,142,test,L1/L2,nas_best_convnext_2d,ConvNeXt 2D,52,10,,0.9230769230769232,0.6335664335664336,0.4739200150914922,0.5172790901137357,0.9230769230769232,0.0805860805860805,0.5903975993998499,0.0036630036630036,True,,,,
ConvNeXt,2D,LSS,Left Subarticular Stenosis,left_subarticular_stenosis,2,142,test,L2/L3,nas_best_convnext_2d,ConvNeXt 2D,52,10,,0.8791208791208791,0.766039886039886,0.6936092955700799,0.7248374905517762,0.8791208791208791,0.1208791208791208,0.796208745221345,0.0,True,,,,
ConvNeXt,2D,LSS,Left Subarticular Stenosis,left_subarticular_stenosis,2,142,test,L3/L4,nas_best_convnext_2d,ConvNeXt 2D,52,10,,0.8168498168498168,0.7303466261689424,0.7091448855242248,0.7188623490706824,0.8168498168498168,0.1831501831501831,0.7935384336146656,0.0,True,,,,
ConvNeXt,2D,LSS,Left Subarticular Stenosis,left_subarticular_stenosis,2,142,test,L4/L5,nas_best_convnext_2d,ConvNeXt 2D,52,10,,0.7142857142857143,0.721006520320414,0.6923356261360191,0.7008496452119045,0.7142857142857143,0.2893772893772894,0.7607776106970152,0.0036630036630036,True,,,,
ConvNeXt,2D,LSS,Left Subarticular Stenosis,left_subarticular_stenosis,2,142,test,L5/S1,nas_best_convnext_2d,ConvNeXt 2D,52,10,,0.7875457875457875,0.7647465437788018,0.6163398692810457,0.6439675563771197,0.7875457875457875,0.2124542124542124,0.6795644958918525,0.0,True,,,,
ConvNeXt,2D,LSS,Left Subarticular Stenosis,left_subarticular_stenosis,3,242,train,L1/L2,nas_best_convnext_2d,ConvNeXt 2D,52,13,,0.9563145353455124,0.7284590524849918,0.6899874924297166,0.7031317719001394,0.9563145353455124,0.0444797458300238,0.7761956135296497,0.0007942811755361,True,,,,
ConvNeXt,2D,LSS,Left Subarticular Stenosis,left_subarticular_stenosis,3,242,train,L2/L3,nas_best_convnext_2d,ConvNeXt 2D,52,13,,0.9046862589356632,0.7748156686872858,0.7311130124479258,0.7510716025598797,0.9046862589356632,0.0976965845909452,0.8015973750080931,0.0023828435266084,True,,,,
ConvNeXt,2D,LSS,Left Subarticular Stenosis,left_subarticular_stenosis,3,242,train,L3/L4,nas_best_convnext_2d,ConvNeXt 2D,52,13,,0.8506751389992058,0.8050500548681024,0.7767522220374374,0.7897160553401378,0.8506751389992058,0.1501191421763304,0.8190870126851024,0.0007942811755361,True,,,,
ConvNeXt,2D,LSS,Left Subarticular Stenosis,left_subarticular_stenosis,3,242,train,L4/L5,nas_best_convnext_2d,ConvNeXt 2D,52,13,,0.8077839555202542,0.8088329972446666,0.7943350721432904,0.800815265517912,0.8077839555202542,0.1985702938840349,0.8293817179923233,0.0063542494042891,True,,,,
ConvNeXt,2D,LSS,Left Subarticular Stenosis,left_subarticular_stenosis,3,242,train,L5/S1,nas_best_convnext_2d,ConvNeXt 2D,52,13,,0.8435266084193804,0.8065901542212878,0.6680266765670492,0.7160940078214789,0.8435266084193804,0.1620333598093725,0.7442268337141729,0.0055599682287529,True,,,,
ConvNeXt,2D,LSS,Left Subarticular Stenosis,left_subarticular_stenosis,3,242,validation,L1/L2,nas_best_convnext_2d,ConvNeXt 2D,52,13,,0.9477611940298508,0.7858974358974359,0.5579500181093807,0.6304087845183735,0.9477611940298508,0.0597014925373134,0.6008935219657483,0.0074626865671641,True,268,251,11,6
ConvNeXt,2D,LSS,Left Subarticular Stenosis,left_subarticular_stenosis,3,242,validation,L2/L3,nas_best_convnext_2d,ConvNeXt 2D,52,13,,0.9029850746268656,0.7369408369408369,0.6596588252935002,0.6926080166579908,0.9029850746268656,0.0970149253731343,0.7711508145034156,0.0,True,268,221,38,9
ConvNeXt,2D,LSS,Left Subarticular Stenosis,left_subarticular_stenosis,3,242,validation,L3/L4,nas_best_convnext_2d,ConvNeXt 2D,52,13,,0.8246268656716418,0.7502331633913201,0.6875970376140783,0.7136207636207637,0.8246268656716418,0.1753731343283582,0.7688807339449542,0.0,True,268,188,57,23
ConvNeXt,2D,LSS,Left Subarticular Stenosis,left_subarticular_stenosis,3,242,validation,L4/L5,nas_best_convnext_2d,ConvNeXt 2D,52,13,,0.753731343283582,0.7770608014216878,0.7242570996502361,0.7391418933164663,0.753731343283582,0.2462686567164179,0.7892830764099021,0.0,True,268,114,93,61
ConvNeXt,2D,LSS,Left Subarticular Stenosis,left_subarticular_stenosis,3,242,validation,L5/S1,nas_best_convnext_2d,ConvNeXt 2D,52,13,,0.8097014925373134,0.755784708249497,0.5911696507894378,0.6374143153196238,0.8097014925373134,0.1940298507462686,0.6566710950844562,0.003731343283582,True,268,197,54,17
ConvNeXt,2D,LSS,Left Subarticular Stenosis,left_subarticular_stenosis,3,242,test,L1/L2,nas_best_convnext_2d,ConvNeXt 2D,52,13,,0.970479704797048,0.6102092352092352,0.4871794871794872,0.5288547664747281,0.970479704797048,0.029520295202952,0.655544963457261,0.0,True,,,,
ConvNeXt,2D,LSS,Left Subarticular Stenosis,left_subarticular_stenosis,3,242,test,L2/L3,nas_best_convnext_2d,ConvNeXt 2D,52,13,,0.8966789667896679,0.7272895810159437,0.6877234692212667,0.7060804119627649,0.8966789667896679,0.1033210332103321,0.7578194816800715,0.0,True,,,,
ConvNeXt,2D,LSS,Left Subarticular Stenosis,left_subarticular_stenosis,3,242,test,L3/L4,nas_best_convnext_2d,ConvNeXt 2D,52,13,,0.8191881918819188,0.7699148267525088,0.7180680895764695,0.7381859962151932,0.8191881918819188,0.1808118081180811,0.779356296628616,0.0,True,,,,
ConvNeXt,2D,LSS,Left Subarticular Stenosis,left_subarticular_stenosis,3,242,test,L4/L5,nas_best_convnext_2d,ConvNeXt 2D,52,13,,0.7527675276752768,0.7452271015489407,0.7235859773173207,0.7309027777777777,0.7527675276752768,0.2546125461254612,0.7877337739675319,0.007380073800738,True,,,,
ConvNeXt,2D,LSS,Left Subarticular Stenosis,left_subarticular_stenosis,3,242,test,L5/S1,nas_best_convnext_2d,ConvNeXt 2D,52,13,,0.8118081180811808,0.7561208958469233,0.6049677458250438,0.6531040836125581,0.8118081180811808,0.2029520295202952,0.6392088079288265,0.014760147601476,True,,,,
ConvNeXt,2D,LSS,Left Subarticular Stenosis,left_subarticular_stenosis,4,342,train,L1/L2,nas_best_convnext_2d,ConvNeXt 2D,52,17,,0.9603489294210944,0.7833554195326139,0.6714958299704062,0.7176574170827045,0.9603489294210944,0.0396510705789056,0.7766955905790686,0.0,True,,,,
ConvNeXt,2D,LSS,Left Subarticular Stenosis,left_subarticular_stenosis,4,342,train,L2/L3,nas_best_convnext_2d,ConvNeXt 2D,52,17,,0.9024583663758922,0.8291312432714579,0.7021953030724961,0.7447652738774501,0.9024583663758922,0.0999206978588422,0.7703932993445011,0.0023790642347343,True,,,,
ConvNeXt,2D,LSS,Left Subarticular Stenosis,left_subarticular_stenosis,4,342,train,L3/L4,nas_best_convnext_2d,ConvNeXt 2D,52,17,,0.8628072957969866,0.8420194601048753,0.77993113943331,0.8059571510344264,0.8628072957969866,0.1379857256145916,0.8295603077400399,0.0007930214115781,True,,,,
ConvNeXt,2D,LSS,Left Subarticular Stenosis,left_subarticular_stenosis,4,342,train,L4/L5,nas_best_convnext_2d,ConvNeXt 2D,52,17,,0.7874702616970658,0.8092830269132341,0.7568835412145271,0.7738047700700087,0.7874702616970658,0.2149088025376685,0.8154064290693244,0.0023790642347343,True,,,,
ConvNeXt,2D,LSS,Left Subarticular Stenosis,left_subarticular_stenosis,4,342,train,L5/S1,nas_best_convnext_2d,ConvNeXt 2D,52,17,,0.845360824742268,0.7948220699016934,0.7061982292201118,0.7409541698096406,0.845360824742268,0.1633624107850912,0.7357876067158624,0.0087232355273592,True,,,,
ConvNeXt,2D,LSS,Left Subarticular Stenosis,left_subarticular_stenosis,4,342,validation,L1/L2,nas_best_convnext_2d,ConvNeXt 2D,52,17,,0.9411764705882352,0.4873988708457017,0.6048444309313874,0.5290689095469973,0.9411764705882352,0.0661764705882353,0.6055372445616347,0.0073529411764705,True,272,253,13,6
ConvNeXt,2D,LSS,Left Subarticular Stenosis,left_subarticular_stenosis,4,342,validation,L2/L3,nas_best_convnext_2d,ConvNeXt 2D,52,17,,0.9191176470588236,0.8540649165649166,0.7943548930096015,0.8187470914422521,0.9191176470588236,0.088235294117647,0.7917190833014276,0.0073529411764705,True,272,223,37,12
ConvNeXt,2D,LSS,Left Subarticular Stenosis,left_subarticular_stenosis,4,342,validation,L3/L4,nas_best_convnext_2d,ConvNeXt 2D,52,17,,0.8419117647058824,0.7410535117056855,0.7361556743909685,0.7378715184186883,0.8419117647058824,0.1580882352941176,0.8107565853342825,0.0,True,272,187,60,25
ConvNeXt,2D,LSS,Left Subarticular Stenosis,left_subarticular_stenosis,4,342,validation,L4/L5,nas_best_convnext_2d,ConvNeXt 2D,52,17,,0.7683823529411765,0.7826496108997788,0.7372135417464974,0.7516106127603362,0.7683823529411765,0.2352941176470588,0.7805647231389806,0.0036764705882352,True,272,118,97,57
ConvNeXt,2D,LSS,Left Subarticular Stenosis,left_subarticular_stenosis,4,342,validation,L5/S1,nas_best_convnext_2d,ConvNeXt 2D,52,17,,0.8161764705882353,0.7224637681159422,0.6906681356873494,0.7052545155993433,0.8161764705882353,0.1911764705882352,0.7263286499694563,0.0073529411764705,True,272,199,51,22
ConvNeXt,2D,LSS,Left Subarticular Stenosis,left_subarticular_stenosis,4,342,test,L1/L2,nas_best_convnext_2d,ConvNeXt 2D,52,17,,0.9358490566037736,0.4720347878242615,0.5003584229390681,0.4848484848484848,0.9358490566037736,0.0641509433962264,0.5575090855515175,0.0,True,,,,
ConvNeXt,2D,LSS,Left Subarticular Stenosis,left_subarticular_stenosis,4,342,test,L2/L3,nas_best_convnext_2d,ConvNeXt 2D,52,17,,0.8905660377358491,0.817037037037037,0.6353021978021979,0.6621058779859382,0.8905660377358491,0.1132075471698113,0.7194653963212916,0.0037735849056603,True,,,,
ConvNeXt,2D,LSS,Left Subarticular Stenosis,left_subarticular_stenosis,4,342,test,L3/L4,nas_best_convnext_2d,ConvNeXt 2D,52,17,,0.8264150943396227,0.7925836855124553,0.7643341586253598,0.7769437010332405,0.8264150943396227,0.1773584905660377,0.7660149563023696,0.0037735849056603,True,,,,
ConvNeXt,2D,LSS,Left Subarticular Stenosis,left_subarticular_stenosis,4,342,test,L4/L5,nas_best_convnext_2d,ConvNeXt 2D,52,17,,0.7547169811320755,0.7525627377186012,0.7182695419131617,0.7276413880187466,0.7547169811320755,0.2528301886792453,0.7856451153517516,0.0075471698113207,True,,,,
ConvNeXt,2D,LSS,Left Subarticular Stenosis,left_subarticular_stenosis,4,342,test,L5/S1,nas_best_convnext_2d,ConvNeXt 2D,52,17,,0.8226415094339623,0.7245738765837206,0.6579605382796873,0.6821090272292536,0.8226415094339623,0.1924528301886792,0.7271235841318044,0.0150943396226415,True,,,,
ConvNeXt,2D,LSS,Left Subarticular Stenosis,left_subarticular_stenosis,5,442,train,L1/L2,nas_best_convnext_2d,ConvNeXt 2D,52,26,,0.9610492845786964,0.7990748567671645,0.7465082511811484,0.7706498636635057,0.9610492845786964,0.0389507154213036,0.7965409116414166,0.0,True,,,,
ConvNeXt,2D,LSS,Left Subarticular Stenosis,left_subarticular_stenosis,5,442,train,L2/L3,nas_best_convnext_2d,ConvNeXt 2D,52,26,,0.9220985691573926,0.8096948026304208,0.778468651035765,0.7926032201498486,0.9220985691573926,0.0802861685214626,0.8276089946696925,0.0023847376788553,True,,,,
ConvNeXt,2D,LSS,Left Subarticular Stenosis,left_subarticular_stenosis,5,442,train,L3/L4,nas_best_convnext_2d,ConvNeXt 2D,52,26,,0.884737678855326,0.8547270009262286,0.8235426755300406,0.8382593607479788,0.884737678855326,0.115262321144674,0.8661385888669223,0.0,True,,,,
ConvNeXt,2D,LSS,Left Subarticular Stenosis,left_subarticular_stenosis,5,442,train,L4/L5,nas_best_convnext_2d,ConvNeXt 2D,52,26,,0.8306836248012719,0.8306294164784731,0.8111395067113826,0.819499997968423,0.8306836248012719,0.1740858505564388,0.8530868653900403,0.0047694753577106,True,,,,
ConvNeXt,2D,LSS,Left Subarticular Stenosis,left_subarticular_stenosis,5,442,train,L5/S1,nas_best_convnext_2d,ConvNeXt 2D,52,26,,0.870429252782194,0.8547988706461594,0.7420376896937261,0.7875491756461747,0.870429252782194,0.1375198728139904,0.7852866423413178,0.0079491255961844,True,,,,
ConvNeXt,2D,LSS,Left Subarticular Stenosis,left_subarticular_stenosis,5,442,validation,L1/L2,nas_best_convnext_2d,ConvNeXt 2D,52,26,,0.9481481481481482,0.5105820105820106,0.5324440052700923,0.5208309066200738,0.9481481481481482,0.0518518518518518,0.6067415730337079,0.0,True,270,253,16,1
ConvNeXt,2D,LSS,Left Subarticular Stenosis,left_subarticular_stenosis,5,442,validation,L2/L3,nas_best_convnext_2d,ConvNeXt 2D,52,26,,0.8592592592592593,0.6384158118654243,0.6504004004004005,0.6426058977909461,0.8592592592592593,0.1518518518518518,0.6692728694292416,0.0111111111111111,True,270,222,36,12
ConvNeXt,2D,LSS,Left Subarticular Stenosis,left_subarticular_stenosis,5,442,validation,L3/L4,nas_best_convnext_2d,ConvNeXt 2D,52,26,,0.8296296296296296,0.8054495283147106,0.7523809523809524,0.7755099143510024,0.8296296296296296,0.174074074074074,0.7791687531296946,0.0037037037037037,True,270,175,70,25
ConvNeXt,2D,LSS,Left Subarticular Stenosis,left_subarticular_stenosis,5,442,validation,L4/L5,nas_best_convnext_2d,ConvNeXt 2D,52,26,,0.7333333333333333,0.7356516656925774,0.7358504703241536,0.7353637844231281,0.7333333333333333,0.2740740740740741,0.7632058287795993,0.0074074074074074,True,270,122,89,59
ConvNeXt,2D,LSS,Left Subarticular Stenosis,left_subarticular_stenosis,5,442,validation,L5/S1,nas_best_convnext_2d,ConvNeXt 2D,52,26,,0.7888888888888889,0.7554902272366121,0.5903221923212837,0.6349821998584007,0.7888888888888889,0.2185185185185185,0.588951718138321,0.0074074074074074,True,270,186,71,13
ConvNeXt,2D,LSS,Left Subarticular Stenosis,left_subarticular_stenosis,5,442,test,L1/L2,nas_best_convnext_2d,ConvNeXt 2D,52,26,,0.9481481481481482,0.8192066511660677,0.6706033010813887,0.668363201911589,0.9481481481481482,0.0555555555555555,0.7283059074227536,0.0037037037037037,True,,,,
ConvNeXt,2D,LSS,Left Subarticular Stenosis,left_subarticular_stenosis,5,442,test,L2/L3,nas_best_convnext_2d,ConvNeXt 2D,52,26,,0.8518518518518519,0.6901740062675242,0.6462283384301734,0.6600435348145789,0.8518518518518519,0.1518518518518518,0.6864365580943121,0.0037037037037037,True,,,,
ConvNeXt,2D,LSS,Left Subarticular Stenosis,left_subarticular_stenosis,5,442,test,L3/L4,nas_best_convnext_2d,ConvNeXt 2D,52,26,,0.8074074074074075,0.6916379112031286,0.7328439637209382,0.7091996338365206,0.8074074074074075,0.1962962962962963,0.7423574725007808,0.0037037037037037,True,,,,
ConvNeXt,2D,LSS,Left Subarticular Stenosis,left_subarticular_stenosis,5,442,test,L4/L5,nas_best_convnext_2d,ConvNeXt 2D,52,26,,0.7481481481481481,0.744242788117906,0.7158318781974696,0.725262858766695,0.7481481481481481,0.2518518518518518,0.7967722653915122,0.0,True,,,,
ConvNeXt,2D,LSS,Left Subarticular Stenosis,left_subarticular_stenosis,5,442,test,L5/S1,nas_best_convnext_2d,ConvNeXt 2D,52,26,,0.8111111111111111,0.7614216701173223,0.6634034324389654,0.7019204733490447,0.8111111111111111,0.2074074074074074,0.6460633987447366,0.0185185185185185,True,,,,
ConvNeXt,2D,RFN,Right Neural Foraminal Narrowing,right_neural_foraminal_narrowing,1,42,train,L1/L2,nas_best_convnext_2d,ConvNeXt 2D,42,7,,0.97523670793882,0.5596864164028343,0.4992418498862774,0.5240414292356347,0.97523670793882,0.0254916241806263,0.657469776348349,0.0007283321194464,True,,,,
ConvNeXt,2D,RFN,Right Neural Foraminal Narrowing,right_neural_foraminal_narrowing,1,42,train,L2/L3,nas_best_convnext_2d,ConvNeXt 2D,42,7,,0.9293517844136926,0.5851894155720541,0.4112313725490196,0.443363955598977,0.9293517844136926,0.0706482155863073,0.4038477894011217,0.0,True,,,,
ConvNeXt,2D,RFN,Right Neural Foraminal Narrowing,right_neural_foraminal_narrowing,1,42,train,L3/L4,nas_best_convnext_2d,ConvNeXt 2D,42,7,,0.8455935906773488,0.8002688172043011,0.5376626503387066,0.600673102128206,0.8455935906773488,0.1551347414420976,0.5358591075828258,0.0007283321194464,True,,,,
ConvNeXt,2D,RFN,Right Neural Foraminal Narrowing,right_neural_foraminal_narrowing,1,42,train,L4/L5,nas_best_convnext_2d,ConvNeXt 2D,42,7,,0.797523670793882,0.8051987947808157,0.6936411295464007,0.7251116026516433,0.797523670793882,0.2090313182811362,0.681964240010997,0.0065549890750182,True,,,,
ConvNeXt,2D,RFN,Right Neural Foraminal Narrowing,right_neural_foraminal_narrowing,1,42,train,L5/S1,nas_best_convnext_2d,ConvNeXt 2D,42,7,,0.8077203204661325,0.8036457918654542,0.6567896722909241,0.7033716875529602,0.8077203204661325,0.202476329206118,0.7156657327323669,0.0101966496722505,True,,,,
ConvNeXt,2D,RFN,Right Neural Foraminal Narrowing,right_neural_foraminal_narrowing,1,42,validation,L1/L2,nas_best_convnext_2d,ConvNeXt 2D,42,7,,0.972972972972973,0.5919816723940435,0.4666666666666666,0.5070531400966184,0.972972972972973,0.0304054054054054,0.5116976604679064,0.0033783783783783,True,296,284,10,2
ConvNeXt,2D,RFN,Right Neural Foraminal Narrowing,right_neural_foraminal_narrowing,1,42,validation,L2/L3,nas_best_convnext_2d,ConvNeXt 2D,42,7,,0.929054054054054,0.5959795682979073,0.4102564102564103,0.4425980232431845,0.929054054054054,0.0709459459459459,0.4113636363636364,0.0,True,296,269,26,1
ConvNeXt,2D,RFN,Right Neural Foraminal Narrowing,right_neural_foraminal_narrowing,1,42,validation,L3/L4,nas_best_convnext_2d,ConvNeXt 2D,42,7,,0.8344594594594594,0.877526395173454,0.5382382785686572,0.6010925911453974,0.8344594594594594,0.1689189189189189,0.580370774263904,0.0033783783783783,True,296,219,68,9
ConvNeXt,2D,RFN,Right Neural Foraminal Narrowing,right_neural_foraminal_narrowing,1,42,validation,L4/L5,nas_best_convnext_2d,ConvNeXt 2D,42,7,,0.7635135135135135,0.7833333333333333,0.6683753862524813,0.6970755070058353,0.7635135135135135,0.2398648648648648,0.6931553535927293,0.0033783783783783,True,296,179,91,26
ConvNeXt,2D,RFN,Right Neural Foraminal Narrowing,right_neural_foraminal_narrowing,1,42,validation,L5/S1,nas_best_convnext_2d,ConvNeXt 2D,42,7,,0.7804054054054054,0.6926767676767677,0.604653371320038,0.6347006909972412,0.7804054054054054,0.2364864864864864,0.6466937216519455,0.0168918918918918,True,296,195,74,27
ConvNeXt,2D,RFN,Right Neural Foraminal Narrowing,right_neural_foraminal_narrowing,1,42,test,L1/L2,nas_best_convnext_2d,ConvNeXt 2D,42,7,,0.9763513513513512,0.4954022988505747,0.4761904761904762,0.4848646723646723,0.9763513513513512,0.0236486486486486,0.713970182219768,0.0,True,,,,
ConvNeXt,2D,RFN,Right Neural Foraminal Narrowing,right_neural_foraminal_narrowing,1,42,test,L2/L3,nas_best_convnext_2d,ConvNeXt 2D,42,7,,0.929054054054054,0.5030482781347834,0.3914973914973915,0.4134249601178059,0.929054054054054,0.0709459459459459,0.3409669211195929,0.0,True,,,,
ConvNeXt,2D,RFN,Right Neural Foraminal Narrowing,right_neural_foraminal_narrowing,1,42,test,L3/L4,nas_best_convnext_2d,ConvNeXt 2D,42,7,,0.8344594594594594,0.7041714504401071,0.4831871345029239,0.5254688672168042,0.8344594594594594,0.1756756756756756,0.4755620723362659,0.0101351351351351,True,,,,
ConvNeXt,2D,RFN,Right Neural Foraminal Narrowing,right_neural_foraminal_narrowing,1,42,test,L4/L5,nas_best_convnext_2d,ConvNeXt 2D,42,7,,0.75,0.7448020982355746,0.6398110661268556,0.6646429403339397,0.75,0.2601351351351351,0.6026909890678569,0.0101351351351351,True,,,,
ConvNeXt,2D,RFN,Right Neural Foraminal Narrowing,right_neural_foraminal_narrowing,1,42,test,L5/S1,nas_best_convnext_2d,ConvNeXt 2D,42,7,,0.7702702702702703,0.703521979923849,0.5788465016625625,0.6084319613731378,0.7702702702702703,0.2364864864864864,0.6516539440203563,0.0067567567567567,True,,,,
ConvNeXt,2D,RFN,Right Neural Foraminal Narrowing,right_neural_foraminal_narrowing,2,142,train,L1/L2,nas_best_convnext_2d,ConvNeXt 2D,42,8,,0.9694100509832484,0.7713812713812714,0.7240280857354029,0.732640909267233,0.9694100509832484,0.0305899490167516,0.7504997274214065,0.0,True,,,,
ConvNeXt,2D,RFN,Right Neural Foraminal Narrowing,right_neural_foraminal_narrowing,2,142,train,L2/L3,nas_best_convnext_2d,ConvNeXt 2D,42,8,,0.9373634377276038,0.6659842320923297,0.746639160483554,0.6822702730631119,0.9373634377276038,0.0626365622723962,0.6311975662625013,0.0,True,,,,
ConvNeXt,2D,RFN,Right Neural Foraminal Narrowing,right_neural_foraminal_narrowing,2,142,train,L3/L4,nas_best_convnext_2d,ConvNeXt 2D,42,8,,0.8630735615440641,0.8171510551647537,0.6205119606528057,0.6608583011763555,0.8630735615440641,0.1369264384559359,0.6674054106987315,0.0,True,,,,
ConvNeXt,2D,RFN,Right Neural Foraminal Narrowing,right_neural_foraminal_narrowing,2,142,train,L4/L5,nas_best_convnext_2d,ConvNeXt 2D,42,8,,0.7909686817188638,0.7058652331382994,0.785328560568141,0.7358762718883539,0.7909686817188638,0.2104879825200291,0.7354209539443612,0.0014566642388929,True,,,,
ConvNeXt,2D,RFN,Right Neural Foraminal Narrowing,right_neural_foraminal_narrowing,2,142,train,L5/S1,nas_best_convnext_2d,ConvNeXt 2D,42,8,,0.8186453022578296,0.7761625093324188,0.7142287908565187,0.7402865863732361,0.8186453022578296,0.1893663510560815,0.7548121129222235,0.0080116533139111,True,,,,
ConvNeXt,2D,RFN,Right Neural Foraminal Narrowing,right_neural_foraminal_narrowing,2,142,validation,L1/L2,nas_best_convnext_2d,ConvNeXt 2D,42,8,,0.9797297297297296,0.6421296296296296,0.8298731257208766,0.678929678063127,0.9797297297297296,0.0236486486486486,0.6591606960081884,0.0033783783783783,True,296,289,6,1
ConvNeXt,2D,RFN,Right Neural Foraminal Narrowing,right_neural_foraminal_narrowing,2,142,validation,L2/L3,nas_best_convnext_2d,ConvNeXt 2D,42,8,,0.9391891891891893,0.6270965876229034,0.8734629682585072,0.6752695902228613,0.9391891891891893,0.0608108108108108,0.7254740313272877,0.0,True,296,269,26,1
ConvNeXt,2D,RFN,Right Neural Foraminal Narrowing,right_neural_foraminal_narrowing,2,142,validation,L3/L4,nas_best_convnext_2d,ConvNeXt 2D,42,8,,0.8344594594594594,0.8308811200536552,0.6056513409961686,0.6416923351636088,0.8344594594594594,0.1655405405405405,0.582834790612057,0.0,True,296,232,60,4
ConvNeXt,2D,RFN,Right Neural Foraminal Narrowing,right_neural_foraminal_narrowing,2,142,validation,L4/L5,nas_best_convnext_2d,ConvNeXt 2D,42,8,,0.7702702702702703,0.6790990818056755,0.7680982105701206,0.7075897520479412,0.7702702702702703,0.2331081081081081,0.7116039082226369,0.0033783783783783,True,296,178,100,18
ConvNeXt,2D,RFN,Right Neural Foraminal Narrowing,right_neural_foraminal_narrowing,2,142,validation,L5/S1,nas_best_convnext_2d,ConvNeXt 2D,42,8,,0.8209459459459459,0.7556059415839463,0.6849693236465809,0.7105263157894738,0.8209459459459459,0.1925675675675675,0.7341072415699281,0.0135135135135135,True,296,199,66,31
ConvNeXt,2D,RFN,Right Neural Foraminal Narrowing,right_neural_foraminal_narrowing,2,142,test,L1/L2,nas_best_convnext_2d,ConvNeXt 2D,42,8,,0.972972972972973,0.4976689976689976,0.5191798941798942,0.5076267905536198,0.972972972972973,0.0304054054054054,0.581275720164609,0.0033783783783783,True,,,,
ConvNeXt,2D,RFN,Right Neural Foraminal Narrowing,right_neural_foraminal_narrowing,2,142,test,L2/L3,nas_best_convnext_2d,ConvNeXt 2D,42,8,,0.9121621621621622,0.4875156054931335,0.4851301115241635,0.486318407960199,0.9121621621621622,0.0878378378378378,0.5802792321116929,0.0,True,,,,
ConvNeXt,2D,RFN,Right Neural Foraminal Narrowing,right_neural_foraminal_narrowing,2,142,test,L3/L4,nas_best_convnext_2d,ConvNeXt 2D,42,8,,0.8209459459459459,0.8404261796042617,0.6106791176558618,0.6593802227056178,0.8209459459459459,0.179054054054054,0.6160172312512238,0.0,True,,,,
ConvNeXt,2D,RFN,Right Neural Foraminal Narrowing,right_neural_foraminal_narrowing,2,142,test,L4/L5,nas_best_convnext_2d,ConvNeXt 2D,42,8,,0.7297297297297297,0.7006496857116051,0.7446255342440228,0.7178198675736539,0.7297297297297297,0.2702702702702703,0.705443327694298,0.0,True,,,,
ConvNeXt,2D,RFN,Right Neural Foraminal Narrowing,right_neural_foraminal_narrowing,2,142,test,L5/S1,nas_best_convnext_2d,ConvNeXt 2D,42,8,,0.7567567567567568,0.6308888755694078,0.5957162696293131,0.6091293031516851,0.7567567567567568,0.25,0.650478381978927,0.0067567567567567,True,,,,
ConvNeXt,2D,RFN,Right Neural Foraminal Narrowing,right_neural_foraminal_narrowing,3,242,train,L1/L2,nas_best_convnext_2d,ConvNeXt 2D,42,9,,0.9730909090909092,0.503484149573069,0.5344515133988819,0.5176824547043338,0.9730909090909092,0.0269090909090909,0.6495801850078866,0.0,True,,,,
ConvNeXt,2D,RFN,Right Neural Foraminal Narrowing,right_neural_foraminal_narrowing,3,242,train,L2/L3,nas_best_convnext_2d,ConvNeXt 2D,42,9,,0.9418181818181818,0.5495550380880175,0.4571097730430755,0.4879765577508217,0.9418181818181818,0.0581818181818181,0.5037310402699703,0.0,True,,,,
ConvNeXt,2D,RFN,Right Neural Foraminal Narrowing,right_neural_foraminal_narrowing,3,242,train,L3/L4,nas_best_convnext_2d,ConvNeXt 2D,42,9,,0.8698181818181818,0.7411445919759988,0.6899859468889319,0.7124039759473771,0.8698181818181818,0.1309090909090909,0.6854274666760525,0.0007272727272727,True,,,,
ConvNeXt,2D,RFN,Right Neural Foraminal Narrowing,right_neural_foraminal_narrowing,3,242,train,L4/L5,nas_best_convnext_2d,ConvNeXt 2D,42,9,,0.8130909090909091,0.7949908899665101,0.7422210344679686,0.760688671323338,0.8130909090909091,0.1883636363636363,0.7342745262867065,0.0014545454545454,True,,,,
ConvNeXt,2D,RFN,Right Neural Foraminal Narrowing,right_neural_foraminal_narrowing,3,242,train,L5/S1,nas_best_convnext_2d,ConvNeXt 2D,42,9,,0.8116363636363636,0.7602779282542625,0.7167097149755824,0.722838246021139,0.8116363636363636,0.2007272727272727,0.7492605760565467,0.0123636363636363,True,,,,
ConvNeXt,2D,RFN,Right Neural Foraminal Narrowing,right_neural_foraminal_narrowing,3,242,validation,L1/L2,nas_best_convnext_2d,ConvNeXt 2D,42,9,,0.9625850340136054,0.4498340293393297,0.4952885747938751,0.4689727853201909,0.9625850340136054,0.0374149659863945,0.6327503974562798,0.0,True,294,283,8,3
ConvNeXt,2D,RFN,Right Neural Foraminal Narrowing,right_neural_foraminal_narrowing,3,242,validation,L2/L3,nas_best_convnext_2d,ConvNeXt 2D,42,9,,0.9149659863945578,0.5261555885892263,0.447979797979798,0.4739581284985776,0.9149659863945578,0.0850340136054421,0.4256915142991092,0.0,True,294,264,30,0
ConvNeXt,2D,RFN,Right Neural Foraminal Narrowing,right_neural_foraminal_narrowing,3,242,validation,L3/L4,nas_best_convnext_2d,ConvNeXt 2D,42,9,,0.8299319727891157,0.6752395172327983,0.5438198617303095,0.5748303070883716,0.8299319727891157,0.1700680272108843,0.6043920555465849,0.0,True,294,220,67,7
ConvNeXt,2D,RFN,Right Neural Foraminal Narrowing,right_neural_foraminal_narrowing,3,242,validation,L4/L5,nas_best_convnext_2d,ConvNeXt 2D,42,9,,0.7721088435374149,0.7778789104638619,0.7458225875779068,0.7528479171729221,0.7721088435374149,0.2312925170068027,0.7105159511618748,0.0034013605442176,True,294,176,94,24
ConvNeXt,2D,RFN,Right Neural Foraminal Narrowing,right_neural_foraminal_narrowing,3,242,validation,L5/S1,nas_best_convnext_2d,ConvNeXt 2D,42,9,,0.7687074829931972,0.7133670033670034,0.6584226772749012,0.6669985102994812,0.7687074829931972,0.2448979591836734,0.6688629836120966,0.0136054421768707,True,294,187,82,25
ConvNeXt,2D,RFN,Right Neural Foraminal Narrowing,right_neural_foraminal_narrowing,3,242,test,L1/L2,nas_best_convnext_2d,ConvNeXt 2D,42,9,,0.945945945945946,0.4904761904761905,0.4951690821256038,0.4928057553956835,0.945945945945946,0.054054054054054,0.6476190476190476,0.0,True,,,,
ConvNeXt,2D,RFN,Right Neural Foraminal Narrowing,right_neural_foraminal_narrowing,3,242,test,L2/L3,nas_best_convnext_2d,ConvNeXt 2D,42,9,,0.918918918918919,0.5577321229495142,0.4913621262458472,0.5155529579842847,0.918918918918919,0.081081081081081,0.6228098120420515,0.0,True,,,,
ConvNeXt,2D,RFN,Right Neural Foraminal Narrowing,right_neural_foraminal_narrowing,3,242,test,L3/L4,nas_best_convnext_2d,ConvNeXt 2D,42,9,,0.8108108108108109,0.5742975451049984,0.542003367003367,0.5474232023165867,0.8108108108108109,0.1891891891891892,0.5474006116207951,0.0,True,,,,
ConvNeXt,2D,RFN,Right Neural Foraminal Narrowing,right_neural_foraminal_narrowing,3,242,test,L4/L5,nas_best_convnext_2d,ConvNeXt 2D,42,9,,0.7905405405405406,0.7660280970625798,0.689975562570003,0.7133719327267714,0.7905405405405406,0.2162162162162162,0.6921571026550838,0.0067567567567567,True,,,,
ConvNeXt,2D,RFN,Right Neural Foraminal Narrowing,right_neural_foraminal_narrowing,3,242,test,L5/S1,nas_best_convnext_2d,ConvNeXt 2D,42,9,,0.8040540540540541,0.7012679706658299,0.6533573511751587,0.6734952116156935,0.8040540540540541,0.2128378378378378,0.7022379010031969,0.0168918918918918,True,,,,
ConvNeXt,2D,RFN,Right Neural Foraminal Narrowing,right_neural_foraminal_narrowing,4,342,train,L1/L2,nas_best_convnext_2d,ConvNeXt 2D,42,6,,0.9803350327749454,0.8978285077951003,0.5645638107987505,0.640817521004437,0.9803350327749454,0.020393299344501,0.7052973498941102,0.0007283321194464,True,,,,
ConvNeXt,2D,RFN,Right Neural Foraminal Narrowing,right_neural_foraminal_narrowing,4,342,train,L2/L3,nas_best_convnext_2d,ConvNeXt 2D,42,6,,0.9351784413692644,0.8473553032400997,0.695142841492503,0.7431380732177032,0.9351784413692644,0.0648215586307356,0.6048639786841195,0.0,True,,,,
ConvNeXt,2D,RFN,Right Neural Foraminal Narrowing,right_neural_foraminal_narrowing,4,342,train,L3/L4,nas_best_convnext_2d,ConvNeXt 2D,42,6,,0.8594319009468318,0.7231937602627259,0.7145527189705273,0.7138184838965733,0.8594319009468318,0.1412964311726147,0.6686466013583732,0.0007283321194464,True,,,,
ConvNeXt,2D,RFN,Right Neural Foraminal Narrowing,right_neural_foraminal_narrowing,4,342,train,L4/L5,nas_best_convnext_2d,ConvNeXt 2D,42,6,,0.8237436270939549,0.8158215696822423,0.7401724505200374,0.771181293350724,0.8237436270939549,0.1798980335032775,0.7348857268006885,0.0036416605972323,True,,,,
ConvNeXt,2D,RFN,Right Neural Foraminal Narrowing,right_neural_foraminal_narrowing,4,342,train,L5/S1,nas_best_convnext_2d,ConvNeXt 2D,42,6,,0.8055353241077932,0.7278933067043017,0.7397675322565673,0.7208708203793227,0.8055353241077932,0.2090313182811362,0.7496016512857866,0.0145666423889293,True,,,,
ConvNeXt,2D,RFN,Right Neural Foraminal Narrowing,right_neural_foraminal_narrowing,4,342,validation,L1/L2,nas_best_convnext_2d,ConvNeXt 2D,42,6,,0.9527027027027029,0.4329501915708812,0.3865248226950354,0.4004144004144004,0.9527027027027029,0.0472972972972973,0.4477611940298507,0.0,True,296,282,12,2
ConvNeXt,2D,RFN,Right Neural Foraminal Narrowing,right_neural_foraminal_narrowing,4,342,validation,L2/L3,nas_best_convnext_2d,ConvNeXt 2D,42,6,,0.9358108108108107,0.5547385620915033,0.5199965560291016,0.5354196567134573,0.9358108108108107,0.0641891891891891,0.6066032456631225,0.0,True,296,267,29,0
ConvNeXt,2D,RFN,Right Neural Foraminal Narrowing,right_neural_foraminal_narrowing,4,342,validation,L3/L4,nas_best_convnext_2d,ConvNeXt 2D,42,6,,0.8918918918918919,0.6642359423108085,0.651880145997793,0.6577044025157232,0.8918918918918919,0.1081081081081081,0.6995495781259913,0.0,True,296,238,55,3
ConvNeXt,2D,RFN,Right Neural Foraminal Narrowing,right_neural_foraminal_narrowing,4,342,validation,L4/L5,nas_best_convnext_2d,ConvNeXt 2D,42,6,,0.75,0.725718088832843,0.6574900793650794,0.6804066754501537,0.75,0.25,0.6483431800667866,0.0,True,296,192,84,20
ConvNeXt,2D,RFN,Right Neural Foraminal Narrowing,right_neural_foraminal_narrowing,4,342,validation,L5/S1,nas_best_convnext_2d,ConvNeXt 2D,42,6,,0.7364864864864865,0.6452577039473067,0.6501970515253248,0.6430940713693928,0.7364864864864865,0.2871621621621621,0.6477884615384615,0.0236486486486486,True,296,187,78,31
ConvNeXt,2D,RFN,Right Neural Foraminal Narrowing,right_neural_foraminal_narrowing,4,342,test,L1/L2,nas_best_convnext_2d,ConvNeXt 2D,42,6,,0.9628378378378378,0.6075135936727633,0.4666666666666666,0.5092829705505761,0.9628378378378378,0.0405405405405405,0.5189226840027861,0.0033783783783783,True,,,,
ConvNeXt,2D,RFN,Right Neural Foraminal Narrowing,right_neural_foraminal_narrowing,4,342,test,L2/L3,nas_best_convnext_2d,ConvNeXt 2D,42,6,,0.9121621621621622,0.6835858585858586,0.6735050890585241,0.678339261621489,0.9121621621621622,0.0878378378378378,0.6271317829457363,0.0,True,,,,
ConvNeXt,2D,RFN,Right Neural Foraminal Narrowing,right_neural_foraminal_narrowing,4,342,test,L3/L4,nas_best_convnext_2d,ConvNeXt 2D,42,6,,0.8141891891891891,0.660933660933661,0.6179942655363715,0.6358395989974938,0.8141891891891891,0.1858108108108108,0.6555809427096555,0.0,True,,,,
ConvNeXt,2D,RFN,Right Neural Foraminal Narrowing,right_neural_foraminal_narrowing,4,342,test,L4/L5,nas_best_convnext_2d,ConvNeXt 2D,42,6,,0.7601351351351351,0.7518786285463905,0.6718027272181173,0.6998424294513681,0.7601351351351351,0.2466216216216216,0.6581473482121429,0.0067567567567567,True,,,,
ConvNeXt,2D,RFN,Right Neural Foraminal Narrowing,right_neural_foraminal_narrowing,4,342,test,L5/S1,nas_best_convnext_2d,ConvNeXt 2D,42,6,,0.75,0.6183826074915184,0.6749971799210378,0.6315918000128526,0.75,0.2567567567567567,0.705304029668716,0.0067567567567567,True,,,,
ConvNeXt,2D,RFN,Right Neural Foraminal Narrowing,right_neural_foraminal_narrowing,5,442,train,L1/L2,nas_best_convnext_2d,ConvNeXt 2D,42,8,,0.970203488372093,0.7212377047706388,0.5588623608709692,0.6025801562991645,0.970203488372093,0.0305232558139534,0.6402657128257537,0.0007267441860465,True,,,,
ConvNeXt,2D,RFN,Right Neural Foraminal Narrowing,right_neural_foraminal_narrowing,5,442,train,L2/L3,nas_best_convnext_2d,ConvNeXt 2D,42,8,,0.9396802325581396,0.5392051037212328,0.4801887860310148,0.5034279387044399,0.9396802325581396,0.0603197674418604,0.5410457957595924,0.0,True,,,,
ConvNeXt,2D,RFN,Right Neural Foraminal Narrowing,right_neural_foraminal_narrowing,5,442,train,L3/L4,nas_best_convnext_2d,ConvNeXt 2D,42,8,,0.846656976744186,0.6797120183155837,0.5969950409146562,0.6260494975328735,0.846656976744186,0.1540697674418604,0.6070208404509738,0.0007267441860465,True,,,,
ConvNeXt,2D,RFN,Right Neural Foraminal Narrowing,right_neural_foraminal_narrowing,5,442,train,L4/L5,nas_best_convnext_2d,ConvNeXt 2D,42,8,,0.8001453488372093,0.7794677371913145,0.7303392056001451,0.7451062930029752,0.8001453488372093,0.2042151162790697,0.7159716625430445,0.004360465116279,True,,,,
ConvNeXt,2D,RFN,Right Neural Foraminal Narrowing,right_neural_foraminal_narrowing,5,442,train,L5/S1,nas_best_convnext_2d,ConvNeXt 2D,42,8,,0.7885174418604651,0.7533703281322657,0.6320673125054972,0.6717950746293956,0.7885174418604651,0.220203488372093,0.69599891899196,0.0087209302325581,True,,,,
ConvNeXt,2D,RFN,Right Neural Foraminal Narrowing,right_neural_foraminal_narrowing,5,442,validation,L1/L2,nas_best_convnext_2d,ConvNeXt 2D,42,8,,0.9559322033898304,0.5195035460992908,0.4864821500200562,0.500806113209214,0.9559322033898304,0.0440677966101694,0.6829792510539803,0.0,True,295,277,15,3
ConvNeXt,2D,RFN,Right Neural Foraminal Narrowing,right_neural_foraminal_narrowing,5,442,validation,L2/L3,nas_best_convnext_2d,ConvNeXt 2D,42,8,,0.911864406779661,0.5227080155905779,0.4307888040712468,0.4555778782298119,0.911864406779661,0.0881355932203389,0.5055440948942754,0.0,True,295,262,30,3
ConvNeXt,2D,RFN,Right Neural Foraminal Narrowing,right_neural_foraminal_narrowing,5,442,validation,L3/L4,nas_best_convnext_2d,ConvNeXt 2D,42,8,,0.8372881355932204,0.6637966029270377,0.5947578347578348,0.6138485519730904,0.8372881355932204,0.1627118644067796,0.5935706084959818,0.0,True,295,225,65,5
ConvNeXt,2D,RFN,Right Neural Foraminal Narrowing,right_neural_foraminal_narrowing,5,442,validation,L4/L5,nas_best_convnext_2d,ConvNeXt 2D,42,8,,0.7762711864406779,0.7103574110579179,0.711903182424417,0.6972631331393128,0.7762711864406779,0.223728813559322,0.6690351533283471,0.0,True,295,179,103,13
ConvNeXt,2D,RFN,Right Neural Foraminal Narrowing,right_neural_foraminal_narrowing,5,442,validation,L5/S1,nas_best_convnext_2d,ConvNeXt 2D,42,8,,0.7694915254237288,0.7147498375568552,0.6169917257683215,0.6495754150578457,0.7694915254237288,0.2406779661016949,0.6878135264770961,0.0101694915254237,True,295,188,75,32
ConvNeXt,2D,RFN,Right Neural Foraminal Narrowing,right_neural_foraminal_narrowing,5,442,test,L1/L2,nas_best_convnext_2d,ConvNeXt 2D,42,8,,0.9761904761904762,0.4953703703703704,0.4738594738594738,0.4836951666219959,0.9761904761904762,0.0238095238095238,0.5791411042944785,0.0,True,,,,
ConvNeXt,2D,RFN,Right Neural Foraminal Narrowing,right_neural_foraminal_narrowing,5,442,test,L2/L3,nas_best_convnext_2d,ConvNeXt 2D,42,8,,0.9217687074829932,0.5407974481658693,0.4702020202020202,0.4959802102659245,0.9217687074829932,0.0782312925170068,0.4902758932609679,0.0,True,,,,
ConvNeXt,2D,RFN,Right Neural Foraminal Narrowing,right_neural_foraminal_narrowing,5,442,test,L3/L4,nas_best_convnext_2d,ConvNeXt 2D,42,8,,0.8333333333333334,0.7201592099290309,0.6206636500754148,0.6499254144823765,0.8333333333333334,0.1666666666666666,0.6303310238645111,0.0,True,,,,
ConvNeXt,2D,RFN,Right Neural Foraminal Narrowing,right_neural_foraminal_narrowing,5,442,test,L4/L5,nas_best_convnext_2d,ConvNeXt 2D,42,8,,0.7619047619047619,0.7042302357836338,0.6996228493940165,0.6848908219344324,0.7619047619047619,0.238095238095238,0.7186372087936126,0.0,True,,,,
ConvNeXt,2D,RFN,Right Neural Foraminal Narrowing,right_neural_foraminal_narrowing,5,442,test,L5/S1,nas_best_convnext_2d,ConvNeXt 2D,42,8,,0.7551020408163265,0.6382056759231004,0.5267927760465073,0.5505453624732229,0.7551020408163265,0.2619047619047619,0.5872785361603253,0.0170068027210884,True,,,,
ConvNeXt,2D,RSS,Right Subarticular Stenosis,right_subarticular_stenosis,1,42,train,L1/L2,nas_best_convnext_2d,ConvNeXt 2D,139,15,,0.9469096671949286,0.5114010471713012,0.5044583832979738,0.5076814658210007,0.9469096671949286,0.054675118858954,0.6264243367963472,0.0015847860538827,True,,,,
ConvNeXt,2D,RSS,Right Subarticular Stenosis,right_subarticular_stenosis,1,42,train,L2/L3,nas_best_convnext_2d,ConvNeXt 2D,139,15,,0.8954041204437401,0.6926522460836186,0.7354014771777929,0.6959137414348254,0.8954041204437401,0.1085578446909667,0.7534638702321119,0.0039619651347068,True,,,,
ConvNeXt,2D,RSS,Right Subarticular Stenosis,right_subarticular_stenosis,1,42,train,L3/L4,nas_best_convnext_2d,ConvNeXt 2D,139,15,,0.8264659270998416,0.7469814128748298,0.7577669769159131,0.7496586746586748,0.8264659270998416,0.1774960380348653,0.8015285850238455,0.0039619651347068,True,,,,
ConvNeXt,2D,RSS,Right Subarticular Stenosis,right_subarticular_stenosis,1,42,train,L4/L5,nas_best_convnext_2d,ConvNeXt 2D,139,15,,0.7496038034865293,0.7244205580491903,0.7431866864392817,0.7285112403833894,0.7496038034865293,0.2559429477020602,0.8014127768143228,0.0055467511885895,True,,,,
ConvNeXt,2D,RSS,Right Subarticular Stenosis,right_subarticular_stenosis,1,42,train,L5/S1,nas_best_convnext_2d,ConvNeXt 2D,139,15,,0.8106180665610143,0.6882857433704892,0.6441114810704156,0.6538018433179723,0.8106180665610143,0.2036450079239302,0.7061669296944904,0.0142630744849445,True,,,,
ConvNeXt,2D,RSS,Right Subarticular Stenosis,right_subarticular_stenosis,1,42,validation,L1/L2,nas_best_convnext_2d,ConvNeXt 2D,139,15,,0.946969696969697,0.5017067555767246,0.527891156462585,0.5140582655826558,0.946969696969697,0.053030303030303,0.6891505466778806,0.0,True,264,245,15,4
ConvNeXt,2D,RSS,Right Subarticular Stenosis,right_subarticular_stenosis,1,42,validation,L2/L3,nas_best_convnext_2d,ConvNeXt 2D,139,15,,0.8901515151515151,0.7021428571428571,0.7415832254541933,0.714326779349201,0.8901515151515151,0.1136363636363636,0.76797583081571,0.0037878787878787,True,264,222,31,11
ConvNeXt,2D,RSS,Right Subarticular Stenosis,right_subarticular_stenosis,1,42,validation,L3/L4,nas_best_convnext_2d,ConvNeXt 2D,139,15,,0.8143939393939394,0.7293946349245889,0.7412819091365064,0.7184000471741099,0.8143939393939394,0.1893939393939394,0.7775401069518717,0.0037878787878787,True,264,180,61,23
ConvNeXt,2D,RSS,Right Subarticular Stenosis,right_subarticular_stenosis,1,42,validation,L4/L5,nas_best_convnext_2d,ConvNeXt 2D,139,15,,0.7348484848484849,0.7194016173003241,0.732405533778008,0.7142117598438257,0.7348484848484849,0.2878787878787879,0.7574340126962913,0.0227272727272727,True,264,117,86,61
ConvNeXt,2D,RSS,Right Subarticular Stenosis,right_subarticular_stenosis,1,42,validation,L5/S1,nas_best_convnext_2d,ConvNeXt 2D,139,15,,0.7727272727272727,0.6212121212121212,0.6249953355665205,0.6167915914718983,0.7727272727272727,0.25,0.6530062011323807,0.0227272727272727,True,264,187,54,23
ConvNeXt,2D,RSS,Right Subarticular Stenosis,right_subarticular_stenosis,1,42,test,L1/L2,nas_best_convnext_2d,ConvNeXt 2D,139,15,,0.9388489208633094,0.4984368398817068,0.4775752314814814,0.4866001050972149,0.9388489208633094,0.0611510791366906,0.6319887867933344,0.0,True,,,,
ConvNeXt,2D,RSS,Right Subarticular Stenosis,right_subarticular_stenosis,1,42,test,L2/L3,nas_best_convnext_2d,ConvNeXt 2D,139,15,,0.8489208633093526,0.643213969938108,0.6882474729022044,0.6563789152024446,0.8489208633093526,0.1726618705035971,0.6397719419488598,0.0215827338129496,True,,,,
ConvNeXt,2D,RSS,Right Subarticular Stenosis,right_subarticular_stenosis,1,42,test,L3/L4,nas_best_convnext_2d,ConvNeXt 2D,139,15,,0.7949640287769785,0.7310744810744811,0.7178495115995117,0.7242534295497993,0.7949640287769785,0.2086330935251798,0.7179287719416918,0.0035971223021582,True,,,,
ConvNeXt,2D,RSS,Right Subarticular Stenosis,right_subarticular_stenosis,1,42,test,L4/L5,nas_best_convnext_2d,ConvNeXt 2D,139,15,,0.7302158273381295,0.6912583932601596,0.7156438677119943,0.6977078696550801,0.7302158273381295,0.276978417266187,0.7853179521403375,0.0071942446043165,True,,,,
ConvNeXt,2D,RSS,Right Subarticular Stenosis,right_subarticular_stenosis,1,42,test,L5/S1,nas_best_convnext_2d,ConvNeXt 2D,139,15,,0.7697841726618705,0.6358304436891316,0.5696086157079064,0.5895079372802144,0.7697841726618705,0.2482014388489208,0.6499187043708357,0.0179856115107913,True,,,,
ConvNeXt,2D,RSS,Right Subarticular Stenosis,right_subarticular_stenosis,2,142,train,L1/L2,nas_best_convnext_2d,ConvNeXt 2D,139,8,,0.9499602859412232,0.5204054917723517,0.5221837221837222,0.5212705342465226,0.9499602859412232,0.051628276409849,0.6460442734966121,0.0015885623510722,True,,,,
ConvNeXt,2D,RSS,Right Subarticular Stenosis,right_subarticular_stenosis,2,142,train,L2/L3,nas_best_convnext_2d,ConvNeXt 2D,139,8,,0.8776806989674345,0.7378257788360688,0.6371365350916273,0.6740609840844555,0.8776806989674345,0.1247021445591739,0.6870695084257027,0.0023828435266084,True,,,,
ConvNeXt,2D,RSS,Right Subarticular Stenosis,right_subarticular_stenosis,2,142,train,L3/L4,nas_best_convnext_2d,ConvNeXt 2D,139,8,,0.818109610802224,0.7339634418440153,0.7213251242346869,0.7260179838017374,0.818109610802224,0.1850675138999205,0.7791589788380007,0.0031771247021445,True,,,,
ConvNeXt,2D,RSS,Right Subarticular Stenosis,right_subarticular_stenosis,2,142,train,L4/L5,nas_best_convnext_2d,ConvNeXt 2D,139,8,,0.7235901509134234,0.7216225744546668,0.7032967456191027,0.7106378651704355,0.7235901509134234,0.284352660841938,0.7518482249844352,0.0079428117553613,True,,,,
ConvNeXt,2D,RSS,Right Subarticular Stenosis,right_subarticular_stenosis,2,142,train,L5/S1,nas_best_convnext_2d,ConvNeXt 2D,139,8,,0.7839555202541699,0.6690160255107199,0.6207571882423236,0.6390552285730198,0.7839555202541699,0.2263701350277998,0.6765450578717759,0.0103256552819698,True,,,,
ConvNeXt,2D,RSS,Right Subarticular Stenosis,right_subarticular_stenosis,2,142,validation,L1/L2,nas_best_convnext_2d,ConvNeXt 2D,139,8,,0.9343065693430656,0.4183150183150183,0.4366925064599483,0.4268884268884269,0.9343065693430656,0.0656934306569343,0.5495067592254292,0.0,True,274,258,12,4
ConvNeXt,2D,RSS,Right Subarticular Stenosis,right_subarticular_stenosis,2,142,validation,L2/L3,nas_best_convnext_2d,ConvNeXt 2D,139,8,,0.8759124087591241,0.6865211810012837,0.6577523713348,0.6656977584960232,0.8759124087591241,0.1277372262773722,0.6480594320627647,0.0036496350364963,True,274,233,34,7
ConvNeXt,2D,RSS,Right Subarticular Stenosis,right_subarticular_stenosis,2,142,validation,L3/L4,nas_best_convnext_2d,ConvNeXt 2D,139,8,,0.7992700729927007,0.7478492363738266,0.7438830232947881,0.7457465447896069,0.7992700729927007,0.2007299270072992,0.7694096765308933,0.0,True,274,180,68,26
ConvNeXt,2D,RSS,Right Subarticular Stenosis,right_subarticular_stenosis,2,142,validation,L4/L5,nas_best_convnext_2d,ConvNeXt 2D,139,8,,0.7299270072992701,0.7280774748923959,0.7173826777087647,0.7188252706460893,0.7299270072992701,0.2700729927007299,0.7722411933860531,0.0,True,274,138,80,56
ConvNeXt,2D,RSS,Right Subarticular Stenosis,right_subarticular_stenosis,2,142,validation,L5/S1,nas_best_convnext_2d,ConvNeXt 2D,139,8,,0.7627737226277372,0.6238473167044596,0.5909016527573229,0.6038819418129763,0.7627737226277372,0.2408759124087591,0.6779145346425114,0.0036496350364963,True,274,194,56,24
ConvNeXt,2D,RSS,Right Subarticular Stenosis,right_subarticular_stenosis,2,142,test,L1/L2,nas_best_convnext_2d,ConvNeXt 2D,139,8,,0.922509225092251,0.4928819444444444,0.456235827664399,0.4701707695719672,0.922509225092251,0.081180811808118,0.5434507932051102,0.003690036900369,True,,,,
ConvNeXt,2D,RSS,Right Subarticular Stenosis,right_subarticular_stenosis,2,142,test,L2/L3,nas_best_convnext_2d,ConvNeXt 2D,139,8,,0.8782287822878229,0.6913389495885909,0.6848706848706848,0.6739229883425614,0.8782287822878229,0.1254612546125461,0.7291655099661318,0.003690036900369,True,,,,
ConvNeXt,2D,RSS,Right Subarticular Stenosis,right_subarticular_stenosis,2,142,test,L3/L4,nas_best_convnext_2d,ConvNeXt 2D,139,8,,0.7970479704797048,0.7214285714285715,0.7258001561280251,0.7234812489801404,0.7970479704797048,0.2103321033210332,0.751147842056933,0.007380073800738,True,,,,
ConvNeXt,2D,RSS,Right Subarticular Stenosis,right_subarticular_stenosis,2,142,test,L4/L5,nas_best_convnext_2d,ConvNeXt 2D,139,8,,0.7306273062730627,0.7295948600558478,0.7150217670053512,0.7204743596551917,0.7306273062730627,0.2730627306273063,0.7760671494117903,0.003690036900369,True,,,,
ConvNeXt,2D,RSS,Right Subarticular Stenosis,right_subarticular_stenosis,2,142,test,L5/S1,nas_best_convnext_2d,ConvNeXt 2D,139,8,,0.7896678966789668,0.6700232724668815,0.6570856873822976,0.6632769790098342,0.7896678966789668,0.2250922509225092,0.6589578507724014,0.014760147601476,True,,,,
ConvNeXt,2D,RSS,Right Subarticular Stenosis,right_subarticular_stenosis,3,242,train,L1/L2,nas_best_convnext_2d,ConvNeXt 2D,139,14,,0.9547619047619048,0.8012863141292069,0.568913559053723,0.6300531609744904,0.9547619047619048,0.0468253968253968,0.6831997701222823,0.0015873015873015,True,,,,
ConvNeXt,2D,RSS,Right Subarticular Stenosis,right_subarticular_stenosis,3,242,train,L2/L3,nas_best_convnext_2d,ConvNeXt 2D,139,14,,0.876984126984127,0.8119383490073145,0.5182291896606852,0.582639388630019,0.876984126984127,0.1261904761904762,0.6108032523693614,0.0031746031746031,True,,,,
ConvNeXt,2D,RSS,Right Subarticular Stenosis,right_subarticular_stenosis,3,242,train,L3/L4,nas_best_convnext_2d,ConvNeXt 2D,139,14,,0.8134920634920635,0.7885004347804233,0.6771737862796292,0.7154157258663226,0.8134920634920635,0.192063492063492,0.7497129023247152,0.0055555555555555,True,,,,
ConvNeXt,2D,RSS,Right Subarticular Stenosis,right_subarticular_stenosis,3,242,train,L4/L5,nas_best_convnext_2d,ConvNeXt 2D,139,14,,0.7412698412698413,0.7360460054212498,0.70231653810406,0.7113562463366812,0.7412698412698413,0.2682539682539682,0.7707091668074222,0.0095238095238095,True,,,,
ConvNeXt,2D,RSS,Right Subarticular Stenosis,right_subarticular_stenosis,3,242,train,L5/S1,nas_best_convnext_2d,ConvNeXt 2D,139,14,,0.8023809523809524,0.716297897911824,0.5820243861819354,0.6253531414751344,0.8023809523809524,0.2087301587301587,0.6694517366720517,0.0111111111111111,True,,,,
ConvNeXt,2D,RSS,Right Subarticular Stenosis,right_subarticular_stenosis,3,242,validation,L1/L2,nas_best_convnext_2d,ConvNeXt 2D,139,14,,0.947565543071161,0.5620258813029898,0.5342180588082227,0.5467658327698895,0.947565543071161,0.0561797752808988,0.610352819984548,0.0037453183520599,True,267,244,21,2
ConvNeXt,2D,RSS,Right Subarticular Stenosis,right_subarticular_stenosis,3,242,validation,L2/L3,nas_best_convnext_2d,ConvNeXt 2D,139,14,,0.8651685393258427,0.8307053941908714,0.4892493932619818,0.5311366944554717,0.8651685393258427,0.1348314606741573,0.6172957477305303,0.0,True,267,217,41,9
ConvNeXt,2D,RSS,Right Subarticular Stenosis,right_subarticular_stenosis,3,242,validation,L3/L4,nas_best_convnext_2d,ConvNeXt 2D,139,14,,0.8164794007490637,0.7609506775721281,0.7154671251944649,0.7339651860130462,0.8164794007490637,0.1835205992509363,0.7627183198215355,0.0,True,267,177,69,21
ConvNeXt,2D,RSS,Right Subarticular Stenosis,right_subarticular_stenosis,3,242,validation,L4/L5,nas_best_convnext_2d,ConvNeXt 2D,139,14,,0.7415730337078652,0.732585855843627,0.7122477580236671,0.7179616993636054,0.7415730337078652,0.2696629213483146,0.7678053784061009,0.0112359550561797,True,267,118,87,62
ConvNeXt,2D,RSS,Right Subarticular Stenosis,right_subarticular_stenosis,3,242,validation,L5/S1,nas_best_convnext_2d,ConvNeXt 2D,139,14,,0.7677902621722846,0.6647955826395445,0.5915301969156535,0.6136865274112803,0.7677902621722846,0.250936329588015,0.6411352964792543,0.0187265917602996,True,267,177,62,28
ConvNeXt,2D,RSS,Right Subarticular Stenosis,right_subarticular_stenosis,3,242,test,L1/L2,nas_best_convnext_2d,ConvNeXt 2D,139,14,,0.9494584837545126,0.8537360890302067,0.592156862745098,0.6340377915108975,0.9494584837545126,0.0505415162454873,0.7421542553191489,0.0,True,,,,
ConvNeXt,2D,RSS,Right Subarticular Stenosis,right_subarticular_stenosis,3,242,test,L2/L3,nas_best_convnext_2d,ConvNeXt 2D,139,14,,0.9133574007220217,0.8018279569892472,0.6144424007084951,0.6753984753984755,0.9133574007220217,0.0866425992779783,0.7584828889050352,0.0,True,,,,
ConvNeXt,2D,RSS,Right Subarticular Stenosis,right_subarticular_stenosis,3,242,test,L3/L4,nas_best_convnext_2d,ConvNeXt 2D,139,14,,0.8014440433212996,0.7506094656782453,0.6686114293602738,0.6987858220211162,0.8014440433212996,0.2021660649819494,0.7534528267141366,0.003610108303249,True,,,,
ConvNeXt,2D,RSS,Right Subarticular Stenosis,right_subarticular_stenosis,3,242,test,L4/L5,nas_best_convnext_2d,ConvNeXt 2D,139,14,,0.7148014440433214,0.7189827854717071,0.6889996331769802,0.6976896496303439,0.7148014440433214,0.3032490974729241,0.7359497008416996,0.0180505415162454,True,,,,
ConvNeXt,2D,RSS,Right Subarticular Stenosis,right_subarticular_stenosis,3,242,test,L5/S1,nas_best_convnext_2d,ConvNeXt 2D,139,14,,0.7653429602888087,0.6446949450045426,0.6014224751066857,0.601191958937235,0.7653429602888087,0.2454873646209386,0.6151766605339242,0.0108303249097472,True,,,,
ConvNeXt,2D,RSS,Right Subarticular Stenosis,right_subarticular_stenosis,4,342,train,L1/L2,nas_best_convnext_2d,ConvNeXt 2D,139,16,,0.9430379746835444,0.8438781590662133,0.5063269759939273,0.5675869055392718,0.9430379746835444,0.060126582278481,0.572935185706586,0.0031645569620253,True,,,,
ConvNeXt,2D,RSS,Right Subarticular Stenosis,right_subarticular_stenosis,4,342,train,L2/L3,nas_best_convnext_2d,ConvNeXt 2D,139,16,,0.879746835443038,0.7672749039371295,0.5311502670408975,0.5815492484087382,0.879746835443038,0.122626582278481,0.6371468715008095,0.0023734177215189,True,,,,
ConvNeXt,2D,RSS,Right Subarticular Stenosis,right_subarticular_stenosis,4,342,train,L3/L4,nas_best_convnext_2d,ConvNeXt 2D,139,16,,0.8132911392405063,0.7663044920579166,0.6827738741858047,0.7156113256113256,0.8132911392405063,0.1882911392405063,0.7619144726498348,0.0015822784810126,True,,,,
ConvNeXt,2D,RSS,Right Subarticular Stenosis,right_subarticular_stenosis,4,342,train,L4/L5,nas_best_convnext_2d,ConvNeXt 2D,139,16,,0.7515822784810127,0.7405869396397605,0.7204806535989956,0.7273368576036244,0.7515822784810127,0.254746835443038,0.7900200134471491,0.0063291139240506,True,,,,
ConvNeXt,2D,RSS,Right Subarticular Stenosis,right_subarticular_stenosis,4,342,train,L5/S1,nas_best_convnext_2d,ConvNeXt 2D,139,16,,0.8069620253164557,0.6985685582897792,0.5941915850201293,0.6298335132748759,0.8069620253164557,0.2056962025316455,0.6844177142241519,0.0126582278481012,True,,,,
ConvNeXt,2D,RSS,Right Subarticular Stenosis,right_subarticular_stenosis,4,342,validation,L1/L2,nas_best_convnext_2d,ConvNeXt 2D,139,16,,0.9632352941176472,0.8660941475826972,0.6375868055555556,0.717074217074217,0.9632352941176472,0.0367647058823529,0.7632311977715878,0.0,True,272,256,12,4
ConvNeXt,2D,RSS,Right Subarticular Stenosis,right_subarticular_stenosis,4,342,validation,L2/L3,nas_best_convnext_2d,ConvNeXt 2D,139,16,,0.9044117647058824,0.5140495867768595,0.518334711883099,0.5160490425678468,0.9044117647058824,0.0992647058823529,0.6332527431653339,0.0036764705882352,True,272,234,31,7
ConvNeXt,2D,RSS,Right Subarticular Stenosis,right_subarticular_stenosis,4,342,validation,L3/L4,nas_best_convnext_2d,ConvNeXt 2D,139,16,,0.8419117647058824,0.8208746623277742,0.7170384733402537,0.7570853462157809,0.8419117647058824,0.1654411764705882,0.776345818230635,0.0073529411764705,True,272,183,62,27
ConvNeXt,2D,RSS,Right Subarticular Stenosis,right_subarticular_stenosis,4,342,validation,L4/L5,nas_best_convnext_2d,ConvNeXt 2D,139,16,,0.7169117647058824,0.7346625925066399,0.6840522391134183,0.7003513657951285,0.7169117647058824,0.2977941176470588,0.7156148677223815,0.0147058823529411,True,272,124,90,58
ConvNeXt,2D,RSS,Right Subarticular Stenosis,right_subarticular_stenosis,4,342,validation,L5/S1,nas_best_convnext_2d,ConvNeXt 2D,139,16,,0.7463235294117647,0.6829118250170882,0.5565724613867893,0.5904007721286768,0.7463235294117647,0.2720588235294117,0.5897141215342623,0.0183823529411764,True,272,179,68,25
ConvNeXt,2D,RSS,Right Subarticular Stenosis,right_subarticular_stenosis,4,342,test,L1/L2,nas_best_convnext_2d,ConvNeXt 2D,139,16,,0.9291044776119404,0.4969932790944464,0.4292682926829268,0.4510998524979157,0.9291044776119404,0.0708955223880597,0.486900443369609,0.0,True,,,,
ConvNeXt,2D,RSS,Right Subarticular Stenosis,right_subarticular_stenosis,4,342,test,L2/L3,nas_best_convnext_2d,ConvNeXt 2D,139,16,,0.8582089552238806,0.7643162393162394,0.481005421118252,0.514187286069746,0.8582089552238806,0.1455223880597015,0.6196344502907782,0.003731343283582,True,,,,
ConvNeXt,2D,RSS,Right Subarticular Stenosis,right_subarticular_stenosis,4,342,test,L3/L4,nas_best_convnext_2d,ConvNeXt 2D,139,16,,0.8134328358208955,0.7918007662835249,0.6594591349549397,0.7043718354303009,0.8134328358208955,0.1902985074626865,0.7460850911691097,0.003731343283582,True,,,,
ConvNeXt,2D,RSS,Right Subarticular Stenosis,right_subarticular_stenosis,4,342,test,L4/L5,nas_best_convnext_2d,ConvNeXt 2D,139,16,,0.6567164179104478,0.6423217431547833,0.6274887146590639,0.6268432331209991,0.6567164179104478,0.3619402985074627,0.680326406849193,0.0186567164179104,True,,,,
ConvNeXt,2D,RSS,Right Subarticular Stenosis,right_subarticular_stenosis,4,342,test,L5/S1,nas_best_convnext_2d,ConvNeXt 2D,139,16,,0.7985074626865671,0.6720475906522418,0.6054815949940938,0.6317802870409456,0.7985074626865671,0.208955223880597,0.6581196581196581,0.0074626865671641,True,,,,
ConvNeXt,2D,RSS,Right Subarticular Stenosis,right_subarticular_stenosis,5,442,train,L1/L2,nas_best_convnext_2d,ConvNeXt 2D,139,14,,0.9386942675159236,0.5264394001030565,0.4556297357079946,0.4800038797364256,0.9386942675159236,0.0644904458598726,0.5441852878812592,0.0031847133757961,True,,,,
ConvNeXt,2D,RSS,Right Subarticular Stenosis,right_subarticular_stenosis,5,442,train,L2/L3,nas_best_convnext_2d,ConvNeXt 2D,139,14,,0.8789808917197452,0.7741138900779333,0.5806017088931843,0.6424188230028447,0.8789808917197452,0.125,0.6569316323192673,0.0039808917197452,True,,,,
ConvNeXt,2D,RSS,Right Subarticular Stenosis,right_subarticular_stenosis,5,442,train,L3/L4,nas_best_convnext_2d,ConvNeXt 2D,139,14,,0.8017515923566879,0.7614759183871532,0.6520792532798941,0.6882457849156681,0.8017515923566879,0.2054140127388535,0.7269186654734746,0.0071656050955414,True,,,,
ConvNeXt,2D,RSS,Right Subarticular Stenosis,right_subarticular_stenosis,5,442,train,L4/L5,nas_best_convnext_2d,ConvNeXt 2D,139,14,,0.7285031847133758,0.7180101792236254,0.6987257251625225,0.702604375257652,0.7285031847133758,0.2786624203821656,0.7706634964329909,0.0071656050955414,True,,,,
ConvNeXt,2D,RSS,Right Subarticular Stenosis,right_subarticular_stenosis,5,442,train,L5/S1,nas_best_convnext_2d,ConvNeXt 2D,139,14,,0.7794585987261147,0.6853358925277,0.510795171906283,0.5486209027812338,0.7794585987261147,0.2476114649681528,0.532442530654901,0.0270700636942675,True,,,,
ConvNeXt,2D,RSS,Right Subarticular Stenosis,right_subarticular_stenosis,5,442,validation,L1/L2,nas_best_convnext_2d,ConvNeXt 2D,139,14,,0.9706959706959708,0.4711779448621553,0.4761904761904762,0.4736652236652237,0.9706959706959708,0.0293040293040293,0.7263157894736842,0.0,True,273,262,7,4
ConvNeXt,2D,RSS,Right Subarticular Stenosis,right_subarticular_stenosis,5,442,validation,L2/L3,nas_best_convnext_2d,ConvNeXt 2D,139,14,,0.8681318681318682,0.6410470620996936,0.4677478720956982,0.5078726406527236,0.8681318681318682,0.1355311355311355,0.5277026127844564,0.0036630036630036,True,273,230,36,7
ConvNeXt,2D,RSS,Right Subarticular Stenosis,right_subarticular_stenosis,5,442,validation,L3/L4,nas_best_convnext_2d,ConvNeXt 2D,139,14,,0.8058608058608059,0.7274015558101671,0.667067067067067,0.6904354083077188,0.8058608058608059,0.1941391941391941,0.7592552536563452,0.0,True,273,185,63,25
ConvNeXt,2D,RSS,Right Subarticular Stenosis,right_subarticular_stenosis,5,442,validation,L4/L5,nas_best_convnext_2d,ConvNeXt 2D,139,14,,0.7362637362637363,0.7111028060885904,0.6960694144955314,0.7009303275341011,0.7362637362637363,0.2747252747252747,0.7612786216277487,0.0109890109890109,True,273,129,85,59
ConvNeXt,2D,RSS,Right Subarticular Stenosis,right_subarticular_stenosis,5,442,validation,L5/S1,nas_best_convnext_2d,ConvNeXt 2D,139,14,,0.7655677655677655,0.7202570921985815,0.4739380196523053,0.5076267742217603,0.7655677655677655,0.2490842490842491,0.578891820580475,0.0146520146520146,True,273,196,50,27
ConvNeXt,2D,RSS,Right Subarticular Stenosis,right_subarticular_stenosis,5,442,test,L1/L2,nas_best_convnext_2d,ConvNeXt 2D,139,14,,0.9563636363636364,0.5442773600668337,0.4748984865263935,0.5008850536563779,0.9563636363636364,0.0472727272727272,0.5547760388559093,0.0036363636363636,True,,,,
ConvNeXt,2D,RSS,Right Subarticular Stenosis,right_subarticular_stenosis,5,442,test,L2/L3,nas_best_convnext_2d,ConvNeXt 2D,139,14,,0.8690909090909091,0.8417508417508417,0.4933324802320435,0.5468031082785182,0.8690909090909091,0.1418181818181818,0.4626807346619773,0.0109090909090909,True,,,,
ConvNeXt,2D,RSS,Right Subarticular Stenosis,right_subarticular_stenosis,5,442,test,L3/L4,nas_best_convnext_2d,ConvNeXt 2D,139,14,,0.84,0.8054226475279106,0.7250470809792843,0.7575357800826336,0.84,0.1636363636363636,0.7926592553379213,0.0036363636363636,True,,,,
ConvNeXt,2D,RSS,Right Subarticular Stenosis,right_subarticular_stenosis,5,442,test,L4/L5,nas_best_convnext_2d,ConvNeXt 2D,139,14,,0.68,0.6755566974991436,0.6572543617998163,0.6631778058007566,0.68,0.3345454545454545,0.713302752293578,0.0145454545454545,True,,,,
ConvNeXt,2D,RSS,Right Subarticular Stenosis,right_subarticular_stenosis,5,442,test,L5/S1,nas_best_convnext_2d,ConvNeXt 2D,139,14,,0.7636363636363637,0.6933982683982683,0.4826122205154463,0.5039215686274509,0.7636363636363637,0.2545454545454545,0.5444191343963553,0.0181818181818181,True,,,,
ConvNeXt,2D,SCS,Spinal Canal Stenosis,spinal_canal_stenosis,1,42,train,L1/L2,nas_best_convnext_2d,ConvNeXt 2D,9,7,,0.9706103993971364,0.8501237332890934,0.5907624388696944,0.583380607531411,0.9706103993971364,0.0301431801055011,0.7299185888738128,0.0007535795026375,True,,,,
ConvNeXt,2D,SCS,Spinal Canal Stenosis,spinal_canal_stenosis,1,42,train,L2/L3,nas_best_convnext_2d,ConvNeXt 2D,9,7,,0.9397136397889976,0.7736964082907439,0.7373431423851592,0.7416428644515322,0.9397136397889976,0.0617935192162773,0.8022005067959886,0.001507159005275,True,,,,
ConvNeXt,2D,SCS,Spinal Canal Stenosis,spinal_canal_stenosis,1,42,train,L3/L4,nas_best_convnext_2d,ConvNeXt 2D,9,7,,0.907309721175584,0.8142707614985817,0.7262387322849428,0.762513207881543,0.907309721175584,0.0949510173323285,0.8190050672464103,0.0022607385079125,True,,,,
ConvNeXt,2D,SCS,Spinal Canal Stenosis,spinal_canal_stenosis,1,42,train,L4/L5,nas_best_convnext_2d,ConvNeXt 2D,9,7,,0.8975131876412962,0.8050404294803818,0.7619653500058431,0.7808520343003101,0.8975131876412962,0.1115297663903541,0.8662122746797216,0.0090429540316503,True,,,,
ConvNeXt,2D,SCS,Spinal Canal Stenosis,spinal_canal_stenosis,1,42,train,L5/S1,nas_best_convnext_2d,ConvNeXt 2D,9,7,,0.971363978899774,0.6205180123175568,0.5382015280611224,0.5710121608544079,0.971363978899774,0.0324039186134137,0.5558874231986006,0.0037678975131876,True,,,,
ConvNeXt,2D,SCS,Spinal Canal Stenosis,spinal_canal_stenosis,1,42,validation,L1/L2,nas_best_convnext_2d,ConvNeXt 2D,9,7,,0.9615384615384616,0.5277777777777778,0.615980024968789,0.5631733428343598,0.9615384615384616,0.0384615384615384,0.7776049766718507,0.0,True,286,267,15,4
ConvNeXt,2D,SCS,Spinal Canal Stenosis,spinal_canal_stenosis,1,42,validation,L2/L3,nas_best_convnext_2d,ConvNeXt 2D,9,7,,0.916083916083916,0.7677626606198036,0.7263939763939763,0.7300194883111738,0.916083916083916,0.0839160839160839,0.7611691022964509,0.0,True,286,252,26,8
ConvNeXt,2D,SCS,Spinal Canal Stenosis,spinal_canal_stenosis,1,42,validation,L3/L4,nas_best_convnext_2d,ConvNeXt 2D,9,7,,0.8986013986013986,0.7334691452338511,0.6782355575459024,0.7005086324235261,0.8986013986013986,0.1048951048951049,0.8191661726931436,0.0034965034965034,True,286,232,33,21
ConvNeXt,2D,SCS,Spinal Canal Stenosis,spinal_canal_stenosis,1,42,validation,L4/L5,nas_best_convnext_2d,ConvNeXt 2D,9,7,,0.8566433566433567,0.7159727966179578,0.7069716775599129,0.7107122507122506,0.8566433566433567,0.1503496503496503,0.8202989224887035,0.0069930069930069,True,286,216,36,34
ConvNeXt,2D,SCS,Spinal Canal Stenosis,spinal_canal_stenosis,1,42,validation,L5/S1,nas_best_convnext_2d,ConvNeXt 2D,9,7,,0.9615384615384616,0.6538011695906433,0.4444444444444444,0.4934406678592725,0.9615384615384616,0.0454545454545454,0.3142454160789845,0.0069930069930069,True,286,274,9,3
ConvNeXt,2D,SCS,Spinal Canal Stenosis,spinal_canal_stenosis,1,42,test,L1/L2,nas_best_convnext_2d,ConvNeXt 2D,9,7,,0.9615384615384616,0.4273459383753502,0.5916067146282974,0.4688357256778309,0.9615384615384616,0.0384615384615384,0.6323907455012854,0.0,True,,,,
ConvNeXt,2D,SCS,Spinal Canal Stenosis,spinal_canal_stenosis,1,42,test,L2/L3,nas_best_convnext_2d,ConvNeXt 2D,9,7,,0.9370629370629372,0.5213427713427713,0.5478632478632478,0.5336758724041961,0.9370629370629372,0.0664335664335664,0.702112885626426,0.0034965034965034,True,,,,
ConvNeXt,2D,SCS,Spinal Canal Stenosis,spinal_canal_stenosis,1,42,test,L3/L4,nas_best_convnext_2d,ConvNeXt 2D,9,7,,0.8881118881118881,0.7039945178020491,0.6910449028096087,0.6972720043637416,0.8881118881118881,0.1118881118881118,0.7937159085786413,0.0,True,,,,
ConvNeXt,2D,SCS,Spinal Canal Stenosis,spinal_canal_stenosis,1,42,test,L4/L5,nas_best_convnext_2d,ConvNeXt 2D,9,7,,0.8846153846153846,0.7819126827279002,0.7052505429312993,0.7378408628408627,0.8846153846153846,0.1328671328671328,0.8246160921889771,0.0174825174825174,True,,,,
ConvNeXt,2D,SCS,Spinal Canal Stenosis,spinal_canal_stenosis,1,42,test,L5/S1,nas_best_convnext_2d,ConvNeXt 2D,9,7,,0.9615384615384616,0.488262910798122,0.4432323232323232,0.4601073345259392,0.9615384615384616,0.0489510489510489,0.2755825734549139,0.0104895104895104,True,,,,
ConvNeXt,2D,SCS,Spinal Canal Stenosis,spinal_canal_stenosis,2,142,train,L1/L2,nas_best_convnext_2d,ConvNeXt 2D,9,6,,0.9721804511278196,0.7284046692607005,0.6569977641406213,0.6888497061972658,0.9721804511278196,0.0278195488721804,0.7707217071238877,0.0,True,,,,
ConvNeXt,2D,SCS,Spinal Canal Stenosis,spinal_canal_stenosis,2,142,train,L2/L3,nas_best_convnext_2d,ConvNeXt 2D,9,6,,0.9421052631578948,0.7636244566744343,0.7120846922741948,0.7352100471005197,0.9421052631578948,0.0631578947368421,0.762251334303736,0.0052631578947368,True,,,,
ConvNeXt,2D,SCS,Spinal Canal Stenosis,spinal_canal_stenosis,2,142,train,L3/L4,nas_best_convnext_2d,ConvNeXt 2D,9,6,,0.9142857142857144,0.7922979797979798,0.7772334464979619,0.7845270513901664,0.9142857142857144,0.0864661654135338,0.855797833399746,0.0007518796992481,True,,,,
ConvNeXt,2D,SCS,Spinal Canal Stenosis,spinal_canal_stenosis,2,142,train,L4/L5,nas_best_convnext_2d,ConvNeXt 2D,9,6,,0.8947368421052632,0.8213722672241094,0.7627583473171708,0.7813532920577114,0.8947368421052632,0.1165413533834586,0.845520696647978,0.0112781954887218,True,,,,
ConvNeXt,2D,SCS,Spinal Canal Stenosis,spinal_canal_stenosis,2,142,train,L5/S1,nas_best_convnext_2d,ConvNeXt 2D,9,6,,0.9676691729323308,0.6390325360913597,0.6002917894493557,0.5986189958247079,0.9676691729323308,0.0345864661654135,0.6310285958173283,0.0022556390977443,True,,,,
ConvNeXt,2D,SCS,Spinal Canal Stenosis,spinal_canal_stenosis,2,142,validation,L1/L2,nas_best_convnext_2d,ConvNeXt 2D,9,6,,0.9548611111111112,0.6445525817788592,0.6165784832451499,0.6215070569290518,0.9548611111111112,0.0451388888888888,0.7682594701658827,0.0,True,288,270,14,4
ConvNeXt,2D,SCS,Spinal Canal Stenosis,spinal_canal_stenosis,2,142,validation,L2/L3,nas_best_convnext_2d,ConvNeXt 2D,9,6,,0.9131944444444444,0.6652983032293377,0.6641839929777673,0.6588017001168509,0.9131944444444444,0.0868055555555555,0.7574123989218329,0.0,True,288,257,22,9
ConvNeXt,2D,SCS,Spinal Canal Stenosis,spinal_canal_stenosis,2,142,validation,L3/L4,nas_best_convnext_2d,ConvNeXt 2D,9,6,,0.8854166666666666,0.7301237889473183,0.7487179487179487,0.7383884390463337,0.8854166666666666,0.1180555555555555,0.788209339379826,0.0034722222222222,True,288,234,39,15
ConvNeXt,2D,SCS,Spinal Canal Stenosis,spinal_canal_stenosis,2,142,validation,L4/L5,nas_best_convnext_2d,ConvNeXt 2D,9,6,,0.8645833333333334,0.7503217503217504,0.6929012345679012,0.7112750263435195,0.8645833333333334,0.1388888888888889,0.8323353293413174,0.0034722222222222,True,288,216,36,36
ConvNeXt,2D,SCS,Spinal Canal Stenosis,spinal_canal_stenosis,2,142,validation,L5/S1,nas_best_convnext_2d,ConvNeXt 2D,9,6,,0.9583333333333334,0.6549707602339181,0.4432367149758454,0.4934640522875817,0.9583333333333334,0.0451388888888888,0.4357366771159874,0.0034722222222222,True,288,276,9,3
ConvNeXt,2D,SCS,Spinal Canal Stenosis,spinal_canal_stenosis,2,142,test,L1/L2,nas_best_convnext_2d,ConvNeXt 2D,9,6,,0.98220640569395,0.8356169233492654,0.8356169233492654,0.8356169233492654,0.98220640569395,0.0213523131672597,0.845985201425048,0.0035587188612099,True,,,,
ConvNeXt,2D,SCS,Spinal Canal Stenosis,spinal_canal_stenosis,2,142,test,L2/L3,nas_best_convnext_2d,ConvNeXt 2D,9,6,,0.9074733096085408,0.5988571428571429,0.6182539682539683,0.6080734827058901,0.9074733096085408,0.1032028469750889,0.6695339538321965,0.0106761565836298,True,,,,
ConvNeXt,2D,SCS,Spinal Canal Stenosis,spinal_canal_stenosis,2,142,test,L3/L4,nas_best_convnext_2d,ConvNeXt 2D,9,6,,0.9181494661921707,0.8152046783625732,0.8198103552649081,0.8140967703060978,0.9181494661921707,0.0818505338078291,0.8610615473912763,0.0,True,,,,
ConvNeXt,2D,SCS,Spinal Canal Stenosis,spinal_canal_stenosis,2,142,test,L4/L5,nas_best_convnext_2d,ConvNeXt 2D,9,6,,0.8576512455516014,0.7706047157650394,0.7059339797003584,0.7214752664172988,0.8576512455516014,0.1459074733096085,0.8186579820203809,0.0035587188612099,True,,,,
ConvNeXt,2D,SCS,Spinal Canal Stenosis,spinal_canal_stenosis,2,142,test,L5/S1,nas_best_convnext_2d,ConvNeXt 2D,9,6,,0.9750889679715302,0.6583333333333333,0.4166666666666667,0.4624472573839662,0.9750889679715302,0.0355871886120996,0.3285543608124253,0.0106761565836298,True,,,,
ConvNeXt,2D,SCS,Spinal Canal Stenosis,spinal_canal_stenosis,3,242,train,L1/L2,nas_best_convnext_2d,ConvNeXt 2D,9,9,,0.9722846441947566,0.7849948078920042,0.634893797237425,0.6698323808649485,0.9722846441947566,0.0277153558052434,0.7782461716656117,0.0,True,,,,
ConvNeXt,2D,SCS,Spinal Canal Stenosis,spinal_canal_stenosis,3,242,train,L2/L3,nas_best_convnext_2d,ConvNeXt 2D,9,9,,0.9273408239700376,0.7717466435059531,0.5748031830177681,0.5842931736511321,0.9273408239700376,0.0756554307116104,0.6968873224473981,0.0029962546816479,True,,,,
ConvNeXt,2D,SCS,Spinal Canal Stenosis,spinal_canal_stenosis,3,242,train,L3/L4,nas_best_convnext_2d,ConvNeXt 2D,9,9,,0.9205992509363295,0.8091547325270634,0.7569114697977962,0.7762220964519742,0.9205992509363295,0.0801498127340823,0.8644865687904228,0.0007490636704119,True,,,,
ConvNeXt,2D,SCS,Spinal Canal Stenosis,spinal_canal_stenosis,3,242,train,L4/L5,nas_best_convnext_2d,ConvNeXt 2D,9,9,,0.8906367041198502,0.8047829634754226,0.7295699742273065,0.7452357293004912,0.8906367041198502,0.1176029962546816,0.8646421185534864,0.0082397003745318,True,,,,
ConvNeXt,2D,SCS,Spinal Canal Stenosis,spinal_canal_stenosis,3,242,train,L5/S1,nas_best_convnext_2d,ConvNeXt 2D,9,9,,0.9722846441947566,0.8164101643708589,0.5733588038850934,0.6522066822066822,0.9722846441947566,0.0314606741573033,0.6095129881087649,0.0037453183520599,True,,,,
ConvNeXt,2D,SCS,Spinal Canal Stenosis,spinal_canal_stenosis,3,242,validation,L1/L2,nas_best_convnext_2d,ConvNeXt 2D,9,9,,0.9717314487632508,0.810353168843735,0.8099651457541192,0.8046412399860675,0.9717314487632508,0.0318021201413427,0.8199641431958823,0.0035335689045936,True,283,263,16,4
ConvNeXt,2D,SCS,Spinal Canal Stenosis,spinal_canal_stenosis,3,242,validation,L2/L3,nas_best_convnext_2d,ConvNeXt 2D,9,9,,0.92226148409894,0.8333803877282139,0.5968963831867058,0.6195557602743231,0.92226148409894,0.07773851590106,0.7649501661129567,0.0,True,283,248,24,11
ConvNeXt,2D,SCS,Spinal Canal Stenosis,spinal_canal_stenosis,3,242,validation,L3/L4,nas_best_convnext_2d,ConvNeXt 2D,9,9,,0.8904593639575972,0.7212885154061625,0.6885957273888309,0.7035361336721643,0.8904593639575972,0.1166077738515901,0.7833302294783454,0.0070671378091872,True,283,232,33,18
ConvNeXt,2D,SCS,Spinal Canal Stenosis,spinal_canal_stenosis,3,242,validation,L4/L5,nas_best_convnext_2d,ConvNeXt 2D,9,9,,0.8763250883392226,0.7061170212765958,0.6913359788359789,0.6692535107169254,0.8763250883392226,0.1342756183745583,0.8511452206761345,0.0106007067137809,True,283,216,32,35
ConvNeXt,2D,SCS,Spinal Canal Stenosis,spinal_canal_stenosis,3,242,validation,L5/S1,nas_best_convnext_2d,ConvNeXt 2D,9,9,,0.9717314487632508,0.494026284348865,0.4975845410628019,0.4957957957957958,0.9717314487632508,0.0318021201413427,0.5136697391032652,0.0035335689045936,True,283,276,5,2
ConvNeXt,2D,SCS,Spinal Canal Stenosis,spinal_canal_stenosis,3,242,test,L1/L2,nas_best_convnext_2d,ConvNeXt 2D,9,9,,0.9786476868327402,0.7344187675070027,0.8493918272516058,0.7608195211786372,0.9786476868327402,0.0213523131672597,0.7789142407553108,0.0,True,,,,
ConvNeXt,2D,SCS,Spinal Canal Stenosis,spinal_canal_stenosis,3,242,test,L2/L3,nas_best_convnext_2d,ConvNeXt 2D,9,9,,0.9537366548042704,0.5218360071301248,0.5378352490421455,0.5296392496392497,0.9537366548042704,0.0462633451957295,0.7179803906430943,0.0,True,,,,
ConvNeXt,2D,SCS,Spinal Canal Stenosis,spinal_canal_stenosis,3,242,test,L3/L4,nas_best_convnext_2d,ConvNeXt 2D,9,9,,0.8932384341637011,0.7484702093397746,0.7472788227098572,0.7472561722211092,0.8932384341637011,0.1103202846975089,0.7968808183470966,0.0035587188612099,True,,,,
ConvNeXt,2D,SCS,Spinal Canal Stenosis,spinal_canal_stenosis,3,242,test,L4/L5,nas_best_convnext_2d,ConvNeXt 2D,9,9,,0.896797153024911,0.8005018150758061,0.7125,0.7293631623341769,0.896797153024911,0.1138790035587188,0.8736241626624376,0.0106761565836298,True,,,,
ConvNeXt,2D,SCS,Spinal Canal Stenosis,spinal_canal_stenosis,3,242,test,L5/S1,nas_best_convnext_2d,ConvNeXt 2D,9,9,,0.9430604982206404,0.4021739130434782,0.3564680933101985,0.3639389335069821,0.9430604982206404,0.0604982206405693,0.3280050346129641,0.0035587188612099,True,,,,
ConvNeXt,2D,SCS,Spinal Canal Stenosis,spinal_canal_stenosis,4,342,train,L1/L2,nas_best_convnext_2d,ConvNeXt 2D,9,3,,0.966867469879518,0.7906746031746031,0.6684057556699066,0.5683281412253375,0.966867469879518,0.036144578313253,0.7225737137400023,0.003012048192771,True,,,,
ConvNeXt,2D,SCS,Spinal Canal Stenosis,spinal_canal_stenosis,4,342,train,L2/L3,nas_best_convnext_2d,ConvNeXt 2D,9,3,,0.9224397590361446,0.6474680567625696,0.6430432080446778,0.6438300303118628,0.9224397590361446,0.0790662650602409,0.7515516010325699,0.0015060240963855,True,,,,
ConvNeXt,2D,SCS,Spinal Canal Stenosis,spinal_canal_stenosis,4,342,train,L3/L4,nas_best_convnext_2d,ConvNeXt 2D,9,3,,0.8637048192771084,0.6021944247965769,0.682476488786925,0.5945275411662873,0.8637048192771084,0.1536144578313253,0.7623012673924592,0.0173192771084337,True,,,,
ConvNeXt,2D,SCS,Spinal Canal Stenosis,spinal_canal_stenosis,4,342,train,L4/L5,nas_best_convnext_2d,ConvNeXt 2D,9,3,,0.8463855421686747,0.6602808008791493,0.6930600728537883,0.6573314531061011,0.8463855421686747,0.1746987951807229,0.8049618301146881,0.0210843373493975,True,,,,
ConvNeXt,2D,SCS,Spinal Canal Stenosis,spinal_canal_stenosis,4,342,train,L5/S1,nas_best_convnext_2d,ConvNeXt 2D,9,3,,0.9691265060240964,0.7839696106362773,0.6446257446257446,0.5257675780408287,0.9691265060240964,0.0399096385542168,0.5690928092236119,0.0090361445783132,True,,,,
ConvNeXt,2D,SCS,Spinal Canal Stenosis,spinal_canal_stenosis,4,342,validation,L1/L2,nas_best_convnext_2d,ConvNeXt 2D,9,3,,0.953900709219858,0.6330891330891332,0.6932383536861147,0.5778378122185885,0.953900709219858,0.0531914893617021,0.6279683377308707,0.0070921985815602,True,282,268,11,3
ConvNeXt,2D,SCS,Spinal Canal Stenosis,spinal_canal_stenosis,4,342,validation,L2/L3,nas_best_convnext_2d,ConvNeXt 2D,9,3,,0.9397163120567376,0.7184341094846932,0.6649823852232375,0.6838298180763934,0.9397163120567376,0.0744680851063829,0.7045306741816606,0.0141843971631205,True,282,254,17,11
ConvNeXt,2D,SCS,Spinal Canal Stenosis,spinal_canal_stenosis,4,342,validation,L3/L4,nas_best_convnext_2d,ConvNeXt 2D,9,3,,0.8936170212765957,0.70012210627022,0.7799621579214545,0.7006219053277878,0.8936170212765957,0.1205673758865248,0.8140016960331669,0.0141843971631205,True,282,233,31,18
ConvNeXt,2D,SCS,Spinal Canal Stenosis,spinal_canal_stenosis,4,342,validation,L4/L5,nas_best_convnext_2d,ConvNeXt 2D,9,3,,0.8723404255319149,0.7024336116753179,0.7149084568439408,0.6855156156640406,0.8723404255319149,0.1595744680851064,0.8050306182919602,0.0319148936170212,True,282,217,28,37
ConvNeXt,2D,SCS,Spinal Canal Stenosis,spinal_canal_stenosis,4,342,validation,L5/S1,nas_best_convnext_2d,ConvNeXt 2D,9,3,,0.950354609929078,0.4188390684741049,0.4975124378109452,0.4483953930448396,0.950354609929078,0.0602836879432624,0.5667334669338677,0.0106382978723404,True,282,268,10,4
ConvNeXt,2D,SCS,Spinal Canal Stenosis,spinal_canal_stenosis,4,342,test,L1/L2,nas_best_convnext_2d,ConvNeXt 2D,9,3,,0.9584775086505192,0.6409539035438316,0.5876678876678877,0.562431941923775,0.9584775086505192,0.0484429065743944,0.7389602569249297,0.0069204152249134,True,,,,
ConvNeXt,2D,SCS,Spinal Canal Stenosis,spinal_canal_stenosis,4,342,test,L2/L3,nas_best_convnext_2d,ConvNeXt 2D,9,3,,0.9204152249134948,0.6023605830164765,0.6139011651265568,0.6052910052910053,0.9204152249134948,0.0865051903114186,0.7049255360349258,0.0069204152249134,True,,,,
ConvNeXt,2D,SCS,Spinal Canal Stenosis,spinal_canal_stenosis,4,342,test,L3/L4,nas_best_convnext_2d,ConvNeXt 2D,9,3,,0.8269896193771626,0.5334111250961472,0.663277169003574,0.5382180668832748,0.8269896193771626,0.1833910034602076,0.773411649014631,0.0103806228373702,True,,,,
ConvNeXt,2D,SCS,Spinal Canal Stenosis,spinal_canal_stenosis,4,342,test,L4/L5,nas_best_convnext_2d,ConvNeXt 2D,9,3,,0.8719723183391004,0.7050903119868637,0.7252469062742467,0.7011490794469518,0.8719723183391004,0.1349480968858131,0.8746810806449986,0.0069204152249134,True,,,,
ConvNeXt,2D,SCS,Spinal Canal Stenosis,spinal_canal_stenosis,4,342,test,L5/S1,nas_best_convnext_2d,ConvNeXt 2D,9,3,,0.9377162629757786,0.3858156028368795,0.4094202898550724,0.3966547192353644,0.9377162629757786,0.0865051903114186,0.144516129032258,0.0242214532871972,True,,,,
ConvNeXt,2D,SCS,Spinal Canal Stenosis,spinal_canal_stenosis,5,442,train,L1/L2,nas_best_convnext_2d,ConvNeXt 2D,9,10,,0.9788838612368024,0.890212988807363,0.7165116691930572,0.7650107468289287,0.9788838612368024,0.0218702865761689,0.8116563573883162,0.0007541478129713,True,,,,
ConvNeXt,2D,SCS,Spinal Canal Stenosis,spinal_canal_stenosis,5,442,train,L2/L3,nas_best_convnext_2d,ConvNeXt 2D,9,10,,0.9419306184012066,0.7842443830312115,0.781051589537828,0.771647541930854,0.9419306184012066,0.059577677224736,0.8084315329585212,0.0015082956259426,True,,,,
ConvNeXt,2D,SCS,Spinal Canal Stenosis,spinal_canal_stenosis,5,442,train,L3/L4,nas_best_convnext_2d,ConvNeXt 2D,9,10,,0.9283559577677224,0.8297813392170124,0.8534772945725919,0.8400894335360287,0.9283559577677224,0.0723981900452488,0.8829031455789963,0.0007541478129713,True,,,,
ConvNeXt,2D,SCS,Spinal Canal Stenosis,spinal_canal_stenosis,5,442,train,L4/L5,nas_best_convnext_2d,ConvNeXt 2D,9,10,,0.9034690799396682,0.8281319627438121,0.8185096804420882,0.8152975924081981,0.9034690799396682,0.0995475113122171,0.8870195409210305,0.0030165912518853,True,,,,
ConvNeXt,2D,SCS,Spinal Canal Stenosis,spinal_canal_stenosis,5,442,train,L5/S1,nas_best_convnext_2d,ConvNeXt 2D,9,10,,0.9751131221719456,0.592372234935164,0.6185280035630776,0.6050833488421556,0.9751131221719456,0.0279034690799396,0.6840349483717236,0.0030165912518853,True,,,,
ConvNeXt,2D,SCS,Spinal Canal Stenosis,spinal_canal_stenosis,5,442,validation,L1/L2,nas_best_convnext_2d,ConvNeXt 2D,9,10,,0.9685314685314684,0.522911597729116,0.5442245331544225,0.5331737800824359,0.9685314685314684,0.0314685314685314,0.759394279304543,0.0,True,286,271,11,4
ConvNeXt,2D,SCS,Spinal Canal Stenosis,spinal_canal_stenosis,5,442,validation,L2/L3,nas_best_convnext_2d,ConvNeXt 2D,9,10,,0.9230769230769232,0.6569034759728569,0.6980135162809749,0.6667032645293515,0.9230769230769232,0.0839160839160839,0.740084388185654,0.0069930069930069,True,286,257,19,10
ConvNeXt,2D,SCS,Spinal Canal Stenosis,spinal_canal_stenosis,5,442,validation,L3/L4,nas_best_convnext_2d,ConvNeXt 2D,9,10,,0.8916083916083916,0.7215099715099714,0.7122013272640887,0.708202849238108,0.8916083916083916,0.1118881118881118,0.8086278831772022,0.0034965034965034,True,286,239,26,21
ConvNeXt,2D,SCS,Spinal Canal Stenosis,spinal_canal_stenosis,5,442,validation,L4/L5,nas_best_convnext_2d,ConvNeXt 2D,9,10,,0.8671328671328671,0.7524422973698336,0.7391765799475213,0.7270316865822485,0.8671328671328671,0.1363636363636363,0.8424729304924904,0.0034965034965034,True,286,213,35,38
ConvNeXt,2D,SCS,Spinal Canal Stenosis,spinal_canal_stenosis,5,442,validation,L5/S1,nas_best_convnext_2d,ConvNeXt 2D,9,10,,0.951048951048951,0.6502923976608187,0.4444444444444444,0.4916067146282974,0.951048951048951,0.0559440559440559,0.279233870967742,0.0069930069930069,True,286,271,12,3
ConvNeXt,2D,SCS,Spinal Canal Stenosis,spinal_canal_stenosis,5,442,test,L1/L2,nas_best_convnext_2d,ConvNeXt 2D,9,10,,0.9651567944250872,0.8261390887290169,0.5753446877534468,0.6433172302737521,0.9651567944250872,0.0348432055749128,0.695910150455605,0.0,True,,,,
ConvNeXt,2D,SCS,Spinal Canal Stenosis,spinal_canal_stenosis,5,442,test,L2/L3,nas_best_convnext_2d,ConvNeXt 2D,9,10,,0.9303135888501742,0.65492197875166,0.6874765231763204,0.6321665685504971,0.9303135888501742,0.073170731707317,0.747928361400695,0.0034843205574912,True,,,,
ConvNeXt,2D,SCS,Spinal Canal Stenosis,spinal_canal_stenosis,5,442,test,L3/L4,nas_best_convnext_2d,ConvNeXt 2D,9,10,,0.8850174216027874,0.736800871994005,0.7591514522495322,0.747502085637235,0.8850174216027874,0.1149825783972125,0.7740103557708368,0.0,True,,,,
ConvNeXt,2D,SCS,Spinal Canal Stenosis,spinal_canal_stenosis,5,442,test,L4/L5,nas_best_convnext_2d,ConvNeXt 2D,9,10,,0.8780487804878049,0.7457451871789401,0.7392857142857143,0.7292099156768367,0.8780487804878049,0.1219512195121951,0.8600682593856656,0.0,True,,,,
ConvNeXt,2D,SCS,Spinal Canal Stenosis,spinal_canal_stenosis,5,442,test,L5/S1,nas_best_convnext_2d,ConvNeXt 2D,9,10,,0.9616724738675958,0.3228070175438596,0.3321299638989169,0.3274021352313167,0.9616724738675958,0.048780487804878,0.1548881036513545,0.0104529616724738,True,,,,
EfficientNet,2.5D-to-3D,LFN,Left Neural Foraminal Narrowing,left_neural_foraminal_narrowing,1,42,train,L1/L2,nas_best_efficientnet3d_3d,EfficientNet 3D,277,2,,0.9703113685734974,0.3234371228578325,0.3333333333333333,0.3283106700967781,0.9703113685734974,0.0311368573497465,0.0,0.001448225923244,True,,,,
EfficientNet,2.5D-to-3D,LFN,Left Neural Foraminal Narrowing,left_neural_foraminal_narrowing,1,42,train,L2/L3,nas_best_efficientnet3d_3d,EfficientNet 3D,277,2,,0.9080376538740044,0.3026792179580014,0.3333333333333333,0.3172675521821632,0.9080376538740044,0.0955829109341057,0.0,0.00362056480811,True,,,,
EfficientNet,2.5D-to-3D,LFN,Left Neural Foraminal Narrowing,left_neural_foraminal_narrowing,1,42,train,L3/L4,nas_best_efficientnet3d_3d,EfficientNet 3D,277,2,,0.776249094858798,0.258749698286266,0.3333333333333333,0.291343932599538,0.776249094858798,0.2411296162201303,0.0,0.0173787110789283,True,,,,
EfficientNet,2.5D-to-3D,LFN,Left Neural Foraminal Narrowing,left_neural_foraminal_narrowing,1,42,train,L4/L5,nas_best_efficientnet3d_3d,EfficientNet 3D,277,2,,0.6097031136857349,0.2032343712285783,0.3333333333333333,0.2525116209326736,0.6097031136857349,0.4641564083997103,0.0,0.0738595220854453,True,,,,
EfficientNet,2.5D-to-3D,LFN,Left Neural Foraminal Narrowing,left_neural_foraminal_narrowing,1,42,train,L5/S1,nas_best_efficientnet3d_3d,EfficientNet 3D,277,2,,0.6263577118030412,0.208785903934347,0.3333333333333333,0.2567527456218462,0.6263577118030412,0.4779145546705286,0.0,0.1042722664735698,True,,,,
EfficientNet,2.5D-to-3D,LFN,Left Neural Foraminal Narrowing,left_neural_foraminal_narrowing,1,42,validation,L1/L2,nas_best_efficientnet3d_3d,EfficientNet 3D,277,2,,0.9593220338983052,0.319774011299435,0.3333333333333333,0.3264129181084198,0.9593220338983052,0.0406779661016949,0.0,0.0,True,295,283,12,0
EfficientNet,2.5D-to-3D,LFN,Left Neural Foraminal Narrowing,left_neural_foraminal_narrowing,1,42,validation,L2/L3,nas_best_efficientnet3d_3d,EfficientNet 3D,277,2,,0.9084745762711864,0.3028248587570621,0.3333333333333333,0.3173475429248075,0.9084745762711864,0.0983050847457627,0.0,0.0067796610169491,True,295,268,25,2
EfficientNet,2.5D-to-3D,LFN,Left Neural Foraminal Narrowing,left_neural_foraminal_narrowing,1,42,validation,L3/L4,nas_best_efficientnet3d_3d,EfficientNet 3D,277,2,,0.7491525423728813,0.2497175141242937,0.3333333333333333,0.2855297157622739,0.7491525423728813,0.2711864406779661,0.0,0.0203389830508474,True,295,221,68,6
EfficientNet,2.5D-to-3D,LFN,Left Neural Foraminal Narrowing,left_neural_foraminal_narrowing,1,42,validation,L4/L5,nas_best_efficientnet3d_3d,EfficientNet 3D,277,2,,0.6067796610169491,0.2022598870056497,0.3333333333333333,0.2517580872011252,0.6067796610169491,0.4644067796610169,0.0,0.0711864406779661,True,295,179,95,21
EfficientNet,2.5D-to-3D,LFN,Left Neural Foraminal Narrowing,left_neural_foraminal_narrowing,1,42,validation,L5/S1,nas_best_efficientnet3d_3d,EfficientNet 3D,277,2,,0.6508474576271186,0.2169491525423728,0.3333333333333333,0.2628336755646817,0.6508474576271186,0.4542372881355932,0.0,0.1050847457627118,True,295,192,72,31
EfficientNet,2.5D-to-3D,LFN,Left Neural Foraminal Narrowing,left_neural_foraminal_narrowing,1,42,test,L1/L2,nas_best_efficientnet3d_3d,EfficientNet 3D,277,2,,0.9594594594594594,0.3198198198198198,0.3333333333333333,0.3264367816091953,0.9594594594594594,0.0405405405405405,0.0,0.0,True,,,,
EfficientNet,2.5D-to-3D,LFN,Left Neural Foraminal Narrowing,left_neural_foraminal_narrowing,1,42,test,L2/L3,nas_best_efficientnet3d_3d,EfficientNet 3D,277,2,,0.9087837837837838,0.3029279279279279,0.3333333333333333,0.3174041297935103,0.9087837837837838,0.1013513513513513,0.0,0.0101351351351351,True,,,,
EfficientNet,2.5D-to-3D,LFN,Left Neural Foraminal Narrowing,left_neural_foraminal_narrowing,1,42,test,L3/L4,nas_best_efficientnet3d_3d,EfficientNet 3D,277,2,,0.7736486486486487,0.2578828828828829,0.3333333333333333,0.2907936507936507,0.7736486486486487,0.2601351351351351,0.0,0.0337837837837837,True,,,,
EfficientNet,2.5D-to-3D,LFN,Left Neural Foraminal Narrowing,left_neural_foraminal_narrowing,1,42,test,L4/L5,nas_best_efficientnet3d_3d,EfficientNet 3D,277,2,,0.6182432432432432,0.206081081081081,0.3333333333333333,0.2546972860125261,0.6182432432432432,0.4391891891891892,0.0,0.0574324324324324,True,,,,
EfficientNet,2.5D-to-3D,LFN,Left Neural Foraminal Narrowing,left_neural_foraminal_narrowing,1,42,test,L5/S1,nas_best_efficientnet3d_3d,EfficientNet 3D,277,2,,0.6418918918918919,0.2139639639639639,0.3333333333333333,0.2606310013717421,0.6418918918918919,0.4594594594594595,0.0,0.1013513513513513,True,,,,
EfficientNet,2.5D-to-3D,LFN,Left Neural Foraminal Narrowing,left_neural_foraminal_narrowing,2,142,train,L1/L2,nas_best_efficientnet3d_3d,EfficientNet 3D,277,37,,0.9688631426502534,0.3231884057971014,0.3330843913368185,0.3280617874218463,0.9688631426502534,0.0325850832729905,-0.0013021411343425,0.001448225923244,True,,,,
EfficientNet,2.5D-to-3D,LFN,Left Neural Foraminal Narrowing,left_neural_foraminal_narrowing,2,142,train,L2/L3,nas_best_efficientnet3d_3d,EfficientNet 3D,277,37,,0.9326574945691528,0.5520575022461814,0.4456261535369041,0.4771448378935616,0.9326574945691528,0.0680666183924692,0.493288487998777,0.000724112961622,True,,,,
EfficientNet,2.5D-to-3D,LFN,Left Neural Foraminal Narrowing,left_neural_foraminal_narrowing,2,142,train,L3/L4,nas_best_efficientnet3d_3d,EfficientNet 3D,277,37,,0.832005792903693,0.4934557840038824,0.461742099793287,0.4714591837940958,0.832005792903693,0.1716147719044171,0.4945507135564614,0.00362056480811,True,,,,
EfficientNet,2.5D-to-3D,LFN,Left Neural Foraminal Narrowing,left_neural_foraminal_narrowing,2,142,train,L4/L5,nas_best_efficientnet3d_3d,EfficientNet 3D,277,37,,0.7074583635047067,0.6243134052614865,0.4952633506096593,0.5004514829404251,0.7074583635047067,0.2990586531498914,0.5137915795681876,0.0065170166545981,True,,,,
EfficientNet,2.5D-to-3D,LFN,Left Neural Foraminal Narrowing,left_neural_foraminal_narrowing,2,142,train,L5/S1,nas_best_efficientnet3d_3d,EfficientNet 3D,277,37,,0.7530774800868936,0.6646046540911492,0.5958793113204878,0.6192623611455063,0.7530774800868936,0.2592324402606806,0.6561045270668591,0.0123099203475742,True,,,,
EfficientNet,2.5D-to-3D,LFN,Left Neural Foraminal Narrowing,left_neural_foraminal_narrowing,2,142,validation,L1/L2,nas_best_efficientnet3d_3d,EfficientNet 3D,277,37,,0.9593220338983052,0.319774011299435,0.3333333333333333,0.3264129181084198,0.9593220338983052,0.0406779661016949,0.0,0.0,True,295,283,12,0
EfficientNet,2.5D-to-3D,LFN,Left Neural Foraminal Narrowing,left_neural_foraminal_narrowing,2,142,validation,L2/L3,nas_best_efficientnet3d_3d,EfficientNet 3D,277,37,,0.9152542372881356,0.544808201058201,0.3916040100250626,0.4141309953584322,0.9152542372881356,0.0847457627118644,0.3346865133062697,0.0,True,295,266,28,1
EfficientNet,2.5D-to-3D,LFN,Left Neural Foraminal Narrowing,left_neural_foraminal_narrowing,2,142,validation,L3/L4,nas_best_efficientnet3d_3d,EfficientNet 3D,277,37,,0.7627118644067796,0.4644020853698272,0.4053167185877466,0.4068050840767348,0.7627118644067796,0.2440677966101695,0.3196989925961888,0.0067796610169491,True,295,214,75,6
EfficientNet,2.5D-to-3D,LFN,Left Neural Foraminal Narrowing,left_neural_foraminal_narrowing,2,142,validation,L4/L5,nas_best_efficientnet3d_3d,EfficientNet 3D,277,37,,0.7220338983050848,0.4552743536598669,0.4801922854164253,0.465893817204301,0.7220338983050848,0.2779661016949152,0.5527327860365358,0.0,True,295,178,97,20
EfficientNet,2.5D-to-3D,LFN,Left Neural Foraminal Narrowing,left_neural_foraminal_narrowing,2,142,validation,L5/S1,nas_best_efficientnet3d_3d,EfficientNet 3D,277,37,,0.7389830508474576,0.5896084128960841,0.5198890432336952,0.5270824487551203,0.7389830508474576,0.2915254237288135,0.5501862006275108,0.0305084745762711,True,295,186,76,33
EfficientNet,2.5D-to-3D,LFN,Left Neural Foraminal Narrowing,left_neural_foraminal_narrowing,2,142,test,L1/L2,nas_best_efficientnet3d_3d,EfficientNet 3D,277,37,,0.9662162162162162,0.6553672316384181,0.3636363636363636,0.3831417624521072,0.9662162162162162,0.0337837837837837,0.1614730878186969,0.0,True,,,,
EfficientNet,2.5D-to-3D,LFN,Left Neural Foraminal Narrowing,left_neural_foraminal_narrowing,2,142,test,L2/L3,nas_best_efficientnet3d_3d,EfficientNet 3D,277,37,,0.9121621621621622,0.5076923076923077,0.4036620890553474,0.4263721225746542,0.9121621621621622,0.0912162162162162,0.3240944881889763,0.0033783783783783,True,,,,
EfficientNet,2.5D-to-3D,LFN,Left Neural Foraminal Narrowing,left_neural_foraminal_narrowing,2,142,test,L3/L4,nas_best_efficientnet3d_3d,EfficientNet 3D,277,37,,0.8040540540540541,0.4806267806267807,0.4300011295606009,0.4409024064624121,0.8040540540540541,0.1993243243243243,0.3853485838779956,0.0033783783783783,True,,,,
EfficientNet,2.5D-to-3D,LFN,Left Neural Foraminal Narrowing,left_neural_foraminal_narrowing,2,142,test,L4/L5,nas_best_efficientnet3d_3d,EfficientNet 3D,277,37,,0.7195945945945946,0.785106301767243,0.4924924489549354,0.4881230619338036,0.7195945945945946,0.2939189189189189,0.5198087431693988,0.0135135135135135,True,,,,
EfficientNet,2.5D-to-3D,LFN,Left Neural Foraminal Narrowing,left_neural_foraminal_narrowing,2,142,test,L5/S1,nas_best_efficientnet3d_3d,EfficientNet 3D,277,37,,0.7364864864864865,0.6324930699930701,0.5594663533794797,0.5795096698192708,0.7364864864864865,0.2804054054054054,0.5964346449305107,0.0168918918918918,True,,,,
EfficientNet,2.5D-to-3D,LFN,Left Neural Foraminal Narrowing,left_neural_foraminal_narrowing,3,242,train,L1/L2,nas_best_efficientnet3d_3d,EfficientNet 3D,277,1,,0.9659420289855072,0.3219806763285024,0.3333333333333333,0.3275586681410493,0.9659420289855072,0.0347826086956521,0.0,0.0007246376811594,True,,,,
EfficientNet,2.5D-to-3D,LFN,Left Neural Foraminal Narrowing,left_neural_foraminal_narrowing,3,242,train,L2/L3,nas_best_efficientnet3d_3d,EfficientNet 3D,277,1,,0.9065217391304348,0.3021739130434782,0.3333333333333333,0.3169897377423033,0.9065217391304348,0.0985507246376811,0.0,0.0050724637681159,True,,,,
EfficientNet,2.5D-to-3D,LFN,Left Neural Foraminal Narrowing,left_neural_foraminal_narrowing,3,242,train,L3/L4,nas_best_efficientnet3d_3d,EfficientNet 3D,277,1,,0.7840579710144927,0.2613526570048309,0.3333333333333333,0.2929867316544814,0.7840579710144927,0.2347826086956521,0.0,0.0188405797101449,True,,,,
EfficientNet,2.5D-to-3D,LFN,Left Neural Foraminal Narrowing,left_neural_foraminal_narrowing,3,242,train,L4/L5,nas_best_efficientnet3d_3d,EfficientNet 3D,277,1,,0.6202898550724638,0.3482419195303277,0.3384193496611146,0.273913778573825,0.6202898550724638,0.4463768115942029,0.0247470437644763,0.0666666666666666,True,,,,
EfficientNet,2.5D-to-3D,LFN,Left Neural Foraminal Narrowing,left_neural_foraminal_narrowing,3,242,train,L5/S1,nas_best_efficientnet3d_3d,EfficientNet 3D,277,1,,0.6333333333333333,0.2111111111111111,0.3333333333333333,0.2585034013605442,0.6333333333333333,0.4710144927536231,0.0,0.1043478260869565,True,,,,
EfficientNet,2.5D-to-3D,LFN,Left Neural Foraminal Narrowing,left_neural_foraminal_narrowing,3,242,validation,L1/L2,nas_best_efficientnet3d_3d,EfficientNet 3D,277,1,,0.9763513513513512,0.3254504504504504,0.3333333333333333,0.3293447293447293,0.9763513513513512,0.027027027027027,0.0,0.0033783783783783,True,296,289,6,1
EfficientNet,2.5D-to-3D,LFN,Left Neural Foraminal Narrowing,left_neural_foraminal_narrowing,3,242,validation,L2/L3,nas_best_efficientnet3d_3d,EfficientNet 3D,277,1,,0.9155405405405406,0.3051801801801801,0.3333333333333333,0.3186360964138742,0.9155405405405406,0.0912162162162162,0.0,0.0067567567567567,True,296,271,23,2
EfficientNet,2.5D-to-3D,LFN,Left Neural Foraminal Narrowing,left_neural_foraminal_narrowing,3,242,validation,L3/L4,nas_best_efficientnet3d_3d,EfficientNet 3D,277,1,,0.7263513513513513,0.2421171171171171,0.3333333333333333,0.2804957599478147,0.7263513513513513,0.2939189189189189,0.0,0.0202702702702702,True,296,215,75,6
EfficientNet,2.5D-to-3D,LFN,Left Neural Foraminal Narrowing,left_neural_foraminal_narrowing,3,242,validation,L4/L5,nas_best_efficientnet3d_3d,EfficientNet 3D,277,1,,0.5878378378378378,0.325,0.3365862009929807,0.2798591951289125,0.5878378378378378,0.4763513513513513,0.0054062171497221,0.0641891891891891,True,296,177,99,20
EfficientNet,2.5D-to-3D,LFN,Left Neural Foraminal Narrowing,left_neural_foraminal_narrowing,3,242,validation,L5/S1,nas_best_efficientnet3d_3d,EfficientNet 3D,277,1,,0.6554054054054054,0.2184684684684684,0.3333333333333333,0.2639455782312925,0.6554054054054054,0.4527027027027027,0.0,0.1081081081081081,True,296,194,70,32
EfficientNet,2.5D-to-3D,LFN,Left Neural Foraminal Narrowing,left_neural_foraminal_narrowing,3,242,test,L1/L2,nas_best_efficientnet3d_3d,EfficientNet 3D,277,1,,0.9628378378378378,0.3209459459459459,0.3333333333333333,0.3270223752151462,0.9628378378378378,0.0371621621621621,0.0,0.0,True,,,,
EfficientNet,2.5D-to-3D,LFN,Left Neural Foraminal Narrowing,left_neural_foraminal_narrowing,3,242,test,L2/L3,nas_best_efficientnet3d_3d,EfficientNet 3D,277,1,,0.9087837837837838,0.3029279279279279,0.3333333333333333,0.3174041297935103,0.9087837837837838,0.0945945945945946,0.0,0.0033783783783783,True,,,,
EfficientNet,2.5D-to-3D,LFN,Left Neural Foraminal Narrowing,left_neural_foraminal_narrowing,3,242,test,L3/L4,nas_best_efficientnet3d_3d,EfficientNet 3D,277,1,,0.7601351351351351,0.2533783783783783,0.3333333333333333,0.2879078694817658,0.7601351351351351,0.2668918918918919,0.0,0.027027027027027,True,,,,
EfficientNet,2.5D-to-3D,LFN,Left Neural Foraminal Narrowing,left_neural_foraminal_narrowing,3,242,test,L4/L5,nas_best_efficientnet3d_3d,EfficientNet 3D,277,1,,0.5709459459459459,0.3039101819589624,0.3333906662080036,0.2596482945827924,0.5709459459459459,0.5033783783783784,0.0051546391752577,0.0743243243243243,True,,,,
EfficientNet,2.5D-to-3D,LFN,Left Neural Foraminal Narrowing,left_neural_foraminal_narrowing,3,242,test,L5/S1,nas_best_efficientnet3d_3d,EfficientNet 3D,277,1,,0.6047297297297297,0.2015765765765765,0.3333333333333333,0.2512280701754386,0.6047297297297297,0.4932432432432432,0.0,0.0979729729729729,True,,,,
EfficientNet,2.5D-to-3D,LFN,Left Neural Foraminal Narrowing,left_neural_foraminal_narrowing,4,342,train,L1/L2,nas_best_efficientnet3d_3d,EfficientNet 3D,277,2,,0.9659666908037654,0.3219888969345885,0.3333333333333333,0.3275629220380601,0.9659666908037654,0.0347574221578566,0.0,0.000724112961622,True,,,,
EfficientNet,2.5D-to-3D,LFN,Left Neural Foraminal Narrowing,left_neural_foraminal_narrowing,4,342,train,L2/L3,nas_best_efficientnet3d_3d,EfficientNet 3D,277,2,,0.9094858797972484,0.3031619599324161,0.3333333333333333,0.3175325496144608,0.9094858797972484,0.0970311368573497,0.0,0.0065170166545981,True,,,,
EfficientNet,2.5D-to-3D,LFN,Left Neural Foraminal Narrowing,left_neural_foraminal_narrowing,4,342,train,L3/L4,nas_best_efficientnet3d_3d,EfficientNet 3D,277,2,,0.776249094858798,0.258749698286266,0.3333333333333333,0.291343932599538,0.776249094858798,0.2425778421433743,0.0,0.0188269370021723,True,,,,
EfficientNet,2.5D-to-3D,LFN,Left Neural Foraminal Narrowing,left_neural_foraminal_narrowing,4,342,train,L4/L5,nas_best_efficientnet3d_3d,EfficientNet 3D,277,2,,0.6227371469949312,0.2075790489983104,0.3333333333333333,0.2558381674847538,0.6227371469949312,0.4540188269370022,0.0,0.0767559739319333,True,,,,
EfficientNet,2.5D-to-3D,LFN,Left Neural Foraminal Narrowing,left_neural_foraminal_narrowing,4,342,train,L5/S1,nas_best_efficientnet3d_3d,EfficientNet 3D,277,2,,0.6321506154960174,0.2107168718320058,0.3333333333333333,0.2582076308784383,0.6321506154960174,0.4721216509775525,0.0,0.1042722664735698,True,,,,
EfficientNet,2.5D-to-3D,LFN,Left Neural Foraminal Narrowing,left_neural_foraminal_narrowing,4,342,validation,L1/L2,nas_best_efficientnet3d_3d,EfficientNet 3D,277,2,,0.9830508474576272,0.3276836158192091,0.3333333333333333,0.3304843304843305,0.9830508474576272,0.0169491525423728,0.0,0.0,True,295,290,5,0
EfficientNet,2.5D-to-3D,LFN,Left Neural Foraminal Narrowing,left_neural_foraminal_narrowing,4,342,validation,L2/L3,nas_best_efficientnet3d_3d,EfficientNet 3D,277,2,,0.9220338983050848,0.3073446327683616,0.3333333333333333,0.3198118753674309,0.9220338983050848,0.0779661016949152,0.0,0.0,True,295,272,23,0
EfficientNet,2.5D-to-3D,LFN,Left Neural Foraminal Narrowing,left_neural_foraminal_narrowing,4,342,validation,L3/L4,nas_best_efficientnet3d_3d,EfficientNet 3D,277,2,,0.7728813559322034,0.2576271186440678,0.3333333333333333,0.2906309751434034,0.7728813559322034,0.2440677966101695,0.0,0.0169491525423728,True,295,228,62,5
EfficientNet,2.5D-to-3D,LFN,Left Neural Foraminal Narrowing,left_neural_foraminal_narrowing,4,342,validation,L4/L5,nas_best_efficientnet3d_3d,EfficientNet 3D,277,2,,0.5525423728813559,0.1841807909604519,0.3333333333333333,0.2372634643377001,0.5525423728813559,0.5016949152542373,0.0,0.0542372881355932,True,295,163,116,16
EfficientNet,2.5D-to-3D,LFN,Left Neural Foraminal Narrowing,left_neural_foraminal_narrowing,4,342,validation,L5/S1,nas_best_efficientnet3d_3d,EfficientNet 3D,277,2,,0.6372881355932203,0.2124293785310734,0.3333333333333333,0.2594893029675638,0.6372881355932203,0.4779661016949152,0.0,0.1152542372881356,True,295,188,73,34
EfficientNet,2.5D-to-3D,LFN,Left Neural Foraminal Narrowing,left_neural_foraminal_narrowing,4,342,test,L1/L2,nas_best_efficientnet3d_3d,EfficientNet 3D,277,2,,0.956081081081081,0.3186936936936936,0.3333333333333333,0.3258491652274035,0.956081081081081,0.0472972972972973,0.0,0.0033783783783783,True,,,,
EfficientNet,2.5D-to-3D,LFN,Left Neural Foraminal Narrowing,left_neural_foraminal_narrowing,4,342,test,L2/L3,nas_best_efficientnet3d_3d,EfficientNet 3D,277,2,,0.8885135135135135,0.2961711711711711,0.3333333333333333,0.3136553369111508,0.8885135135135135,0.1148648648648648,0.0,0.0033783783783783,True,,,,
EfficientNet,2.5D-to-3D,LFN,Left Neural Foraminal Narrowing,left_neural_foraminal_narrowing,4,342,test,L3/L4,nas_best_efficientnet3d_3d,EfficientNet 3D,277,2,,0.75,0.25,0.3333333333333333,0.2857142857142857,0.75,0.2804054054054054,0.0,0.0304054054054054,True,,,,
EfficientNet,2.5D-to-3D,LFN,Left Neural Foraminal Narrowing,left_neural_foraminal_narrowing,4,342,test,L4/L5,nas_best_efficientnet3d_3d,EfficientNet 3D,277,2,,0.6114864864864865,0.2038288288288288,0.3333333333333333,0.2529699510831586,0.6114864864864865,0.4493243243243243,0.0,0.0608108108108108,True,,,,
EfficientNet,2.5D-to-3D,LFN,Left Neural Foraminal Narrowing,left_neural_foraminal_narrowing,4,342,test,L5/S1,nas_best_efficientnet3d_3d,EfficientNet 3D,277,2,,0.6283783783783784,0.2094594594594594,0.3333333333333333,0.2572614107883818,0.6283783783783784,0.4628378378378378,0.0,0.0912162162162162,True,,,,
EfficientNet,2.5D-to-3D,LFN,Left Neural Foraminal Narrowing,left_neural_foraminal_narrowing,5,442,train,L1/L2,nas_best_efficientnet3d_3d,EfficientNet 3D,277,5,,0.9681620839363242,0.3227206946454414,0.3333333333333333,0.3279411764705882,0.9681620839363242,0.0332850940665701,0.0,0.0014471780028943,True,,,,
EfficientNet,2.5D-to-3D,LFN,Left Neural Foraminal Narrowing,left_neural_foraminal_narrowing,5,442,train,L2/L3,nas_best_efficientnet3d_3d,EfficientNet 3D,277,5,,0.9124457308248914,0.3041485769416305,0.3333333333333333,0.3180728969605246,0.9124457308248914,0.0933429811866859,0.0,0.0057887120115774,True,,,,
EfficientNet,2.5D-to-3D,LFN,Left Neural Foraminal Narrowing,left_neural_foraminal_narrowing,5,442,train,L3/L4,nas_best_efficientnet3d_3d,EfficientNet 3D,277,5,,0.76410998552822,0.2547033285094066,0.3333333333333333,0.2887612797374897,0.76410998552822,0.2554269175108538,0.0,0.0195369030390738,True,,,,
EfficientNet,2.5D-to-3D,LFN,Left Neural Foraminal Narrowing,left_neural_foraminal_narrowing,5,442,train,L4/L5,nas_best_efficientnet3d_3d,EfficientNet 3D,277,5,,0.6092619392185239,0.2030873130728413,0.3333333333333333,0.2523980815347721,0.6092619392185239,0.4573082489146165,0.0,0.0665701881331403,True,,,,
EfficientNet,2.5D-to-3D,LFN,Left Neural Foraminal Narrowing,left_neural_foraminal_narrowing,5,442,train,L5/S1,nas_best_efficientnet3d_3d,EfficientNet 3D,277,5,,0.6295224312590448,0.2819631617561879,0.3328458576676342,0.2647556390977443,0.6295224312590448,0.4717800289435601,0.006560588648161,0.1013024602026049,True,,,,
EfficientNet,2.5D-to-3D,LFN,Left Neural Foraminal Narrowing,left_neural_foraminal_narrowing,5,442,validation,L1/L2,nas_best_efficientnet3d_3d,EfficientNet 3D,277,5,,0.9695945945945946,0.3231981981981982,0.3333333333333333,0.3281875357347055,0.9695945945945946,0.0304054054054054,0.0,0.0,True,296,287,9,0
EfficientNet,2.5D-to-3D,LFN,Left Neural Foraminal Narrowing,left_neural_foraminal_narrowing,5,442,validation,L2/L3,nas_best_efficientnet3d_3d,EfficientNet 3D,277,5,,0.9121621621621622,0.304054054054054,0.3333333333333333,0.3180212014134275,0.9121621621621622,0.0878378378378378,0.0,0.0,True,296,270,26,0
EfficientNet,2.5D-to-3D,LFN,Left Neural Foraminal Narrowing,left_neural_foraminal_narrowing,5,442,validation,L3/L4,nas_best_efficientnet3d_3d,EfficientNet 3D,277,5,,0.7804054054054054,0.2601351351351351,0.3333333333333333,0.2922201138519924,0.7804054054054054,0.2331081081081081,0.0,0.0135135135135135,True,296,231,61,4
EfficientNet,2.5D-to-3D,LFN,Left Neural Foraminal Narrowing,left_neural_foraminal_narrowing,5,442,validation,L4/L5,nas_best_efficientnet3d_3d,EfficientNet 3D,277,5,,0.597972972972973,0.1993243243243243,0.3333333333333333,0.2494714587737843,0.597972972972973,0.4831081081081081,0.0,0.081081081081081,True,296,177,95,24
EfficientNet,2.5D-to-3D,LFN,Left Neural Foraminal Narrowing,left_neural_foraminal_narrowing,5,442,validation,L5/S1,nas_best_efficientnet3d_3d,EfficientNet 3D,277,5,,0.6283783783783784,0.4589041095890411,0.3445087521174477,0.2809938790330947,0.6283783783783784,0.4898648648648648,0.0093399750933996,0.1182432432432432,True,296,184,77,35
EfficientNet,2.5D-to-3D,LFN,Left Neural Foraminal Narrowing,left_neural_foraminal_narrowing,5,442,test,L1/L2,nas_best_efficientnet3d_3d,EfficientNet 3D,277,5,,0.9591836734693876,0.3197278911564625,0.3333333333333333,0.3263888888888889,0.9591836734693876,0.0408163265306122,0.0,0.0,True,,,,
EfficientNet,2.5D-to-3D,LFN,Left Neural Foraminal Narrowing,left_neural_foraminal_narrowing,5,442,test,L2/L3,nas_best_efficientnet3d_3d,EfficientNet 3D,277,5,,0.8843537414965986,0.2947845804988662,0.3333333333333333,0.3128760529482551,0.8843537414965986,0.1224489795918367,0.0,0.0068027210884353,True,,,,
EfficientNet,2.5D-to-3D,LFN,Left Neural Foraminal Narrowing,left_neural_foraminal_narrowing,5,442,test,L3/L4,nas_best_efficientnet3d_3d,EfficientNet 3D,277,5,,0.7993197278911565,0.2664399092970521,0.3333333333333333,0.2961562696912413,0.7993197278911565,0.2312925170068027,0.0,0.0306122448979591,True,,,,
EfficientNet,2.5D-to-3D,LFN,Left Neural Foraminal Narrowing,left_neural_foraminal_narrowing,5,442,test,L4/L5,nas_best_efficientnet3d_3d,EfficientNet 3D,277,5,,0.6292517006802721,0.209750566893424,0.3333333333333333,0.2574808629088378,0.6292517006802721,0.4523809523809524,0.0,0.0816326530612244,True,,,,
EfficientNet,2.5D-to-3D,LFN,Left Neural Foraminal Narrowing,left_neural_foraminal_narrowing,5,442,test,L5/S1,nas_best_efficientnet3d_3d,EfficientNet 3D,277,5,,0.6224489795918368,0.2765859284890427,0.3302299152023778,0.2631014317402702,0.6224489795918368,0.4659863945578231,-0.013719122851826,0.0884353741496598,True,,,,
EfficientNet,2.5D-to-3D,LSS,Left Subarticular Stenosis,left_subarticular_stenosis,1,42,train,L1/L2,nas_best_efficientnet3d_3d,EfficientNet 3D,290,9,,0.9314741035856574,0.3104913678618858,0.3333333333333333,0.3215071507150715,0.9314741035856574,0.0836653386454183,0.0,0.0151394422310756,True,,,,
EfficientNet,2.5D-to-3D,LSS,Left Subarticular Stenosis,left_subarticular_stenosis,1,42,train,L2/L3,nas_best_efficientnet3d_3d,EfficientNet 3D,290,9,,0.8318725099601594,0.4455138644605128,0.3791479888653757,0.3794358875004036,0.8318725099601594,0.199203187250996,0.224584827752494,0.0310756972111553,True,,,,
EfficientNet,2.5D-to-3D,LSS,Left Subarticular Stenosis,left_subarticular_stenosis,1,42,train,L3/L4,nas_best_efficientnet3d_3d,EfficientNet 3D,290,9,,0.7147410358565737,0.7355541631857422,0.4238172208236614,0.4111849842493922,0.7147410358565737,0.3211155378486056,0.4004600850983011,0.0358565737051792,True,,,,
EfficientNet,2.5D-to-3D,LSS,Left Subarticular Stenosis,left_subarticular_stenosis,1,42,train,L4/L5,nas_best_efficientnet3d_3d,EfficientNet 3D,290,9,,0.6039840637450199,0.5480599055644056,0.5871815186245173,0.546180867208086,0.6039840637450199,0.450199203187251,0.6067077682094721,0.0541832669322709,True,,,,
EfficientNet,2.5D-to-3D,LSS,Left Subarticular Stenosis,left_subarticular_stenosis,1,42,train,L5/S1,nas_best_efficientnet3d_3d,EfficientNet 3D,290,9,,0.7219123505976096,0.2406374501992032,0.3333333333333333,0.2795002313743637,0.7219123505976096,0.3553784860557769,0.0,0.0772908366533864,True,,,,
EfficientNet,2.5D-to-3D,LSS,Left Subarticular Stenosis,left_subarticular_stenosis,1,42,validation,L1/L2,nas_best_efficientnet3d_3d,EfficientNet 3D,290,9,,0.9487179487179488,0.3162393162393162,0.3333333333333333,0.3245614035087719,0.9487179487179488,0.0659340659340659,0.0,0.0146520146520146,True,273,259,10,4
EfficientNet,2.5D-to-3D,LSS,Left Subarticular Stenosis,left_subarticular_stenosis,1,42,validation,L2/L3,nas_best_efficientnet3d_3d,EfficientNet 3D,290,9,,0.8351648351648352,0.3771686328938237,0.3637298091042584,0.3555289540625467,0.8351648351648352,0.2014652014652014,0.2500274715211897,0.0366300366300366,True,273,227,30,16
EfficientNet,2.5D-to-3D,LSS,Left Subarticular Stenosis,left_subarticular_stenosis,1,42,validation,L3/L4,nas_best_efficientnet3d_3d,EfficientNet 3D,290,9,,0.7619047619047619,0.7614087301587302,0.4611047043600196,0.4631136764091598,0.7619047619047619,0.2490842490842491,0.5393350663565467,0.0109890109890109,True,273,193,58,22
EfficientNet,2.5D-to-3D,LSS,Left Subarticular Stenosis,left_subarticular_stenosis,1,42,validation,L4/L5,nas_best_efficientnet3d_3d,EfficientNet 3D,290,9,,0.608058608058608,0.564147065056156,0.5904019607843137,0.5644423327350157,0.608058608058608,0.4542124542124542,0.6100987091875475,0.0622710622710622,True,273,125,80,68
EfficientNet,2.5D-to-3D,LSS,Left Subarticular Stenosis,left_subarticular_stenosis,1,42,validation,L5/S1,nas_best_efficientnet3d_3d,EfficientNet 3D,290,9,,0.6923076923076923,0.2307692307692307,0.3333333333333333,0.2727272727272727,0.6923076923076923,0.3736263736263736,0.0,0.0659340659340659,True,273,189,66,18
EfficientNet,2.5D-to-3D,LSS,Left Subarticular Stenosis,left_subarticular_stenosis,1,42,test,L1/L2,nas_best_efficientnet3d_3d,EfficientNet 3D,290,9,,0.937037037037037,0.3123456790123456,0.3333333333333333,0.3224984066284257,0.937037037037037,0.074074074074074,0.0,0.0111111111111111,True,,,,
EfficientNet,2.5D-to-3D,LSS,Left Subarticular Stenosis,left_subarticular_stenosis,1,42,test,L2/L3,nas_best_efficientnet3d_3d,EfficientNet 3D,290,9,,0.8481481481481481,0.452020202020202,0.3589807852965747,0.3550135501355013,0.8481481481481481,0.174074074074074,0.1170601928832721,0.0222222222222222,True,,,,
EfficientNet,2.5D-to-3D,LSS,Left Subarticular Stenosis,left_subarticular_stenosis,1,42,test,L3/L4,nas_best_efficientnet3d_3d,EfficientNet 3D,290,9,,0.7555555555555555,0.408312447786132,0.4265763586518303,0.4140184977810957,0.7555555555555555,0.2629629629629629,0.4699723716736949,0.0185185185185185,True,,,,
EfficientNet,2.5D-to-3D,LSS,Left Subarticular Stenosis,left_subarticular_stenosis,1,42,test,L4/L5,nas_best_efficientnet3d_3d,EfficientNet 3D,290,9,,0.662962962962963,0.6205288884410157,0.6454801211513918,0.6163539553752536,0.662962962962963,0.3888888888888889,0.6697931034482759,0.0518518518518518,True,,,,
EfficientNet,2.5D-to-3D,LSS,Left Subarticular Stenosis,left_subarticular_stenosis,1,42,test,L5/S1,nas_best_efficientnet3d_3d,EfficientNet 3D,290,9,,0.7148148148148148,0.2382716049382716,0.3333333333333333,0.2778977681785457,0.7148148148148148,0.3592592592592593,0.0,0.074074074074074,True,,,,
EfficientNet,2.5D-to-3D,LSS,Left Subarticular Stenosis,left_subarticular_stenosis,2,142,train,L1/L2,nas_best_efficientnet3d_3d,EfficientNet 3D,290,10,,0.939297124600639,0.3130990415335463,0.3333333333333333,0.3228995057660626,0.939297124600639,0.0742811501597444,0.0,0.0135782747603833,True,,,,
EfficientNet,2.5D-to-3D,LSS,Left Subarticular Stenosis,left_subarticular_stenosis,2,142,train,L2/L3,nas_best_efficientnet3d_3d,EfficientNet 3D,290,10,,0.8258785942492013,0.2752928647497337,0.3333333333333333,0.3015456401283173,0.8258785942492013,0.2164536741214057,0.0,0.042332268370607,True,,,,
EfficientNet,2.5D-to-3D,LSS,Left Subarticular Stenosis,left_subarticular_stenosis,2,142,train,L3/L4,nas_best_efficientnet3d_3d,EfficientNet 3D,290,10,,0.7428115015974441,0.6138277822957551,0.4974938320811779,0.520844984001756,0.7428115015974441,0.2779552715654952,0.5493265996295983,0.0207667731629392,True,,,,
EfficientNet,2.5D-to-3D,LSS,Left Subarticular Stenosis,left_subarticular_stenosis,2,142,train,L4/L5,nas_best_efficientnet3d_3d,EfficientNet 3D,290,10,,0.6062300319488818,0.5625361637494576,0.5415706129322525,0.5135041007896772,0.6062300319488818,0.4728434504792332,0.5293931804167269,0.079073482428115,True,,,,
EfficientNet,2.5D-to-3D,LSS,Left Subarticular Stenosis,left_subarticular_stenosis,2,142,train,L5/S1,nas_best_efficientnet3d_3d,EfficientNet 3D,290,10,,0.7172523961661342,0.239084132055378,0.3333333333333333,0.2784496124031008,0.7172523961661342,0.3586261980830671,0.0,0.0758785942492012,True,,,,
EfficientNet,2.5D-to-3D,LSS,Left Subarticular Stenosis,left_subarticular_stenosis,2,142,validation,L1/L2,nas_best_efficientnet3d_3d,EfficientNet 3D,290,10,,0.9413919413919414,0.3137973137973138,0.3333333333333333,0.3232704402515723,0.9413919413919414,0.0695970695970696,0.0,0.0109890109890109,True,273,257,13,3
EfficientNet,2.5D-to-3D,LSS,Left Subarticular Stenosis,left_subarticular_stenosis,2,142,validation,L2/L3,nas_best_efficientnet3d_3d,EfficientNet 3D,290,10,,0.8534798534798534,0.2844932844932845,0.3333333333333333,0.3069828722002635,0.8534798534798534,0.1794871794871795,0.0,0.0329670329670329,True,273,233,31,9
EfficientNet,2.5D-to-3D,LSS,Left Subarticular Stenosis,left_subarticular_stenosis,2,142,validation,L3/L4,nas_best_efficientnet3d_3d,EfficientNet 3D,290,10,,0.7472527472527473,0.633838383838384,0.5492572786690434,0.5774410774410774,0.7472527472527473,0.2673992673992674,0.5723899212963858,0.0146520146520146,True,273,187,65,21
EfficientNet,2.5D-to-3D,LSS,Left Subarticular Stenosis,left_subarticular_stenosis,2,142,validation,L4/L5,nas_best_efficientnet3d_3d,EfficientNet 3D,290,10,,0.5787545787545788,0.5648060299388572,0.5451704806543517,0.5019688109161794,0.5787545787545788,0.5091575091575091,0.5073105764498103,0.0879120879120879,True,273,117,93,63
EfficientNet,2.5D-to-3D,LSS,Left Subarticular Stenosis,left_subarticular_stenosis,2,142,validation,L5/S1,nas_best_efficientnet3d_3d,EfficientNet 3D,290,10,,0.7435897435897436,0.2478632478632478,0.3333333333333333,0.284313725490196,0.7435897435897436,0.3296703296703296,0.0,0.0732600732600732,True,273,203,50,20
EfficientNet,2.5D-to-3D,LSS,Left Subarticular Stenosis,left_subarticular_stenosis,2,142,test,L1/L2,nas_best_efficientnet3d_3d,EfficientNet 3D,290,10,,0.9084249084249084,0.3028083028083028,0.3333333333333333,0.3173384516954574,0.9084249084249084,0.1135531135531135,0.0,0.0219780219780219,True,,,,
EfficientNet,2.5D-to-3D,LSS,Left Subarticular Stenosis,left_subarticular_stenosis,2,142,test,L2/L3,nas_best_efficientnet3d_3d,EfficientNet 3D,290,10,,0.7912087912087912,0.2637362637362637,0.3333333333333333,0.294478527607362,0.7912087912087912,0.271062271062271,0.0,0.0622710622710622,True,,,,
EfficientNet,2.5D-to-3D,LSS,Left Subarticular Stenosis,left_subarticular_stenosis,2,142,test,L3/L4,nas_best_efficientnet3d_3d,EfficientNet 3D,290,10,,0.7509157509157509,0.6643042947390773,0.5610530813029555,0.590628978864273,0.7509157509157509,0.2673992673992674,0.6137955719179834,0.0183150183150183,True,,,,
EfficientNet,2.5D-to-3D,LSS,Left Subarticular Stenosis,left_subarticular_stenosis,2,142,test,L4/L5,nas_best_efficientnet3d_3d,EfficientNet 3D,290,10,,0.5457875457875457,0.4670189555435457,0.4870225822714393,0.4536919221129747,0.5457875457875457,0.5567765567765568,0.4625577345347164,0.1025641025641025,True,,,,
EfficientNet,2.5D-to-3D,LSS,Left Subarticular Stenosis,left_subarticular_stenosis,2,142,test,L5/S1,nas_best_efficientnet3d_3d,EfficientNet 3D,290,10,,0.684981684981685,0.2283272283272283,0.3333333333333333,0.2710144927536231,0.684981684981685,0.3882783882783883,0.0,0.0732600732600732,True,,,,
EfficientNet,2.5D-to-3D,LSS,Left Subarticular Stenosis,left_subarticular_stenosis,3,242,train,L1/L2,nas_best_efficientnet3d_3d,EfficientNet 3D,290,2,,0.931691818903892,0.3105639396346306,0.3333333333333333,0.3215460526315789,0.931691818903892,0.0833995234312946,0.0,0.0150913423351866,True,,,,
EfficientNet,2.5D-to-3D,LSS,Left Subarticular Stenosis,left_subarticular_stenosis,3,242,train,L2/L3,nas_best_efficientnet3d_3d,EfficientNet 3D,290,2,,0.8220810166799047,0.2740270055599682,0.3333333333333333,0.3007846556233653,0.8220810166799047,0.2263701350277998,0.0,0.0484511517077045,True,,,,
EfficientNet,2.5D-to-3D,LSS,Left Subarticular Stenosis,left_subarticular_stenosis,3,242,train,L3/L4,nas_best_efficientnet3d_3d,EfficientNet 3D,290,2,,0.6822875297855441,0.2274291765951813,0.3333333333333333,0.2703808624488511,0.6822875297855441,0.4130262112787927,0.0,0.0953137410643367,True,,,,
EfficientNet,2.5D-to-3D,LSS,Left Subarticular Stenosis,left_subarticular_stenosis,3,242,train,L4/L5,nas_best_efficientnet3d_3d,EfficientNet 3D,290,2,,0.4741858617950754,0.1580619539316918,0.3333333333333333,0.2144396551724137,0.4741858617950754,0.7466243050039714,0.0,0.2208101667990468,True,,,,
EfficientNet,2.5D-to-3D,LSS,Left Subarticular Stenosis,left_subarticular_stenosis,3,242,train,L5/S1,nas_best_efficientnet3d_3d,EfficientNet 3D,290,2,,0.7124702144559174,0.2374900714853058,0.3333333333333333,0.2773654916512059,0.7124702144559174,0.3653693407466243,0.0,0.0778395552025417,True,,,,
EfficientNet,2.5D-to-3D,LSS,Left Subarticular Stenosis,left_subarticular_stenosis,3,242,validation,L1/L2,nas_best_efficientnet3d_3d,EfficientNet 3D,290,2,,0.9365671641791044,0.3121890547263681,0.3333333333333333,0.3224149004495825,0.9365671641791044,0.085820895522388,0.0,0.0223880597014925,True,268,251,11,6
EfficientNet,2.5D-to-3D,LSS,Left Subarticular Stenosis,left_subarticular_stenosis,3,242,validation,L2/L3,nas_best_efficientnet3d_3d,EfficientNet 3D,290,2,,0.8246268656716418,0.2748756218905472,0.3333333333333333,0.3012951601908657,0.8246268656716418,0.208955223880597,0.0,0.0335820895522388,True,268,221,38,9
EfficientNet,2.5D-to-3D,LSS,Left Subarticular Stenosis,left_subarticular_stenosis,3,242,validation,L3/L4,nas_best_efficientnet3d_3d,EfficientNet 3D,290,2,,0.7014925373134329,0.2338308457711443,0.3333333333333333,0.2748538011695906,0.7014925373134329,0.3843283582089552,0.0,0.085820895522388,True,268,188,57,23
EfficientNet,2.5D-to-3D,LSS,Left Subarticular Stenosis,left_subarticular_stenosis,3,242,validation,L4/L5,nas_best_efficientnet3d_3d,EfficientNet 3D,290,2,,0.4253731343283582,0.1417910447761194,0.3333333333333333,0.1989528795811518,0.4253731343283582,0.8022388059701493,0.0,0.2276119402985074,True,268,114,93,61
EfficientNet,2.5D-to-3D,LSS,Left Subarticular Stenosis,left_subarticular_stenosis,3,242,validation,L5/S1,nas_best_efficientnet3d_3d,EfficientNet 3D,290,2,,0.7350746268656716,0.2450248756218905,0.3333333333333333,0.2824372759856631,0.7350746268656716,0.3283582089552239,0.0,0.0634328358208955,True,268,197,54,17
EfficientNet,2.5D-to-3D,LSS,Left Subarticular Stenosis,left_subarticular_stenosis,3,242,test,L1/L2,nas_best_efficientnet3d_3d,EfficientNet 3D,290,2,,0.948339483394834,0.3161131611316113,0.3333333333333333,0.3244949494949495,0.948339483394834,0.055350553505535,0.0,0.003690036900369,True,,,,
EfficientNet,2.5D-to-3D,LSS,Left Subarticular Stenosis,left_subarticular_stenosis,3,242,test,L2/L3,nas_best_efficientnet3d_3d,EfficientNet 3D,290,2,,0.8376383763837638,0.2792127921279212,0.3333333333333333,0.3038821954484605,0.8376383763837638,0.1955719557195571,0.0,0.033210332103321,True,,,,
EfficientNet,2.5D-to-3D,LSS,Left Subarticular Stenosis,left_subarticular_stenosis,3,242,test,L3/L4,nas_best_efficientnet3d_3d,EfficientNet 3D,290,2,,0.6605166051660517,0.2201722017220172,0.3333333333333333,0.2651851851851852,0.6605166051660517,0.4354243542435424,0.0,0.0959409594095941,True,,,,
EfficientNet,2.5D-to-3D,LSS,Left Subarticular Stenosis,left_subarticular_stenosis,3,242,test,L4/L5,nas_best_efficientnet3d_3d,EfficientNet 3D,290,2,,0.4649446494464944,0.1549815498154981,0.3333333333333333,0.2115869017632241,0.4649446494464944,0.7822878228782287,0.0,0.2472324723247232,True,,,,
EfficientNet,2.5D-to-3D,LSS,Left Subarticular Stenosis,left_subarticular_stenosis,3,242,test,L5/S1,nas_best_efficientnet3d_3d,EfficientNet 3D,290,2,,0.7158671586715867,0.2386223862238622,0.3333333333333333,0.2781362007168458,0.7158671586715867,0.3579335793357933,0.0,0.07380073800738,True,,,,
EfficientNet,2.5D-to-3D,LSS,Left Subarticular Stenosis,left_subarticular_stenosis,4,342,train,L1/L2,nas_best_efficientnet3d_3d,EfficientNet 3D,290,3,,0.9357652656621728,0.3119217552207243,0.3333333333333333,0.3222722927761846,0.9357652656621728,0.0785091197462331,0.0,0.014274385408406,True,,,,
EfficientNet,2.5D-to-3D,LSS,Left Subarticular Stenosis,left_subarticular_stenosis,4,342,train,L2/L3,nas_best_efficientnet3d_3d,EfficientNet 3D,290,3,,0.8215701823949246,0.2738567274649748,0.3333333333333333,0.3006820490494848,0.8215701823949246,0.2212529738302934,0.0,0.042823156225218,True,,,,
EfficientNet,2.5D-to-3D,LSS,Left Subarticular Stenosis,left_subarticular_stenosis,4,342,train,L3/L4,nas_best_efficientnet3d_3d,EfficientNet 3D,290,3,,0.6819984139571769,0.2273328046523922,0.3333333333333333,0.2703127455602703,0.6819984139571769,0.4147501982553529,0.0,0.0967486122125297,True,,,,
EfficientNet,2.5D-to-3D,LSS,Left Subarticular Stenosis,left_subarticular_stenosis,4,342,train,L4/L5,nas_best_efficientnet3d_3d,EfficientNet 3D,290,3,,0.4924662965900079,0.2974858208671158,0.3811468936468936,0.3232555894719019,0.4924662965900079,0.6463124504361618,0.1519182598525246,0.1387787470261697,True,,,,
EfficientNet,2.5D-to-3D,LSS,Left Subarticular Stenosis,left_subarticular_stenosis,4,342,train,L5/S1,nas_best_efficientnet3d_3d,EfficientNet 3D,290,3,,0.711340206185567,0.2371134020618557,0.3333333333333333,0.2771084337349397,0.711340206185567,0.3576526566217288,0.0,0.0689928628072958,True,,,,
EfficientNet,2.5D-to-3D,LSS,Left Subarticular Stenosis,left_subarticular_stenosis,4,342,validation,L1/L2,nas_best_efficientnet3d_3d,EfficientNet 3D,290,3,,0.9301470588235294,0.3100490196078431,0.3333333333333333,0.3212698412698412,0.9301470588235294,0.0919117647058823,0.0,0.0220588235294117,True,272,253,13,6
EfficientNet,2.5D-to-3D,LSS,Left Subarticular Stenosis,left_subarticular_stenosis,4,342,validation,L2/L3,nas_best_efficientnet3d_3d,EfficientNet 3D,290,3,,0.8198529411764706,0.2732843137254901,0.3333333333333333,0.3003367003367003,0.8198529411764706,0.2242647058823529,0.0,0.0441176470588235,True,272,223,37,12
EfficientNet,2.5D-to-3D,LSS,Left Subarticular Stenosis,left_subarticular_stenosis,4,342,validation,L3/L4,nas_best_efficientnet3d_3d,EfficientNet 3D,290,3,,0.6875,0.2291666666666666,0.3333333333333333,0.2716049382716049,0.6875,0.4044117647058823,0.0,0.0919117647058823,True,272,187,60,25
EfficientNet,2.5D-to-3D,LSS,Left Subarticular Stenosis,left_subarticular_stenosis,4,342,validation,L4/L5,nas_best_efficientnet3d_3d,EfficientNet 3D,290,3,,0.4926470588235294,0.3146453983892407,0.402382200477605,0.3502283105022831,0.4926470588235294,0.5845588235294118,0.2581818181818183,0.0772058823529411,True,272,118,97,57
EfficientNet,2.5D-to-3D,LSS,Left Subarticular Stenosis,left_subarticular_stenosis,4,342,validation,L5/S1,nas_best_efficientnet3d_3d,EfficientNet 3D,290,3,,0.7316176470588235,0.2438725490196078,0.3333333333333333,0.2816702052370842,0.7316176470588235,0.3492647058823529,0.0,0.0808823529411764,True,272,199,51,22
EfficientNet,2.5D-to-3D,LSS,Left Subarticular Stenosis,left_subarticular_stenosis,4,342,test,L1/L2,nas_best_efficientnet3d_3d,EfficientNet 3D,290,3,,0.9358490566037736,0.3119496855345912,0.3333333333333333,0.3222871994801819,0.9358490566037736,0.0716981132075471,0.0,0.0075471698113207,True,,,,
EfficientNet,2.5D-to-3D,LSS,Left Subarticular Stenosis,left_subarticular_stenosis,4,342,test,L2/L3,nas_best_efficientnet3d_3d,EfficientNet 3D,290,3,,0.8452830188679246,0.2817610062893081,0.3333333333333333,0.305385139740968,0.8452830188679246,0.2037735849056604,0.0,0.0490566037735849,True,,,,
EfficientNet,2.5D-to-3D,LSS,Left Subarticular Stenosis,left_subarticular_stenosis,4,342,test,L3/L4,nas_best_efficientnet3d_3d,EfficientNet 3D,290,3,,0.6754716981132075,0.2251572327044025,0.3333333333333333,0.2687687687687687,0.6754716981132075,0.4075471698113208,0.0,0.0830188679245283,True,,,,
EfficientNet,2.5D-to-3D,LSS,Left Subarticular Stenosis,left_subarticular_stenosis,4,342,test,L4/L5,nas_best_efficientnet3d_3d,EfficientNet 3D,290,3,,0.4452830188679245,0.2717373438527284,0.3601912774601805,0.3097713097713098,0.4452830188679245,0.6679245283018868,0.159338232341485,0.1132075471698113,True,,,,
EfficientNet,2.5D-to-3D,LSS,Left Subarticular Stenosis,left_subarticular_stenosis,4,342,test,L5/S1,nas_best_efficientnet3d_3d,EfficientNet 3D,290,3,,0.7245283018867924,0.2415094339622641,0.3333333333333333,0.2800875273522976,0.7245283018867924,0.3735849056603773,0.0,0.0981132075471698,True,,,,
EfficientNet,2.5D-to-3D,LSS,Left Subarticular Stenosis,left_subarticular_stenosis,5,442,train,L1/L2,nas_best_efficientnet3d_3d,EfficientNet 3D,290,8,,0.9356120826709062,0.3118706942236354,0.3333333333333333,0.3222450376454483,0.9356120826709062,0.0786963434022257,0.0,0.0143084260731319,True,,,,
EfficientNet,2.5D-to-3D,LSS,Left Subarticular Stenosis,left_subarticular_stenosis,5,442,train,L2/L3,nas_best_efficientnet3d_3d,EfficientNet 3D,290,8,,0.829093799682035,0.2763645998940117,0.3333333333333333,0.3021874547298276,0.829093799682035,0.2146263910969793,0.0,0.0437201907790143,True,,,,
EfficientNet,2.5D-to-3D,LSS,Left Subarticular Stenosis,left_subarticular_stenosis,5,442,train,L3/L4,nas_best_efficientnet3d_3d,EfficientNet 3D,290,8,,0.7376788553259142,0.4172269510592963,0.4604720540493112,0.4376834865373879,0.7376788553259142,0.2837837837837837,0.4967206508471409,0.0214626391096979,True,,,,
EfficientNet,2.5D-to-3D,LSS,Left Subarticular Stenosis,left_subarticular_stenosis,5,442,train,L4/L5,nas_best_efficientnet3d_3d,EfficientNet 3D,290,8,,0.5826709062003179,0.5285038714801903,0.52262322046316,0.5077206709795021,0.5826709062003179,0.4841017488076312,0.528840768187379,0.0667726550079491,True,,,,
EfficientNet,2.5D-to-3D,LSS,Left Subarticular Stenosis,left_subarticular_stenosis,5,442,train,L5/S1,nas_best_efficientnet3d_3d,EfficientNet 3D,290,8,,0.71939586645469,0.2397986221515633,0.3333333333333333,0.2789335799044537,0.71939586645469,0.3608903020667726,0.0,0.0802861685214626,True,,,,
EfficientNet,2.5D-to-3D,LSS,Left Subarticular Stenosis,left_subarticular_stenosis,5,442,validation,L1/L2,nas_best_efficientnet3d_3d,EfficientNet 3D,290,8,,0.937037037037037,0.3123456790123456,0.3333333333333333,0.3224984066284257,0.937037037037037,0.0666666666666666,0.0,0.0037037037037037,True,270,253,16,1
EfficientNet,2.5D-to-3D,LSS,Left Subarticular Stenosis,left_subarticular_stenosis,5,442,validation,L2/L3,nas_best_efficientnet3d_3d,EfficientNet 3D,290,8,,0.8222222222222222,0.2740740740740741,0.3333333333333333,0.3008130081300813,0.8222222222222222,0.2222222222222222,0.0,0.0444444444444444,True,270,222,36,12
EfficientNet,2.5D-to-3D,LSS,Left Subarticular Stenosis,left_subarticular_stenosis,5,442,validation,L3/L4,nas_best_efficientnet3d_3d,EfficientNet 3D,290,8,,0.7185185185185186,0.4285752537017699,0.4552380952380952,0.4382857372374182,0.7185185185185186,0.3074074074074074,0.4505978602894902,0.0259259259259259,True,270,175,70,25
EfficientNet,2.5D-to-3D,LSS,Left Subarticular Stenosis,left_subarticular_stenosis,5,442,validation,L4/L5,nas_best_efficientnet3d_3d,EfficientNet 3D,290,8,,0.5592592592592592,0.5084451068057626,0.5055232778976265,0.4762319261086126,0.5592592592592592,0.5333333333333333,0.4577976523197317,0.0925925925925925,True,270,122,89,59
EfficientNet,2.5D-to-3D,LSS,Left Subarticular Stenosis,left_subarticular_stenosis,5,442,validation,L5/S1,nas_best_efficientnet3d_3d,EfficientNet 3D,290,8,,0.6888888888888889,0.2296296296296296,0.3333333333333333,0.2719298245614035,0.6888888888888889,0.3592592592592593,0.0,0.0481481481481481,True,270,186,71,13
EfficientNet,2.5D-to-3D,LSS,Left Subarticular Stenosis,left_subarticular_stenosis,5,442,test,L1/L2,nas_best_efficientnet3d_3d,EfficientNet 3D,290,8,,0.9296296296296296,0.3098765432098765,0.3333333333333333,0.3211772232885476,0.9296296296296296,0.0962962962962963,0.0,0.0259259259259259,True,,,,
EfficientNet,2.5D-to-3D,LSS,Left Subarticular Stenosis,left_subarticular_stenosis,5,442,test,L2/L3,nas_best_efficientnet3d_3d,EfficientNet 3D,290,8,,0.8074074074074075,0.2691358024691358,0.3333333333333333,0.2978142076502732,0.8074074074074075,0.237037037037037,0.0,0.0444444444444444,True,,,,
EfficientNet,2.5D-to-3D,LSS,Left Subarticular Stenosis,left_subarticular_stenosis,5,442,test,L3/L4,nas_best_efficientnet3d_3d,EfficientNet 3D,290,8,,0.737037037037037,0.4438336856941507,0.4520789562420564,0.4432419432419432,0.737037037037037,0.2814814814814815,0.4430319021348046,0.0185185185185185,True,,,,
EfficientNet,2.5D-to-3D,LSS,Left Subarticular Stenosis,left_subarticular_stenosis,5,442,test,L4/L5,nas_best_efficientnet3d_3d,EfficientNet 3D,290,8,,0.5851851851851851,0.5477710233029381,0.5134449448069519,0.4983948044292872,0.5851851851851851,0.5185185185185185,0.459127981848286,0.1037037037037037,True,,,,
EfficientNet,2.5D-to-3D,LSS,Left Subarticular Stenosis,left_subarticular_stenosis,5,442,test,L5/S1,nas_best_efficientnet3d_3d,EfficientNet 3D,290,8,,0.7296296296296296,0.2432098765432098,0.3333333333333333,0.2812276945039257,0.7296296296296296,0.3481481481481481,0.0,0.0777777777777777,True,,,,
EfficientNet,2.5D-to-3D,RFN,Right Neural Foraminal Narrowing,right_neural_foraminal_narrowing,1,42,train,L1/L2,nas_best_efficientnet3d_3d,EfficientNet 3D,314,1,,0.9606700655498908,0.3202233551832969,0.3333333333333333,0.3266468548786528,0.9606700655498908,0.0451565914056809,0.0,0.0058266569555717,True,,,,
EfficientNet,2.5D-to-3D,RFN,Right Neural Foraminal Narrowing,right_neural_foraminal_narrowing,1,42,train,L2/L3,nas_best_efficientnet3d_3d,EfficientNet 3D,314,1,,0.9104151493080844,0.3034717164360281,0.3333333333333333,0.3177023764137756,0.9104151493080844,0.0924981791697013,0.0,0.0029133284777858,True,,,,
EfficientNet,2.5D-to-3D,RFN,Right Neural Foraminal Narrowing,right_neural_foraminal_narrowing,1,42,train,L3/L4,nas_best_efficientnet3d_3d,EfficientNet 3D,314,1,,0.775673707210488,0.258557902403496,0.3333333333333333,0.2912223133716161,0.775673707210488,0.2403495994173343,0.0,0.0160233066278222,True,,,,
EfficientNet,2.5D-to-3D,RFN,Right Neural Foraminal Narrowing,right_neural_foraminal_narrowing,1,42,train,L4/L5,nas_best_efficientnet3d_3d,EfficientNet 3D,314,1,,0.616897305171158,0.2056324350570526,0.3333333333333333,0.2543543543543543,0.616897305171158,0.4450109249817917,0.0,0.0619082301529497,True,,,,
EfficientNet,2.5D-to-3D,RFN,Right Neural Foraminal Narrowing,right_neural_foraminal_narrowing,1,42,train,L5/S1,nas_best_efficientnet3d_3d,EfficientNet 3D,314,1,,0.6489439184268027,0.2163146394756009,0.3333333333333333,0.2623674911660777,0.6489439184268027,0.4508375819373634,0.0,0.099781500364166,True,,,,
EfficientNet,2.5D-to-3D,RFN,Right Neural Foraminal Narrowing,right_neural_foraminal_narrowing,1,42,validation,L1/L2,nas_best_efficientnet3d_3d,EfficientNet 3D,314,1,,0.9594594594594594,0.3198198198198198,0.3333333333333333,0.3264367816091953,0.9594594594594594,0.0472972972972973,0.0,0.0067567567567567,True,296,284,10,2
EfficientNet,2.5D-to-3D,RFN,Right Neural Foraminal Narrowing,right_neural_foraminal_narrowing,1,42,validation,L2/L3,nas_best_efficientnet3d_3d,EfficientNet 3D,314,1,,0.9087837837837838,0.3029279279279279,0.3333333333333333,0.3174041297935103,0.9087837837837838,0.0945945945945946,0.0,0.0033783783783783,True,296,269,26,1
EfficientNet,2.5D-to-3D,RFN,Right Neural Foraminal Narrowing,right_neural_foraminal_narrowing,1,42,validation,L3/L4,nas_best_efficientnet3d_3d,EfficientNet 3D,314,1,,0.7398648648648649,0.2466216216216216,0.3333333333333333,0.283495145631068,0.7398648648648649,0.2905405405405405,0.0,0.0304054054054054,True,296,219,68,9
EfficientNet,2.5D-to-3D,RFN,Right Neural Foraminal Narrowing,right_neural_foraminal_narrowing,1,42,validation,L4/L5,nas_best_efficientnet3d_3d,EfficientNet 3D,314,1,,0.6047297297297297,0.2015765765765765,0.3333333333333333,0.2512280701754386,0.6047297297297297,0.4831081081081081,0.0,0.0878378378378378,True,296,179,91,26
EfficientNet,2.5D-to-3D,RFN,Right Neural Foraminal Narrowing,right_neural_foraminal_narrowing,1,42,validation,L5/S1,nas_best_efficientnet3d_3d,EfficientNet 3D,314,1,,0.6587837837837838,0.2195945945945946,0.3333333333333333,0.2647657841140529,0.6587837837837838,0.4324324324324324,0.0,0.0912162162162162,True,296,195,74,27
EfficientNet,2.5D-to-3D,RFN,Right Neural Foraminal Narrowing,right_neural_foraminal_narrowing,1,42,test,L1/L2,nas_best_efficientnet3d_3d,EfficientNet 3D,314,1,,0.9662162162162162,0.322072072072072,0.3333333333333333,0.3276059564719358,0.9662162162162162,0.0439189189189189,0.0,0.0101351351351351,True,,,,
EfficientNet,2.5D-to-3D,RFN,Right Neural Foraminal Narrowing,right_neural_foraminal_narrowing,1,42,test,L2/L3,nas_best_efficientnet3d_3d,EfficientNet 3D,314,1,,0.9222972972972971,0.3074324324324324,0.3333333333333333,0.3198594024604569,0.9222972972972971,0.081081081081081,0.0,0.0033783783783783,True,,,,
EfficientNet,2.5D-to-3D,RFN,Right Neural Foraminal Narrowing,right_neural_foraminal_narrowing,1,42,test,L3/L4,nas_best_efficientnet3d_3d,EfficientNet 3D,314,1,,0.7702702702702703,0.2567567567567567,0.3333333333333333,0.2900763358778626,0.7702702702702703,0.2567567567567567,0.0,0.027027027027027,True,,,,
EfficientNet,2.5D-to-3D,RFN,Right Neural Foraminal Narrowing,right_neural_foraminal_narrowing,1,42,test,L4/L5,nas_best_efficientnet3d_3d,EfficientNet 3D,314,1,,0.6148648648648649,0.2049549549549549,0.3333333333333333,0.2538354253835425,0.6148648648648649,0.4493243243243243,0.0,0.0641891891891891,True,,,,
EfficientNet,2.5D-to-3D,RFN,Right Neural Foraminal Narrowing,right_neural_foraminal_narrowing,1,42,test,L5/S1,nas_best_efficientnet3d_3d,EfficientNet 3D,314,1,,0.6554054054054054,0.2184684684684684,0.3333333333333333,0.2639455782312925,0.6554054054054054,0.4324324324324324,0.0,0.0878378378378378,True,,,,
EfficientNet,2.5D-to-3D,RFN,Right Neural Foraminal Narrowing,right_neural_foraminal_narrowing,2,142,train,L1/L2,nas_best_efficientnet3d_3d,EfficientNet 3D,314,1,,0.9555717407137656,0.3185239135712551,0.3333333333333333,0.3257603972687771,0.9555717407137656,0.0524399126001456,0.0,0.0080116533139111,True,,,,
EfficientNet,2.5D-to-3D,RFN,Right Neural Foraminal Narrowing,right_neural_foraminal_narrowing,2,142,train,L2/L3,nas_best_efficientnet3d_3d,EfficientNet 3D,314,1,,0.9133284777858705,0.3044428259286234,0.3333333333333333,0.3182337266844309,0.9133284777858705,0.0895848506919155,0.0,0.0029133284777858,True,,,,
EfficientNet,2.5D-to-3D,RFN,Right Neural Foraminal Narrowing,right_neural_foraminal_narrowing,2,142,train,L3/L4,nas_best_efficientnet3d_3d,EfficientNet 3D,314,1,,0.775673707210488,0.258557902403496,0.3333333333333333,0.2912223133716161,0.775673707210488,0.2447195921340131,0.0,0.020393299344501,True,,,,
EfficientNet,2.5D-to-3D,RFN,Right Neural Foraminal Narrowing,right_neural_foraminal_narrowing,2,142,train,L4/L5,nas_best_efficientnet3d_3d,EfficientNet 3D,314,1,,0.6234522942461762,0.207817431415392,0.3333333333333333,0.2560191416180649,0.6234522942461762,0.437727603787327,0.0,0.0611798980335032,True,,,,
EfficientNet,2.5D-to-3D,RFN,Right Neural Foraminal Narrowing,right_neural_foraminal_narrowing,2,142,train,L5/S1,nas_best_efficientnet3d_3d,EfficientNet 3D,314,1,,0.6525855790240349,0.2175285263413449,0.3333333333333333,0.2632584104598208,0.6525855790240349,0.4464675892206846,0.0,0.0990531682447195,True,,,,
EfficientNet,2.5D-to-3D,RFN,Right Neural Foraminal Narrowing,right_neural_foraminal_narrowing,2,142,validation,L1/L2,nas_best_efficientnet3d_3d,EfficientNet 3D,314,1,,0.9763513513513512,0.3254504504504504,0.3333333333333333,0.3293447293447293,0.9763513513513512,0.027027027027027,0.0,0.0033783783783783,True,296,289,6,1
EfficientNet,2.5D-to-3D,RFN,Right Neural Foraminal Narrowing,right_neural_foraminal_narrowing,2,142,validation,L2/L3,nas_best_efficientnet3d_3d,EfficientNet 3D,314,1,,0.9087837837837838,0.3029279279279279,0.3333333333333333,0.3174041297935103,0.9087837837837838,0.0945945945945946,0.0,0.0033783783783783,True,296,269,26,1
EfficientNet,2.5D-to-3D,RFN,Right Neural Foraminal Narrowing,right_neural_foraminal_narrowing,2,142,validation,L3/L4,nas_best_efficientnet3d_3d,EfficientNet 3D,314,1,,0.7837837837837838,0.2612612612612612,0.3333333333333333,0.2929292929292929,0.7837837837837838,0.2297297297297297,0.0,0.0135135135135135,True,296,232,60,4
EfficientNet,2.5D-to-3D,RFN,Right Neural Foraminal Narrowing,right_neural_foraminal_narrowing,2,142,validation,L4/L5,nas_best_efficientnet3d_3d,EfficientNet 3D,314,1,,0.6013513513513513,0.2004504504504504,0.3333333333333333,0.250351617440225,0.6013513513513513,0.4594594594594595,0.0,0.0608108108108108,True,296,178,100,18
EfficientNet,2.5D-to-3D,RFN,Right Neural Foraminal Narrowing,right_neural_foraminal_narrowing,2,142,validation,L5/S1,nas_best_efficientnet3d_3d,EfficientNet 3D,314,1,,0.6722972972972973,0.224099099099099,0.3333333333333333,0.268013468013468,0.6722972972972973,0.4324324324324324,0.0,0.1047297297297297,True,296,199,66,31
EfficientNet,2.5D-to-3D,RFN,Right Neural Foraminal Narrowing,right_neural_foraminal_narrowing,2,142,test,L1/L2,nas_best_efficientnet3d_3d,EfficientNet 3D,314,1,,0.972972972972973,0.3243243243243243,0.3333333333333333,0.3287671232876712,0.972972972972973,0.0304054054054054,0.0,0.0033783783783783,True,,,,
EfficientNet,2.5D-to-3D,RFN,Right Neural Foraminal Narrowing,right_neural_foraminal_narrowing,2,142,test,L2/L3,nas_best_efficientnet3d_3d,EfficientNet 3D,314,1,,0.9087837837837838,0.3029279279279279,0.3333333333333333,0.3174041297935103,0.9087837837837838,0.0945945945945946,0.0,0.0033783783783783,True,,,,
EfficientNet,2.5D-to-3D,RFN,Right Neural Foraminal Narrowing,right_neural_foraminal_narrowing,2,142,test,L3/L4,nas_best_efficientnet3d_3d,EfficientNet 3D,314,1,,0.7263513513513513,0.2421171171171171,0.3333333333333333,0.2804957599478147,0.7263513513513513,0.2972972972972973,0.0,0.0236486486486486,True,,,,
EfficientNet,2.5D-to-3D,RFN,Right Neural Foraminal Narrowing,right_neural_foraminal_narrowing,2,142,test,L4/L5,nas_best_efficientnet3d_3d,EfficientNet 3D,314,1,,0.5878378378378378,0.1959459459459459,0.3333333333333333,0.2468085106382978,0.5878378378378378,0.5067567567567568,0.0,0.0945945945945946,True,,,,
EfficientNet,2.5D-to-3D,RFN,Right Neural Foraminal Narrowing,right_neural_foraminal_narrowing,2,142,test,L5/S1,nas_best_efficientnet3d_3d,EfficientNet 3D,314,1,,0.625,0.2083333333333333,0.3333333333333333,0.2564102564102564,0.625,0.4527027027027027,0.0,0.0777027027027027,True,,,,
EfficientNet,2.5D-to-3D,RFN,Right Neural Foraminal Narrowing,right_neural_foraminal_narrowing,3,242,train,L1/L2,nas_best_efficientnet3d_3d,EfficientNet 3D,314,1,,0.9672727272727272,0.3224242424242424,0.3333333333333333,0.3277880468268638,0.9672727272727272,0.037090909090909,0.0,0.0043636363636363,True,,,,
EfficientNet,2.5D-to-3D,RFN,Right Neural Foraminal Narrowing,right_neural_foraminal_narrowing,3,242,train,L2/L3,nas_best_efficientnet3d_3d,EfficientNet 3D,314,1,,0.9236363636363636,0.3078787878787878,0.3333333333333333,0.3201008191556395,0.9236363636363636,0.0785454545454545,0.0,0.0021818181818181,True,,,,
EfficientNet,2.5D-to-3D,RFN,Right Neural Foraminal Narrowing,right_neural_foraminal_narrowing,3,242,train,L3/L4,nas_best_efficientnet3d_3d,EfficientNet 3D,314,1,,0.7796363636363637,0.2598787878787879,0.3333333333333333,0.2920583026835581,0.7796363636363637,0.2407272727272727,0.0,0.0203636363636363,True,,,,
EfficientNet,2.5D-to-3D,RFN,Right Neural Foraminal Narrowing,right_neural_foraminal_narrowing,3,242,train,L4/L5,nas_best_efficientnet3d_3d,EfficientNet 3D,314,1,,0.6174545454545455,0.2058181818181818,0.3333333333333333,0.2544964028776978,0.6174545454545455,0.4443636363636363,0.0,0.0618181818181818,True,,,,
EfficientNet,2.5D-to-3D,RFN,Right Neural Foraminal Narrowing,right_neural_foraminal_narrowing,3,242,train,L5/S1,nas_best_efficientnet3d_3d,EfficientNet 3D,314,1,,0.6494545454545455,0.2164848484848485,0.3333333333333333,0.2624926513815402,0.6494545454545455,0.4494545454545454,0.0,0.0989090909090909,True,,,,
EfficientNet,2.5D-to-3D,RFN,Right Neural Foraminal Narrowing,right_neural_foraminal_narrowing,3,242,validation,L1/L2,nas_best_efficientnet3d_3d,EfficientNet 3D,314,1,,0.9625850340136054,0.3208616780045351,0.3333333333333333,0.3269786250722126,0.9625850340136054,0.0476190476190476,0.0,0.010204081632653,True,294,283,8,3
EfficientNet,2.5D-to-3D,RFN,Right Neural Foraminal Narrowing,right_neural_foraminal_narrowing,3,242,validation,L2/L3,nas_best_efficientnet3d_3d,EfficientNet 3D,314,1,,0.8979591836734694,0.2993197278911564,0.3333333333333333,0.3154121863799283,0.8979591836734694,0.1020408163265306,0.0,0.0,True,294,264,30,0
EfficientNet,2.5D-to-3D,RFN,Right Neural Foraminal Narrowing,right_neural_foraminal_narrowing,3,242,validation,L3/L4,nas_best_efficientnet3d_3d,EfficientNet 3D,314,1,,0.7482993197278912,0.2494331065759637,0.3333333333333333,0.2853437094682231,0.7482993197278912,0.2755102040816326,0.0,0.0238095238095238,True,294,220,67,7
EfficientNet,2.5D-to-3D,RFN,Right Neural Foraminal Narrowing,right_neural_foraminal_narrowing,3,242,validation,L4/L5,nas_best_efficientnet3d_3d,EfficientNet 3D,314,1,,0.5986394557823129,0.1995464852607709,0.3333333333333333,0.2496453900709219,0.5986394557823129,0.4829931972789115,0.0,0.0816326530612244,True,294,176,94,24
EfficientNet,2.5D-to-3D,RFN,Right Neural Foraminal Narrowing,right_neural_foraminal_narrowing,3,242,validation,L5/S1,nas_best_efficientnet3d_3d,EfficientNet 3D,314,1,,0.6360544217687075,0.2120181405895691,0.3333333333333333,0.2591822591822592,0.6360544217687075,0.4489795918367347,0.0,0.0850340136054421,True,294,187,82,25
EfficientNet,2.5D-to-3D,RFN,Right Neural Foraminal Narrowing,right_neural_foraminal_narrowing,3,242,test,L1/L2,nas_best_efficientnet3d_3d,EfficientNet 3D,314,1,,0.9324324324324323,0.3108108108108108,0.3333333333333333,0.3216783216783216,0.9324324324324323,0.081081081081081,0.0,0.0135135135135135,True,,,,
EfficientNet,2.5D-to-3D,RFN,Right Neural Foraminal Narrowing,right_neural_foraminal_narrowing,3,242,test,L2/L3,nas_best_efficientnet3d_3d,EfficientNet 3D,314,1,,0.8716216216216216,0.2905405405405405,0.3333333333333333,0.3104693140794224,0.8716216216216216,0.1385135135135135,0.0,0.0101351351351351,True,,,,
EfficientNet,2.5D-to-3D,RFN,Right Neural Foraminal Narrowing,right_neural_foraminal_narrowing,3,242,test,L3/L4,nas_best_efficientnet3d_3d,EfficientNet 3D,314,1,,0.7432432432432432,0.2477477477477477,0.3333333333333333,0.2842377260981912,0.7432432432432432,0.2702702702702703,0.0,0.0135135135135135,True,,,,
EfficientNet,2.5D-to-3D,RFN,Right Neural Foraminal Narrowing,right_neural_foraminal_narrowing,3,242,test,L4/L5,nas_best_efficientnet3d_3d,EfficientNet 3D,314,1,,0.6182432432432432,0.206081081081081,0.3333333333333333,0.2546972860125261,0.6182432432432432,0.4527027027027027,0.0,0.0709459459459459,True,,,,
EfficientNet,2.5D-to-3D,RFN,Right Neural Foraminal Narrowing,right_neural_foraminal_narrowing,3,242,test,L5/S1,nas_best_efficientnet3d_3d,EfficientNet 3D,314,1,,0.6756756756756757,0.2252252252252252,0.3333333333333333,0.2688172043010752,0.6756756756756757,0.4222972972972973,0.0,0.0979729729729729,True,,,,
EfficientNet,2.5D-to-3D,RFN,Right Neural Foraminal Narrowing,right_neural_foraminal_narrowing,4,342,train,L1/L2,nas_best_efficientnet3d_3d,EfficientNet 3D,314,1,,0.9672250546249088,0.3224083515416363,0.3333333333333333,0.3277798346291496,0.9672250546249088,0.0393299344501092,0.0,0.0065549890750182,True,,,,
EfficientNet,2.5D-to-3D,RFN,Right Neural Foraminal Narrowing,right_neural_foraminal_narrowing,4,342,train,L2/L3,nas_best_efficientnet3d_3d,EfficientNet 3D,314,1,,0.9198834668608884,0.3066278222869628,0.3333333333333333,0.3194233687405159,0.9198834668608884,0.0830298616168973,0.0,0.0029133284777858,True,,,,
EfficientNet,2.5D-to-3D,RFN,Right Neural Foraminal Narrowing,right_neural_foraminal_narrowing,4,342,train,L3/L4,nas_best_efficientnet3d_3d,EfficientNet 3D,314,1,,0.7691187181354697,0.2563729060451565,0.3333333333333333,0.2898312062577192,0.7691187181354697,0.2490895848506919,0.0,0.0182083029861616,True,,,,
EfficientNet,2.5D-to-3D,RFN,Right Neural Foraminal Narrowing,right_neural_foraminal_narrowing,4,342,train,L4/L5,nas_best_efficientnet3d_3d,EfficientNet 3D,314,1,,0.6096139839766934,0.2032046613255644,0.3333333333333333,0.2524886877828054,0.6096139839766934,0.4530225782957028,0.0,0.0626365622723962,True,,,,
EfficientNet,2.5D-to-3D,RFN,Right Neural Foraminal Narrowing,right_neural_foraminal_narrowing,4,342,train,L5/S1,nas_best_efficientnet3d_3d,EfficientNet 3D,314,1,,0.6525855790240349,0.2175285263413449,0.3333333333333333,0.2632584104598208,0.6525855790240349,0.4457392571012382,0.0,0.0983248361252731,True,,,,
EfficientNet,2.5D-to-3D,RFN,Right Neural Foraminal Narrowing,right_neural_foraminal_narrowing,4,342,validation,L1/L2,nas_best_efficientnet3d_3d,EfficientNet 3D,314,1,,0.9527027027027029,0.3175675675675676,0.3333333333333333,0.3252595155709342,0.9527027027027029,0.054054054054054,0.0,0.0067567567567567,True,296,282,12,2
EfficientNet,2.5D-to-3D,RFN,Right Neural Foraminal Narrowing,right_neural_foraminal_narrowing,4,342,validation,L2/L3,nas_best_efficientnet3d_3d,EfficientNet 3D,314,1,,0.902027027027027,0.3006756756756756,0.3333333333333333,0.3161634103019538,0.902027027027027,0.0979729729729729,0.0,0.0,True,296,267,29,0
EfficientNet,2.5D-to-3D,RFN,Right Neural Foraminal Narrowing,right_neural_foraminal_narrowing,4,342,validation,L3/L4,nas_best_efficientnet3d_3d,EfficientNet 3D,314,1,,0.8040540540540541,0.268018018018018,0.3333333333333333,0.2971285892634207,0.8040540540540541,0.206081081081081,0.0,0.0101351351351351,True,296,238,55,3
EfficientNet,2.5D-to-3D,RFN,Right Neural Foraminal Narrowing,right_neural_foraminal_narrowing,4,342,validation,L4/L5,nas_best_efficientnet3d_3d,EfficientNet 3D,314,1,,0.6486486486486487,0.2162162162162162,0.3333333333333333,0.2622950819672131,0.6486486486486487,0.4189189189189189,0.0,0.0675675675675675,True,296,192,84,20
EfficientNet,2.5D-to-3D,RFN,Right Neural Foraminal Narrowing,right_neural_foraminal_narrowing,4,342,validation,L5/S1,nas_best_efficientnet3d_3d,EfficientNet 3D,314,1,,0.6317567567567568,0.2105855855855856,0.3333333333333333,0.2581090407177364,0.6317567567567568,0.4729729729729729,0.0,0.1047297297297297,True,296,187,78,31
EfficientNet,2.5D-to-3D,RFN,Right Neural Foraminal Narrowing,right_neural_foraminal_narrowing,4,342,test,L1/L2,nas_best_efficientnet3d_3d,EfficientNet 3D,314,1,,0.9425675675675677,0.3141891891891892,0.3333333333333333,0.3234782608695652,0.9425675675675677,0.0641891891891891,0.0,0.0067567567567567,True,,,,
EfficientNet,2.5D-to-3D,RFN,Right Neural Foraminal Narrowing,right_neural_foraminal_narrowing,4,342,test,L2/L3,nas_best_efficientnet3d_3d,EfficientNet 3D,314,1,,0.8851351351351351,0.295045045045045,0.3333333333333333,0.3130227001194743,0.8851351351351351,0.1216216216216216,0.0,0.0067567567567567,True,,,,
EfficientNet,2.5D-to-3D,RFN,Right Neural Foraminal Narrowing,right_neural_foraminal_narrowing,4,342,test,L3/L4,nas_best_efficientnet3d_3d,EfficientNet 3D,314,1,,0.7364864864864865,0.2454954954954955,0.3333333333333333,0.2827496757457847,0.7364864864864865,0.3006756756756756,0.0,0.0371621621621621,True,,,,
EfficientNet,2.5D-to-3D,RFN,Right Neural Foraminal Narrowing,right_neural_foraminal_narrowing,4,342,test,L4/L5,nas_best_efficientnet3d_3d,EfficientNet 3D,314,1,,0.6047297297297297,0.2015765765765765,0.3333333333333333,0.2512280701754386,0.6047297297297297,0.4763513513513513,0.0,0.081081081081081,True,,,,
EfficientNet,2.5D-to-3D,RFN,Right Neural Foraminal Narrowing,right_neural_foraminal_narrowing,4,342,test,L5/S1,nas_best_efficientnet3d_3d,EfficientNet 3D,314,1,,0.6655405405405406,0.2218468468468468,0.3333333333333333,0.2663962136578769,0.6655405405405406,0.4155405405405405,0.0,0.081081081081081,True,,,,
EfficientNet,2.5D-to-3D,RFN,Right Neural Foraminal Narrowing,right_neural_foraminal_narrowing,5,442,train,L1/L2,nas_best_efficientnet3d_3d,EfficientNet 3D,314,1,,0.9636627906976744,0.3212209302325581,0.3333333333333333,0.3271650629163582,0.9636627906976744,0.0428779069767441,0.0,0.0065406976744186,True,,,,
EfficientNet,2.5D-to-3D,RFN,Right Neural Foraminal Narrowing,right_neural_foraminal_narrowing,5,442,train,L2/L3,nas_best_efficientnet3d_3d,EfficientNet 3D,314,1,,0.9200581395348836,0.3066860465116279,0.3333333333333333,0.3194549583648751,0.9200581395348836,0.0821220930232558,0.0,0.0021802325581395,True,,,,
EfficientNet,2.5D-to-3D,RFN,Right Neural Foraminal Narrowing,right_neural_foraminal_narrowing,5,442,train,L3/L4,nas_best_efficientnet3d_3d,EfficientNet 3D,314,1,,0.7747093023255814,0.2582364341085271,0.3333333333333333,0.291018291018291,0.7747093023255814,0.2441860465116279,0.0,0.0188953488372093,True,,,,
EfficientNet,2.5D-to-3D,RFN,Right Neural Foraminal Narrowing,right_neural_foraminal_narrowing,5,442,train,L4/L5,nas_best_efficientnet3d_3d,EfficientNet 3D,314,1,,0.623546511627907,0.2078488372093023,0.3333333333333333,0.2560429722470904,0.623546511627907,0.4447674418604651,0.0,0.068313953488372,True,,,,
EfficientNet,2.5D-to-3D,RFN,Right Neural Foraminal Narrowing,right_neural_foraminal_narrowing,5,442,train,L5/S1,nas_best_efficientnet3d_3d,EfficientNet 3D,314,1,,0.6475290697674418,0.2158430232558139,0.3333333333333333,0.2620202911336568,0.6475290697674418,0.4469476744186046,0.0,0.0944767441860465,True,,,,
EfficientNet,2.5D-to-3D,RFN,Right Neural Foraminal Narrowing,right_neural_foraminal_narrowing,5,442,validation,L1/L2,nas_best_efficientnet3d_3d,EfficientNet 3D,314,1,,0.9389830508474576,0.3129943502824858,0.3333333333333333,0.3228438228438228,0.9389830508474576,0.0711864406779661,0.0,0.0101694915254237,True,295,277,15,3
EfficientNet,2.5D-to-3D,RFN,Right Neural Foraminal Narrowing,right_neural_foraminal_narrowing,5,442,validation,L2/L3,nas_best_efficientnet3d_3d,EfficientNet 3D,314,1,,0.888135593220339,0.296045197740113,0.3333333333333333,0.3135846798324356,0.888135593220339,0.1220338983050847,0.0,0.0101694915254237,True,295,262,30,3
EfficientNet,2.5D-to-3D,RFN,Right Neural Foraminal Narrowing,right_neural_foraminal_narrowing,5,442,validation,L3/L4,nas_best_efficientnet3d_3d,EfficientNet 3D,314,1,,0.7627118644067796,0.2542372881355932,0.3333333333333333,0.2884615384615385,0.7627118644067796,0.2542372881355932,0.0,0.0169491525423728,True,295,225,65,5
EfficientNet,2.5D-to-3D,RFN,Right Neural Foraminal Narrowing,right_neural_foraminal_narrowing,5,442,validation,L4/L5,nas_best_efficientnet3d_3d,EfficientNet 3D,314,1,,0.6067796610169491,0.2022598870056497,0.3333333333333333,0.2517580872011252,0.6067796610169491,0.4372881355932203,0.0,0.0440677966101694,True,295,179,103,13
EfficientNet,2.5D-to-3D,RFN,Right Neural Foraminal Narrowing,right_neural_foraminal_narrowing,5,442,validation,L5/S1,nas_best_efficientnet3d_3d,EfficientNet 3D,314,1,,0.6372881355932203,0.2124293785310734,0.3333333333333333,0.2594893029675638,0.6372881355932203,0.4711864406779661,0.0,0.1084745762711864,True,295,188,75,32
EfficientNet,2.5D-to-3D,RFN,Right Neural Foraminal Narrowing,right_neural_foraminal_narrowing,5,442,test,L1/L2,nas_best_efficientnet3d_3d,EfficientNet 3D,314,1,,0.9727891156462584,0.3242630385487528,0.3333333333333333,0.328735632183908,0.9727891156462584,0.0306122448979591,0.0,0.0034013605442176,True,,,,
EfficientNet,2.5D-to-3D,RFN,Right Neural Foraminal Narrowing,right_neural_foraminal_narrowing,5,442,test,L2/L3,nas_best_efficientnet3d_3d,EfficientNet 3D,314,1,,0.8979591836734694,0.2993197278911564,0.3333333333333333,0.3154121863799283,0.8979591836734694,0.1020408163265306,0.0,0.0,True,,,,
EfficientNet,2.5D-to-3D,RFN,Right Neural Foraminal Narrowing,right_neural_foraminal_narrowing,5,442,test,L3/L4,nas_best_efficientnet3d_3d,EfficientNet 3D,314,1,,0.7517006802721088,0.2505668934240362,0.3333333333333333,0.286084142394822,0.7517006802721088,0.2755102040816326,0.0,0.0272108843537414,True,,,,
EfficientNet,2.5D-to-3D,RFN,Right Neural Foraminal Narrowing,right_neural_foraminal_narrowing,5,442,test,L4/L5,nas_best_efficientnet3d_3d,EfficientNet 3D,314,1,,0.5816326530612245,0.1938775510204081,0.3333333333333333,0.2451612903225806,0.5816326530612245,0.4965986394557823,0.0,0.0782312925170068,True,,,,
EfficientNet,2.5D-to-3D,RFN,Right Neural Foraminal Narrowing,right_neural_foraminal_narrowing,5,442,test,L5/S1,nas_best_efficientnet3d_3d,EfficientNet 3D,314,1,,0.6836734693877551,0.227891156462585,0.3333333333333333,0.2707070707070707,0.6836734693877551,0.4115646258503401,0.0,0.0952380952380952,True,,,,
EfficientNet,2.5D-to-3D,RSS,Right Subarticular Stenosis,right_subarticular_stenosis,1,42,train,L1/L2,nas_best_efficientnet3d_3d,EfficientNet 3D,216,15,,0.9326465927099842,0.5888181174805379,0.3558558558558558,0.3634678747940691,0.9326465927099842,0.0792393026941362,0.0908587134814026,0.0118858954041204,True,,,,
EfficientNet,2.5D-to-3D,RSS,Right Subarticular Stenosis,right_subarticular_stenosis,1,42,train,L2/L3,nas_best_efficientnet3d_3d,EfficientNet 3D,216,15,,0.8605388272583201,0.4750179211469534,0.3995310245310245,0.4094254291294069,0.8605388272583201,0.1505546751188589,0.3911045796187929,0.011093502377179,True,,,,
EfficientNet,2.5D-to-3D,RSS,Right Subarticular Stenosis,right_subarticular_stenosis,1,42,train,L3/L4,nas_best_efficientnet3d_3d,EfficientNet 3D,216,15,,0.7591125198098256,0.7366935745717346,0.5679302572919595,0.5732613049510156,0.7591125198098256,0.2464342313787638,0.6453235282418113,0.0055467511885895,True,,,,
EfficientNet,2.5D-to-3D,RSS,Right Subarticular Stenosis,right_subarticular_stenosis,1,42,train,L4/L5,nas_best_efficientnet3d_3d,EfficientNet 3D,216,15,,0.6743264659270999,0.6587707107409092,0.6554462858414779,0.6564255256650559,0.6743264659270999,0.3423137876386687,0.6969072979822801,0.0166402535657686,True,,,,
EfficientNet,2.5D-to-3D,RSS,Right Subarticular Stenosis,right_subarticular_stenosis,1,42,train,L5/S1,nas_best_efficientnet3d_3d,EfficientNet 3D,216,15,,0.7694136291600634,0.6121781170221351,0.5842274016524849,0.5943743438815684,0.7694136291600634,0.2606973058637084,0.5887835278480871,0.0301109350237717,True,,,,
EfficientNet,2.5D-to-3D,RSS,Right Subarticular Stenosis,right_subarticular_stenosis,1,42,validation,L1/L2,nas_best_efficientnet3d_3d,EfficientNet 3D,216,15,,0.928030303030303,0.3105196451204056,0.3333333333333333,0.3215223097112861,0.928030303030303,0.0833333333333333,0.1202094739347775,0.0113636363636363,True,264,245,15,4
EfficientNet,2.5D-to-3D,RSS,Right Subarticular Stenosis,right_subarticular_stenosis,1,42,validation,L2/L3,nas_best_efficientnet3d_3d,EfficientNet 3D,216,15,,0.8522727272727273,0.4123809523809523,0.3840937711905454,0.3848085373509102,0.8522727272727273,0.1628787878787878,0.3883336361984372,0.0151515151515151,True,264,222,31,11
EfficientNet,2.5D-to-3D,RSS,Right Subarticular Stenosis,right_subarticular_stenosis,1,42,validation,L3/L4,nas_best_efficientnet3d_3d,EfficientNet 3D,216,15,,0.7234848484848485,0.6361939647653934,0.4765264908529341,0.4813732366923856,0.7234848484848485,0.2803030303030303,0.5592848042876597,0.0037878787878787,True,264,180,61,23
EfficientNet,2.5D-to-3D,RSS,Right Subarticular Stenosis,right_subarticular_stenosis,1,42,validation,L4/L5,nas_best_efficientnet3d_3d,EfficientNet 3D,216,15,,0.678030303030303,0.6706755576724617,0.677523941725238,0.6738057264373053,0.678030303030303,0.3446969696969697,0.6936457863902659,0.0227272727272727,True,264,117,86,61
EfficientNet,2.5D-to-3D,RSS,Right Subarticular Stenosis,right_subarticular_stenosis,1,42,validation,L5/S1,nas_best_efficientnet3d_3d,EfficientNet 3D,216,15,,0.7916666666666666,0.7239121086362953,0.6181895683174455,0.6547153887608627,0.7916666666666666,0.231060606060606,0.6161567877629063,0.0227272727272727,True,264,187,54,23
EfficientNet,2.5D-to-3D,RSS,Right Subarticular Stenosis,right_subarticular_stenosis,1,42,test,L1/L2,nas_best_efficientnet3d_3d,EfficientNet 3D,216,15,,0.920863309352518,0.3069544364508393,0.3333333333333333,0.3196004993757803,0.920863309352518,0.0935251798561151,0.0,0.014388489208633,True,,,,
EfficientNet,2.5D-to-3D,RSS,Right Subarticular Stenosis,right_subarticular_stenosis,1,42,test,L2/L3,nas_best_efficientnet3d_3d,EfficientNet 3D,216,15,,0.8309352517985612,0.3838778409090909,0.3849104859335038,0.3800705467372134,0.8309352517985612,0.1798561151079136,0.4519853562376795,0.0107913669064748,True,,,,
EfficientNet,2.5D-to-3D,RSS,Right Subarticular Stenosis,right_subarticular_stenosis,1,42,test,L3/L4,nas_best_efficientnet3d_3d,EfficientNet 3D,216,15,,0.7553956834532374,0.4509891228293365,0.496875,0.4721156578573458,0.7553956834532374,0.2517985611510791,0.5573819871767287,0.0071942446043165,True,,,,
EfficientNet,2.5D-to-3D,RSS,Right Subarticular Stenosis,right_subarticular_stenosis,1,42,test,L4/L5,nas_best_efficientnet3d_3d,EfficientNet 3D,216,15,,0.6762589928057554,0.6488951915437147,0.6407212159442492,0.6435996694086742,0.6762589928057554,0.3417266187050359,0.6919911364355809,0.0179856115107913,True,,,,
EfficientNet,2.5D-to-3D,RSS,Right Subarticular Stenosis,right_subarticular_stenosis,1,42,test,L5/S1,nas_best_efficientnet3d_3d,EfficientNet 3D,216,15,,0.7086330935251799,0.5510281079041689,0.4937145859131675,0.5049930026803292,0.7086330935251799,0.3237410071942446,0.5089142595439824,0.0323741007194244,True,,,,
EfficientNet,2.5D-to-3D,RSS,Right Subarticular Stenosis,right_subarticular_stenosis,2,142,train,L1/L2,nas_best_efficientnet3d_3d,EfficientNet 3D,216,19,,0.9301032565528196,0.6433492315845256,0.3378378378378379,0.3301409481969613,0.9301032565528196,0.0818109610802224,0.0136076862809779,0.011914217633042,True,,,,
EfficientNet,2.5D-to-3D,RSS,Right Subarticular Stenosis,right_subarticular_stenosis,2,142,train,L2/L3,nas_best_efficientnet3d_3d,EfficientNet 3D,216,19,,0.8594122319301033,0.4704598706770849,0.4425881374558199,0.4504267642127724,0.8594122319301033,0.147736298649722,0.5054035941796782,0.0071485305798252,True,,,,
EfficientNet,2.5D-to-3D,RSS,Right Subarticular Stenosis,right_subarticular_stenosis,2,142,train,L3/L4,nas_best_efficientnet3d_3d,EfficientNet 3D,216,19,,0.778395552025417,0.6997259514106619,0.6047277818960547,0.6310080970890494,0.778395552025417,0.2351072279586973,0.6717416724606535,0.0135027799841143,True,,,,
EfficientNet,2.5D-to-3D,RSS,Right Subarticular Stenosis,right_subarticular_stenosis,2,142,train,L4/L5,nas_best_efficientnet3d_3d,EfficientNet 3D,216,19,,0.6822875297855441,0.6901286717582714,0.6280727943917959,0.6413116908955231,0.6822875297855441,0.3328038125496426,0.6895258138060356,0.0150913423351866,True,,,,
EfficientNet,2.5D-to-3D,RSS,Right Subarticular Stenosis,right_subarticular_stenosis,2,142,train,L5/S1,nas_best_efficientnet3d_3d,EfficientNet 3D,216,19,,0.7664813343923749,0.6149872310955288,0.5497162125025763,0.5587620074076874,0.7664813343923749,0.2597299444003177,0.5974359871416961,0.0262112787926926,True,,,,
EfficientNet,2.5D-to-3D,RSS,Right Subarticular Stenosis,right_subarticular_stenosis,2,142,validation,L1/L2,nas_best_efficientnet3d_3d,EfficientNet 3D,216,19,,0.9416058394160584,0.3138686131386861,0.3333333333333333,0.3233082706766917,0.9416058394160584,0.072992700729927,0.0,0.0145985401459854,True,274,258,12,4
EfficientNet,2.5D-to-3D,RSS,Right Subarticular Stenosis,right_subarticular_stenosis,2,142,validation,L2/L3,nas_best_efficientnet3d_3d,EfficientNet 3D,216,19,,0.8832116788321168,0.4974152191894127,0.4718084658756207,0.4812889812889813,0.8832116788321168,0.1240875912408759,0.518319763138416,0.0072992700729927,True,274,233,34,7
EfficientNet,2.5D-to-3D,RSS,Right Subarticular Stenosis,right_subarticular_stenosis,2,142,validation,L3/L4,nas_best_efficientnet3d_3d,EfficientNet 3D,216,19,,0.781021897810219,0.7497907827236743,0.6322104910340204,0.6712375908408218,0.781021897810219,0.2262773722627737,0.6939894409097063,0.0072992700729927,True,274,180,68,26
EfficientNet,2.5D-to-3D,RSS,Right Subarticular Stenosis,right_subarticular_stenosis,2,142,validation,L4/L5,nas_best_efficientnet3d_3d,EfficientNet 3D,216,19,,0.6642335766423357,0.650323383084577,0.6174171842650104,0.6262799564270153,0.6642335766423357,0.3576642335766423,0.6471387093752927,0.0218978102189781,True,274,138,80,56
EfficientNet,2.5D-to-3D,RSS,Right Subarticular Stenosis,right_subarticular_stenosis,2,142,validation,L5/S1,nas_best_efficientnet3d_3d,EfficientNet 3D,216,19,,0.7445255474452555,0.5719773840173659,0.5759491081656031,0.5603984534217091,0.7445255474452555,0.291970802919708,0.5765593126043148,0.0364963503649635,True,274,194,56,24
EfficientNet,2.5D-to-3D,RSS,Right Subarticular Stenosis,right_subarticular_stenosis,2,142,test,L1/L2,nas_best_efficientnet3d_3d,EfficientNet 3D,216,19,,0.904059040590406,0.3013530135301352,0.3333333333333333,0.3165374677002584,0.904059040590406,0.1143911439114391,0.0,0.018450184501845,True,,,,
EfficientNet,2.5D-to-3D,RSS,Right Subarticular Stenosis,right_subarticular_stenosis,2,142,test,L2/L3,nas_best_efficientnet3d_3d,EfficientNet 3D,216,19,,0.8634686346863468,0.4368508720360572,0.4575917909251242,0.4469760900140647,0.8634686346863468,0.1512915129151291,0.4898382573283645,0.014760147601476,True,,,,
EfficientNet,2.5D-to-3D,RSS,Right Subarticular Stenosis,right_subarticular_stenosis,2,142,test,L3/L4,nas_best_efficientnet3d_3d,EfficientNet 3D,216,19,,0.7822878228782287,0.7196832661363554,0.6460707780379912,0.6716203020648464,0.7822878228782287,0.2287822878228782,0.7044616223498091,0.011070110701107,True,,,,
EfficientNet,2.5D-to-3D,RSS,Right Subarticular Stenosis,right_subarticular_stenosis,2,142,test,L4/L5,nas_best_efficientnet3d_3d,EfficientNet 3D,216,19,,0.6937269372693727,0.6945765797509984,0.6547084546400552,0.6624728793403493,0.6937269372693727,0.3099630996309963,0.7376573088092933,0.003690036900369,True,,,,
EfficientNet,2.5D-to-3D,RSS,Right Subarticular Stenosis,right_subarticular_stenosis,2,142,test,L5/S1,nas_best_efficientnet3d_3d,EfficientNet 3D,216,19,,0.7380073800738007,0.5310492985792092,0.5655249529190208,0.527386240169338,0.7380073800738007,0.2804428044280442,0.6177338931898702,0.018450184501845,True,,,,
EfficientNet,2.5D-to-3D,RSS,Right Subarticular Stenosis,right_subarticular_stenosis,3,242,train,L1/L2,nas_best_efficientnet3d_3d,EfficientNet 3D,216,15,,0.9396825396825396,0.5012165450121655,0.4043774535219613,0.4279445367677607,0.9396825396825396,0.0682539682539682,0.3357801450183512,0.0079365079365079,True,,,,
EfficientNet,2.5D-to-3D,RSS,Right Subarticular Stenosis,right_subarticular_stenosis,3,242,train,L2/L3,nas_best_efficientnet3d_3d,EfficientNet 3D,216,15,,0.8579365079365079,0.6079763205854204,0.5611423941249475,0.5351435436298398,0.8579365079365079,0.1619047619047619,0.5582279424553382,0.0198412698412698,True,,,,
EfficientNet,2.5D-to-3D,RSS,Right Subarticular Stenosis,right_subarticular_stenosis,3,242,train,L3/L4,nas_best_efficientnet3d_3d,EfficientNet 3D,216,15,,0.746031746031746,0.6116559278963563,0.6891807493537975,0.6163393483436977,0.746031746031746,0.2849206349206349,0.6819431608133086,0.0309523809523809,True,,,,
EfficientNet,2.5D-to-3D,RSS,Right Subarticular Stenosis,right_subarticular_stenosis,3,242,train,L4/L5,nas_best_efficientnet3d_3d,EfficientNet 3D,216,15,,0.7126984126984127,0.6935033289012392,0.7140381652486903,0.6999191359277331,0.7126984126984127,0.2984126984126984,0.7545990975355779,0.0111111111111111,True,,,,
EfficientNet,2.5D-to-3D,RSS,Right Subarticular Stenosis,right_subarticular_stenosis,3,242,train,L5/S1,nas_best_efficientnet3d_3d,EfficientNet 3D,216,15,,0.7579365079365079,0.7390151314511715,0.4250837044874244,0.4150928636855879,0.7579365079365079,0.2714285714285714,0.4317334212215303,0.0293650793650793,True,,,,
EfficientNet,2.5D-to-3D,RSS,Right Subarticular Stenosis,right_subarticular_stenosis,3,242,validation,L1/L2,nas_best_efficientnet3d_3d,EfficientNet 3D,216,15,,0.9138576779026216,0.4723270440251572,0.34784022898777,0.3472566270892059,0.9138576779026216,0.0936329588014981,0.0530757001345235,0.0074906367041198,True,267,244,21,2
EfficientNet,2.5D-to-3D,RSS,Right Subarticular Stenosis,right_subarticular_stenosis,3,242,validation,L2/L3,nas_best_efficientnet3d_3d,EfficientNet 3D,216,15,,0.8314606741573034,0.5969732022363602,0.487080539008155,0.5120950888192267,0.8314606741573034,0.1760299625468165,0.5072909505373231,0.0074906367041198,True,267,217,41,9
EfficientNet,2.5D-to-3D,RSS,Right Subarticular Stenosis,right_subarticular_stenosis,3,242,validation,L3/L4,nas_best_efficientnet3d_3d,EfficientNet 3D,216,15,,0.7453183520599251,0.6143592677345538,0.6914295071995883,0.6125186417727905,0.7453183520599251,0.2734082397003745,0.6862870004671509,0.0187265917602996,True,267,177,69,21
EfficientNet,2.5D-to-3D,RSS,Right Subarticular Stenosis,right_subarticular_stenosis,3,242,validation,L4/L5,nas_best_efficientnet3d_3d,EfficientNet 3D,216,15,,0.7078651685393258,0.6986111111111111,0.720461529759997,0.7040764672602209,0.7078651685393258,0.3220973782771535,0.7108610255865804,0.0299625468164794,True,267,118,87,62
EfficientNet,2.5D-to-3D,RSS,Right Subarticular Stenosis,right_subarticular_stenosis,3,242,validation,L5/S1,nas_best_efficientnet3d_3d,EfficientNet 3D,216,15,,0.7153558052434457,0.4188283299329641,0.4400400947694551,0.4235010657029006,0.7153558052434457,0.3333333333333333,0.367050771989858,0.048689138576779,True,267,177,62,28
EfficientNet,2.5D-to-3D,RSS,Right Subarticular Stenosis,right_subarticular_stenosis,3,242,test,L1/L2,nas_best_efficientnet3d_3d,EfficientNet 3D,216,15,,0.9169675090252708,0.3922466422466422,0.3503267973856209,0.3511904761904762,0.9169675090252708,0.0974729241877256,0.1297908625796607,0.0144404332129963,True,,,,
EfficientNet,2.5D-to-3D,RSS,Right Subarticular Stenosis,right_subarticular_stenosis,3,242,test,L2/L3,nas_best_efficientnet3d_3d,EfficientNet 3D,216,15,,0.851985559566787,0.5495811241250537,0.5755432931398596,0.5031483667847304,0.851985559566787,0.1660649819494584,0.5905827702702703,0.0180505415162454,True,,,,
EfficientNet,2.5D-to-3D,RSS,Right Subarticular Stenosis,right_subarticular_stenosis,3,242,test,L3/L4,nas_best_efficientnet3d_3d,EfficientNet 3D,216,15,,0.7725631768953068,0.6413026819923372,0.6891956844405884,0.6342382854010761,0.7725631768953068,0.2382671480144404,0.7522361359570662,0.0108303249097472,True,,,,
EfficientNet,2.5D-to-3D,RSS,Right Subarticular Stenosis,right_subarticular_stenosis,3,242,test,L4/L5,nas_best_efficientnet3d_3d,EfficientNet 3D,216,15,,0.631768953068592,0.6288484227916424,0.6323652274093509,0.6298070362182374,0.631768953068592,0.3754512635379061,0.6974942868121423,0.0072202166064981,True,,,,
EfficientNet,2.5D-to-3D,RSS,Right Subarticular Stenosis,right_subarticular_stenosis,3,242,test,L5/S1,nas_best_efficientnet3d_3d,EfficientNet 3D,216,15,,0.7184115523465704,0.7681577681577682,0.4421941678520626,0.4542003228500555,0.7184115523465704,0.3068592057761732,0.3501812753252292,0.0252707581227436,True,,,,
EfficientNet,2.5D-to-3D,RSS,Right Subarticular Stenosis,right_subarticular_stenosis,4,342,train,L1/L2,nas_best_efficientnet3d_3d,EfficientNet 3D,216,11,,0.9264240506329114,0.3088080168776371,0.3333333333333333,0.320602327173169,0.9264240506329114,0.0878164556962025,0.0,0.0142405063291139,True,,,,
EfficientNet,2.5D-to-3D,RSS,Right Subarticular Stenosis,right_subarticular_stenosis,4,342,train,L2/L3,nas_best_efficientnet3d_3d,EfficientNet 3D,216,11,,0.8504746835443038,0.4441648023862789,0.3948063943556958,0.4002392445449859,0.8504746835443038,0.1590189873417721,0.4109166832372242,0.0094936708860759,True,,,,
EfficientNet,2.5D-to-3D,RSS,Right Subarticular Stenosis,right_subarticular_stenosis,4,342,train,L3/L4,nas_best_efficientnet3d_3d,EfficientNet 3D,216,11,,0.747626582278481,0.6774571330017469,0.4933645954902818,0.5186009411918596,0.747626582278481,0.2674050632911392,0.5676029761504016,0.0150316455696202,True,,,,
EfficientNet,2.5D-to-3D,RSS,Right Subarticular Stenosis,right_subarticular_stenosis,4,342,train,L4/L5,nas_best_efficientnet3d_3d,EfficientNet 3D,216,11,,0.6621835443037974,0.6968280987019565,0.6064505742812486,0.6198411780046587,0.6621835443037974,0.3441455696202531,0.679842208009561,0.0063291139240506,True,,,,
EfficientNet,2.5D-to-3D,RSS,Right Subarticular Stenosis,right_subarticular_stenosis,4,342,train,L5/S1,nas_best_efficientnet3d_3d,EfficientNet 3D,216,11,,0.7468354430379747,0.4118025648875735,0.4434794156706507,0.4263203463203464,0.7468354430379747,0.2737341772151899,0.4774266060859141,0.0205696202531645,True,,,,
EfficientNet,2.5D-to-3D,RSS,Right Subarticular Stenosis,right_subarticular_stenosis,4,342,validation,L1/L2,nas_best_efficientnet3d_3d,EfficientNet 3D,216,11,,0.9411764705882352,0.3137254901960784,0.3333333333333333,0.3232323232323232,0.9411764705882352,0.0735294117647058,0.0,0.0147058823529411,True,272,256,12,4
EfficientNet,2.5D-to-3D,RSS,Right Subarticular Stenosis,right_subarticular_stenosis,4,342,validation,L2/L3,nas_best_efficientnet3d_3d,EfficientNet 3D,216,11,,0.8860294117647058,0.4945930563460443,0.4552430842753423,0.4686227861485593,0.8860294117647058,0.125,0.4524408656265728,0.0110294117647058,True,272,234,31,7
EfficientNet,2.5D-to-3D,RSS,Right Subarticular Stenosis,right_subarticular_stenosis,4,342,validation,L3/L4,nas_best_efficientnet3d_3d,EfficientNet 3D,216,11,,0.7316176470588235,0.7407164700742683,0.4897500179537902,0.5179070903821527,0.7316176470588235,0.2830882352941176,0.5494933749025721,0.0147058823529411,True,272,183,62,27
EfficientNet,2.5D-to-3D,RSS,Right Subarticular Stenosis,right_subarticular_stenosis,4,342,validation,L4/L5,nas_best_efficientnet3d_3d,EfficientNet 3D,216,11,,0.6911764705882353,0.7328042328042329,0.6376920858567132,0.6542026600850129,0.6911764705882353,0.3272058823529412,0.6634504824276358,0.0183823529411764,True,272,124,90,58
EfficientNet,2.5D-to-3D,RSS,Right Subarticular Stenosis,right_subarticular_stenosis,4,342,validation,L5/S1,nas_best_efficientnet3d_3d,EfficientNet 3D,216,11,,0.7205882352941176,0.4261777121694766,0.4561835907547376,0.4387994434506062,0.7205882352941176,0.3051470588235294,0.4490937943706673,0.025735294117647,True,272,179,68,25
EfficientNet,2.5D-to-3D,RSS,Right Subarticular Stenosis,right_subarticular_stenosis,4,342,test,L1/L2,nas_best_efficientnet3d_3d,EfficientNet 3D,216,11,,0.917910447761194,0.3059701492537313,0.3333333333333333,0.3190661478599222,0.917910447761194,0.0895522388059701,0.0,0.0074626865671641,True,,,,
EfficientNet,2.5D-to-3D,RSS,Right Subarticular Stenosis,right_subarticular_stenosis,4,342,test,L2/L3,nas_best_efficientnet3d_3d,EfficientNet 3D,216,11,,0.8582089552238806,0.4311150547175392,0.4271179902598968,0.4259259259259259,0.8582089552238806,0.1492537313432835,0.5594410819696629,0.0074626865671641,True,,,,
EfficientNet,2.5D-to-3D,RSS,Right Subarticular Stenosis,right_subarticular_stenosis,4,342,test,L3/L4,nas_best_efficientnet3d_3d,EfficientNet 3D,216,11,,0.746268656716418,0.7477954144620811,0.4786846342910416,0.4920754716981132,0.746268656716418,0.2686567164179104,0.5566400595558129,0.0149253731343283,True,,,,
EfficientNet,2.5D-to-3D,RSS,Right Subarticular Stenosis,right_subarticular_stenosis,4,342,test,L4/L5,nas_best_efficientnet3d_3d,EfficientNet 3D,216,11,,0.6380597014925373,0.6783888925221513,0.5820860061772392,0.5879748008152678,0.6380597014925373,0.3843283582089552,0.607568503616176,0.0223880597014925,True,,,,
EfficientNet,2.5D-to-3D,RSS,Right Subarticular Stenosis,right_subarticular_stenosis,4,342,test,L5/S1,nas_best_efficientnet3d_3d,EfficientNet 3D,216,11,,0.7723880597014925,0.4396237125942746,0.4743798486734987,0.4562807881773399,0.7723880597014925,0.2388059701492537,0.5166194279824788,0.0111940298507462,True,,,,
EfficientNet,2.5D-to-3D,RSS,Right Subarticular Stenosis,right_subarticular_stenosis,5,442,train,L1/L2,nas_best_efficientnet3d_3d,EfficientNet 3D,216,15,,0.926751592356688,0.5912494585060957,0.375968992248062,0.3948865392938849,0.926751592356688,0.0851910828025477,0.1672538619381315,0.0119426751592356,True,,,,
EfficientNet,2.5D-to-3D,RSS,Right Subarticular Stenosis,right_subarticular_stenosis,5,442,train,L2/L3,nas_best_efficientnet3d_3d,EfficientNet 3D,216,15,,0.8614649681528662,0.6171988608340095,0.5835931215772864,0.5501938551012326,0.8614649681528662,0.1520700636942675,0.62945674635226,0.0135350318471337,True,,,,
EfficientNet,2.5D-to-3D,RSS,Right Subarticular Stenosis,right_subarticular_stenosis,5,442,train,L3/L4,nas_best_efficientnet3d_3d,EfficientNet 3D,216,15,,0.7476114649681529,0.6120218102508178,0.6760946599188946,0.5995284054930043,0.7476114649681529,0.2810509554140127,0.6903345871553246,0.0286624203821656,True,,,,
EfficientNet,2.5D-to-3D,RSS,Right Subarticular Stenosis,right_subarticular_stenosis,5,442,train,L4/L5,nas_best_efficientnet3d_3d,EfficientNet 3D,216,15,,0.679140127388535,0.6593395057768654,0.6822594894579765,0.666530819394607,0.679140127388535,0.3343949044585987,0.7271564119372419,0.0135350318471337,True,,,,
EfficientNet,2.5D-to-3D,RSS,Right Subarticular Stenosis,right_subarticular_stenosis,5,442,train,L5/S1,nas_best_efficientnet3d_3d,EfficientNet 3D,216,15,,0.7571656050955414,0.6213818509776257,0.5222760778316334,0.5477679639368306,0.7571656050955414,0.2754777070063694,0.5157917492343722,0.0326433121019108,True,,,,
EfficientNet,2.5D-to-3D,RSS,Right Subarticular Stenosis,right_subarticular_stenosis,5,442,validation,L1/L2,nas_best_efficientnet3d_3d,EfficientNet 3D,216,15,,0.9597069597069596,0.321078431372549,0.3333333333333333,0.3270911360799001,0.9597069597069596,0.0512820512820512,0.1628334866605335,0.0109890109890109,True,273,262,7,4
EfficientNet,2.5D-to-3D,RSS,Right Subarticular Stenosis,right_subarticular_stenosis,5,442,validation,L2/L3,nas_best_efficientnet3d_3d,EfficientNet 3D,216,15,,0.8498168498168498,0.5987849685328678,0.6601104209799863,0.5605449794699514,0.8498168498168498,0.1721611721611721,0.5336576044471467,0.0219780219780219,True,273,230,36,7
EfficientNet,2.5D-to-3D,RSS,Right Subarticular Stenosis,right_subarticular_stenosis,5,442,validation,L3/L4,nas_best_efficientnet3d_3d,EfficientNet 3D,216,15,,0.706959706959707,0.5559092248747421,0.6572686972686972,0.564960766107743,0.706959706959707,0.3296703296703296,0.6455884435632346,0.0366300366300366,True,273,185,63,25
EfficientNet,2.5D-to-3D,RSS,Right Subarticular Stenosis,right_subarticular_stenosis,5,442,validation,L4/L5,nas_best_efficientnet3d_3d,EfficientNet 3D,216,15,,0.7106227106227107,0.6843159174486312,0.7073013517586775,0.6912024693796196,0.7106227106227107,0.3003663003663003,0.755868544600939,0.0109890109890109,True,273,129,85,59
EfficientNet,2.5D-to-3D,RSS,Right Subarticular Stenosis,right_subarticular_stenosis,5,442,validation,L5/S1,nas_best_efficientnet3d_3d,EfficientNet 3D,216,15,,0.7875457875457875,0.6611344048450967,0.6310330057949106,0.6405488121174395,0.7875457875457875,0.2417582417582417,0.6479967293540474,0.0293040293040293,True,273,196,50,27
EfficientNet,2.5D-to-3D,RSS,Right Subarticular Stenosis,right_subarticular_stenosis,5,442,test,L1/L2,nas_best_efficientnet3d_3d,EfficientNet 3D,216,15,,0.9418181818181818,0.6472019464720195,0.3571428571428571,0.3677527151211361,0.9418181818181818,0.069090909090909,0.0690589031821259,0.0109090909090909,True,,,,
EfficientNet,2.5D-to-3D,RSS,Right Subarticular Stenosis,right_subarticular_stenosis,5,442,test,L2/L3,nas_best_efficientnet3d_3d,EfficientNet 3D,216,15,,0.8218181818181818,0.4686132580869422,0.5278031042223182,0.4297069019178552,0.8218181818181818,0.2072727272727272,0.4849262347658756,0.029090909090909,True,,,,
EfficientNet,2.5D-to-3D,RSS,Right Subarticular Stenosis,right_subarticular_stenosis,5,442,test,L3/L4,nas_best_efficientnet3d_3d,EfficientNet 3D,216,15,,0.7127272727272728,0.5655314757481941,0.6685200131527815,0.5695906432748538,0.7127272727272728,0.3381818181818182,0.6373415583141695,0.0509090909090909,True,,,,
EfficientNet,2.5D-to-3D,RSS,Right Subarticular Stenosis,right_subarticular_stenosis,5,442,test,L4/L5,nas_best_efficientnet3d_3d,EfficientNet 3D,216,15,,0.68,0.6618773946360154,0.6802112029384757,0.6647272551777391,0.68,0.3636363636363636,0.6723044397463002,0.0436363636363636,True,,,,
EfficientNet,2.5D-to-3D,RSS,Right Subarticular Stenosis,right_subarticular_stenosis,5,442,test,L5/S1,nas_best_efficientnet3d_3d,EfficientNet 3D,216,15,,0.7527272727272727,0.600697063572261,0.5877353928429198,0.5844800950683303,0.7527272727272727,0.2654545454545454,0.6394439617723718,0.0181818181818181,True,,,,
EfficientNet,2.5D-to-3D,SCS,Spinal Canal Stenosis,spinal_canal_stenosis,1,42,train,L1/L2,nas_best_efficientnet3d_3d,EfficientNet 3D,361,1,,0.9555388093443858,0.3185129364481286,0.3333333333333333,0.3257546563904945,0.9555388093443858,0.0550113036925395,0.0,0.0105501130369253,True,,,,
EfficientNet,2.5D-to-3D,SCS,Spinal Canal Stenosis,spinal_canal_stenosis,1,42,train,L2/L3,nas_best_efficientnet3d_3d,EfficientNet 3D,361,1,,0.8967596081386586,0.2989198693795529,0.3333333333333333,0.315190041054165,0.8967596081386586,0.1326299924642049,0.0,0.0293896006028636,True,,,,
EfficientNet,2.5D-to-3D,SCS,Spinal Canal Stenosis,spinal_canal_stenosis,1,42,train,L3/L4,nas_best_efficientnet3d_3d,EfficientNet 3D,361,1,,0.8221552373775434,0.2740517457925144,0.3333333333333333,0.300799558864075,0.8221552373775434,0.2388847023360964,0.0,0.0610399397136397,True,,,,
EfficientNet,2.5D-to-3D,SCS,Spinal Canal Stenosis,spinal_canal_stenosis,1,42,train,L4/L5,nas_best_efficientnet3d_3d,EfficientNet 3D,361,1,,0.7498116051243406,0.2499372017081135,0.3333333333333333,0.2856732701693942,0.7498116051243406,0.3798040693293142,0.0,0.1296156744536548,True,,,,
EfficientNet,2.5D-to-3D,SCS,Spinal Canal Stenosis,spinal_canal_stenosis,1,42,train,L5/S1,nas_best_efficientnet3d_3d,EfficientNet 3D,361,1,,0.9660889223813112,0.3220296407937704,0.3333333333333333,0.3275840040884119,0.9660889223813112,0.0437076111529766,0.0,0.0097965335342878,True,,,,
EfficientNet,2.5D-to-3D,SCS,Spinal Canal Stenosis,spinal_canal_stenosis,1,42,validation,L1/L2,nas_best_efficientnet3d_3d,EfficientNet 3D,361,1,,0.9335664335664337,0.3111888111888112,0.3333333333333333,0.321880650994575,0.9335664335664337,0.0804195804195804,0.0,0.0139860139860139,True,286,267,15,4
EfficientNet,2.5D-to-3D,SCS,Spinal Canal Stenosis,spinal_canal_stenosis,1,42,validation,L2/L3,nas_best_efficientnet3d_3d,EfficientNet 3D,361,1,,0.8811188811188811,0.2937062937062937,0.3333333333333333,0.312267657992565,0.8811188811188811,0.1468531468531468,0.0,0.0279720279720279,True,286,252,26,8
EfficientNet,2.5D-to-3D,SCS,Spinal Canal Stenosis,spinal_canal_stenosis,1,42,validation,L3/L4,nas_best_efficientnet3d_3d,EfficientNet 3D,361,1,,0.8111888111888111,0.2703962703962704,0.3333333333333333,0.2985842985842986,0.8111888111888111,0.2622377622377622,0.0,0.0734265734265734,True,286,232,33,21
EfficientNet,2.5D-to-3D,SCS,Spinal Canal Stenosis,spinal_canal_stenosis,1,42,validation,L4/L5,nas_best_efficientnet3d_3d,EfficientNet 3D,361,1,,0.7552447552447552,0.2517482517482517,0.3333333333333333,0.2868525896414343,0.7552447552447552,0.3636363636363636,0.0,0.1188811188811188,True,286,216,36,34
EfficientNet,2.5D-to-3D,SCS,Spinal Canal Stenosis,spinal_canal_stenosis,1,42,validation,L5/S1,nas_best_efficientnet3d_3d,EfficientNet 3D,361,1,,0.958041958041958,0.3193473193473193,0.3333333333333333,0.3261904761904762,0.958041958041958,0.0524475524475524,0.0,0.0104895104895104,True,286,274,9,3
EfficientNet,2.5D-to-3D,SCS,Spinal Canal Stenosis,spinal_canal_stenosis,1,42,test,L1/L2,nas_best_efficientnet3d_3d,EfficientNet 3D,361,1,,0.972027972027972,0.324009324009324,0.3333333333333333,0.3286052009456264,0.972027972027972,0.0384615384615384,0.0,0.0104895104895104,True,,,,
EfficientNet,2.5D-to-3D,SCS,Spinal Canal Stenosis,spinal_canal_stenosis,1,42,test,L2/L3,nas_best_efficientnet3d_3d,EfficientNet 3D,361,1,,0.9090909090909092,0.303030303030303,0.3333333333333333,0.3174603174603174,0.9090909090909092,0.1083916083916083,0.0,0.0174825174825174,True,,,,
EfficientNet,2.5D-to-3D,SCS,Spinal Canal Stenosis,spinal_canal_stenosis,1,42,test,L3/L4,nas_best_efficientnet3d_3d,EfficientNet 3D,361,1,,0.8321678321678322,0.2773892773892774,0.3333333333333333,0.3027989821882951,0.8321678321678322,0.2202797202797203,0.0,0.0524475524475524,True,,,,
EfficientNet,2.5D-to-3D,SCS,Spinal Canal Stenosis,spinal_canal_stenosis,1,42,test,L4/L5,nas_best_efficientnet3d_3d,EfficientNet 3D,361,1,,0.7587412587412588,0.2529137529137529,0.3333333333333333,0.2876076872100729,0.7587412587412588,0.3811188811188811,0.0,0.1398601398601398,True,,,,
EfficientNet,2.5D-to-3D,SCS,Spinal Canal Stenosis,spinal_canal_stenosis,1,42,test,L5/S1,nas_best_efficientnet3d_3d,EfficientNet 3D,361,1,,0.9615384615384616,0.3205128205128205,0.3333333333333333,0.326797385620915,0.9615384615384616,0.0489510489510489,0.0,0.0104895104895104,True,,,,
EfficientNet,2.5D-to-3D,SCS,Spinal Canal Stenosis,spinal_canal_stenosis,2,142,train,L1/L2,nas_best_efficientnet3d_3d,EfficientNet 3D,361,1,,0.9578947368421052,0.3192982456140351,0.3333333333333333,0.3261648745519713,0.9578947368421052,0.0511278195488721,0.0,0.0090225563909774,True,,,,
EfficientNet,2.5D-to-3D,SCS,Spinal Canal Stenosis,spinal_canal_stenosis,2,142,train,L2/L3,nas_best_efficientnet3d_3d,EfficientNet 3D,361,1,,0.8969924812030076,0.2989974937343359,0.3333333333333333,0.3152331880036993,0.8969924812030076,0.1285714285714285,0.0,0.025563909774436,True,,,,
EfficientNet,2.5D-to-3D,SCS,Spinal Canal Stenosis,spinal_canal_stenosis,2,142,train,L3/L4,nas_best_efficientnet3d_3d,EfficientNet 3D,361,1,,0.8225563909774436,0.2741854636591478,0.3333333333333333,0.3008800880088009,0.8225563909774436,0.2413533834586466,0.0,0.0639097744360902,True,,,,
EfficientNet,2.5D-to-3D,SCS,Spinal Canal Stenosis,spinal_canal_stenosis,2,142,train,L4/L5,nas_best_efficientnet3d_3d,EfficientNet 3D,361,1,,0.7526315789473684,0.2508771929824561,0.3333333333333333,0.2862862862862863,0.7526315789473684,0.3796992481203007,0.0,0.1323308270676691,True,,,,
EfficientNet,2.5D-to-3D,SCS,Spinal Canal Stenosis,spinal_canal_stenosis,2,142,train,L5/S1,nas_best_efficientnet3d_3d,EfficientNet 3D,361,1,,0.9639097744360904,0.3213032581453634,0.3333333333333333,0.3272077590607453,0.9639097744360904,0.0451127819548872,0.0,0.0090225563909774,True,,,,
EfficientNet,2.5D-to-3D,SCS,Spinal Canal Stenosis,spinal_canal_stenosis,2,142,validation,L1/L2,nas_best_efficientnet3d_3d,EfficientNet 3D,361,1,,0.9375,0.3125,0.3333333333333333,0.3225806451612903,0.9375,0.0763888888888889,0.0,0.0138888888888888,True,288,270,14,4
EfficientNet,2.5D-to-3D,SCS,Spinal Canal Stenosis,spinal_canal_stenosis,2,142,validation,L2/L3,nas_best_efficientnet3d_3d,EfficientNet 3D,361,1,,0.8923611111111112,0.2974537037037037,0.3333333333333333,0.3143730886850153,0.8923611111111112,0.1388888888888889,0.0,0.03125,True,288,257,22,9
EfficientNet,2.5D-to-3D,SCS,Spinal Canal Stenosis,spinal_canal_stenosis,2,142,validation,L3/L4,nas_best_efficientnet3d_3d,EfficientNet 3D,361,1,,0.8125,0.2708333333333333,0.3333333333333333,0.2988505747126437,0.8125,0.2395833333333333,0.0,0.0520833333333333,True,288,234,39,15
EfficientNet,2.5D-to-3D,SCS,Spinal Canal Stenosis,spinal_canal_stenosis,2,142,validation,L4/L5,nas_best_efficientnet3d_3d,EfficientNet 3D,361,1,,0.75,0.25,0.3333333333333333,0.2857142857142857,0.75,0.375,0.0,0.125,True,288,216,36,36
EfficientNet,2.5D-to-3D,SCS,Spinal Canal Stenosis,spinal_canal_stenosis,2,142,validation,L5/S1,nas_best_efficientnet3d_3d,EfficientNet 3D,361,1,,0.9583333333333334,0.3194444444444445,0.3333333333333333,0.326241134751773,0.9583333333333334,0.0520833333333333,0.0,0.0104166666666666,True,288,276,9,3
EfficientNet,2.5D-to-3D,SCS,Spinal Canal Stenosis,spinal_canal_stenosis,2,142,test,L1/L2,nas_best_efficientnet3d_3d,EfficientNet 3D,361,1,,0.9572953736654805,0.3190984578884935,0.3333333333333333,0.326060606060606,0.9572953736654805,0.0604982206405693,0.0,0.0177935943060498,True,,,,
EfficientNet,2.5D-to-3D,SCS,Spinal Canal Stenosis,spinal_canal_stenosis,2,142,test,L2/L3,nas_best_efficientnet3d_3d,EfficientNet 3D,361,1,,0.896797153024911,0.298932384341637,0.3333333333333333,0.3151969981238274,0.896797153024911,0.1352313167259786,0.0,0.0320284697508896,True,,,,
EfficientNet,2.5D-to-3D,SCS,Spinal Canal Stenosis,spinal_canal_stenosis,2,142,test,L3/L4,nas_best_efficientnet3d_3d,EfficientNet 3D,361,1,,0.8291814946619217,0.2763938315539739,0.3333333333333333,0.3022049286640726,0.8291814946619217,0.2313167259786477,0.0,0.0604982206405693,True,,,,
EfficientNet,2.5D-to-3D,SCS,Spinal Canal Stenosis,spinal_canal_stenosis,2,142,test,L4/L5,nas_best_efficientnet3d_3d,EfficientNet 3D,361,1,,0.7508896797153025,0.2502965599051008,0.3333333333333333,0.2859078590785908,0.7508896797153025,0.3701067615658363,0.0,0.1209964412811387,True,,,,
EfficientNet,2.5D-to-3D,SCS,Spinal Canal Stenosis,spinal_canal_stenosis,2,142,test,L5/S1,nas_best_efficientnet3d_3d,EfficientNet 3D,361,1,,0.9715302491103204,0.3238434163701068,0.3333333333333333,0.3285198555956679,0.9715302491103204,0.0427046263345195,0.0,0.0142348754448398,True,,,,
EfficientNet,2.5D-to-3D,SCS,Spinal Canal Stenosis,spinal_canal_stenosis,3,242,train,L1/L2,nas_best_efficientnet3d_3d,EfficientNet 3D,361,1,,0.9580524344569288,0.319350811485643,0.3333333333333333,0.3261922978831931,0.9580524344569288,0.0539325842696629,0.0,0.0119850187265917,True,,,,
EfficientNet,2.5D-to-3D,SCS,Spinal Canal Stenosis,spinal_canal_stenosis,3,242,train,L2/L3,nas_best_efficientnet3d_3d,EfficientNet 3D,361,1,,0.8936329588014982,0.2978776529338327,0.3333333333333333,0.3146097046413502,0.8936329588014982,0.1340823970037453,0.0,0.0277153558052434,True,,,,
EfficientNet,2.5D-to-3D,SCS,Spinal Canal Stenosis,spinal_canal_stenosis,3,242,train,L3/L4,nas_best_efficientnet3d_3d,EfficientNet 3D,361,1,,0.8217228464419476,0.2739076154806492,0.3333333333333333,0.3007127192982456,0.8217228464419476,0.2404494382022471,0.0,0.0621722846441947,True,,,,
EfficientNet,2.5D-to-3D,SCS,Spinal Canal Stenosis,spinal_canal_stenosis,3,242,train,L4/L5,nas_best_efficientnet3d_3d,EfficientNet 3D,361,1,,0.751310861423221,0.2504369538077403,0.3333333333333333,0.2859994297120046,0.751310861423221,0.3767790262172285,0.0,0.1280898876404494,True,,,,
EfficientNet,2.5D-to-3D,SCS,Spinal Canal Stenosis,spinal_canal_stenosis,3,242,train,L5/S1,nas_best_efficientnet3d_3d,EfficientNet 3D,361,1,,0.9655430711610486,0.3218476903870162,0.3333333333333333,0.3274898373983739,0.9655430711610486,0.045692883895131,0.0,0.0112359550561797,True,,,,
EfficientNet,2.5D-to-3D,SCS,Spinal Canal Stenosis,spinal_canal_stenosis,3,242,validation,L1/L2,nas_best_efficientnet3d_3d,EfficientNet 3D,361,1,,0.9293286219081272,0.3097762073027091,0.3333333333333333,0.3211233211233211,0.9293286219081272,0.0848056537102473,0.0,0.0141342756183745,True,283,263,16,4
EfficientNet,2.5D-to-3D,SCS,Spinal Canal Stenosis,spinal_canal_stenosis,3,242,validation,L2/L3,nas_best_efficientnet3d_3d,EfficientNet 3D,361,1,,0.8763250883392226,0.2921083627797409,0.3333333333333333,0.3113622096672944,0.8763250883392226,0.1625441696113074,0.0,0.03886925795053,True,283,248,24,11
EfficientNet,2.5D-to-3D,SCS,Spinal Canal Stenosis,spinal_canal_stenosis,3,242,validation,L3/L4,nas_best_efficientnet3d_3d,EfficientNet 3D,361,1,,0.8197879858657244,0.2732626619552414,0.3333333333333333,0.3003236245954692,0.8197879858657244,0.2438162544169611,0.0,0.0636042402826855,True,283,232,33,18
EfficientNet,2.5D-to-3D,SCS,Spinal Canal Stenosis,spinal_canal_stenosis,3,242,validation,L4/L5,nas_best_efficientnet3d_3d,EfficientNet 3D,361,1,,0.7632508833922261,0.254416961130742,0.3333333333333333,0.2885771543086172,0.7632508833922261,0.3604240282685512,0.0,0.1236749116607773,True,283,216,32,35
EfficientNet,2.5D-to-3D,SCS,Spinal Canal Stenosis,spinal_canal_stenosis,3,242,validation,L5/S1,nas_best_efficientnet3d_3d,EfficientNet 3D,361,1,,0.9752650176678446,0.3250883392226149,0.3333333333333333,0.3291592128801431,0.9752650176678446,0.0318021201413427,0.0,0.0070671378091872,True,283,276,5,2
EfficientNet,2.5D-to-3D,SCS,Spinal Canal Stenosis,spinal_canal_stenosis,3,242,test,L1/L2,nas_best_efficientnet3d_3d,EfficientNet 3D,361,1,,0.9644128113879004,0.3214709371293001,0.3333333333333333,0.3272946859903382,0.9644128113879004,0.0391459074733096,0.0,0.0035587188612099,True,,,,
EfficientNet,2.5D-to-3D,SCS,Spinal Canal Stenosis,spinal_canal_stenosis,3,242,test,L2/L3,nas_best_efficientnet3d_3d,EfficientNet 3D,361,1,,0.9288256227758008,0.3096085409252669,0.3333333333333333,0.3210332103321033,0.9288256227758008,0.0854092526690391,0.0,0.0142348754448398,True,,,,
EfficientNet,2.5D-to-3D,SCS,Spinal Canal Stenosis,spinal_canal_stenosis,3,242,test,L3/L4,nas_best_efficientnet3d_3d,EfficientNet 3D,361,1,,0.8256227758007118,0.2752075919335706,0.3333333333333333,0.3014944769330734,0.8256227758007118,0.2313167259786477,0.0,0.0569395017793594,True,,,,
EfficientNet,2.5D-to-3D,SCS,Spinal Canal Stenosis,spinal_canal_stenosis,3,242,test,L4/L5,nas_best_efficientnet3d_3d,EfficientNet 3D,361,1,,0.7437722419928826,0.2479240806642942,0.3333333333333333,0.2843537414965986,0.7437722419928826,0.398576512455516,0.0,0.1423487544483986,True,,,,
EfficientNet,2.5D-to-3D,SCS,Spinal Canal Stenosis,spinal_canal_stenosis,3,242,test,L5/S1,nas_best_efficientnet3d_3d,EfficientNet 3D,361,1,,0.9466192170818504,0.3155397390272835,0.3333333333333333,0.3241925655088361,0.9466192170818504,0.0604982206405693,0.0,0.0071174377224199,True,,,,
EfficientNet,2.5D-to-3D,SCS,Spinal Canal Stenosis,spinal_canal_stenosis,4,342,train,L1/L2,nas_best_efficientnet3d_3d,EfficientNet 3D,361,1,,0.9578313253012049,0.3192771084337349,0.3333333333333333,0.3261538461538462,0.9578313253012049,0.0512048192771084,0.0,0.0090361445783132,True,,,,
EfficientNet,2.5D-to-3D,SCS,Spinal Canal Stenosis,spinal_canal_stenosis,4,342,train,L2/L3,nas_best_efficientnet3d_3d,EfficientNet 3D,361,1,,0.8930722891566265,0.2976907630522088,0.3333333333333333,0.3145054362238133,0.8930722891566265,0.1317771084337349,0.0,0.0248493975903614,True,,,,
EfficientNet,2.5D-to-3D,SCS,Spinal Canal Stenosis,spinal_canal_stenosis,4,342,train,L3/L4,nas_best_efficientnet3d_3d,EfficientNet 3D,361,1,,0.8268072289156626,0.2756024096385542,0.3333333333333333,0.3017312448474856,0.8268072289156626,0.2341867469879518,0.0,0.0609939759036144,True,,,,
EfficientNet,2.5D-to-3D,SCS,Spinal Canal Stenosis,spinal_canal_stenosis,4,342,train,L4/L5,nas_best_efficientnet3d_3d,EfficientNet 3D,361,1,,0.7515060240963856,0.2505020080321285,0.3333333333333333,0.2860418458010891,0.7515060240963856,0.3742469879518072,0.0,0.1257530120481927,True,,,,
EfficientNet,2.5D-to-3D,SCS,Spinal Canal Stenosis,spinal_canal_stenosis,4,342,train,L5/S1,nas_best_efficientnet3d_3d,EfficientNet 3D,361,1,,0.9691265060240964,0.3230421686746987,0.3333333333333333,0.3281070745697896,0.9691265060240964,0.0391566265060241,0.0,0.0082831325301204,True,,,,
EfficientNet,2.5D-to-3D,SCS,Spinal Canal Stenosis,spinal_canal_stenosis,4,342,validation,L1/L2,nas_best_efficientnet3d_3d,EfficientNet 3D,361,1,,0.950354609929078,0.3167848699763593,0.3333333333333333,0.3248484848484848,0.950354609929078,0.0602836879432624,0.0,0.0106382978723404,True,282,268,11,3
EfficientNet,2.5D-to-3D,SCS,Spinal Canal Stenosis,spinal_canal_stenosis,4,342,validation,L2/L3,nas_best_efficientnet3d_3d,EfficientNet 3D,361,1,,0.900709219858156,0.3002364066193853,0.3333333333333333,0.3159203980099502,0.900709219858156,0.1382978723404255,0.0,0.0390070921985815,True,282,254,17,11
EfficientNet,2.5D-to-3D,SCS,Spinal Canal Stenosis,spinal_canal_stenosis,4,342,validation,L3/L4,nas_best_efficientnet3d_3d,EfficientNet 3D,361,1,,0.8262411347517731,0.2754137115839243,0.3333333333333333,0.3016181229773463,0.8262411347517731,0.2375886524822695,0.0,0.0638297872340425,True,282,233,31,18
EfficientNet,2.5D-to-3D,SCS,Spinal Canal Stenosis,spinal_canal_stenosis,4,342,validation,L4/L5,nas_best_efficientnet3d_3d,EfficientNet 3D,361,1,,0.7695035460992907,0.2565011820330969,0.3333333333333333,0.2899131596526386,0.7695035460992907,0.3617021276595745,0.0,0.1312056737588652,True,282,217,28,37
EfficientNet,2.5D-to-3D,SCS,Spinal Canal Stenosis,spinal_canal_stenosis,4,342,validation,L5/S1,nas_best_efficientnet3d_3d,EfficientNet 3D,361,1,,0.950354609929078,0.3167848699763593,0.3333333333333333,0.3248484848484848,0.950354609929078,0.0638297872340425,0.0,0.0141843971631205,True,282,268,10,4
EfficientNet,2.5D-to-3D,SCS,Spinal Canal Stenosis,spinal_canal_stenosis,4,342,test,L1/L2,nas_best_efficientnet3d_3d,EfficientNet 3D,361,1,,0.944636678200692,0.314878892733564,0.3333333333333333,0.3238434163701068,0.944636678200692,0.0761245674740484,0.0,0.0207612456747404,True,,,,
EfficientNet,2.5D-to-3D,SCS,Spinal Canal Stenosis,spinal_canal_stenosis,4,342,test,L2/L3,nas_best_efficientnet3d_3d,EfficientNet 3D,361,1,,0.9065743944636678,0.3021914648212226,0.3333333333333333,0.3169993950393224,0.9065743944636678,0.1211072664359861,0.0,0.0276816608996539,True,,,,
EfficientNet,2.5D-to-3D,SCS,Spinal Canal Stenosis,spinal_canal_stenosis,4,342,test,L3/L4,nas_best_efficientnet3d_3d,EfficientNet 3D,361,1,,0.7958477508650519,0.2652825836216839,0.3333333333333333,0.2954399486191393,0.7958477508650519,0.2664359861591695,0.0,0.0622837370242214,True,,,,
EfficientNet,2.5D-to-3D,SCS,Spinal Canal Stenosis,spinal_canal_stenosis,4,342,test,L4/L5,nas_best_efficientnet3d_3d,EfficientNet 3D,361,1,,0.7370242214532872,0.245674740484429,0.3333333333333333,0.2828685258964143,0.7370242214532872,0.4083044982698962,0.0,0.1453287197231834,True,,,,
EfficientNet,2.5D-to-3D,SCS,Spinal Canal Stenosis,spinal_canal_stenosis,4,342,test,L5/S1,nas_best_efficientnet3d_3d,EfficientNet 3D,361,1,,0.9550173010380624,0.3183391003460207,0.3333333333333333,0.3256637168141593,0.9550173010380624,0.0588235294117647,0.0,0.0138408304498269,True,,,,
EfficientNet,2.5D-to-3D,SCS,Spinal Canal Stenosis,spinal_canal_stenosis,5,442,train,L1/L2,nas_best_efficientnet3d_3d,EfficientNet 3D,361,1,,0.9562594268476622,0.3187531422825541,0.3333333333333333,0.3258802364430738,0.9562594268476622,0.0542986425339366,0.0,0.0105580693815987,True,,,,
EfficientNet,2.5D-to-3D,SCS,Spinal Canal Stenosis,spinal_canal_stenosis,5,442,train,L2/L3,nas_best_efficientnet3d_3d,EfficientNet 3D,361,1,,0.8929110105580694,0.2976370035193564,0.3333333333333333,0.3144754316069057,0.8929110105580694,0.1319758672699849,0.0,0.0248868778280542,True,,,,
EfficientNet,2.5D-to-3D,SCS,Spinal Canal Stenosis,spinal_canal_stenosis,5,442,train,L3/L4,nas_best_efficientnet3d_3d,EfficientNet 3D,361,1,,0.8197586726998491,0.2732528908999497,0.3333333333333333,0.3003177234424644,0.8197586726998491,0.2443438914027149,0.0,0.0641025641025641,True,,,,
EfficientNet,2.5D-to-3D,SCS,Spinal Canal Stenosis,spinal_canal_stenosis,5,442,train,L4/L5,nas_best_efficientnet3d_3d,EfficientNet 3D,361,1,,0.7473604826546003,0.2491201608848667,0.3333333333333333,0.2851388289454755,0.7473604826546003,0.3831070889894419,0.0,0.1304675716440422,True,,,,
EfficientNet,2.5D-to-3D,SCS,Spinal Canal Stenosis,spinal_canal_stenosis,5,442,train,L5/S1,nas_best_efficientnet3d_3d,EfficientNet 3D,361,1,,0.9675716440422324,0.3225238813474108,0.3333333333333333,0.3278395298326306,0.9675716440422324,0.0429864253393665,0.0,0.0105580693815987,True,,,,
EfficientNet,2.5D-to-3D,SCS,Spinal Canal Stenosis,spinal_canal_stenosis,5,442,validation,L1/L2,nas_best_efficientnet3d_3d,EfficientNet 3D,361,1,,0.9475524475524476,0.3158508158508158,0.3333333333333333,0.3243566726511071,0.9475524475524476,0.0664335664335664,0.0,0.0139860139860139,True,286,271,11,4
EfficientNet,2.5D-to-3D,SCS,Spinal Canal Stenosis,spinal_canal_stenosis,5,442,validation,L2/L3,nas_best_efficientnet3d_3d,EfficientNet 3D,361,1,,0.8986013986013986,0.2995337995337995,0.3333333333333333,0.3155310006138735,0.8986013986013986,0.1363636363636363,0.0,0.0349650349650349,True,286,257,19,10
EfficientNet,2.5D-to-3D,SCS,Spinal Canal Stenosis,spinal_canal_stenosis,5,442,validation,L3/L4,nas_best_efficientnet3d_3d,EfficientNet 3D,361,1,,0.8356643356643356,0.2785547785547785,0.3333333333333333,0.3034920634920635,0.8356643356643356,0.2377622377622377,0.0,0.0734265734265734,True,286,239,26,21
EfficientNet,2.5D-to-3D,SCS,Spinal Canal Stenosis,spinal_canal_stenosis,5,442,validation,L4/L5,nas_best_efficientnet3d_3d,EfficientNet 3D,361,1,,0.7447552447552448,0.2482517482517482,0.3333333333333333,0.2845691382765531,0.7447552447552448,0.3881118881118881,0.0,0.1328671328671328,True,286,213,35,38
EfficientNet,2.5D-to-3D,SCS,Spinal Canal Stenosis,spinal_canal_stenosis,5,442,validation,L5/S1,nas_best_efficientnet3d_3d,EfficientNet 3D,361,1,,0.9475524475524476,0.3158508158508158,0.3333333333333333,0.3243566726511071,0.9475524475524476,0.0629370629370629,0.0,0.0104895104895104,True,286,271,12,3
EfficientNet,2.5D-to-3D,SCS,Spinal Canal Stenosis,spinal_canal_stenosis,5,442,test,L1/L2,nas_best_efficientnet3d_3d,EfficientNet 3D,361,1,,0.9547038327526132,0.3182346109175377,0.3333333333333333,0.3256090314913844,0.9547038327526132,0.0557491289198606,0.0,0.0104529616724738,True,,,,
EfficientNet,2.5D-to-3D,SCS,Spinal Canal Stenosis,spinal_canal_stenosis,5,442,test,L2/L3,nas_best_efficientnet3d_3d,EfficientNet 3D,361,1,,0.9094076655052264,0.3031358885017421,0.3333333333333333,0.3175182481751825,0.9094076655052264,0.1219512195121951,0.0,0.0313588850174216,True,,,,
EfficientNet,2.5D-to-3D,SCS,Spinal Canal Stenosis,spinal_canal_stenosis,5,442,test,L3/L4,nas_best_efficientnet3d_3d,EfficientNet 3D,361,1,,0.818815331010453,0.272938443670151,0.3333333333333333,0.3001277139208174,0.818815331010453,0.2195121951219512,0.0,0.0383275261324041,True,,,,
EfficientNet,2.5D-to-3D,SCS,Spinal Canal Stenosis,spinal_canal_stenosis,5,442,test,L4/L5,nas_best_efficientnet3d_3d,EfficientNet 3D,361,1,,0.7804878048780488,0.2601626016260163,0.3333333333333333,0.2922374429223744,0.7804878048780488,0.3414634146341463,0.0,0.1219512195121951,True,,,,
EfficientNet,2.5D-to-3D,SCS,Spinal Canal Stenosis,spinal_canal_stenosis,5,442,test,L5/S1,nas_best_efficientnet3d_3d,EfficientNet 3D,361,1,,0.9651567944250872,0.321718931475029,0.3333333333333333,0.3274231678486998,0.9651567944250872,0.0418118466898954,0.0,0.0069686411149825,True,,,,
EfficientNet,2D,LFN,Left Neural Foraminal Narrowing,left_neural_foraminal_narrowing,1,42,train,L1/L2,nas_best_efficientnet_2d,EfficientNet 2D,142,3,,0.9703113685734974,0.3234371228578325,0.3333333333333333,0.3283106700967781,0.9703113685734974,0.0311368573497465,0.0,0.001448225923244,True,,,,
EfficientNet,2D,LFN,Left Neural Foraminal Narrowing,left_neural_foraminal_narrowing,1,42,train,L2/L3,nas_best_efficientnet_2d,EfficientNet 2D,142,3,,0.9319333816075308,0.5492049049814925,0.4703593310150687,0.4983597499913672,0.9319333816075308,0.0695148443157132,0.5045917635241784,0.001448225923244,True,,,,
EfficientNet,2D,LFN,Left Neural Foraminal Narrowing,left_neural_foraminal_narrowing,1,42,train,L3/L4,nas_best_efficientnet_2d,EfficientNet 2D,142,3,,0.833454018826937,0.4998180494905386,0.4806842978091996,0.4876316845356399,0.833454018826937,0.167994207096307,0.527586766701068,0.001448225923244,True,,,,
EfficientNet,2D,LFN,Left Neural Foraminal Narrowing,left_neural_foraminal_narrowing,1,42,train,L4/L5,nas_best_efficientnet_2d,EfficientNet 2D,142,3,,0.7414916727009413,0.6651913703622404,0.6877030593586916,0.6747944668768208,0.7414916727009413,0.2628530050687907,0.668483830844975,0.004344677769732,True,,,,
EfficientNet,2D,LFN,Left Neural Foraminal Narrowing,left_neural_foraminal_narrowing,1,42,train,L5/S1,nas_best_efficientnet_2d,EfficientNet 2D,142,3,,0.6886314265025344,0.5586881793239968,0.6440867121083418,0.5373398428985369,0.6886314265025344,0.3468501086169442,0.6649649402594804,0.0354815351194786,True,,,,
EfficientNet,2D,LFN,Left Neural Foraminal Narrowing,left_neural_foraminal_narrowing,1,42,validation,L1/L2,nas_best_efficientnet_2d,EfficientNet 2D,142,3,,0.9593220338983052,0.319774011299435,0.3333333333333333,0.3264129181084198,0.9593220338983052,0.0406779661016949,0.0,0.0,True,295,283,12,0
EfficientNet,2D,LFN,Left Neural Foraminal Narrowing,left_neural_foraminal_narrowing,1,42,validation,L2/L3,nas_best_efficientnet_2d,EfficientNet 2D,142,3,,0.911864406779661,0.4674603174603174,0.4192039800995025,0.4354014598540145,0.911864406779661,0.0881355932203389,0.4228743416102333,0.0,True,295,268,25,2
EfficientNet,2D,LFN,Left Neural Foraminal Narrowing,left_neural_foraminal_narrowing,1,42,validation,L3/L4,nas_best_efficientnet_2d,EfficientNet 2D,142,3,,0.8033898305084746,0.4826843606309295,0.4524886877828054,0.4601965907676993,0.8033898305084746,0.1966101694915254,0.4869565217391304,0.0,True,295,221,68,6
EfficientNet,2D,LFN,Left Neural Foraminal Narrowing,left_neural_foraminal_narrowing,1,42,validation,L4/L5,nas_best_efficientnet_2d,EfficientNet 2D,142,3,,0.752542372881356,0.6693378800795681,0.6869184133518154,0.6772923187043297,0.752542372881356,0.2610169491525423,0.6391203603759192,0.0135593220338983,True,295,179,95,21
EfficientNet,2D,LFN,Left Neural Foraminal Narrowing,left_neural_foraminal_narrowing,1,42,validation,L5/S1,nas_best_efficientnet_2d,EfficientNet 2D,142,3,,0.7050847457627119,0.5444149235267656,0.6270347968936679,0.5518623737373738,0.7050847457627119,0.311864406779661,0.7012094612039005,0.0169491525423728,True,295,192,72,31
EfficientNet,2D,LFN,Left Neural Foraminal Narrowing,left_neural_foraminal_narrowing,1,42,test,L1/L2,nas_best_efficientnet_2d,EfficientNet 2D,142,3,,0.9594594594594594,0.3198198198198198,0.3333333333333333,0.3264367816091953,0.9594594594594594,0.0405405405405405,0.0,0.0,True,,,,
EfficientNet,2D,LFN,Left Neural Foraminal Narrowing,left_neural_foraminal_narrowing,1,42,test,L2/L3,nas_best_efficientnet_2d,EfficientNet 2D,142,3,,0.9054054054054054,0.4490828589500316,0.4206422965716646,0.4313393863865646,0.9054054054054054,0.0979729729729729,0.3744205072266158,0.0033783783783783,True,,,,
EfficientNet,2D,LFN,Left Neural Foraminal Narrowing,left_neural_foraminal_narrowing,1,42,test,L3/L4,nas_best_efficientnet_2d,EfficientNet 2D,142,3,,0.8378378378378378,0.493384490175561,0.5147220306953701,0.503774595752971,0.8378378378378378,0.1621621621621621,0.6198426713758227,0.0,True,,,,
EfficientNet,2D,LFN,Left Neural Foraminal Narrowing,left_neural_foraminal_narrowing,1,42,test,L4/L5,nas_best_efficientnet_2d,EfficientNet 2D,142,3,,0.6993243243243243,0.5662853669319187,0.6068285920925748,0.5807011758191648,0.6993243243243243,0.3108108108108108,0.5811965811965811,0.0101351351351351,True,,,,
EfficientNet,2D,LFN,Left Neural Foraminal Narrowing,left_neural_foraminal_narrowing,1,42,test,L5/S1,nas_best_efficientnet_2d,EfficientNet 2D,142,3,,0.706081081081081,0.5858853953994828,0.6707602339181286,0.5634954876395804,0.706081081081081,0.3344594594594595,0.666959385290889,0.0405405405405405,True,,,,
EfficientNet,2D,LFN,Left Neural Foraminal Narrowing,left_neural_foraminal_narrowing,2,142,train,L1/L2,nas_best_efficientnet_2d,EfficientNet 2D,142,12,,0.9746560463432296,0.6167455693129401,0.3916666666666666,0.4263765978367748,0.9746560463432296,0.0260680666183924,0.3151946967324356,0.000724112961622,True,,,,
EfficientNet,2D,LFN,Left Neural Foraminal Narrowing,left_neural_foraminal_narrowing,2,142,train,L2/L3,nas_best_efficientnet_2d,EfficientNet 2D,142,12,,0.9485879797248372,0.6077347615903218,0.4879758054200245,0.527172815121959,0.9485879797248372,0.0521361332367849,0.6191991533949904,0.000724112961622,True,,,,
EfficientNet,2D,LFN,Left Neural Foraminal Narrowing,left_neural_foraminal_narrowing,2,142,train,L3/L4,nas_best_efficientnet_2d,EfficientNet 2D,142,12,,0.88848660391021,0.773213420794066,0.6922933726202305,0.7265476427953986,0.88848660391021,0.112961622013034,0.7206206631466084,0.001448225923244,True,,,,
EfficientNet,2D,LFN,Left Neural Foraminal Narrowing,left_neural_foraminal_narrowing,2,142,train,L4/L5,nas_best_efficientnet_2d,EfficientNet 2D,142,12,,0.8254887762490949,0.785522098893455,0.8228404781446162,0.802103271993338,0.8254887762490949,0.1752353367125271,0.7776481503232695,0.000724112961622,True,,,,
EfficientNet,2D,LFN,Left Neural Foraminal Narrowing,left_neural_foraminal_narrowing,2,142,train,L5/S1,nas_best_efficientnet_2d,EfficientNet 2D,142,12,,0.8826937002172339,0.8383564014585216,0.8466559856265738,0.8416130601822965,0.8826937002172339,0.1245474293989862,0.851105288516073,0.0072411296162201,True,,,,
EfficientNet,2D,LFN,Left Neural Foraminal Narrowing,left_neural_foraminal_narrowing,2,142,validation,L1/L2,nas_best_efficientnet_2d,EfficientNet 2D,142,12,,0.9559322033898304,0.3197278911564625,0.3321554770318021,0.3258232235701906,0.9559322033898304,0.0440677966101694,-0.006297559695618,0.0,True,295,283,12,0
EfficientNet,2D,LFN,Left Neural Foraminal Narrowing,left_neural_foraminal_narrowing,2,142,validation,L2/L3,nas_best_efficientnet_2d,EfficientNet 2D,142,12,,0.9084745762711864,0.5045977011494253,0.3677944862155388,0.3783518639633747,0.9084745762711864,0.0915254237288135,0.2496467263306641,0.0,True,295,266,28,1
EfficientNet,2D,LFN,Left Neural Foraminal Narrowing,left_neural_foraminal_narrowing,2,142,validation,L3/L4,nas_best_efficientnet_2d,EfficientNet 2D,142,12,,0.7830508474576271,0.6849909197735284,0.5910903426791277,0.6158958814205067,0.7830508474576271,0.2169491525423728,0.5010834522488241,0.0,True,295,214,75,6
EfficientNet,2D,LFN,Left Neural Foraminal Narrowing,left_neural_foraminal_narrowing,2,142,validation,L4/L5,nas_best_efficientnet_2d,EfficientNet 2D,142,12,,0.6915254237288135,0.602435398819385,0.6751457585234951,0.6267725397797196,0.6915254237288135,0.3186440677966101,0.6076710288328545,0.0101694915254237,True,295,178,97,20
EfficientNet,2D,LFN,Left Neural Foraminal Narrowing,left_neural_foraminal_narrowing,2,142,validation,L5/S1,nas_best_efficientnet_2d,EfficientNet 2D,142,12,,0.7864406779661017,0.7038100956986978,0.7184107629778258,0.7095637689929607,0.7864406779661017,0.2271186440677966,0.7408491947291361,0.0135593220338983,True,295,186,76,33
EfficientNet,2D,LFN,Left Neural Foraminal Narrowing,left_neural_foraminal_narrowing,2,142,test,L1/L2,nas_best_efficientnet_2d,EfficientNet 2D,142,12,,0.9628378378378378,0.3209459459459459,0.3333333333333333,0.3270223752151462,0.9628378378378378,0.0371621621621621,0.0,0.0,True,,,,
EfficientNet,2D,LFN,Left Neural Foraminal Narrowing,left_neural_foraminal_narrowing,2,142,test,L2/L3,nas_best_efficientnet_2d,EfficientNet 2D,142,12,,0.9324324324324323,0.6141414141414141,0.4555416840061035,0.496694635138571,0.9324324324324323,0.0743243243243243,0.404979124787382,0.0067567567567567,True,,,,
EfficientNet,2D,LFN,Left Neural Foraminal Narrowing,left_neural_foraminal_narrowing,2,142,test,L3/L4,nas_best_efficientnet_2d,EfficientNet 2D,142,12,,0.8209459459459459,0.6987701987701987,0.7757822207161414,0.7036656631400584,0.8209459459459459,0.1824324324324324,0.5365949119373776,0.0033783783783783,True,,,,
EfficientNet,2D,LFN,Left Neural Foraminal Narrowing,left_neural_foraminal_narrowing,2,142,test,L4/L5,nas_best_efficientnet_2d,EfficientNet 2D,142,12,,0.7466216216216216,0.7159977447545408,0.7159977447545408,0.7159977447545408,0.7466216216216216,0.2567567567567567,0.6852695002590038,0.0033783783783783,True,,,,
EfficientNet,2D,LFN,Left Neural Foraminal Narrowing,left_neural_foraminal_narrowing,2,142,test,L5/S1,nas_best_efficientnet_2d,EfficientNet 2D,142,12,,0.6824324324324325,0.5372158574286234,0.5381879239280649,0.5370197630920928,0.6824324324324325,0.3344594594594595,0.5865921787709496,0.0168918918918918,True,,,,
EfficientNet,2D,LFN,Left Neural Foraminal Narrowing,left_neural_foraminal_narrowing,3,242,train,L1/L2,nas_best_efficientnet_2d,EfficientNet 2D,142,8,,0.9659420289855072,0.3219806763285024,0.3333333333333333,0.3275586681410493,0.9659420289855072,0.0347826086956521,0.0,0.0007246376811594,True,,,,
EfficientNet,2D,LFN,Left Neural Foraminal Narrowing,left_neural_foraminal_narrowing,3,242,train,L2/L3,nas_best_efficientnet_2d,EfficientNet 2D,142,8,,0.9456521739130436,0.5987260461162699,0.4956690385396601,0.5314726360103627,0.9456521739130436,0.0557971014492753,0.6087066104708962,0.0014492753623188,True,,,,
EfficientNet,2D,LFN,Left Neural Foraminal Narrowing,left_neural_foraminal_narrowing,3,242,train,L3/L4,nas_best_efficientnet_2d,EfficientNet 2D,142,8,,0.8717391304347826,0.739289695811435,0.7414489256530139,0.7403561946749294,0.8717391304347826,0.1289855072463768,0.7009880395215808,0.0007246376811594,True,,,,
EfficientNet,2D,LFN,Left Neural Foraminal Narrowing,left_neural_foraminal_narrowing,3,242,train,L4/L5,nas_best_efficientnet_2d,EfficientNet 2D,142,8,,0.7543478260869565,0.6668411867364746,0.7639089740069177,0.6987656283584379,0.7543478260869565,0.2471014492753623,0.7184133202742409,0.0014492753623188,True,,,,
EfficientNet,2D,LFN,Left Neural Foraminal Narrowing,left_neural_foraminal_narrowing,3,242,train,L5/S1,nas_best_efficientnet_2d,EfficientNet 2D,142,8,,0.7536231884057971,0.6590903157539675,0.7480065791229616,0.6809983896940418,0.7536231884057971,0.2666666666666666,0.7225709788154077,0.0202898550724637,True,,,,
EfficientNet,2D,LFN,Left Neural Foraminal Narrowing,left_neural_foraminal_narrowing,3,242,validation,L1/L2,nas_best_efficientnet_2d,EfficientNet 2D,142,8,,0.9763513513513512,0.3254504504504504,0.3333333333333333,0.3293447293447293,0.9763513513513512,0.027027027027027,0.0,0.0033783783783783,True,296,289,6,1
EfficientNet,2D,LFN,Left Neural Foraminal Narrowing,left_neural_foraminal_narrowing,3,242,validation,L2/L3,nas_best_efficientnet_2d,EfficientNet 2D,142,8,,0.9358108108108107,0.5636574074074074,0.4202898550724638,0.452228441725816,0.9358108108108107,0.0641891891891891,0.4938804895608351,0.0,True,296,271,23,2
EfficientNet,2D,LFN,Left Neural Foraminal Narrowing,left_neural_foraminal_narrowing,3,242,validation,L3/L4,nas_best_efficientnet_2d,EfficientNet 2D,142,8,,0.7972972972972973,0.4955796664657424,0.4700775193798449,0.4781913576076921,0.7972972972972973,0.206081081081081,0.5174412586688749,0.0033783783783783,True,296,215,75,6
EfficientNet,2D,LFN,Left Neural Foraminal Narrowing,left_neural_foraminal_narrowing,3,242,validation,L4/L5,nas_best_efficientnet_2d,EfficientNet 2D,142,8,,0.75,0.6828777052914985,0.7081378759344861,0.6927643931743023,0.75,0.25,0.6853868030220333,0.0,True,296,177,99,20
EfficientNet,2D,LFN,Left Neural Foraminal Narrowing,left_neural_foraminal_narrowing,3,242,validation,L5/S1,nas_best_efficientnet_2d,EfficientNet 2D,142,8,,0.7398648648648649,0.6167351911070503,0.6411358615611192,0.6232655250670518,0.7398648648648649,0.2804054054054054,0.6781282908291745,0.0202702702702702,True,296,194,70,32
EfficientNet,2D,LFN,Left Neural Foraminal Narrowing,left_neural_foraminal_narrowing,3,242,test,L1/L2,nas_best_efficientnet_2d,EfficientNet 2D,142,8,,0.9628378378378378,0.3209459459459459,0.3333333333333333,0.3270223752151462,0.9628378378378378,0.0371621621621621,0.0,0.0,True,,,,
EfficientNet,2D,LFN,Left Neural Foraminal Narrowing,left_neural_foraminal_narrowing,3,242,test,L2/L3,nas_best_efficientnet_2d,EfficientNet 2D,142,8,,0.9087837837837838,0.4636223611488629,0.402821466018492,0.4201969528056484,0.9087837837837838,0.0912162162162162,0.3339999999999999,0.0,True,,,,
EfficientNet,2D,LFN,Left Neural Foraminal Narrowing,left_neural_foraminal_narrowing,3,242,test,L3/L4,nas_best_efficientnet_2d,EfficientNet 2D,142,8,,0.777027027027027,0.6388071895424837,0.5527248677248677,0.5852364575624338,0.777027027027027,0.2229729729729729,0.5053926781102841,0.0,True,,,,
EfficientNet,2D,LFN,Left Neural Foraminal Narrowing,left_neural_foraminal_narrowing,3,242,test,L4/L5,nas_best_efficientnet_2d,EfficientNet 2D,142,8,,0.706081081081081,0.6324249520970833,0.6951660908451863,0.6496228261212638,0.706081081081081,0.3006756756756756,0.650375939849624,0.0067567567567567,True,,,,
EfficientNet,2D,LFN,Left Neural Foraminal Narrowing,left_neural_foraminal_narrowing,3,242,test,L5/S1,nas_best_efficientnet_2d,EfficientNet 2D,142,8,,0.7263513513513513,0.6300269147351643,0.6912305972458158,0.6453879542372766,0.7263513513513513,0.2871621621621621,0.69436425811609,0.0135135135135135,True,,,,
EfficientNet,2D,LFN,Left Neural Foraminal Narrowing,left_neural_foraminal_narrowing,4,342,train,L1/L2,nas_best_efficientnet_2d,EfficientNet 2D,142,9,,0.9790007241129616,0.6186133628101204,0.4847576211894053,0.529741112349808,0.9790007241129616,0.0217233888486603,0.5575933526879568,0.000724112961622,True,,,,
EfficientNet,2D,LFN,Left Neural Foraminal Narrowing,left_neural_foraminal_narrowing,4,342,train,L2/L3,nas_best_efficientnet_2d,EfficientNet 2D,142,9,,0.9514844315713252,0.7787965659507341,0.5393798146927952,0.6010874796687575,0.9514844315713252,0.0499637943519189,0.65763315096499,0.001448225923244,True,,,,
EfficientNet,2D,LFN,Left Neural Foraminal Narrowing,left_neural_foraminal_narrowing,4,342,train,L3/L4,nas_best_efficientnet_2d,EfficientNet 2D,142,9,,0.8797972483707458,0.8360833877898571,0.724580836643096,0.7669524708927873,0.8797972483707458,0.1202027516292541,0.7133565069520857,0.0,True,,,,
EfficientNet,2D,LFN,Left Neural Foraminal Narrowing,left_neural_foraminal_narrowing,4,342,train,L4/L5,nas_best_efficientnet_2d,EfficientNet 2D,142,9,,0.8146270818247646,0.8120743920322776,0.8299517508383688,0.8121855080636196,0.8146270818247646,0.1860970311368573,0.7684114631725414,0.000724112961622,True,,,,
EfficientNet,2D,LFN,Left Neural Foraminal Narrowing,left_neural_foraminal_narrowing,4,342,train,L5/S1,nas_best_efficientnet_2d,EfficientNet 2D,142,9,,0.8081100651701666,0.7328183893740685,0.7989577957361461,0.7583647722595908,0.8081100651701666,0.1998551774076756,0.7844127242895969,0.0079652425778421,True,,,,
EfficientNet,2D,LFN,Left Neural Foraminal Narrowing,left_neural_foraminal_narrowing,4,342,validation,L1/L2,nas_best_efficientnet_2d,EfficientNet 2D,142,9,,0.9864406779661016,0.6621315192743764,0.3999999999999999,0.4421613394216133,0.9864406779661016,0.0135593220338983,0.3295454545454546,0.0,True,295,290,5,0
EfficientNet,2D,LFN,Left Neural Foraminal Narrowing,left_neural_foraminal_narrowing,4,342,validation,L2/L3,nas_best_efficientnet_2d,EfficientNet 2D,142,9,,0.9254237288135592,0.502903600464576,0.3876278772378517,0.4096998608626516,0.9254237288135592,0.0745762711864406,0.3250831946755408,0.0,True,295,272,23,0
EfficientNet,2D,LFN,Left Neural Foraminal Narrowing,left_neural_foraminal_narrowing,4,342,validation,L3/L4,nas_best_efficientnet_2d,EfficientNet 2D,142,9,,0.8508474576271187,0.741895345708905,0.6421995849839653,0.6803039158386909,0.8508474576271187,0.1491525423728813,0.6325236396580035,0.0,True,295,228,62,5
EfficientNet,2D,LFN,Left Neural Foraminal Narrowing,left_neural_foraminal_narrowing,4,342,validation,L4/L5,nas_best_efficientnet_2d,EfficientNet 2D,142,9,,0.7186440677966102,0.6313439993305591,0.6827357027007969,0.6512688539506906,0.7186440677966102,0.2847457627118644,0.6185536009622612,0.0033898305084745,True,295,163,116,16
EfficientNet,2D,LFN,Left Neural Foraminal Narrowing,left_neural_foraminal_narrowing,4,342,validation,L5/S1,nas_best_efficientnet_2d,EfficientNet 2D,142,9,,0.7084745762711865,0.6170208881098452,0.6670038461318658,0.6341461939307727,0.7084745762711865,0.3220338983050847,0.6388994204625467,0.0305084745762711,True,295,188,73,34
EfficientNet,2D,LFN,Left Neural Foraminal Narrowing,left_neural_foraminal_narrowing,4,342,test,L1/L2,nas_best_efficientnet_2d,EfficientNet 2D,142,9,,0.9594594594594594,0.6531073446327683,0.3611111111111111,0.3776949693904711,0.9594594594594594,0.0439189189189189,0.1127098321342926,0.0033783783783783,True,,,,
EfficientNet,2D,LFN,Left Neural Foraminal Narrowing,left_neural_foraminal_narrowing,4,342,test,L2/L3,nas_best_efficientnet_2d,EfficientNet 2D,142,9,,0.8952702702702703,0.4925595238095238,0.3724651457541192,0.3841655420602789,0.8952702702702703,0.1047297297297297,0.3100751879699249,0.0,True,,,,
EfficientNet,2D,LFN,Left Neural Foraminal Narrowing,left_neural_foraminal_narrowing,4,342,test,L3/L4,nas_best_efficientnet_2d,EfficientNet 2D,142,9,,0.8243243243243243,0.7555724417426545,0.5854007854007853,0.6381558306076508,0.8243243243243243,0.1824324324324324,0.5644187344598366,0.0067567567567567,True,,,,
EfficientNet,2D,LFN,Left Neural Foraminal Narrowing,left_neural_foraminal_narrowing,4,342,test,L4/L5,nas_best_efficientnet_2d,EfficientNet 2D,142,9,,0.75,0.7059415980065841,0.7754140482112232,0.73001443001443,0.75,0.25,0.6842074911334737,0.0,True,,,,
EfficientNet,2D,LFN,Left Neural Foraminal Narrowing,left_neural_foraminal_narrowing,4,342,test,L5/S1,nas_best_efficientnet_2d,EfficientNet 2D,142,9,,0.7364864864864865,0.6368926618926619,0.6823806576365198,0.6521806184618114,0.7364864864864865,0.2804054054054054,0.6680333799623752,0.0168918918918918,True,,,,
EfficientNet,2D,LFN,Left Neural Foraminal Narrowing,left_neural_foraminal_narrowing,5,442,train,L1/L2,nas_best_efficientnet_2d,EfficientNet 2D,142,6,,0.9710564399421128,0.5162170672824603,0.4265784041568795,0.4555008615771861,0.9710564399421128,0.0296671490593342,0.3822018920885747,0.0007235890014471,True,,,,
EfficientNet,2D,LFN,Left Neural Foraminal Narrowing,left_neural_foraminal_narrowing,5,442,train,L2/L3,nas_best_efficientnet_2d,EfficientNet 2D,142,6,,0.9602026049204052,0.5868687865469332,0.5683062793727879,0.5770341207349081,0.9602026049204052,0.0405209840810419,0.7464717454975613,0.0007235890014471,True,,,,
EfficientNet,2D,LFN,Left Neural Foraminal Narrowing,left_neural_foraminal_narrowing,5,442,train,L3/L4,nas_best_efficientnet_2d,EfficientNet 2D,142,6,,0.8596237337192475,0.5277517442465895,0.5428258335867032,0.5351256058585893,0.8596237337192475,0.1403762662807525,0.654238896898947,0.0,True,,,,
EfficientNet,2D,LFN,Left Neural Foraminal Narrowing,left_neural_foraminal_narrowing,5,442,train,L4/L5,nas_best_efficientnet_2d,EfficientNet 2D,142,6,,0.7756874095513748,0.7180444421900692,0.7618710288773155,0.735099304614891,0.7756874095513748,0.227930535455861,0.7046701761261196,0.0036179450072358,True,,,,
EfficientNet,2D,LFN,Left Neural Foraminal Narrowing,left_neural_foraminal_narrowing,5,442,train,L5/S1,nas_best_efficientnet_2d,EfficientNet 2D,142,6,,0.8053545586107091,0.7236834304692165,0.7446143195362628,0.7322680311374499,0.8053545586107091,0.2026049204052098,0.770848592195003,0.0079594790159189,True,,,,
EfficientNet,2D,LFN,Left Neural Foraminal Narrowing,left_neural_foraminal_narrowing,5,442,validation,L1/L2,nas_best_efficientnet_2d,EfficientNet 2D,142,6,,0.9763513513513512,0.6587301587301587,0.4074074074074074,0.4505293902884264,0.9763513513513512,0.0236486486486486,0.3565217391304348,0.0,True,296,287,9,0
EfficientNet,2D,LFN,Left Neural Foraminal Narrowing,left_neural_foraminal_narrowing,5,442,validation,L2/L3,nas_best_efficientnet_2d,EfficientNet 2D,142,6,,0.9425675675675677,0.5977167708616472,0.4718898385565052,0.511120384538106,0.9425675675675677,0.0574324324324324,0.5369893264630107,0.0,True,296,270,26,0
EfficientNet,2D,LFN,Left Neural Foraminal Narrowing,left_neural_foraminal_narrowing,5,442,validation,L3/L4,nas_best_efficientnet_2d,EfficientNet 2D,142,6,,0.8175675675675675,0.4831343505926919,0.5020225675963381,0.4918150263128429,0.8175675675675675,0.1824324324324324,0.5256128687600166,0.0,True,296,231,61,4
EfficientNet,2D,LFN,Left Neural Foraminal Narrowing,left_neural_foraminal_narrowing,5,442,validation,L4/L5,nas_best_efficientnet_2d,EfficientNet 2D,142,6,,0.7263513513513513,0.7070044709388972,0.6835117454653584,0.6889057082020731,0.7263513513513513,0.2736486486486486,0.6574661409223383,0.0,True,296,177,95,24
EfficientNet,2D,LFN,Left Neural Foraminal Narrowing,left_neural_foraminal_narrowing,5,442,validation,L5/S1,nas_best_efficientnet_2d,EfficientNet 2D,142,6,,0.7466216216216216,0.6679487179487179,0.6524656502917372,0.6587467810561182,0.7466216216216216,0.2668918918918919,0.6870199319397181,0.0135135135135135,True,296,184,77,35
EfficientNet,2D,LFN,Left Neural Foraminal Narrowing,left_neural_foraminal_narrowing,5,442,test,L1/L2,nas_best_efficientnet_2d,EfficientNet 2D,142,6,,0.95578231292517,0.3196814562002275,0.3321513002364066,0.3257971014492754,0.95578231292517,0.0442176870748299,-0.0063191153238546,0.0,True,,,,
EfficientNet,2D,LFN,Left Neural Foraminal Narrowing,left_neural_foraminal_narrowing,5,442,test,L2/L3,nas_best_efficientnet_2d,EfficientNet 2D,142,6,,0.9081632653061223,0.5706572769953052,0.4153846153846154,0.4443860877684407,0.9081632653061223,0.0952380952380952,0.3690987124463518,0.0034013605442176,True,,,,
EfficientNet,2D,LFN,Left Neural Foraminal Narrowing,left_neural_foraminal_narrowing,5,442,test,L3/L4,nas_best_efficientnet_2d,EfficientNet 2D,142,6,,0.8231292517006803,0.4672554347826087,0.5059574468085106,0.4837955102810791,0.8231292517006803,0.1768707482993197,0.5680867894677364,0.0,True,,,,
EfficientNet,2D,LFN,Left Neural Foraminal Narrowing,left_neural_foraminal_narrowing,5,442,test,L4/L5,nas_best_efficientnet_2d,EfficientNet 2D,142,6,,0.7414965986394558,0.7109718497436739,0.7118839427662956,0.7015568152123661,0.7414965986394558,0.2585034013605442,0.6842729970326409,0.0,True,,,,
EfficientNet,2D,LFN,Left Neural Foraminal Narrowing,left_neural_foraminal_narrowing,5,442,test,L5/S1,nas_best_efficientnet_2d,EfficientNet 2D,142,6,,0.7380952380952381,0.6367521367521368,0.6478410565743374,0.6419987518512053,0.7380952380952381,0.272108843537415,0.6619243728940472,0.010204081632653,True,,,,
EfficientNet,2D,LSS,Left Subarticular Stenosis,left_subarticular_stenosis,1,42,train,L1/L2,nas_best_efficientnet_2d,EfficientNet 2D,118,8,,0.9362549800796812,0.4324020399759258,0.36318407960199,0.3713969177201416,0.9362549800796812,0.0701195219123506,0.338234548496679,0.0063745019920318,True,,,,
EfficientNet,2D,LSS,Left Subarticular Stenosis,left_subarticular_stenosis,1,42,train,L2/L3,nas_best_efficientnet_2d,EfficientNet 2D,118,8,,0.895617529880478,0.797071373804047,0.6439290509022232,0.7003272557269753,0.895617529880478,0.1059760956175298,0.7578738355595299,0.0015936254980079,True,,,,
EfficientNet,2D,LSS,Left Subarticular Stenosis,left_subarticular_stenosis,1,42,train,L3/L4,nas_best_efficientnet_2d,EfficientNet 2D,118,8,,0.8756972111553785,0.8458302683653552,0.8348176458408255,0.8385073784286664,0.8756972111553785,0.1250996015936255,0.8584938776060153,0.0007968127490039,True,,,,
EfficientNet,2D,LSS,Left Subarticular Stenosis,left_subarticular_stenosis,1,42,train,L4/L5,nas_best_efficientnet_2d,EfficientNet 2D,118,8,,0.796812749003984,0.7776067612420828,0.8041806664451839,0.7855395936281734,0.796812749003984,0.2047808764940239,0.8413787225552576,0.0015936254980079,True,,,,
EfficientNet,2D,LSS,Left Subarticular Stenosis,left_subarticular_stenosis,1,42,train,L5/S1,nas_best_efficientnet_2d,EfficientNet 2D,118,8,,0.8597609561752988,0.8322180099875722,0.7258855037581057,0.7689394828999716,0.8597609561752988,0.1426294820717131,0.7891041775857731,0.0023904382470119,True,,,,
EfficientNet,2D,LSS,Left Subarticular Stenosis,left_subarticular_stenosis,1,42,validation,L1/L2,nas_best_efficientnet_2d,EfficientNet 2D,118,8,,0.9523809523809524,0.6519065190651907,0.4166666666666667,0.4591194968553458,0.9523809523809524,0.0549450549450549,0.3791741472172352,0.0073260073260073,True,273,259,10,4
EfficientNet,2D,LSS,Left Subarticular Stenosis,left_subarticular_stenosis,1,42,validation,L2/L3,nas_best_efficientnet_2d,EfficientNet 2D,118,8,,0.8827838827838828,0.7284074605451938,0.5859520313264807,0.6357281181625566,0.8827838827838828,0.1208791208791208,0.7391838405896001,0.0036630036630036,True,273,227,30,16
EfficientNet,2D,LSS,Left Subarticular Stenosis,left_subarticular_stenosis,1,42,validation,L3/L4,nas_best_efficientnet_2d,EfficientNet 2D,118,8,,0.8315018315018315,0.7023301142227901,0.7180415915452542,0.7066297595002536,0.8315018315018315,0.1721611721611721,0.7832174631727357,0.0036630036630036,True,273,193,58,22
EfficientNet,2D,LSS,Left Subarticular Stenosis,left_subarticular_stenosis,1,42,validation,L4/L5,nas_best_efficientnet_2d,EfficientNet 2D,118,8,,0.6996336996336996,0.6886012919533145,0.7071862745098039,0.686528276552283,0.6996336996336996,0.3113553113553113,0.7631225149460796,0.0109890109890109,True,273,125,80,68
EfficientNet,2D,LSS,Left Subarticular Stenosis,left_subarticular_stenosis,1,42,validation,L5/S1,nas_best_efficientnet_2d,EfficientNet 2D,118,8,,0.7948717948717948,0.7206515164837507,0.632435465768799,0.6533247407033815,0.7948717948717948,0.2307692307692307,0.5924504158669226,0.0256410256410256,True,273,189,66,18
EfficientNet,2D,LSS,Left Subarticular Stenosis,left_subarticular_stenosis,1,42,test,L1/L2,nas_best_efficientnet_2d,EfficientNet 2D,118,8,,0.9407407407407408,0.6480099502487562,0.4444444444444444,0.4904030710172744,0.9407407407407408,0.0629629629629629,0.3781818181818182,0.0037037037037037,True,,,,
EfficientNet,2D,LSS,Left Subarticular Stenosis,left_subarticular_stenosis,1,42,test,L2/L3,nas_best_efficientnet_2d,EfficientNet 2D,118,8,,0.8814814814814815,0.7034013605442176,0.5831662489557227,0.6264270613107822,0.8814814814814815,0.1222222222222222,0.6200241254523522,0.0037037037037037,True,,,,
EfficientNet,2D,LSS,Left Subarticular Stenosis,left_subarticular_stenosis,1,42,test,L3/L4,nas_best_efficientnet_2d,EfficientNet 2D,118,8,,0.8,0.6651317198543586,0.6581782996877337,0.6601176942367432,0.8,0.2037037037037037,0.7315541601255886,0.0037037037037037,True,,,,
EfficientNet,2D,LSS,Left Subarticular Stenosis,left_subarticular_stenosis,1,42,test,L4/L5,nas_best_efficientnet_2d,EfficientNet 2D,118,8,,0.762962962962963,0.7480873552281134,0.76801291924134,0.7521533537028953,0.762962962962963,0.2518518518518518,0.795820895522388,0.0148148148148148,True,,,,
EfficientNet,2D,LSS,Left Subarticular Stenosis,left_subarticular_stenosis,1,42,test,L5/S1,nas_best_efficientnet_2d,EfficientNet 2D,118,8,,0.8037037037037037,0.7210658622423328,0.6215359209768809,0.6555608642565164,0.8037037037037037,0.2037037037037037,0.6811066180886416,0.0074074074074074,True,,,,
EfficientNet,2D,LSS,Left Subarticular Stenosis,left_subarticular_stenosis,2,142,train,L1/L2,nas_best_efficientnet_2d,EfficientNet 2D,118,11,,0.950479233226837,0.8684402924451665,0.426387504154204,0.4724583381296659,0.950479233226837,0.0567092651757188,0.3975562283737023,0.0071884984025559,True,,,,
EfficientNet,2D,LSS,Left Subarticular Stenosis,left_subarticular_stenosis,2,142,train,L2/L3,nas_best_efficientnet_2d,EfficientNet 2D,118,11,,0.9017571884984026,0.8858928047912217,0.6686552396708961,0.7410276635255251,0.9017571884984026,0.1078274760383386,0.7011637123504828,0.0095846645367412,True,,,,
EfficientNet,2D,LSS,Left Subarticular Stenosis,left_subarticular_stenosis,2,142,train,L3/L4,nas_best_efficientnet_2d,EfficientNet 2D,118,11,,0.8913738019169329,0.8419866899719431,0.8474307957365288,0.8441463206851477,0.8913738019169329,0.1094249201277955,0.8737155894065878,0.0007987220447284,True,,,,
EfficientNet,2D,LSS,Left Subarticular Stenosis,left_subarticular_stenosis,2,142,train,L4/L5,nas_best_efficientnet_2d,EfficientNet 2D,118,11,,0.7931309904153354,0.7763256688924702,0.8090661405607372,0.782619226197974,0.7931309904153354,0.2156549520766773,0.8270174920602475,0.0087859424920127,True,,,,
EfficientNet,2D,LSS,Left Subarticular Stenosis,left_subarticular_stenosis,2,142,train,L5/S1,nas_best_efficientnet_2d,EfficientNet 2D,118,11,,0.8881789137380192,0.8118524332810048,0.8094047192863275,0.8103378445453648,0.8881789137380192,0.1142172523961661,0.8446960488852628,0.0023961661341853,True,,,,
EfficientNet,2D,LSS,Left Subarticular Stenosis,left_subarticular_stenosis,2,142,validation,L1/L2,nas_best_efficientnet_2d,EfficientNet 2D,118,11,,0.945054945054945,0.482779827798278,0.358974358974359,0.3689393939393939,0.945054945054945,0.0622710622710622,0.2141192597669636,0.0073260073260073,True,273,257,13,3
EfficientNet,2D,LSS,Left Subarticular Stenosis,left_subarticular_stenosis,2,142,validation,L2/L3,nas_best_efficientnet_2d,EfficientNet 2D,118,11,,0.8937728937728938,0.647957671957672,0.5660723716933048,0.5868875086266391,0.8937728937728938,0.1062271062271062,0.7251518833535844,0.0,True,273,233,31,9
EfficientNet,2D,LSS,Left Subarticular Stenosis,left_subarticular_stenosis,2,142,validation,L3/L4,nas_best_efficientnet_2d,EfficientNet 2D,118,11,,0.8241758241758241,0.7516859939139732,0.7643976938094585,0.7557086011631466,0.8241758241758241,0.1794871794871795,0.7676285528314167,0.0036630036630036,True,273,187,65,21
EfficientNet,2D,LSS,Left Subarticular Stenosis,left_subarticular_stenosis,2,142,validation,L4/L5,nas_best_efficientnet_2d,EfficientNet 2D,118,11,,0.6923076923076923,0.6861182703321879,0.7139181010148752,0.6849713244140502,0.6923076923076923,0.3186813186813186,0.7509344006592307,0.0109890109890109,True,273,117,93,63
EfficientNet,2D,LSS,Left Subarticular Stenosis,left_subarticular_stenosis,2,142,validation,L5/S1,nas_best_efficientnet_2d,EfficientNet 2D,118,11,,0.8058608058608059,0.7108460875902737,0.6220361247947455,0.6562466772993089,0.8058608058608059,0.2014652014652014,0.6725620540342745,0.0073260073260073,True,273,203,50,20
EfficientNet,2D,LSS,Left Subarticular Stenosis,left_subarticular_stenosis,2,142,test,L1/L2,nas_best_efficientnet_2d,EfficientNet 2D,118,11,,0.912087912087912,0.3906443618339528,0.3508771929824561,0.348779188742186,0.912087912087912,0.0989010989010989,0.2840340141460701,0.0109890109890109,True,,,,
EfficientNet,2D,LSS,Left Subarticular Stenosis,left_subarticular_stenosis,2,142,test,L2/L3,nas_best_efficientnet_2d,EfficientNet 2D,118,11,,0.8571428571428571,0.6996351172047767,0.6164488017429194,0.6390893177274122,0.8571428571428571,0.1501831501831501,0.7245206861755802,0.0073260073260073,True,,,,
EfficientNet,2D,LSS,Left Subarticular Stenosis,left_subarticular_stenosis,2,142,test,L3/L4,nas_best_efficientnet_2d,EfficientNet 2D,118,11,,0.8021978021978022,0.7086021505376344,0.7186159890754894,0.712747672130923,0.8021978021978022,0.2014652014652014,0.7749381698268755,0.0036630036630036,True,,,,
EfficientNet,2D,LSS,Left Subarticular Stenosis,left_subarticular_stenosis,2,142,test,L4/L5,nas_best_efficientnet_2d,EfficientNet 2D,118,11,,0.6483516483516484,0.6381188204764517,0.6525447791897734,0.6367264732561536,0.6483516483516484,0.36996336996337,0.7074689397522903,0.0183150183150183,True,,,,
EfficientNet,2D,LSS,Left Subarticular Stenosis,left_subarticular_stenosis,2,142,test,L5/S1,nas_best_efficientnet_2d,EfficientNet 2D,118,11,,0.73992673992674,0.6074862476297681,0.5956922162804515,0.5964977997653477,0.73992673992674,0.271062271062271,0.6147604600296339,0.0109890109890109,True,,,,
EfficientNet,2D,LSS,Left Subarticular Stenosis,left_subarticular_stenosis,3,242,train,L1/L2,nas_best_efficientnet_2d,EfficientNet 2D,118,6,,0.9412231930103256,0.8350633330324638,0.4243673720954165,0.4638982310805867,0.9412231930103256,0.0667196187450357,0.3852077229359176,0.0079428117553613,True,,,,
EfficientNet,2D,LSS,Left Subarticular Stenosis,left_subarticular_stenosis,3,242,train,L2/L3,nas_best_efficientnet_2d,EfficientNet 2D,118,6,,0.8832406671961874,0.7435949339479467,0.6038253147611271,0.6544031717650776,0.8832406671961874,0.1231135822081016,0.7049214705612261,0.0063542494042891,True,,,,
EfficientNet,2D,LSS,Left Subarticular Stenosis,left_subarticular_stenosis,3,242,train,L3/L4,nas_best_efficientnet_2d,EfficientNet 2D,118,6,,0.8395552025416998,0.7612433272919947,0.8014256148714821,0.7755131636361753,0.8395552025416998,0.1620333598093725,0.8219207146237835,0.0015885623510722,True,,,,
EfficientNet,2D,LSS,Left Subarticular Stenosis,left_subarticular_stenosis,3,242,train,L4/L5,nas_best_efficientnet_2d,EfficientNet 2D,118,6,,0.6886417791898332,0.6773408125717606,0.7118288723292722,0.6731793245691507,0.6886417791898332,0.3304209690230341,0.7407204556974161,0.0190627482128673,True,,,,
EfficientNet,2D,LSS,Left Subarticular Stenosis,left_subarticular_stenosis,3,242,train,L5/S1,nas_best_efficientnet_2d,EfficientNet 2D,118,6,,0.8332009531374106,0.7597841530422779,0.704724192301832,0.7216054624713548,0.8332009531374106,0.17077045274027,0.7623234783542574,0.0039714058776806,True,,,,
EfficientNet,2D,LSS,Left Subarticular Stenosis,left_subarticular_stenosis,3,242,validation,L1/L2,nas_best_efficientnet_2d,EfficientNet 2D,118,6,,0.9328358208955224,0.3156565656565657,0.3320053120849933,0.3236245954692556,0.9328358208955224,0.0783582089552238,0.2952863264511103,0.0111940298507462,True,268,251,11,6
EfficientNet,2D,LSS,Left Subarticular Stenosis,left_subarticular_stenosis,3,242,validation,L2/L3,nas_best_efficientnet_2d,EfficientNet 2D,118,6,,0.8731343283582089,0.7481368563685636,0.5749561182997716,0.6262140798900256,0.8731343283582089,0.1343283582089552,0.6089874525824337,0.0074626865671641,True,268,221,38,9
EfficientNet,2D,LSS,Left Subarticular Stenosis,left_subarticular_stenosis,3,242,validation,L3/L4,nas_best_efficientnet_2d,EfficientNet 2D,118,6,,0.7798507462686567,0.6631443139869377,0.6973197331905157,0.6762452548616071,0.7798507462686567,0.2238805970149253,0.7324746417646112,0.003731343283582,True,268,188,57,23
EfficientNet,2D,LSS,Left Subarticular Stenosis,left_subarticular_stenosis,3,242,validation,L4/L5,nas_best_efficientnet_2d,EfficientNet 2D,118,6,,0.7014925373134329,0.696460347789165,0.7311889807366999,0.6926339417567489,0.7014925373134329,0.3097014925373134,0.7616325551646945,0.0111940298507462,True,268,114,93,61
EfficientNet,2D,LSS,Left Subarticular Stenosis,left_subarticular_stenosis,3,242,validation,L5/S1,nas_best_efficientnet_2d,EfficientNet 2D,118,6,,0.7910447761194029,0.6068783068783069,0.591656252649584,0.5956172254044595,0.7910447761194029,0.2164179104477611,0.6632073941949084,0.0074626865671641,True,268,197,54,17
EfficientNet,2D,LSS,Left Subarticular Stenosis,left_subarticular_stenosis,3,242,test,L1/L2,nas_best_efficientnet_2d,EfficientNet 2D,118,6,,0.9520295202952028,0.4851301115241635,0.358974358974359,0.3701732150401352,0.9520295202952028,0.047970479704797,0.3077225388091964,0.0,True,,,,
EfficientNet,2D,LSS,Left Subarticular Stenosis,left_subarticular_stenosis,3,242,test,L2/L3,nas_best_efficientnet_2d,EfficientNet 2D,118,6,,0.8966789667896679,0.7602484472049689,0.7266391627625107,0.7348737063273684,0.8966789667896679,0.1033210332103321,0.7610530293487845,0.0,True,,,,
EfficientNet,2D,LSS,Left Subarticular Stenosis,left_subarticular_stenosis,3,242,test,L3/L4,nas_best_efficientnet_2d,EfficientNet 2D,118,6,,0.7712177121771218,0.6661442888026295,0.7181614164854389,0.6842513930757285,0.7712177121771218,0.2324723247232472,0.7508803688356503,0.003690036900369,True,,,,
EfficientNet,2D,LSS,Left Subarticular Stenosis,left_subarticular_stenosis,3,242,test,L4/L5,nas_best_efficientnet_2d,EfficientNet 2D,118,6,,0.6531365313653137,0.6437402452619844,0.6594257042018237,0.6337491807710798,0.6531365313653137,0.3726937269372694,0.7082884822389666,0.025830258302583,True,,,,
EfficientNet,2D,LSS,Left Subarticular Stenosis,left_subarticular_stenosis,3,242,test,L5/S1,nas_best_efficientnet_2d,EfficientNet 2D,118,6,,0.7970479704797048,0.6756245452340529,0.6222915536263339,0.6386671440622568,0.7970479704797048,0.2214022140221402,0.6423858537872789,0.018450184501845,True,,,,
EfficientNet,2D,LSS,Left Subarticular Stenosis,left_subarticular_stenosis,4,342,train,L1/L2,nas_best_efficientnet_2d,EfficientNet 2D,118,9,,0.9405233941316417,0.7477976697925547,0.3965429109496906,0.4328585191301954,0.9405233941316417,0.063441712926249,0.425663707857208,0.0039651070578905,True,,,,
EfficientNet,2D,LSS,Left Subarticular Stenosis,left_subarticular_stenosis,4,342,train,L2/L3,nas_best_efficientnet_2d,EfficientNet 2D,118,9,,0.8945281522601111,0.8384747840090157,0.610511514020286,0.6699061081661642,0.8945281522601111,0.1078509119746233,0.7278006305542128,0.0023790642347343,True,,,,
EfficientNet,2D,LSS,Left Subarticular Stenosis,left_subarticular_stenosis,4,342,train,L3/L4,nas_best_efficientnet_2d,EfficientNet 2D,118,9,,0.8826328310864393,0.848492622434716,0.8114532048312625,0.8285882431576272,0.8826328310864393,0.1181601903251387,0.8588543400153739,0.0007930214115781,True,,,,
EfficientNet,2D,LSS,Left Subarticular Stenosis,left_subarticular_stenosis,4,342,train,L4/L5,nas_best_efficientnet_2d,EfficientNet 2D,118,9,,0.7969865186360032,0.8020486234195913,0.8132864344131949,0.7983834228409563,0.7969865186360032,0.2101506740681998,0.8197644320829341,0.007137192704203,True,,,,
EfficientNet,2D,LSS,Left Subarticular Stenosis,left_subarticular_stenosis,4,342,train,L5/S1,nas_best_efficientnet_2d,EfficientNet 2D,118,9,,0.8842188739095955,0.8698546799281323,0.7791353328241923,0.8175376591166064,0.8842188739095955,0.1189532117367168,0.8165331751939755,0.0031720856463124,True,,,,
EfficientNet,2D,LSS,Left Subarticular Stenosis,left_subarticular_stenosis,4,342,validation,L1/L2,nas_best_efficientnet_2d,EfficientNet 2D,118,9,,0.9338235294117648,0.3980099502487562,0.358974358974359,0.3629520906251176,0.9338235294117648,0.0772058823529411,0.3294375456537618,0.0110294117647058,True,272,253,13,6
EfficientNet,2D,LSS,Left Subarticular Stenosis,left_subarticular_stenosis,4,342,validation,L2/L3,nas_best_efficientnet_2d,EfficientNet 2D,118,9,,0.8970588235294118,0.8568145253964605,0.6764802919511439,0.7265209092486553,0.8970588235294118,0.1066176470588235,0.7447941888619855,0.0036764705882352,True,272,223,37,12
EfficientNet,2D,LSS,Left Subarticular Stenosis,left_subarticular_stenosis,4,342,validation,L3/L4,nas_best_efficientnet_2d,EfficientNet 2D,118,9,,0.8455882352941176,0.7245391705069123,0.7459477124183006,0.7332708615226874,0.8455882352941176,0.1544117647058823,0.8265727471459801,0.0,True,272,187,60,25
EfficientNet,2D,LSS,Left Subarticular Stenosis,left_subarticular_stenosis,4,342,validation,L4/L5,nas_best_efficientnet_2d,EfficientNet 2D,118,9,,0.6911764705882353,0.6878374607509272,0.7049951309632926,0.6856564183578402,0.6911764705882353,0.3198529411764705,0.7293503380980912,0.0110294117647058,True,272,118,97,57
EfficientNet,2D,LSS,Left Subarticular Stenosis,left_subarticular_stenosis,4,342,validation,L5/S1,nas_best_efficientnet_2d,EfficientNet 2D,118,9,,0.7794117647058824,0.6590028338217842,0.6177993353577156,0.6354097593657625,0.7794117647058824,0.2352941176470588,0.6414631467174399,0.0147058823529411,True,272,199,51,22
EfficientNet,2D,LSS,Left Subarticular Stenosis,left_subarticular_stenosis,4,342,test,L1/L2,nas_best_efficientnet_2d,EfficientNet 2D,118,9,,0.9283018867924528,0.3141762452107279,0.3306451612903225,0.3222003929273084,0.9283018867924528,0.0716981132075471,0.2810224189633015,0.0,True,,,,
EfficientNet,2D,LSS,Left Subarticular Stenosis,left_subarticular_stenosis,4,342,test,L2/L3,nas_best_efficientnet_2d,EfficientNet 2D,118,9,,0.8641509433962264,0.7585372714486639,0.5069826007326007,0.5520181039304766,0.8641509433962264,0.1396226415094339,0.6263152185703438,0.0037735849056603,True,,,,
EfficientNet,2D,LSS,Left Subarticular Stenosis,left_subarticular_stenosis,4,342,test,L3/L4,nas_best_efficientnet_2d,EfficientNet 2D,118,9,,0.8,0.7184911011366427,0.7112403715930252,0.7144952854487222,0.8,0.2,0.7535402811167459,0.0,True,,,,
EfficientNet,2D,LSS,Left Subarticular Stenosis,left_subarticular_stenosis,4,342,test,L4/L5,nas_best_efficientnet_2d,EfficientNet 2D,118,9,,0.6981132075471698,0.6804506772144312,0.6964750849768647,0.6820731779635888,0.6981132075471698,0.3169811320754717,0.7484315667822354,0.0150943396226415,True,,,,
EfficientNet,2D,LSS,Left Subarticular Stenosis,left_subarticular_stenosis,4,342,test,L5/S1,nas_best_efficientnet_2d,EfficientNet 2D,118,9,,0.7924528301886793,0.6769247146993697,0.6108184442625931,0.6375081024535192,0.7924528301886793,0.2150943396226415,0.7077434868290213,0.0075471698113207,True,,,,
EfficientNet,2D,LSS,Left Subarticular Stenosis,left_subarticular_stenosis,5,442,train,L1/L2,nas_best_efficientnet_2d,EfficientNet 2D,118,5,,0.9435612082670908,0.8072806302635153,0.4245098964725133,0.4604600080165705,0.9435612082670908,0.06120826709062,0.4571960478217447,0.0047694753577106,True,,,,
EfficientNet,2D,LSS,Left Subarticular Stenosis,left_subarticular_stenosis,5,442,train,L2/L3,nas_best_efficientnet_2d,EfficientNet 2D,118,5,,0.8871224165341812,0.7040272701909078,0.6868373935907494,0.6751509332290401,0.8871224165341812,0.1200317965023847,0.7471606383004027,0.0071542130365659,True,,,,
EfficientNet,2D,LSS,Left Subarticular Stenosis,left_subarticular_stenosis,5,442,train,L3/L4,nas_best_efficientnet_2d,EfficientNet 2D,118,5,,0.8235294117647058,0.7171779816403093,0.7465027694561782,0.7083814743251526,0.8235294117647058,0.1804451510333863,0.81006784519828,0.0039745627980922,True,,,,
EfficientNet,2D,LSS,Left Subarticular Stenosis,left_subarticular_stenosis,5,442,train,L4/L5,nas_best_efficientnet_2d,EfficientNet 2D,118,5,,0.7042925278219396,0.6777804131984909,0.7133882450007302,0.672949953284426,0.7042925278219396,0.3108108108108108,0.7668943521502845,0.0151033386327503,True,,,,
EfficientNet,2D,LSS,Left Subarticular Stenosis,left_subarticular_stenosis,5,442,train,L5/S1,nas_best_efficientnet_2d,EfficientNet 2D,118,5,,0.8275039745627981,0.7371562345104986,0.7054495675823831,0.7114069966186864,0.8275039745627981,0.1868044515103338,0.7247495910619793,0.0143084260731319,True,,,,
EfficientNet,2D,LSS,Left Subarticular Stenosis,left_subarticular_stenosis,5,442,validation,L1/L2,nas_best_efficientnet_2d,EfficientNet 2D,118,5,,0.9407407407407408,0.4824561403508771,0.3736824769433465,0.3903660886319846,0.9407407407407408,0.0592592592592592,0.3181818181818181,0.0,True,270,253,16,1
EfficientNet,2D,LSS,Left Subarticular Stenosis,left_subarticular_stenosis,5,442,validation,L2/L3,nas_best_efficientnet_2d,EfficientNet 2D,118,5,,0.8481481481481481,0.6132452938984171,0.6393893893893893,0.6124928491195544,0.8481481481481481,0.1666666666666666,0.653090909090909,0.0148148148148148,True,270,222,36,12
EfficientNet,2D,LSS,Left Subarticular Stenosis,left_subarticular_stenosis,5,442,validation,L3/L4,nas_best_efficientnet_2d,EfficientNet 2D,118,5,,0.7962962962962963,0.7162526888266569,0.7495238095238096,0.6958479649205801,0.7962962962962963,0.2148148148148148,0.7625721352019785,0.0111111111111111,True,270,175,70,25
EfficientNet,2D,LSS,Left Subarticular Stenosis,left_subarticular_stenosis,5,442,validation,L4/L5,nas_best_efficientnet_2d,EfficientNet 2D,118,5,,0.6777777777777778,0.6684556336195681,0.6979451220844742,0.6564582583878936,0.6777777777777778,0.362962962962963,0.6926754311080758,0.0407407407407407,True,270,122,89,59
EfficientNet,2D,LSS,Left Subarticular Stenosis,left_subarticular_stenosis,5,442,validation,L5/S1,nas_best_efficientnet_2d,EfficientNet 2D,118,5,,0.7555555555555555,0.5782601969782911,0.5870583301296614,0.5637405534296098,0.7555555555555555,0.2666666666666666,0.5613322502030869,0.0222222222222222,True,270,186,71,13
EfficientNet,2D,LSS,Left Subarticular Stenosis,left_subarticular_stenosis,5,442,test,L1/L2,nas_best_efficientnet_2d,EfficientNet 2D,118,5,,0.9481481481481482,0.8431479462013813,0.492063492063492,0.5498700454840805,0.9481481481481482,0.0629629629629629,0.5331529093369418,0.0111111111111111,True,,,,
EfficientNet,2D,LSS,Left Subarticular Stenosis,left_subarticular_stenosis,5,442,test,L2/L3,nas_best_efficientnet_2d,EfficientNet 2D,118,5,,0.8666666666666667,0.7019870350982943,0.6494393476044852,0.6542745390203017,0.8666666666666667,0.137037037037037,0.7228509764699689,0.0037037037037037,True,,,,
EfficientNet,2D,LSS,Left Subarticular Stenosis,left_subarticular_stenosis,5,442,test,L3/L4,nas_best_efficientnet_2d,EfficientNet 2D,118,5,,0.762962962962963,0.62508504736484,0.6870340108998579,0.6296313518819913,0.762962962962963,0.2407407407407407,0.7109761942802365,0.0037037037037037,True,,,,
EfficientNet,2D,LSS,Left Subarticular Stenosis,left_subarticular_stenosis,5,442,test,L4/L5,nas_best_efficientnet_2d,EfficientNet 2D,118,5,,0.6962962962962963,0.6661111111111112,0.697628894403088,0.6570153048187506,0.6962962962962963,0.3222222222222222,0.7618181487477036,0.0185185185185185,True,,,,
EfficientNet,2D,LSS,Left Subarticular Stenosis,left_subarticular_stenosis,5,442,test,L5/S1,nas_best_efficientnet_2d,EfficientNet 2D,118,5,,0.774074074074074,0.6126368952684743,0.62294459629485,0.6121014168240555,0.774074074074074,0.237037037037037,0.6699958094705964,0.0111111111111111,True,,,,
EfficientNet,2D,RFN,Right Neural Foraminal Narrowing,right_neural_foraminal_narrowing,1,42,train,L1/L2,nas_best_efficientnet_2d,EfficientNet 2D,143,5,,0.9606700655498908,0.3202233551832969,0.3333333333333333,0.3266468548786528,0.9606700655498908,0.0451565914056809,0.0,0.0058266569555717,True,,,,
EfficientNet,2D,RFN,Right Neural Foraminal Narrowing,right_neural_foraminal_narrowing,1,42,train,L2/L3,nas_best_efficientnet_2d,EfficientNet 2D,143,5,,0.9242534595775672,0.5619779888436605,0.4017613445378151,0.4298550430129377,0.9242534595775672,0.0772032046613255,0.3205477726491573,0.0014566642388929,True,,,,
EfficientNet,2D,RFN,Right Neural Foraminal Narrowing,right_neural_foraminal_narrowing,1,42,train,L3/L4,nas_best_efficientnet_2d,EfficientNet 2D,143,5,,0.8638018936635106,0.6761930356037656,0.6246101316523851,0.6456216567922334,0.8638018936635106,0.1369264384559359,0.6526133564152075,0.0007283321194464,True,,,,
EfficientNet,2D,RFN,Right Neural Foraminal Narrowing,right_neural_foraminal_narrowing,1,42,train,L4/L5,nas_best_efficientnet_2d,EfficientNet 2D,143,5,,0.7764020393299345,0.7398565486800782,0.7169513167985283,0.7166729905291996,0.7764020393299345,0.2235979606700655,0.6927737758830428,0.0,True,,,,
EfficientNet,2D,RFN,Right Neural Foraminal Narrowing,right_neural_foraminal_narrowing,1,42,train,L5/S1,nas_best_efficientnet_2d,EfficientNet 2D,143,5,,0.7815003641660597,0.6902477979713751,0.7213331761376475,0.7039284273816963,0.7815003641660597,0.2257829570284049,0.7437415799350489,0.0072833211944646,True,,,,
EfficientNet,2D,RFN,Right Neural Foraminal Narrowing,right_neural_foraminal_narrowing,1,42,validation,L1/L2,nas_best_efficientnet_2d,EfficientNet 2D,143,5,,0.9594594594594594,0.3198198198198198,0.3333333333333333,0.3264367816091953,0.9594594594594594,0.0472972972972973,0.0,0.0067567567567567,True,296,284,10,2
EfficientNet,2D,RFN,Right Neural Foraminal Narrowing,right_neural_foraminal_narrowing,1,42,validation,L2/L3,nas_best_efficientnet_2d,EfficientNet 2D,143,5,,0.9222972972972971,0.5472071181413742,0.3961967400629111,0.4212012599109373,0.9222972972972971,0.0777027027027027,0.3553030303030303,0.0,True,296,269,26,1
EfficientNet,2D,RFN,Right Neural Foraminal Narrowing,right_neural_foraminal_narrowing,1,42,validation,L3/L4,nas_best_efficientnet_2d,EfficientNet 2D,143,5,,0.8141891891891891,0.7656906240757172,0.6102754648282448,0.6633285800708668,0.8141891891891891,0.1891891891891892,0.5780574125049154,0.0033783783783783,True,296,219,68,9
EfficientNet,2D,RFN,Right Neural Foraminal Narrowing,right_neural_foraminal_narrowing,1,42,validation,L4/L5,nas_best_efficientnet_2d,EfficientNet 2D,143,5,,0.706081081081081,0.7366930854821617,0.6833855157877503,0.6960803603469824,0.706081081081081,0.2939189189189189,0.6353853995582489,0.0,True,296,179,91,26
EfficientNet,2D,RFN,Right Neural Foraminal Narrowing,right_neural_foraminal_narrowing,1,42,validation,L5/S1,nas_best_efficientnet_2d,EfficientNet 2D,143,5,,0.7398648648648649,0.6104308481357662,0.6418238751572085,0.6202460889642823,0.7398648648648649,0.2736486486486486,0.675470582438159,0.0135135135135135,True,296,195,74,27
EfficientNet,2D,RFN,Right Neural Foraminal Narrowing,right_neural_foraminal_narrowing,1,42,test,L1/L2,nas_best_efficientnet_2d,EfficientNet 2D,143,5,,0.9662162162162162,0.322072072072072,0.3333333333333333,0.3276059564719358,0.9662162162162162,0.0439189189189189,0.0,0.0101351351351351,True,,,,
EfficientNet,2D,RFN,Right Neural Foraminal Narrowing,right_neural_foraminal_narrowing,1,42,test,L2/L3,nas_best_efficientnet_2d,EfficientNet 2D,143,5,,0.9256756756756755,0.4771689497716895,0.3624153624153624,0.3722260040844111,0.9256756756756755,0.0743243243243243,0.2504604051565378,0.0,True,,,,
EfficientNet,2D,RFN,Right Neural Foraminal Narrowing,right_neural_foraminal_narrowing,1,42,test,L3/L4,nas_best_efficientnet_2d,EfficientNet 2D,143,5,,0.831081081081081,0.7192238943666033,0.5587719298245614,0.6042884780611032,0.831081081081081,0.1722972972972972,0.5718340611353712,0.0033783783783783,True,,,,
EfficientNet,2D,RFN,Right Neural Foraminal Narrowing,right_neural_foraminal_narrowing,1,42,test,L4/L5,nas_best_efficientnet_2d,EfficientNet 2D,143,5,,0.7128378378378378,0.6699920587651381,0.6205513784461153,0.626496321034095,0.7128378378378378,0.2871621621621621,0.5979546180888462,0.0,True,,,,
EfficientNet,2D,RFN,Right Neural Foraminal Narrowing,right_neural_foraminal_narrowing,1,42,test,L5/S1,nas_best_efficientnet_2d,EfficientNet 2D,143,5,,0.7128378378378378,0.6373615512036892,0.6721934693991124,0.6527033554634404,0.7128378378378378,0.2939189189189189,0.6517737097941877,0.0067567567567567,True,,,,
EfficientNet,2D,RFN,Right Neural Foraminal Narrowing,right_neural_foraminal_narrowing,2,142,train,L1/L2,nas_best_efficientnet_2d,EfficientNet 2D,143,10,,0.9664967225054624,0.8567974339995065,0.6524732076866223,0.6408418525540094,0.9664967225054624,0.0356882738528769,0.6499478502723375,0.0021849963583394,True,,,,
EfficientNet,2D,RFN,Right Neural Foraminal Narrowing,right_neural_foraminal_narrowing,2,142,train,L2/L3,nas_best_efficientnet_2d,EfficientNet 2D,143,10,,0.942461762563729,0.6182117358322178,0.4519080969881885,0.494355151045701,0.942461762563729,0.0582665695557174,0.511722714222519,0.0007283321194464,True,,,,
EfficientNet,2D,RFN,Right Neural Foraminal Narrowing,right_neural_foraminal_narrowing,2,142,train,L3/L4,nas_best_efficientnet_2d,EfficientNet 2D,143,10,,0.8798252002913328,0.7606731518918729,0.6525095014531636,0.690003138481507,0.8798252002913328,0.1209031318281136,0.6941339337571307,0.0007283321194464,True,,,,
EfficientNet,2D,RFN,Right Neural Foraminal Narrowing,right_neural_foraminal_narrowing,2,142,train,L4/L5,nas_best_efficientnet_2d,EfficientNet 2D,143,10,,0.8725418790968682,0.8522853279560093,0.8501051183461449,0.8507657832109095,0.8725418790968682,0.1274581209031318,0.8272010781818483,0.0,True,,,,
EfficientNet,2D,RFN,Right Neural Foraminal Narrowing,right_neural_foraminal_narrowing,2,142,train,L5/S1,nas_best_efficientnet_2d,EfficientNet 2D,143,10,,0.8732702112163147,0.8607903061451306,0.804842290655265,0.8248195509241215,0.8732702112163147,0.1318281136198106,0.8382264883543736,0.0050983248361252,True,,,,
EfficientNet,2D,RFN,Right Neural Foraminal Narrowing,right_neural_foraminal_narrowing,2,142,validation,L1/L2,nas_best_efficientnet_2d,EfficientNet 2D,143,10,,0.9763513513513512,0.3965635738831615,0.6655132641291811,0.4421455938697318,0.9763513513513512,0.027027027027027,0.6605504587155964,0.0033783783783783,True,296,289,6,1
EfficientNet,2D,RFN,Right Neural Foraminal Narrowing,right_neural_foraminal_narrowing,2,142,validation,L2/L3,nas_best_efficientnet_2d,EfficientNet 2D,143,10,,0.9256756756756755,0.6414662084765178,0.3974358974358974,0.4277649769585254,0.9256756756756755,0.0777027027027027,0.2658730158730159,0.0033783783783783,True,296,269,26,1
EfficientNet,2D,RFN,Right Neural Foraminal Narrowing,right_neural_foraminal_narrowing,2,142,validation,L3/L4,nas_best_efficientnet_2d,EfficientNet 2D,143,10,,0.8581081081081081,0.7156383175838429,0.6399425287356322,0.6628888171348617,0.8581081081081081,0.1452702702702702,0.5803931451612903,0.0033783783783783,True,296,232,60,4
EfficientNet,2D,RFN,Right Neural Foraminal Narrowing,right_neural_foraminal_narrowing,2,142,validation,L4/L5,nas_best_efficientnet_2d,EfficientNet 2D,143,10,,0.7533783783783784,0.7069727891156462,0.712875572201415,0.7061450417487568,0.7533783783783784,0.25,0.6572403705509507,0.0033783783783783,True,296,178,100,18
EfficientNet,2D,RFN,Right Neural Foraminal Narrowing,right_neural_foraminal_narrowing,2,142,validation,L5/S1,nas_best_efficientnet_2d,EfficientNet 2D,143,10,,0.7635135135135135,0.6476888053891202,0.5856088850901625,0.6062087045538987,0.7635135135135135,0.2466216216216216,0.684375337436562,0.0101351351351351,True,296,199,66,31
EfficientNet,2D,RFN,Right Neural Foraminal Narrowing,right_neural_foraminal_narrowing,2,142,test,L1/L2,nas_best_efficientnet_2d,EfficientNet 2D,143,10,,0.9797297297297296,0.8276450511945392,0.7142857142857143,0.6360202715624402,0.9797297297297296,0.0202702702702702,0.695368782161235,0.0,True,,,,
EfficientNet,2D,RFN,Right Neural Foraminal Narrowing,right_neural_foraminal_narrowing,2,142,test,L2/L3,nas_best_efficientnet_2d,EfficientNet 2D,143,10,,0.9155405405405406,0.5282518012893439,0.358974358974359,0.3650754693827463,0.9155405405405406,0.0844594594594594,0.2291666666666667,0.0,True,,,,
EfficientNet,2D,RFN,Right Neural Foraminal Narrowing,right_neural_foraminal_narrowing,2,142,test,L3/L4,nas_best_efficientnet_2d,EfficientNet 2D,143,10,,0.7804054054054054,0.6779216467463479,0.5701984376402981,0.6032803754737344,0.7804054054054054,0.2229729729729729,0.4859011033919084,0.0033783783783783,True,,,,
EfficientNet,2D,RFN,Right Neural Foraminal Narrowing,right_neural_foraminal_narrowing,2,142,test,L4/L5,nas_best_efficientnet_2d,EfficientNet 2D,143,10,,0.7297297297297297,0.7035536887022036,0.6453551339831604,0.6666359053234214,0.7297297297297297,0.277027027027027,0.6538294168842471,0.0067567567567567,True,,,,
EfficientNet,2D,RFN,Right Neural Foraminal Narrowing,right_neural_foraminal_narrowing,2,142,test,L5/S1,nas_best_efficientnet_2d,EfficientNet 2D,143,10,,0.722972972972973,0.6254185692541857,0.5907265961613787,0.5973371696143973,0.722972972972973,0.2939189189189189,0.5843418843013493,0.0168918918918918,True,,,,
EfficientNet,2D,RFN,Right Neural Foraminal Narrowing,right_neural_foraminal_narrowing,3,242,train,L1/L2,nas_best_efficientnet_2d,EfficientNet 2D,143,9,,0.978909090909091,0.5640163664775063,0.4783818520660626,0.5103678837360299,0.978909090909091,0.021090909090909,0.65970284270804,0.0,True,,,,
EfficientNet,2D,RFN,Right Neural Foraminal Narrowing,right_neural_foraminal_narrowing,3,242,train,L2/L3,nas_best_efficientnet_2d,EfficientNet 2D,143,9,,0.9549090909090908,0.6301294424270183,0.4738562091503268,0.5194600140733269,0.9549090909090908,0.045090909090909,0.5941713001751847,0.0,True,,,,
EfficientNet,2D,RFN,Right Neural Foraminal Narrowing,right_neural_foraminal_narrowing,3,242,train,L3/L4,nas_best_efficientnet_2d,EfficientNet 2D,143,9,,0.8938181818181818,0.7972486355971743,0.7762397428442204,0.784743975240345,0.8938181818181818,0.1061818181818181,0.7545639490813417,0.0,True,,,,
EfficientNet,2D,RFN,Right Neural Foraminal Narrowing,right_neural_foraminal_narrowing,3,242,train,L4/L5,nas_best_efficientnet_2d,EfficientNet 2D,143,9,,0.8538181818181818,0.7955694969119147,0.8544521224272983,0.820806811184818,0.8538181818181818,0.1461818181818182,0.81273236940052,0.0,True,,,,
EfficientNet,2D,RFN,Right Neural Foraminal Narrowing,right_neural_foraminal_narrowing,3,242,train,L5/S1,nas_best_efficientnet_2d,EfficientNet 2D,143,9,,0.8523636363636363,0.779507232662457,0.8157298685774824,0.7911119872147666,0.8523636363636363,0.1527272727272727,0.8298019071027863,0.005090909090909,True,,,,
EfficientNet,2D,RFN,Right Neural Foraminal Narrowing,right_neural_foraminal_narrowing,3,242,validation,L1/L2,nas_best_efficientnet_2d,EfficientNet 2D,143,9,,0.95578231292517,0.3229885057471264,0.3309776207302708,0.3269342641070389,0.95578231292517,0.0476190476190476,0.3225806451612903,0.0034013605442176,True,294,283,8,3
EfficientNet,2D,RFN,Right Neural Foraminal Narrowing,right_neural_foraminal_narrowing,3,242,validation,L2/L3,nas_best_efficientnet_2d,EfficientNet 2D,143,9,,0.9183673469387756,0.5981934731934732,0.4098484848484848,0.4415948963317384,0.9183673469387756,0.0816326530612244,0.3400673400673401,0.0,True,294,264,30,0
EfficientNet,2D,RFN,Right Neural Foraminal Narrowing,right_neural_foraminal_narrowing,3,242,validation,L3/L4,nas_best_efficientnet_2d,EfficientNet 2D,143,9,,0.8367346938775511,0.6665794922087829,0.6459779026943206,0.6547567844342038,0.8367346938775511,0.1700680272108843,0.6166883963494133,0.0068027210884353,True,294,220,67,7
EfficientNet,2D,RFN,Right Neural Foraminal Narrowing,right_neural_foraminal_narrowing,3,242,validation,L4/L5,nas_best_efficientnet_2d,EfficientNet 2D,143,9,,0.7074829931972789,0.6924087229702844,0.731315817751988,0.7084287773942947,0.7074829931972789,0.2959183673469387,0.6462811258009571,0.0034013605442176,True,294,176,94,24
EfficientNet,2D,RFN,Right Neural Foraminal Narrowing,right_neural_foraminal_narrowing,3,242,validation,L5/S1,nas_best_efficientnet_2d,EfficientNet 2D,143,9,,0.7244897959183674,0.6245262746329494,0.6582131211686448,0.6361040532365396,0.7244897959183674,0.2857142857142857,0.6560598970519419,0.010204081632653,True,294,187,82,25
EfficientNet,2D,RFN,Right Neural Foraminal Narrowing,right_neural_foraminal_narrowing,3,242,test,L1/L2,nas_best_efficientnet_2d,EfficientNet 2D,143,9,,0.9425675675675677,0.4849537037037037,0.4154589371980676,0.4361702127659574,0.9425675675675677,0.0608108108108108,0.4832402234636871,0.0033783783783783,True,,,,
EfficientNet,2D,RFN,Right Neural Foraminal Narrowing,right_neural_foraminal_narrowing,3,242,test,L2/L3,nas_best_efficientnet_2d,EfficientNet 2D,143,9,,0.8952702702702703,0.5589108272035102,0.3999999999999999,0.4216569363358354,0.8952702702702703,0.1081081081081081,0.3645662331102413,0.0033783783783783,True,,,,
EfficientNet,2D,RFN,Right Neural Foraminal Narrowing,right_neural_foraminal_narrowing,3,242,test,L3/L4,nas_best_efficientnet_2d,EfficientNet 2D,143,9,,0.8040540540540541,0.636910981738568,0.7181818181818181,0.6605946898629825,0.8040540540540541,0.1959459459459459,0.5706282513005201,0.0,True,,,,
EfficientNet,2D,RFN,Right Neural Foraminal Narrowing,right_neural_foraminal_narrowing,3,242,test,L4/L5,nas_best_efficientnet_2d,EfficientNet 2D,143,9,,0.7398648648648649,0.6814285714285714,0.742281279344715,0.7061856793999651,0.7398648648648649,0.2635135135135135,0.6757940854326396,0.0033783783783783,True,,,,
EfficientNet,2D,RFN,Right Neural Foraminal Narrowing,right_neural_foraminal_narrowing,3,242,test,L5/S1,nas_best_efficientnet_2d,EfficientNet 2D,143,9,,0.7533783783783784,0.6668319462808846,0.6678632698576085,0.6634042632204397,0.7533783783783784,0.2601351351351351,0.6685461347947516,0.0135135135135135,True,,,,
EfficientNet,2D,RFN,Right Neural Foraminal Narrowing,right_neural_foraminal_narrowing,4,342,train,L1/L2,nas_best_efficientnet_2d,EfficientNet 2D,143,11,,0.9832483612527312,0.835454628398634,0.6759259259259259,0.7332285412975281,0.9832483612527312,0.0182083029861616,0.7588295507543958,0.0014566642388929,True,,,,
EfficientNet,2D,RFN,Right Neural Foraminal Narrowing,right_neural_foraminal_narrowing,4,342,train,L2/L3,nas_best_efficientnet_2d,EfficientNet 2D,143,11,,0.9635833940276766,0.6223330775134306,0.5306547752431318,0.5659941188974704,0.9635833940276766,0.0364166059723233,0.7228009820073005,0.0,True,,,,
EfficientNet,2D,RFN,Right Neural Foraminal Narrowing,right_neural_foraminal_narrowing,4,342,train,L3/L4,nas_best_efficientnet_2d,EfficientNet 2D,143,11,,0.9060451565914056,0.7981766219289398,0.8572625224851252,0.8152143187573874,0.9060451565914056,0.0939548434085943,0.7926265986181897,0.0,True,,,,
EfficientNet,2D,RFN,Right Neural Foraminal Narrowing,right_neural_foraminal_narrowing,4,342,train,L4/L5,nas_best_efficientnet_2d,EfficientNet 2D,143,11,,0.8871085214857976,0.8496725010308536,0.8779657877432321,0.8601809952631521,0.8871085214857976,0.1136198106336489,0.8504316050744622,0.0007283321194464,True,,,,
EfficientNet,2D,RFN,Right Neural Foraminal Narrowing,right_neural_foraminal_narrowing,4,342,train,L5/S1,nas_best_efficientnet_2d,EfficientNet 2D,143,11,,0.8798252002913328,0.8530308413848812,0.8369402963427087,0.8387537910118555,0.8798252002913328,0.1267297887836853,0.8457548892030295,0.0065549890750182,True,,,,
EfficientNet,2D,RFN,Right Neural Foraminal Narrowing,right_neural_foraminal_narrowing,4,342,validation,L1/L2,nas_best_efficientnet_2d,EfficientNet 2D,143,11,,0.956081081081081,0.4885057471264368,0.4143026004728132,0.4374514374514375,0.956081081081081,0.0472972972972973,0.368869936034115,0.0033783783783783,True,296,282,12,2
EfficientNet,2D,RFN,Right Neural Foraminal Narrowing,right_neural_foraminal_narrowing,4,342,validation,L2/L3,nas_best_efficientnet_2d,EfficientNet 2D,143,11,,0.9222972972972971,0.5995370370370371,0.4125446639975892,0.4456456456456457,0.9222972972972971,0.0777027027027027,0.3508771929824562,0.0,True,296,267,29,0
EfficientNet,2D,RFN,Right Neural Foraminal Narrowing,right_neural_foraminal_narrowing,4,342,validation,L3/L4,nas_best_efficientnet_2d,EfficientNet 2D,143,11,,0.8547297297297297,0.5100110587276643,0.4894830659536541,0.4980584300729867,0.8547297297297297,0.1452702702702702,0.5576869613566862,0.0,True,296,238,55,3
EfficientNet,2D,RFN,Right Neural Foraminal Narrowing,right_neural_foraminal_narrowing,4,342,validation,L4/L5,nas_best_efficientnet_2d,EfficientNet 2D,143,11,,0.7567567567567568,0.6984348191700743,0.6834325396825397,0.6904423605190869,0.7567567567567568,0.2432432432432432,0.6739290085679315,0.0,True,296,192,84,20
EfficientNet,2D,RFN,Right Neural Foraminal Narrowing,right_neural_foraminal_narrowing,4,342,validation,L5/S1,nas_best_efficientnet_2d,EfficientNet 2D,143,11,,0.7398648648648649,0.6749800323010601,0.5941704300338077,0.6218025311743904,0.7398648648648649,0.2702702702702703,0.6498679577464789,0.0101351351351351,True,296,187,78,31
EfficientNet,2D,RFN,Right Neural Foraminal Narrowing,right_neural_foraminal_narrowing,4,342,test,L1/L2,nas_best_efficientnet_2d,EfficientNet 2D,143,11,,0.945945945945946,0.4840182648401827,0.3765830346475508,0.3947522045042553,0.945945945945946,0.0574324324324324,0.2826530612244898,0.0033783783783783,True,,,,
EfficientNet,2D,RFN,Right Neural Foraminal Narrowing,right_neural_foraminal_narrowing,4,342,test,L2/L3,nas_best_efficientnet_2d,EfficientNet 2D,143,11,,0.9054054054054054,0.5118571809219291,0.4415553435114503,0.4639506172839506,0.9054054054054054,0.0945945945945946,0.4778225806451612,0.0,True,,,,
EfficientNet,2D,RFN,Right Neural Foraminal Narrowing,right_neural_foraminal_narrowing,4,342,test,L3/L4,nas_best_efficientnet_2d,EfficientNet 2D,143,11,,0.7972972972972973,0.7516216781753505,0.6115544047900614,0.6605630856849967,0.7972972972972973,0.206081081081081,0.5780613630192777,0.0033783783783783,True,,,,
EfficientNet,2D,RFN,Right Neural Foraminal Narrowing,right_neural_foraminal_narrowing,4,342,test,L4/L5,nas_best_efficientnet_2d,EfficientNet 2D,143,11,,0.7905405405405406,0.8024142848704252,0.7435298652409844,0.7689806564660623,0.7905405405405406,0.2128378378378378,0.7209814954463716,0.0033783783783783,True,,,,
EfficientNet,2D,RFN,Right Neural Foraminal Narrowing,right_neural_foraminal_narrowing,4,342,test,L5/S1,nas_best_efficientnet_2d,EfficientNet 2D,143,11,,0.7601351351351351,0.6348926154751396,0.6261590524534687,0.6296834028474385,0.7601351351351351,0.2466216216216216,0.6768192388406784,0.0067567567567567,True,,,,
EfficientNet,2D,RFN,Right Neural Foraminal Narrowing,right_neural_foraminal_narrowing,5,442,train,L1/L2,nas_best_efficientnet_2d,EfficientNet 2D,143,3,,0.965843023255814,0.4729977116704805,0.4916614550760892,0.4818209620089553,0.965843023255814,0.034156976744186,0.6052252472225614,0.0,True,,,,
EfficientNet,2D,RFN,Right Neural Foraminal Narrowing,right_neural_foraminal_narrowing,5,442,train,L2/L3,nas_best_efficientnet_2d,EfficientNet 2D,143,3,,0.9331395348837208,0.5259167630980408,0.4407435295507227,0.4681983299523518,0.9331395348837208,0.066860465116279,0.4479053093408462,0.0,True,,,,
EfficientNet,2D,RFN,Right Neural Foraminal Narrowing,right_neural_foraminal_narrowing,5,442,train,L3/L4,nas_best_efficientnet_2d,EfficientNet 2D,143,3,,0.8386627906976745,0.5131027543087844,0.466755190303799,0.4800954587463759,0.8386627906976745,0.1627906976744186,0.5261020881670533,0.001453488372093,True,,,,
EfficientNet,2D,RFN,Right Neural Foraminal Narrowing,right_neural_foraminal_narrowing,5,442,train,L4/L5,nas_best_efficientnet_2d,EfficientNet 2D,143,3,,0.7739825581395349,0.723505677929022,0.6229841571069993,0.6519628275376951,0.7739825581395349,0.2296511627906976,0.6563963036497782,0.0036337209302325,True,,,,
EfficientNet,2D,RFN,Right Neural Foraminal Narrowing,right_neural_foraminal_narrowing,5,442,train,L5/S1,nas_best_efficientnet_2d,EfficientNet 2D,143,3,,0.7361918604651163,0.4561972376601808,0.5184942803096168,0.4821789874981363,0.7361918604651163,0.2718023255813953,0.5728604060873914,0.0079941860465116,True,,,,
EfficientNet,2D,RFN,Right Neural Foraminal Narrowing,right_neural_foraminal_narrowing,5,442,validation,L1/L2,nas_best_efficientnet_2d,EfficientNet 2D,143,3,,0.9559322033898304,0.5290052736861247,0.507501002807862,0.5172501916687963,0.9559322033898304,0.047457627118644,0.5805935667318287,0.0033898305084745,True,295,277,15,3
EfficientNet,2D,RFN,Right Neural Foraminal Narrowing,right_neural_foraminal_narrowing,5,442,validation,L2/L3,nas_best_efficientnet_2d,EfficientNet 2D,143,3,,0.905084745762712,0.5006870828425599,0.4085665818490245,0.4291539245667686,0.905084745762712,0.0949152542372881,0.4517456524624984,0.0,True,295,262,30,3
EfficientNet,2D,RFN,Right Neural Foraminal Narrowing,right_neural_foraminal_narrowing,5,442,validation,L3/L4,nas_best_efficientnet_2d,EfficientNet 2D,143,3,,0.8372881355932204,0.5274809693414344,0.4643874643874643,0.4801282831973369,0.8372881355932204,0.1627118644067796,0.5348226018396846,0.0,True,295,225,65,5
EfficientNet,2D,RFN,Right Neural Foraminal Narrowing,right_neural_foraminal_narrowing,5,442,validation,L4/L5,nas_best_efficientnet_2d,EfficientNet 2D,143,3,,0.7796610169491526,0.7065850815850817,0.6813222575005945,0.6917669457121258,0.7796610169491526,0.2203389830508474,0.6632952290646017,0.0,True,295,179,103,13
EfficientNet,2D,RFN,Right Neural Foraminal Narrowing,right_neural_foraminal_narrowing,5,442,validation,L5/S1,nas_best_efficientnet_2d,EfficientNet 2D,143,3,,0.7016949152542373,0.4502194825814887,0.5273049645390071,0.4729145895646394,0.7016949152542373,0.311864406779661,0.5247913914752409,0.0135593220338983,True,295,188,75,32
EfficientNet,2D,RFN,Right Neural Foraminal Narrowing,right_neural_foraminal_narrowing,5,442,test,L1/L2,nas_best_efficientnet_2d,EfficientNet 2D,143,3,,0.9693877551020408,0.4097701149425287,0.3786213786213786,0.3893097643097643,0.9693877551020408,0.0306122448979591,0.3900414937759336,0.0,True,,,,
EfficientNet,2D,RFN,Right Neural Foraminal Narrowing,right_neural_foraminal_narrowing,5,442,test,L2/L3,nas_best_efficientnet_2d,EfficientNet 2D,143,3,,0.8979591836734694,0.4706572769953052,0.3825757575757575,0.3984184914841849,0.8979591836734694,0.1020408163265306,0.2096774193548387,0.0,True,,,,
EfficientNet,2D,RFN,Right Neural Foraminal Narrowing,right_neural_foraminal_narrowing,5,442,test,L3/L4,nas_best_efficientnet_2d,EfficientNet 2D,143,3,,0.8231292517006803,0.5071522309711286,0.4627450980392156,0.4731829573934837,0.8231292517006803,0.1802721088435374,0.5215693236286171,0.0034013605442176,True,,,,
EfficientNet,2D,RFN,Right Neural Foraminal Narrowing,right_neural_foraminal_narrowing,5,442,test,L4/L5,nas_best_efficientnet_2d,EfficientNet 2D,143,3,,0.7414965986394558,0.7003584229390681,0.6543613865581829,0.6733665824053198,0.7414965986394558,0.2585034013605442,0.6679151061173533,0.0,True,,,,
EfficientNet,2D,RFN,Right Neural Foraminal Narrowing,right_neural_foraminal_narrowing,5,442,test,L5/S1,nas_best_efficientnet_2d,EfficientNet 2D,143,3,,0.6836734693877551,0.4380180770851871,0.5207041714504401,0.4529042386185243,0.6836734693877551,0.3333333333333333,0.4604587935429056,0.0170068027210884,True,,,,
EfficientNet,2D,RSS,Right Subarticular Stenosis,right_subarticular_stenosis,1,42,train,L1/L2,nas_best_efficientnet_2d,EfficientNet 2D,58,5,,0.9405705229793978,0.9107692742322796,0.4214498201272945,0.4701338963572707,0.9405705229793978,0.0689381933438985,0.2951139737332059,0.0095087163232963,True,,,,
EfficientNet,2D,RSS,Right Subarticular Stenosis,right_subarticular_stenosis,1,42,train,L2/L3,nas_best_efficientnet_2d,EfficientNet 2D,58,5,,0.8866877971473851,0.8172890079302557,0.5293204602415128,0.5913077508414376,0.8866877971473851,0.118066561014263,0.6070847047266174,0.0047543581616481,True,,,,
EfficientNet,2D,RSS,Right Subarticular Stenosis,right_subarticular_stenosis,1,42,train,L3/L4,nas_best_efficientnet_2d,EfficientNet 2D,58,5,,0.8232963549920761,0.7470202776122825,0.719010619010619,0.7304889800514801,0.8232963549920761,0.1822503961965134,0.78276316494953,0.0055467511885895,True,,,,
EfficientNet,2D,RSS,Right Subarticular Stenosis,right_subarticular_stenosis,1,42,train,L4/L5,nas_best_efficientnet_2d,EfficientNet 2D,58,5,,0.7194928684627575,0.7079847270145182,0.73533979123125,0.7113740138740089,0.7194928684627575,0.294770206022187,0.7602764407968066,0.0142630744849445,True,,,,
EfficientNet,2D,RSS,Right Subarticular Stenosis,right_subarticular_stenosis,1,42,train,L5/S1,nas_best_efficientnet_2d,EfficientNet 2D,58,5,,0.8019017432646592,0.6852792875520147,0.6144654088050314,0.6420310191775106,0.8019017432646592,0.2036450079239302,0.7048332835637979,0.0055467511885895,True,,,,
EfficientNet,2D,RSS,Right Subarticular Stenosis,right_subarticular_stenosis,1,42,validation,L1/L2,nas_best_efficientnet_2d,EfficientNet 2D,58,5,,0.9393939393939394,0.5153153153153153,0.3999999999999999,0.424074074074074,0.9393939393939394,0.0681818181818181,0.3737330170368773,0.0075757575757575,True,264,245,15,4
EfficientNet,2D,RSS,Right Subarticular Stenosis,right_subarticular_stenosis,1,42,validation,L2/L3,nas_best_efficientnet_2d,EfficientNet 2D,58,5,,0.8901515151515151,0.7049865746068278,0.5595228659744789,0.6066048012496403,0.8901515151515151,0.1174242424242424,0.6639511201629328,0.0075757575757575,True,264,222,31,11
EfficientNet,2D,RSS,Right Subarticular Stenosis,right_subarticular_stenosis,1,42,validation,L3/L4,nas_best_efficientnet_2d,EfficientNet 2D,58,5,,0.8143939393939394,0.7398148148148148,0.7178097199123572,0.7239691333244123,0.8143939393939394,0.1893939393939394,0.7621374363239422,0.0037878787878787,True,264,180,61,23
EfficientNet,2D,RSS,Right Subarticular Stenosis,right_subarticular_stenosis,1,42,validation,L4/L5,nas_best_efficientnet_2d,EfficientNet 2D,58,5,,0.6856060606060606,0.6703194953194953,0.7032149308169133,0.6745910454519727,0.6856060606060606,0.3409090909090909,0.7158940397350994,0.0265151515151515,True,264,117,86,61
EfficientNet,2D,RSS,Right Subarticular Stenosis,right_subarticular_stenosis,1,42,validation,L5/S1,nas_best_efficientnet_2d,EfficientNet 2D,58,5,,0.7613636363636364,0.6045679591411299,0.5389960990984008,0.5620253164556962,0.7613636363636364,0.2537878787878788,0.6118255959849435,0.0151515151515151,True,264,187,54,23
EfficientNet,2D,RSS,Right Subarticular Stenosis,right_subarticular_stenosis,1,42,test,L1/L2,nas_best_efficientnet_2d,EfficientNet 2D,58,5,,0.920863309352518,0.3080625752105896,0.3333333333333333,0.3202001250781738,0.920863309352518,0.0899280575539568,0.1095267617276298,0.0107913669064748,True,,,,
EfficientNet,2D,RSS,Right Subarticular Stenosis,right_subarticular_stenosis,1,42,test,L2/L3,nas_best_efficientnet_2d,EfficientNet 2D,58,5,,0.8453237410071942,0.7508100929614874,0.4604920228961149,0.4954925590518811,0.8453237410071942,0.1618705035971223,0.5548075037584157,0.0071942446043165,True,,,,
EfficientNet,2D,RSS,Right Subarticular Stenosis,right_subarticular_stenosis,1,42,test,L3/L4,nas_best_efficientnet_2d,EfficientNet 2D,58,5,,0.8129496402877698,0.7310120435120435,0.7095695970695971,0.7154489949921108,0.8129496402877698,0.1906474820143885,0.7432064761009036,0.0035971223021582,True,,,,
EfficientNet,2D,RSS,Right Subarticular Stenosis,right_subarticular_stenosis,1,42,test,L4/L5,nas_best_efficientnet_2d,EfficientNet 2D,58,5,,0.6834532374100719,0.6446150153531865,0.6770433450482112,0.65151536321956,0.6834532374100719,0.3237410071942446,0.755597538392473,0.0071942446043165,True,,,,
EfficientNet,2D,RSS,Right Subarticular Stenosis,right_subarticular_stenosis,1,42,test,L5/S1,nas_best_efficientnet_2d,EfficientNet 2D,58,5,,0.7553956834532374,0.6490823833777993,0.5730890464933018,0.5986044015029522,0.7553956834532374,0.2625899280575539,0.6255558079906527,0.0179856115107913,True,,,,
EfficientNet,2D,RSS,Right Subarticular Stenosis,right_subarticular_stenosis,2,142,train,L1/L2,nas_best_efficientnet_2d,EfficientNet 2D,58,6,,0.9444003177124702,0.5632014590347924,0.4231385231385231,0.4564650470042841,0.9444003177124702,0.062748212867355,0.3803473663380403,0.0071485305798252,True,,,,
EfficientNet,2D,RSS,Right Subarticular Stenosis,right_subarticular_stenosis,2,142,train,L2/L3,nas_best_efficientnet_2d,EfficientNet 2D,58,6,,0.8721207307386815,0.7487894823363005,0.5497713029790015,0.6071098154080872,0.8721207307386815,0.1326449563145353,0.6110623081078375,0.0047656870532168,True,,,,
EfficientNet,2D,RSS,Right Subarticular Stenosis,right_subarticular_stenosis,2,142,train,L3/L4,nas_best_efficientnet_2d,EfficientNet 2D,58,6,,0.8252581413820492,0.7505435223064373,0.7464706366856108,0.7422409526281027,0.8252581413820492,0.1771247021445591,0.7957085553255819,0.0023828435266084,True,,,,
EfficientNet,2D,RSS,Right Subarticular Stenosis,right_subarticular_stenosis,2,142,train,L4/L5,nas_best_efficientnet_2d,EfficientNet 2D,58,6,,0.6973788721207307,0.6778081762744339,0.7075955049964969,0.6767900736858609,0.6973788721207307,0.3161239078633836,0.7560578728351285,0.0135027799841143,True,,,,
EfficientNet,2D,RSS,Right Subarticular Stenosis,right_subarticular_stenosis,2,142,train,L5/S1,nas_best_efficientnet_2d,EfficientNet 2D,58,6,,0.8157267672756155,0.727250942830653,0.6456477069033358,0.6775905832809067,0.8157267672756155,0.1914217633042096,0.7262976856075899,0.0071485305798252,True,,,,
EfficientNet,2D,RSS,Right Subarticular Stenosis,right_subarticular_stenosis,2,142,validation,L1/L2,nas_best_efficientnet_2d,EfficientNet 2D,58,6,,0.9452554744525548,0.4839506172839505,0.3875968992248062,0.4078282828282829,0.9452554744525548,0.0656934306569343,0.2360594795539032,0.010948905109489,True,274,258,12,4
EfficientNet,2D,RSS,Right Subarticular Stenosis,right_subarticular_stenosis,2,142,validation,L2/L3,nas_best_efficientnet_2d,EfficientNet 2D,58,6,,0.8905109489051095,0.7253718285214349,0.5713684615477093,0.6189428543491319,0.8905109489051095,0.1131386861313868,0.6260236578707916,0.0036496350364963,True,274,233,34,7
EfficientNet,2D,RSS,Right Subarticular Stenosis,right_subarticular_stenosis,2,142,validation,L3/L4,nas_best_efficientnet_2d,EfficientNet 2D,58,6,,0.8029197080291971,0.7392139687379502,0.7414529914529915,0.7368337611455459,0.8029197080291971,0.1970802919708029,0.7785957981684324,0.0,True,274,180,68,26
EfficientNet,2D,RSS,Right Subarticular Stenosis,right_subarticular_stenosis,2,142,validation,L4/L5,nas_best_efficientnet_2d,EfficientNet 2D,58,6,,0.6240875912408759,0.5986447306938052,0.6495341614906832,0.5982666049119495,0.6240875912408759,0.4124087591240876,0.6651597846261279,0.0364963503649635,True,274,138,80,56
EfficientNet,2D,RSS,Right Subarticular Stenosis,right_subarticular_stenosis,2,142,validation,L5/S1,nas_best_efficientnet_2d,EfficientNet 2D,58,6,,0.7408759124087592,0.5619047619047619,0.5430166912125675,0.551310932623608,0.7408759124087592,0.2773722627737226,0.6021476328763422,0.0182481751824817,True,274,194,56,24
EfficientNet,2D,RSS,Right Subarticular Stenosis,right_subarticular_stenosis,2,142,test,L1/L2,nas_best_efficientnet_2d,EfficientNet 2D,58,6,,0.9003690036900369,0.3023543990086741,0.3319727891156462,0.3164721141374838,0.9003690036900369,0.1143911439114391,0.0832682799895913,0.014760147601476,True,,,,
EfficientNet,2D,RSS,Right Subarticular Stenosis,right_subarticular_stenosis,2,142,test,L2/L3,nas_best_efficientnet_2d,EfficientNet 2D,58,6,,0.8966789667896679,0.8102981029810298,0.5431728765062098,0.5947157689071435,0.8966789667896679,0.1070110701107011,0.6962212981377689,0.003690036900369,True,,,,
EfficientNet,2D,RSS,Right Subarticular Stenosis,right_subarticular_stenosis,2,142,test,L3/L4,nas_best_efficientnet_2d,EfficientNet 2D,58,6,,0.7970479704797048,0.7056715159181953,0.727296383034088,0.7130356162614228,0.7970479704797048,0.2177121771217712,0.7394268164923006,0.014760147601476,True,,,,
EfficientNet,2D,RSS,Right Subarticular Stenosis,right_subarticular_stenosis,2,142,test,L4/L5,nas_best_efficientnet_2d,EfficientNet 2D,58,6,,0.6863468634686347,0.6870402746607039,0.7064903480772152,0.6800633339444263,0.6863468634686347,0.3357933579335793,0.7295068463946197,0.022140221402214,True,,,,
EfficientNet,2D,RSS,Right Subarticular Stenosis,right_subarticular_stenosis,2,142,test,L5/S1,nas_best_efficientnet_2d,EfficientNet 2D,58,6,,0.7859778597785978,0.6441247898374743,0.6066443032015066,0.6228278677517256,0.7859778597785978,0.2361623616236162,0.608038670878849,0.022140221402214,True,,,,
EfficientNet,2D,RSS,Right Subarticular Stenosis,right_subarticular_stenosis,3,242,train,L1/L2,nas_best_efficientnet_2d,EfficientNet 2D,58,7,,0.9452380952380952,0.8051731893837157,0.4893435635123614,0.5607293903899025,0.9452380952380952,0.0587301587301587,0.519812716070667,0.0039682539682539,True,,,,
EfficientNet,2D,RSS,Right Subarticular Stenosis,right_subarticular_stenosis,3,242,train,L2/L3,nas_best_efficientnet_2d,EfficientNet 2D,58,7,,0.8896825396825396,0.831516367230653,0.6434201096934532,0.6840127803546437,0.8896825396825396,0.1158730158730158,0.6733201753959535,0.0055555555555555,True,,,,
EfficientNet,2D,RSS,Right Subarticular Stenosis,right_subarticular_stenosis,3,242,train,L3/L4,nas_best_efficientnet_2d,EfficientNet 2D,58,7,,0.8595238095238096,0.8003219177953188,0.7904333097408922,0.784886118241277,0.8595238095238096,0.1436507936507936,0.8365411015320411,0.0031746031746031,True,,,,
EfficientNet,2D,RSS,Right Subarticular Stenosis,right_subarticular_stenosis,3,242,train,L4/L5,nas_best_efficientnet_2d,EfficientNet 2D,58,7,,0.7238095238095238,0.7264618793768057,0.7458214036284918,0.7217333328415004,0.7238095238095238,0.2841269841269841,0.7692423972278855,0.0079365079365079,True,,,,
EfficientNet,2D,RSS,Right Subarticular Stenosis,right_subarticular_stenosis,3,242,train,L5/S1,nas_best_efficientnet_2d,EfficientNet 2D,58,7,,0.8571428571428571,0.7802989144579503,0.7175555217130709,0.7447246767152702,0.8571428571428571,0.15,0.786921513394812,0.0071428571428571,True,,,,
EfficientNet,2D,RSS,Right Subarticular Stenosis,right_subarticular_stenosis,3,242,validation,L1/L2,nas_best_efficientnet_2d,EfficientNet 2D,58,7,,0.9325842696629212,0.5893997445721584,0.4126984126984127,0.4455690013445788,0.9325842696629212,0.0711610486891385,0.3800995024875621,0.0037453183520599,True,267,244,21,2
EfficientNet,2D,RSS,Right Subarticular Stenosis,right_subarticular_stenosis,3,242,validation,L2/L3,nas_best_efficientnet_2d,EfficientNet 2D,58,7,,0.8539325842696629,0.7870370370370371,0.5383920505871725,0.5904371698928327,0.8539325842696629,0.1535580524344569,0.5415696898012133,0.0074906367041198,True,267,217,41,9
EfficientNet,2D,RSS,Right Subarticular Stenosis,right_subarticular_stenosis,3,242,validation,L3/L4,nas_best_efficientnet_2d,EfficientNet 2D,58,7,,0.7752808988764045,0.6904087345263816,0.6733691265747271,0.6622121351651598,0.7752808988764045,0.2397003745318352,0.6727272727272727,0.0149812734082397,True,267,177,69,21
EfficientNet,2D,RSS,Right Subarticular Stenosis,right_subarticular_stenosis,3,242,validation,L4/L5,nas_best_efficientnet_2d,EfficientNet 2D,58,7,,0.7265917602996255,0.7279532967032966,0.7482796327369393,0.7289342770877362,0.7265917602996255,0.2883895131086142,0.7546088554900795,0.0149812734082397,True,267,118,87,62
EfficientNet,2D,RSS,Right Subarticular Stenosis,right_subarticular_stenosis,3,242,validation,L5/S1,nas_best_efficientnet_2d,EfficientNet 2D,58,7,,0.7265917602996255,0.5849868878295805,0.546820623638557,0.5598815916688052,0.7265917602996255,0.3033707865168539,0.5616060395754694,0.0299625468164794,True,267,177,62,28
EfficientNet,2D,RSS,Right Subarticular Stenosis,right_subarticular_stenosis,3,242,test,L1/L2,nas_best_efficientnet_2d,EfficientNet 2D,58,7,,0.9350180505415162,0.8958333333333334,0.4588235294117647,0.5289298515104967,0.9350180505415162,0.075812274368231,0.3839881393624906,0.0108303249097472,True,,,,
EfficientNet,2D,RSS,Right Subarticular Stenosis,right_subarticular_stenosis,3,242,test,L2/L3,nas_best_efficientnet_2d,EfficientNet 2D,58,7,,0.8664259927797834,0.6819706498951782,0.4825396825396825,0.5102883077023542,0.8664259927797834,0.148014440433213,0.479343281291956,0.0144404332129963,True,,,,
EfficientNet,2D,RSS,Right Subarticular Stenosis,right_subarticular_stenosis,3,242,test,L3/L4,nas_best_efficientnet_2d,EfficientNet 2D,58,7,,0.7833935018050542,0.6597884946941551,0.6556963913064069,0.635333652483268,0.7833935018050542,0.2202166064981949,0.7625875790762533,0.003610108303249,True,,,,
EfficientNet,2D,RSS,Right Subarticular Stenosis,right_subarticular_stenosis,3,242,test,L4/L5,nas_best_efficientnet_2d,EfficientNet 2D,58,7,,0.6570397111913358,0.6737468671679198,0.6692999817285873,0.6645537112110251,0.6570397111913358,0.3574007220216607,0.6897576804312555,0.0144404332129963,True,,,,
EfficientNet,2D,RSS,Right Subarticular Stenosis,right_subarticular_stenosis,3,242,test,L5/S1,nas_best_efficientnet_2d,EfficientNet 2D,58,7,,0.7509025270758123,0.6296854016248488,0.6348624940730204,0.6138527530858559,0.7509025270758123,0.2635379061371841,0.6012972012438916,0.0144404332129963,True,,,,
EfficientNet,2D,RSS,Right Subarticular Stenosis,right_subarticular_stenosis,4,342,train,L1/L2,nas_best_efficientnet_2d,EfficientNet 2D,58,13,,0.951740506329114,0.9042690534309736,0.5881481481481482,0.6757539682539683,0.951740506329114,0.055379746835443,0.5688314507438619,0.0071202531645569,True,,,,
EfficientNet,2D,RSS,Right Subarticular Stenosis,right_subarticular_stenosis,4,342,train,L2/L3,nas_best_efficientnet_2d,EfficientNet 2D,58,13,,0.9390822784810128,0.918894976780628,0.7905720798454535,0.8439364201981361,0.9390822784810128,0.0632911392405063,0.8345333158790418,0.0023734177215189,True,,,,
EfficientNet,2D,RSS,Right Subarticular Stenosis,right_subarticular_stenosis,4,342,train,L3/L4,nas_best_efficientnet_2d,EfficientNet 2D,58,13,,0.909018987341772,0.8677800019265746,0.8955794828810113,0.8790374302288204,0.909018987341772,0.0909810126582278,0.8994287865034206,0.0,True,,,,
EfficientNet,2D,RSS,Right Subarticular Stenosis,right_subarticular_stenosis,4,342,train,L4/L5,nas_best_efficientnet_2d,EfficientNet 2D,58,13,,0.8457278481012658,0.8289133463991836,0.8473379367805061,0.8290771452185015,0.8457278481012658,0.1629746835443038,0.8693973440066127,0.0087025316455696,True,,,,
EfficientNet,2D,RSS,Right Subarticular Stenosis,right_subarticular_stenosis,4,342,train,L5/S1,nas_best_efficientnet_2d,EfficientNet 2D,58,13,,0.9145569620253164,0.8571892552914481,0.8669533860624367,0.8530616300433161,0.9145569620253164,0.0893987341772152,0.8893100531692216,0.0039556962025316,True,,,,
EfficientNet,2D,RSS,Right Subarticular Stenosis,right_subarticular_stenosis,4,342,validation,L1/L2,nas_best_efficientnet_2d,EfficientNet 2D,58,13,,0.9448529411764706,0.4528822055137844,0.3875868055555556,0.4041018706333108,0.9448529411764706,0.0625,0.4161896974652493,0.0073529411764705,True,272,256,12,4
EfficientNet,2D,RSS,Right Subarticular Stenosis,right_subarticular_stenosis,4,342,validation,L2/L3,nas_best_efficientnet_2d,EfficientNet 2D,58,13,,0.9154411764705882,0.7592183416488477,0.6518636679927002,0.6959295418151764,0.9154411764705882,0.0955882352941176,0.6486639218535561,0.0110294117647058,True,272,234,31,7
EfficientNet,2D,RSS,Right Subarticular Stenosis,right_subarticular_stenosis,4,342,validation,L3/L4,nas_best_efficientnet_2d,EfficientNet 2D,58,13,,0.7977941176470589,0.7378476564826396,0.7334417089396817,0.7330293819655521,0.7977941176470589,0.213235294117647,0.7375783888084901,0.0110294117647058,True,272,183,62,27
EfficientNet,2D,RSS,Right Subarticular Stenosis,right_subarticular_stenosis,4,342,validation,L4/L5,nas_best_efficientnet_2d,EfficientNet 2D,58,13,,0.6580882352941176,0.6280783515409251,0.6574383059366374,0.6337090964857272,0.6580882352941176,0.3676470588235294,0.6874193548387096,0.025735294117647,True,272,124,90,58
EfficientNet,2D,RSS,Right Subarticular Stenosis,right_subarticular_stenosis,4,342,validation,L5/S1,nas_best_efficientnet_2d,EfficientNet 2D,58,13,,0.7683823529411765,0.6790943043884221,0.629516924088071,0.6484695059623022,0.7683823529411765,0.2463235294117647,0.6626314744989086,0.0147058823529411,True,272,179,68,25
EfficientNet,2D,RSS,Right Subarticular Stenosis,right_subarticular_stenosis,4,342,test,L1/L2,nas_best_efficientnet_2d,EfficientNet 2D,58,13,,0.9328358208955224,0.7573435504469987,0.5653116531165312,0.5666009204470743,0.9328358208955224,0.0746268656716417,0.4314002828854313,0.0074626865671641,True,,,,
EfficientNet,2D,RSS,Right Subarticular Stenosis,right_subarticular_stenosis,4,342,test,L2/L3,nas_best_efficientnet_2d,EfficientNet 2D,58,13,,0.8582089552238806,0.735307781649245,0.5424906835293064,0.6003831772812954,0.8582089552238806,0.1641791044776119,0.5223120504169585,0.0223880597014925,True,,,,
EfficientNet,2D,RSS,Right Subarticular Stenosis,right_subarticular_stenosis,4,342,test,L3/L4,nas_best_efficientnet_2d,EfficientNet 2D,58,13,,0.7723880597014925,0.6520425250478442,0.6679838686894369,0.6570313291924598,0.7723880597014925,0.2388059701492537,0.7178013778994554,0.0111940298507462,True,,,,
EfficientNet,2D,RSS,Right Subarticular Stenosis,right_subarticular_stenosis,4,342,test,L4/L5,nas_best_efficientnet_2d,EfficientNet 2D,58,13,,0.6194029850746269,0.587621721231632,0.617640769779045,0.5895284587966289,0.6194029850746269,0.4141791044776119,0.6521931589537223,0.0335820895522388,True,,,,
EfficientNet,2D,RSS,Right Subarticular Stenosis,right_subarticular_stenosis,4,342,test,L5/S1,nas_best_efficientnet_2d,EfficientNet 2D,58,13,,0.7649253731343284,0.575448717948718,0.6040449509944769,0.585567752313912,0.7649253731343284,0.2649253731343283,0.5815506101938264,0.0298507462686567,True,,,,
EfficientNet,2D,RSS,Right Subarticular Stenosis,right_subarticular_stenosis,5,442,train,L1/L2,nas_best_efficientnet_2d,EfficientNet 2D,58,5,,0.931528662420382,0.8855273425775857,0.4621523027815777,0.5323395242750082,0.931528662420382,0.0748407643312101,0.3990116926503342,0.0063694267515923,True,,,,
EfficientNet,2D,RSS,Right Subarticular Stenosis,right_subarticular_stenosis,5,442,train,L2/L3,nas_best_efficientnet_2d,EfficientNet 2D,58,5,,0.8845541401273885,0.7445020208178104,0.6253196817576568,0.6627241094837698,0.8845541401273885,0.1210191082802547,0.6877306494128924,0.0055732484076433,True,,,,
EfficientNet,2D,RSS,Right Subarticular Stenosis,right_subarticular_stenosis,5,442,train,L3/L4,nas_best_efficientnet_2d,EfficientNet 2D,58,5,,0.8168789808917197,0.7445978587282935,0.7429134550897188,0.7391651930445033,0.8168789808917197,0.1878980891719745,0.7802473177146534,0.0047770700636942,True,,,,
EfficientNet,2D,RSS,Right Subarticular Stenosis,right_subarticular_stenosis,5,442,train,L4/L5,nas_best_efficientnet_2d,EfficientNet 2D,58,5,,0.7038216560509554,0.6848684715085512,0.713260902421499,0.6883164685956128,0.7038216560509554,0.3144904458598726,0.7441669268586484,0.018312101910828,True,,,,
EfficientNet,2D,RSS,Right Subarticular Stenosis,right_subarticular_stenosis,5,442,train,L5/S1,nas_best_efficientnet_2d,EfficientNet 2D,58,5,,0.7961783439490446,0.6861923506786916,0.5966052466052466,0.6272080599929616,0.7961783439490446,0.2269108280254777,0.6254455793313789,0.0230891719745222,True,,,,
EfficientNet,2D,RSS,Right Subarticular Stenosis,right_subarticular_stenosis,5,442,validation,L1/L2,nas_best_efficientnet_2d,EfficientNet 2D,58,5,,0.9633699633699634,0.6544117647058824,0.3809523809523809,0.4104244694132334,0.9633699633699634,0.0512820512820512,0.0791168353265869,0.0146520146520146,True,273,262,7,4
EfficientNet,2D,RSS,Right Subarticular Stenosis,right_subarticular_stenosis,5,442,validation,L2/L3,nas_best_efficientnet_2d,EfficientNet 2D,58,5,,0.8498168498168498,0.6274509803921569,0.4676213480561307,0.5079711609729802,0.8498168498168498,0.1501831501831501,0.5078485687903971,0.0,True,273,230,36,7
EfficientNet,2D,RSS,Right Subarticular Stenosis,right_subarticular_stenosis,5,442,validation,L3/L4,nas_best_efficientnet_2d,EfficientNet 2D,58,5,,0.7765567765567766,0.6885541439806414,0.6826941226941227,0.6852892561983471,0.7765567765567766,0.2234432234432234,0.7366073546856465,0.0,True,273,185,63,25
EfficientNet,2D,RSS,Right Subarticular Stenosis,right_subarticular_stenosis,5,442,validation,L4/L5,nas_best_efficientnet_2d,EfficientNet 2D,58,5,,0.6923076923076923,0.663919632893808,0.6938249849933404,0.6708289192278194,0.6923076923076923,0.326007326007326,0.7324509735985032,0.0183150183150183,True,273,129,85,59
EfficientNet,2D,RSS,Right Subarticular Stenosis,right_subarticular_stenosis,5,442,validation,L5/S1,nas_best_efficientnet_2d,EfficientNet 2D,58,5,,0.7765567765567766,0.6392390289449112,0.5365180146132528,0.5682539682539683,0.7765567765567766,0.2417582417582417,0.6260543580131209,0.0183150183150183,True,273,196,50,27
EfficientNet,2D,RSS,Right Subarticular Stenosis,right_subarticular_stenosis,5,442,test,L1/L2,nas_best_efficientnet_2d,EfficientNet 2D,58,5,,0.9418181818181818,0.6472019464720195,0.3571428571428571,0.3677527151211361,0.9418181818181818,0.069090909090909,0.0690589031821259,0.0109090909090909,True,,,,
EfficientNet,2D,RSS,Right Subarticular Stenosis,right_subarticular_stenosis,5,442,test,L2/L3,nas_best_efficientnet_2d,EfficientNet 2D,58,5,,0.8581818181818182,0.6557138480392157,0.4606000501197007,0.5024000436371571,0.8581818181818182,0.1527272727272727,0.4279275374880819,0.0109090909090909,True,,,,
EfficientNet,2D,RSS,Right Subarticular Stenosis,right_subarticular_stenosis,5,442,test,L3/L4,nas_best_efficientnet_2d,EfficientNet 2D,58,5,,0.8218181818181818,0.7347741366558571,0.718381012166323,0.7256839681082106,0.8218181818181818,0.1781818181818182,0.7911338448422848,0.0,True,,,,
EfficientNet,2D,RSS,Right Subarticular Stenosis,right_subarticular_stenosis,5,442,test,L4/L5,nas_best_efficientnet_2d,EfficientNet 2D,58,5,,0.6618181818181819,0.6416579588993382,0.6610422405876951,0.6458322893475268,0.6618181818181819,0.3563636363636364,0.711846318036286,0.0181818181818181,True,,,,
EfficientNet,2D,RSS,Right Subarticular Stenosis,right_subarticular_stenosis,5,442,test,L5/S1,nas_best_efficientnet_2d,EfficientNet 2D,58,5,,0.7563636363636363,0.6184522239389029,0.5409981794390396,0.5629330625204961,0.7563636363636363,0.2654545454545454,0.586977648202138,0.0218181818181818,True,,,,
EfficientNet,2D,SCS,Spinal Canal Stenosis,spinal_canal_stenosis,1,42,train,L1/L2,nas_best_efficientnet_2d,EfficientNet 2D,93,8,,0.9623210248681237,0.481034390256988,0.3999999999999999,0.4219073498964803,0.9623210248681237,0.0406932931424265,0.4741733028261731,0.0030143180105501,True,,,,
EfficientNet,2D,SCS,Spinal Canal Stenosis,spinal_canal_stenosis,1,42,train,L2/L3,nas_best_efficientnet_2d,EfficientNet 2D,93,8,,0.9374529012810852,0.7495299712452996,0.6108946142559588,0.6628110045260298,0.9374529012810852,0.0678221552373775,0.7286223861754886,0.0052750565184626,True,,,,
EfficientNet,2D,SCS,Spinal Canal Stenosis,spinal_canal_stenosis,1,42,train,L3/L4,nas_best_efficientnet_2d,EfficientNet 2D,93,8,,0.9223813112283346,0.8121773876532274,0.7971141703057114,0.8020202334227324,0.9223813112283346,0.0798794272795779,0.8622785786034375,0.0022607385079125,True,,,,
EfficientNet,2D,SCS,Spinal Canal Stenosis,spinal_canal_stenosis,1,42,train,L4/L5,nas_best_efficientnet_2d,EfficientNet 2D,93,8,,0.8741522230595328,0.7284601333535318,0.8017083966343345,0.754396453192884,0.8741522230595328,0.1416729464958553,0.8484949268312054,0.015825169555388,True,,,,
EfficientNet,2D,SCS,Spinal Canal Stenosis,spinal_canal_stenosis,1,42,train,L5/S1,nas_best_efficientnet_2d,EfficientNet 2D,93,8,,0.9698568198944988,0.5246951219512196,0.5630625225008999,0.5427359841392224,0.9698568198944988,0.0361718161266013,0.5473114152914588,0.0060286360211002,True,,,,
EfficientNet,2D,SCS,Spinal Canal Stenosis,spinal_canal_stenosis,1,42,validation,L1/L2,nas_best_efficientnet_2d,EfficientNet 2D,93,8,,0.944055944055944,0.4845238095238096,0.3999999999999999,0.4206494297901975,0.944055944055944,0.0594405594405594,0.4727343295167864,0.0034965034965034,True,286,267,15,4
EfficientNet,2D,SCS,Spinal Canal Stenosis,spinal_canal_stenosis,1,42,validation,L2/L3,nas_best_efficientnet_2d,EfficientNet 2D,93,8,,0.916083916083916,0.6174656261612783,0.5363756613756614,0.5603934755720471,0.916083916083916,0.0874125874125874,0.6804072510553762,0.0034965034965034,True,286,252,26,8
EfficientNet,2D,SCS,Spinal Canal Stenosis,spinal_canal_stenosis,1,42,validation,L3/L4,nas_best_efficientnet_2d,EfficientNet 2D,93,8,,0.8741258741258742,0.6551546868140754,0.6652858635617256,0.6598955970831856,0.8741258741258742,0.1293706293706293,0.8011126564673157,0.0034965034965034,True,286,232,33,21
EfficientNet,2D,SCS,Spinal Canal Stenosis,spinal_canal_stenosis,1,42,validation,L4/L5,nas_best_efficientnet_2d,EfficientNet 2D,93,8,,0.7517482517482518,0.5758567210246653,0.672748729121278,0.6023979104595285,0.7517482517482518,0.2692307692307692,0.7331698010357046,0.0209790209790209,True,286,216,36,34
EfficientNet,2D,SCS,Spinal Canal Stenosis,spinal_canal_stenosis,1,42,validation,L5/S1,nas_best_efficientnet_2d,EfficientNet 2D,93,8,,0.9615384615384616,0.6538011695906433,0.4444444444444444,0.4934406678592725,0.9615384615384616,0.0454545454545454,0.3142454160789845,0.0069930069930069,True,286,274,9,3
EfficientNet,2D,SCS,Spinal Canal Stenosis,spinal_canal_stenosis,1,42,test,L1/L2,nas_best_efficientnet_2d,EfficientNet 2D,93,8,,0.9790209790209792,0.8274440518256773,0.5111111111111111,0.5922672099142687,0.9790209790209792,0.0244755244755244,0.6033898305084746,0.0034965034965034,True,,,,
EfficientNet,2D,SCS,Spinal Canal Stenosis,spinal_canal_stenosis,1,42,test,L2/L3,nas_best_efficientnet_2d,EfficientNet 2D,93,8,,0.9370629370629372,0.6256108435883717,0.5548840048840049,0.5822535465799222,0.9370629370629372,0.0734265734265734,0.6131650135256989,0.0104895104895104,True,,,,
EfficientNet,2D,SCS,Spinal Canal Stenosis,spinal_canal_stenosis,1,42,test,L3/L4,nas_best_efficientnet_2d,EfficientNet 2D,93,8,,0.9125874125874126,0.7646359488464752,0.7738731856378914,0.7678813970909032,0.9125874125874126,0.0874125874125874,0.8416950803701899,0.0,True,,,,
EfficientNet,2D,SCS,Spinal Canal Stenosis,spinal_canal_stenosis,1,42,test,L4/L5,nas_best_efficientnet_2d,EfficientNet 2D,93,8,,0.8321678321678322,0.6679175731206187,0.7329506329784415,0.6937342814235828,0.8321678321678322,0.1853146853146853,0.8030087682854832,0.0174825174825174,True,,,,
EfficientNet,2D,SCS,Spinal Canal Stenosis,spinal_canal_stenosis,1,42,test,L5/S1,nas_best_efficientnet_2d,EfficientNet 2D,93,8,,0.9615384615384616,0.4893617021276595,0.553131313131313,0.5172266393092245,0.9615384615384616,0.0489510489510489,0.43208895949166,0.0104895104895104,True,,,,
EfficientNet,2D,SCS,Spinal Canal Stenosis,spinal_canal_stenosis,2,142,train,L1/L2,nas_best_efficientnet_2d,EfficientNet 2D,93,3,,0.9661654135338346,0.7221916265863837,0.636795743938601,0.6633196700874647,0.9661654135338346,0.0353383458646616,0.6739099081774915,0.0015037593984962,True,,,,
EfficientNet,2D,SCS,Spinal Canal Stenosis,spinal_canal_stenosis,2,142,train,L2/L3,nas_best_efficientnet_2d,EfficientNet 2D,93,3,,0.9210526315789472,0.6598576472557199,0.6290323224073929,0.6386547819710692,0.9210526315789472,0.0857142857142857,0.6888260254596889,0.006766917293233,True,,,,
EfficientNet,2D,SCS,Spinal Canal Stenosis,spinal_canal_stenosis,2,142,train,L3/L4,nas_best_efficientnet_2d,EfficientNet 2D,93,3,,0.8609022556390977,0.6507242563215798,0.5189933309546684,0.5132574018672216,0.8609022556390977,0.1406015037593985,0.6912367788373885,0.0015037593984962,True,,,,
EfficientNet,2D,SCS,Spinal Canal Stenosis,spinal_canal_stenosis,2,142,train,L4/L5,nas_best_efficientnet_2d,EfficientNet 2D,93,3,,0.8451127819548873,0.6522084874784482,0.699851618969266,0.6531070646693692,0.8451127819548873,0.1834586466165413,0.7987468967963116,0.0285714285714285,True,,,,
EfficientNet,2D,SCS,Spinal Canal Stenosis,spinal_canal_stenosis,2,142,train,L5/S1,nas_best_efficientnet_2d,EfficientNet 2D,93,3,,0.9639097744360904,0.3213032581453634,0.3333333333333333,0.3272077590607453,0.9639097744360904,0.0451127819548872,0.0,0.0090225563909774,True,,,,
EfficientNet,2D,SCS,Spinal Canal Stenosis,spinal_canal_stenosis,2,142,validation,L1/L2,nas_best_efficientnet_2d,EfficientNet 2D,93,3,,0.9548611111111112,0.86305256869773,0.5344797178130511,0.6115030082243197,0.9548611111111112,0.0486111111111111,0.6046671242278654,0.0034722222222222,True,288,270,14,4
EfficientNet,2D,SCS,Spinal Canal Stenosis,spinal_canal_stenosis,2,142,validation,L2/L3,nas_best_efficientnet_2d,EfficientNet 2D,93,3,,0.9027777777777778,0.5877046325322187,0.5333949088812902,0.5520650520650521,0.9027777777777778,0.1041666666666666,0.6268292682926829,0.0069444444444444,True,288,257,22,9
EfficientNet,2D,SCS,Spinal Canal Stenosis,spinal_canal_stenosis,2,142,validation,L3/L4,nas_best_efficientnet_2d,EfficientNet 2D,93,3,,0.8715277777777778,0.595177316644708,0.4994301994301994,0.5156210668834668,0.8715277777777778,0.1284722222222222,0.7035058430717863,0.0,True,288,234,39,15
EfficientNet,2D,SCS,Spinal Canal Stenosis,spinal_canal_stenosis,2,142,validation,L4/L5,nas_best_efficientnet_2d,EfficientNet 2D,93,3,,0.8229166666666666,0.6023497467855934,0.6743827160493828,0.6170305507422014,0.8229166666666666,0.1979166666666666,0.797505502567865,0.0208333333333333,True,288,216,36,36
EfficientNet,2D,SCS,Spinal Canal Stenosis,spinal_canal_stenosis,2,142,validation,L5/S1,nas_best_efficientnet_2d,EfficientNet 2D,93,3,,0.9583333333333334,0.3194444444444445,0.3333333333333333,0.326241134751773,0.9583333333333334,0.0520833333333333,0.0,0.0104166666666666,True,288,276,9,3
EfficientNet,2D,SCS,Spinal Canal Stenosis,spinal_canal_stenosis,2,142,test,L1/L2,nas_best_efficientnet_2d,EfficientNet 2D,93,3,,0.9679715302491104,0.6379551820728292,0.5416179854841564,0.568347856702755,0.9679715302491104,0.0355871886120996,0.7049352467623382,0.0035587188612099,True,,,,
EfficientNet,2D,SCS,Spinal Canal Stenosis,spinal_canal_stenosis,2,142,test,L2/L3,nas_best_efficientnet_2d,EfficientNet 2D,93,3,,0.9252669039145908,0.6775562938353635,0.6095238095238095,0.6389978213507624,0.9252669039145908,0.0782918149466192,0.7388071262587141,0.0035587188612099,True,,,,
EfficientNet,2D,SCS,Spinal Canal Stenosis,spinal_canal_stenosis,2,142,test,L3/L4,nas_best_efficientnet_2d,EfficientNet 2D,93,3,,0.8683274021352313,0.5375890048021196,0.4977563502211073,0.4976352700409305,0.8683274021352313,0.1352313167259786,0.689999448397595,0.0035587188612099,True,,,,
EfficientNet,2D,SCS,Spinal Canal Stenosis,spinal_canal_stenosis,2,142,test,L4/L5,nas_best_efficientnet_2d,EfficientNet 2D,93,3,,0.8113879003558719,0.6066931216931217,0.6606702185876984,0.6024187831948636,0.8113879003558719,0.2348754448398576,0.7257082228116711,0.0462633451957295,True,,,,
EfficientNet,2D,SCS,Spinal Canal Stenosis,spinal_canal_stenosis,2,142,test,L5/S1,nas_best_efficientnet_2d,EfficientNet 2D,93,3,,0.9715302491103204,0.3238434163701068,0.3333333333333333,0.3285198555956679,0.9715302491103204,0.0427046263345195,0.0,0.0142348754448398,True,,,,
EfficientNet,2D,SCS,Spinal Canal Stenosis,spinal_canal_stenosis,3,242,train,L1/L2,nas_best_efficientnet_2d,EfficientNet 2D,93,9,,0.9707865168539326,0.8136167656205825,0.5705727130570758,0.6467036362633118,0.9707865168539326,0.0329588014981273,0.6455124800849708,0.0037453183520599,True,,,,
EfficientNet,2D,SCS,Spinal Canal Stenosis,spinal_canal_stenosis,3,242,train,L2/L3,nas_best_efficientnet_2d,EfficientNet 2D,93,9,,0.9333333333333332,0.7208672699955828,0.673284133133253,0.6943403012794732,0.9333333333333332,0.0704119850187265,0.7609034831216871,0.0037453183520599,True,,,,
EfficientNet,2D,SCS,Spinal Canal Stenosis,spinal_canal_stenosis,3,242,train,L3/L4,nas_best_efficientnet_2d,EfficientNet 2D,93,9,,0.9183520599250936,0.8239166824120533,0.7448632770267118,0.7774675362843236,0.9183520599250936,0.0838951310861423,0.847640767628233,0.0022471910112359,True,,,,
EfficientNet,2D,SCS,Spinal Canal Stenosis,spinal_canal_stenosis,3,242,train,L4/L5,nas_best_efficientnet_2d,EfficientNet 2D,93,9,,0.89812734082397,0.7914821800810401,0.7960687694643721,0.7931077954062292,0.89812734082397,0.1093632958801498,0.8761573401406467,0.0074906367041198,True,,,,
EfficientNet,2D,SCS,Spinal Canal Stenosis,spinal_canal_stenosis,3,242,train,L5/S1,nas_best_efficientnet_2d,EfficientNet 2D,93,9,,0.9685393258426966,0.6590389016018307,0.5520530766257635,0.5880079065350383,0.9685393258426966,0.0367041198501872,0.5734889169493846,0.0052434456928838,True,,,,
EfficientNet,2D,SCS,Spinal Canal Stenosis,spinal_canal_stenosis,3,242,validation,L1/L2,nas_best_efficientnet_2d,EfficientNet 2D,93,9,,0.9469964664310954,0.7631792376317924,0.5820659062103929,0.6369521229856425,0.9469964664310954,0.0565371024734982,0.624723736555179,0.0035335689045936,True,283,263,16,4
EfficientNet,2D,SCS,Spinal Canal Stenosis,spinal_canal_stenosis,3,242,validation,L2/L3,nas_best_efficientnet_2d,EfficientNet 2D,93,9,,0.9328621908127208,0.8564933219664678,0.6752606712284132,0.731633250144523,0.9328621908127208,0.0671378091872791,0.8105155583747401,0.0,True,283,248,24,11
EfficientNet,2D,SCS,Spinal Canal Stenosis,spinal_canal_stenosis,3,242,validation,L3/L4,nas_best_efficientnet_2d,EfficientNet 2D,93,9,,0.8869257950530035,0.7247339961625675,0.6272495065598513,0.6659275841239385,0.8869257950530035,0.1236749116607773,0.7348309984688164,0.0106007067137809,True,283,232,33,18
EfficientNet,2D,SCS,Spinal Canal Stenosis,spinal_canal_stenosis,3,242,validation,L4/L5,nas_best_efficientnet_2d,EfficientNet 2D,93,9,,0.8621908127208481,0.6740988480118913,0.7286375661375661,0.6887060522423692,0.8621908127208481,0.1484098939929328,0.8460213103604625,0.0106007067137809,True,283,216,32,35
EfficientNet,2D,SCS,Spinal Canal Stenosis,spinal_canal_stenosis,3,242,validation,L5/S1,nas_best_efficientnet_2d,EfficientNet 2D,93,9,,0.9646643109540636,0.4384275972723626,0.4951690821256038,0.4612417118746232,0.9646643109540636,0.0424028268551236,0.4166451945374904,0.0070671378091872,True,283,276,5,2
EfficientNet,2D,SCS,Spinal Canal Stenosis,spinal_canal_stenosis,3,242,test,L1/L2,nas_best_efficientnet_2d,EfficientNet 2D,93,9,,0.9679715302491104,0.4916067146282974,0.3703703703703704,0.3896892421482585,0.9679715302491104,0.0320284697508896,0.5183774519139213,0.0,True,,,,
EfficientNet,2D,SCS,Spinal Canal Stenosis,spinal_canal_stenosis,3,242,test,L2/L3,nas_best_efficientnet_2d,EfficientNet 2D,93,9,,0.9644128113879004,0.6945653926786003,0.6237228607918263,0.6546542046738716,0.9644128113879004,0.0391459074733096,0.7581595498179411,0.0035587188612099,True,,,,
EfficientNet,2D,SCS,Spinal Canal Stenosis,spinal_canal_stenosis,3,242,test,L3/L4,nas_best_efficientnet_2d,EfficientNet 2D,93,9,,0.8718861209964412,0.6992143658810326,0.6111546499477534,0.6466536712150747,0.8718861209964412,0.1281138790035587,0.7522895342573094,0.0,True,,,,
EfficientNet,2D,SCS,Spinal Canal Stenosis,spinal_canal_stenosis,3,242,test,L4/L5,nas_best_efficientnet_2d,EfficientNet 2D,93,9,,0.9110320284697508,0.8034564067172761,0.8138357256778309,0.8084740462789243,0.9110320284697508,0.092526690391459,0.9065202927478376,0.0035587188612099,True,,,,
EfficientNet,2D,SCS,Spinal Canal Stenosis,spinal_canal_stenosis,3,242,test,L5/S1,nas_best_efficientnet_2d,EfficientNet 2D,93,9,,0.9501779359430604,0.5399680255795364,0.6654135338345865,0.591421568627451,0.9501779359430604,0.0533807829181494,0.4732605579446466,0.0035587188612099,True,,,,
EfficientNet,2D,SCS,Spinal Canal Stenosis,spinal_canal_stenosis,4,342,train,L1/L2,nas_best_efficientnet_2d,EfficientNet 2D,93,9,,0.9600903614457832,0.4325667593294584,0.356060606060606,0.3650226109246084,0.9600903614457832,0.0444277108433734,0.2905555889965688,0.0045180722891566,True,,,,
EfficientNet,2D,SCS,Spinal Canal Stenosis,spinal_canal_stenosis,4,342,train,L2/L3,nas_best_efficientnet_2d,EfficientNet 2D,93,9,,0.9367469879518072,0.8248340122115635,0.6287433800854907,0.6977372792224278,0.9367469879518072,0.0662650602409638,0.7286600290307887,0.003012048192771,True,,,,
EfficientNet,2D,SCS,Spinal Canal Stenosis,spinal_canal_stenosis,4,342,train,L3/L4,nas_best_efficientnet_2d,EfficientNet 2D,93,9,,0.9028614457831324,0.8144251132287873,0.6720804373033563,0.7173258618899426,0.9028614457831324,0.0993975903614457,0.8075099519993278,0.0022590361445783,True,,,,
EfficientNet,2D,SCS,Spinal Canal Stenosis,spinal_canal_stenosis,4,342,train,L4/L5,nas_best_efficientnet_2d,EfficientNet 2D,93,9,,0.8953313253012049,0.7986773213517893,0.7525588507262005,0.7576635903265997,0.8953313253012049,0.1144578313253012,0.8682928731815218,0.009789156626506,True,,,,
EfficientNet,2D,SCS,Spinal Canal Stenosis,spinal_canal_stenosis,4,342,train,L5/S1,nas_best_efficientnet_2d,EfficientNet 2D,93,9,,0.973644578313253,0.6104682599762085,0.5151515151515151,0.551209952283572,0.973644578313253,0.0301204819277108,0.5044776119402985,0.0037650602409638,True,,,,
EfficientNet,2D,SCS,Spinal Canal Stenosis,spinal_canal_stenosis,4,342,validation,L1/L2,nas_best_efficientnet_2d,EfficientNet 2D,93,9,,0.953900709219858,0.4857142857142857,0.3636363636363636,0.3773161145423919,0.953900709219858,0.0531914893617021,0.2325981094242336,0.0070921985815602,True,282,268,11,3
EfficientNet,2D,SCS,Spinal Canal Stenosis,spinal_canal_stenosis,4,342,validation,L2/L3,nas_best_efficientnet_2d,EfficientNet 2D,93,9,,0.9148936170212766,0.6568671792552389,0.4697460945724031,0.5123152709359605,0.9148936170212766,0.0992907801418439,0.546015562114301,0.0141843971631205,True,282,254,17,11
EfficientNet,2D,SCS,Spinal Canal Stenosis,spinal_canal_stenosis,4,342,validation,L3/L4,nas_best_efficientnet_2d,EfficientNet 2D,93,9,,0.9113475177304964,0.8490366021294937,0.7172073776670205,0.7448682586103305,0.9113475177304964,0.0957446808510638,0.8146389042025359,0.0070921985815602,True,282,233,31,18
EfficientNet,2D,SCS,Spinal Canal Stenosis,spinal_canal_stenosis,4,342,validation,L4/L5,nas_best_efficientnet_2d,EfficientNet 2D,93,9,,0.8723404255319149,0.6868066222904933,0.6999626354465064,0.6877099646572503,0.8723404255319149,0.1418439716312056,0.8380706287683032,0.0141843971631205,True,282,217,28,37
EfficientNet,2D,SCS,Spinal Canal Stenosis,spinal_canal_stenosis,4,342,validation,L5/S1,nas_best_efficientnet_2d,EfficientNet 2D,93,9,,0.9574468085106383,0.5424133811230586,0.5,0.5171062940715592,0.9574468085106383,0.0496453900709219,0.5165714285714285,0.0070921985815602,True,282,268,10,4
EfficientNet,2D,SCS,Spinal Canal Stenosis,spinal_canal_stenosis,4,342,test,L1/L2,nas_best_efficientnet_2d,EfficientNet 2D,93,9,,0.9480968858131488,0.4837398373983739,0.3666666666666667,0.3805555555555555,0.9480968858131488,0.0692041522491349,0.1595579682047305,0.0173010380622837,True,,,,
EfficientNet,2D,SCS,Spinal Canal Stenosis,spinal_canal_stenosis,4,342,test,L2/L3,nas_best_efficientnet_2d,EfficientNet 2D,93,9,,0.9204152249134948,0.6332669763326698,0.500569171019151,0.5443615257048092,0.9204152249134948,0.0899653979238754,0.564020365830662,0.0103806228373702,True,,,,
EfficientNet,2D,SCS,Spinal Canal Stenosis,spinal_canal_stenosis,4,342,test,L3/L4,nas_best_efficientnet_2d,EfficientNet 2D,93,9,,0.8719723183391004,0.7462285902503294,0.6606064176583795,0.6714249391594929,0.8719723183391004,0.1349480968858131,0.7599899569306835,0.0069204152249134,True,,,,
EfficientNet,2D,SCS,Spinal Canal Stenosis,spinal_canal_stenosis,4,342,test,L4/L5,nas_best_efficientnet_2d,EfficientNet 2D,93,9,,0.8754325259515571,0.7407407407407408,0.7342815060296419,0.7357531851413942,0.8754325259515571,0.1314878892733564,0.866088568213411,0.0069204152249134,True,,,,
EfficientNet,2D,SCS,Spinal Canal Stenosis,spinal_canal_stenosis,4,342,test,L5/S1,nas_best_efficientnet_2d,EfficientNet 2D,93,9,,0.9550173010380624,0.6527293844367015,0.4154589371980676,0.4589698046181172,0.9550173010380624,0.0553633217993079,0.257936507936508,0.0103806228373702,True,,,,
EfficientNet,2D,SCS,Spinal Canal Stenosis,spinal_canal_stenosis,5,442,train,L1/L2,nas_best_efficientnet_2d,EfficientNet 2D,93,8,,0.969079939668175,0.7168489669649762,0.5254482636186106,0.5829700721498745,0.969079939668175,0.0316742081447963,0.6941753679708139,0.0007541478129713,True,,,,
EfficientNet,2D,SCS,Spinal Canal Stenosis,spinal_canal_stenosis,5,442,train,L2/L3,nas_best_efficientnet_2d,EfficientNet 2D,93,8,,0.9374057315233786,0.7250437989857077,0.7229500403238935,0.711781084173249,0.9374057315233786,0.0663650075414781,0.7850500372177653,0.0037707390648567,True,,,,
EfficientNet,2D,SCS,Spinal Canal Stenosis,spinal_canal_stenosis,5,442,train,L3/L4,nas_best_efficientnet_2d,EfficientNet 2D,93,8,,0.9087481146304676,0.8060103344245458,0.731974003953007,0.7423915154447904,0.9087481146304676,0.0950226244343891,0.8367497691597414,0.0037707390648567,True,,,,
EfficientNet,2D,SCS,Spinal Canal Stenosis,spinal_canal_stenosis,5,442,train,L4/L5,nas_best_efficientnet_2d,EfficientNet 2D,93,8,,0.8831070889894419,0.7511331123871899,0.7724067260690058,0.7562280359234673,0.8831070889894419,0.1236802413273001,0.8718179152803804,0.006787330316742,True,,,,
EfficientNet,2D,SCS,Spinal Canal Stenosis,spinal_canal_stenosis,5,442,train,L5/S1,nas_best_efficientnet_2d,EfficientNet 2D,93,8,,0.9698340874811464,0.5065264517319311,0.475411052963664,0.4885842638942368,0.9698340874811464,0.0377073906485671,0.4532216449298413,0.0075414781297134,True,,,,
EfficientNet,2D,SCS,Spinal Canal Stenosis,spinal_canal_stenosis,5,442,validation,L1/L2,nas_best_efficientnet_2d,EfficientNet 2D,93,8,,0.951048951048951,0.4325396825396825,0.392709381639271,0.4051101384292374,0.951048951048951,0.0524475524475524,0.4720955483170468,0.0034965034965034,True,286,271,11,4
EfficientNet,2D,SCS,Spinal Canal Stenosis,spinal_canal_stenosis,5,442,validation,L2/L3,nas_best_efficientnet_2d,EfficientNet 2D,93,8,,0.9265734265734266,0.6679929266136163,0.6654447402553075,0.6562551331134782,0.9265734265734266,0.0804195804195804,0.7602905569007264,0.0069930069930069,True,286,257,19,10
EfficientNet,2D,SCS,Spinal Canal Stenosis,spinal_canal_stenosis,5,442,validation,L3/L4,nas_best_efficientnet_2d,EfficientNet 2D,93,8,,0.8986013986013986,0.7481792717086835,0.6205317230421833,0.6688967499249016,0.8986013986013986,0.1153846153846153,0.7462893245056039,0.0139860139860139,True,286,239,26,21
EfficientNet,2D,SCS,Spinal Canal Stenosis,spinal_canal_stenosis,5,442,validation,L4/L5,nas_best_efficientnet_2d,EfficientNet 2D,93,8,,0.8846153846153846,0.7625622041509891,0.7618553425818065,0.7585579524803835,0.8846153846153846,0.1293706293706293,0.8504774961080002,0.0139860139860139,True,286,213,35,38
EfficientNet,2D,SCS,Spinal Canal Stenosis,spinal_canal_stenosis,5,442,validation,L5/S1,nas_best_efficientnet_2d,EfficientNet 2D,93,8,,0.9545454545454546,0.6514084507042254,0.5555555555555555,0.5921921921921922,0.9545454545454546,0.0489510489510489,0.4920071047957371,0.0034965034965034,True,286,271,12,3
EfficientNet,2D,SCS,Spinal Canal Stenosis,spinal_canal_stenosis,5,442,test,L1/L2,nas_best_efficientnet_2d,EfficientNet 2D,93,8,,0.9616724738675958,0.7671770710639968,0.4777777777777778,0.5458960548727155,0.9616724738675958,0.0383275261324041,0.6132549307852505,0.0,True,,,,
EfficientNet,2D,SCS,Spinal Canal Stenosis,spinal_canal_stenosis,5,442,test,L2/L3,nas_best_efficientnet_2d,EfficientNet 2D,93,8,,0.9233449477351916,0.5369287201348271,0.5373751032980242,0.5351240773864595,0.9233449477351916,0.0801393728222996,0.7554282987353853,0.0034843205574912,True,,,,
EfficientNet,2D,SCS,Spinal Canal Stenosis,spinal_canal_stenosis,5,442,test,L3/L4,nas_best_efficientnet_2d,EfficientNet 2D,93,8,,0.8745644599303136,0.709188326493388,0.6475098677485808,0.6201137579299775,0.8745644599303136,0.1289198606271777,0.7306720565942395,0.0034843205574912,True,,,,
EfficientNet,2D,SCS,Spinal Canal Stenosis,spinal_canal_stenosis,5,442,test,L4/L5,nas_best_efficientnet_2d,EfficientNet 2D,93,8,,0.8815331010452961,0.6988316759013603,0.7297619047619047,0.7075142360820815,0.8815331010452961,0.1324041811846689,0.8446713885686048,0.0139372822299651,True,,,,
EfficientNet,2D,SCS,Spinal Canal Stenosis,spinal_canal_stenosis,5,442,test,L5/S1,nas_best_efficientnet_2d,EfficientNet 2D,93,8,,0.9686411149825784,0.6561771561771562,0.375,0.4020788106045654,0.9686411149825784,0.0383275261324041,0.1132852729145212,0.0069686411149825,True,,,,
MaxViT,2.5D-to-3D,LFN,Left Neural Foraminal Narrowing,left_neural_foraminal_narrowing,1,42,train,L1/L2,nas_best_maxvit3d_3d,MaxViT 3D,871,7,,0.9703113685734974,0.3234371228578325,0.3333333333333333,0.3283106700967781,0.9703113685734974,0.0311368573497465,0.0,0.001448225923244,True,,,,
MaxViT,2.5D-to-3D,LFN,Left Neural Foraminal Narrowing,left_neural_foraminal_narrowing,1,42,train,L2/L3,nas_best_maxvit3d_3d,MaxViT 3D,871,7,,0.9326574945691528,0.5428354371201496,0.4977558152709145,0.5166181789349776,0.9326574945691528,0.0702389572773352,0.5166226086144882,0.002896451846488,True,,,,
MaxViT,2.5D-to-3D,LFN,Left Neural Foraminal Narrowing,left_neural_foraminal_narrowing,1,42,train,L3/L4,nas_best_maxvit3d_3d,MaxViT 3D,871,7,,0.8247646632874729,0.4914960645621171,0.4752356637863315,0.4811668811668812,0.8247646632874729,0.1795800144822592,0.4816934100895553,0.004344677769732,True,,,,
MaxViT,2.5D-to-3D,LFN,Left Neural Foraminal Narrowing,left_neural_foraminal_narrowing,1,42,train,L4/L5,nas_best_maxvit3d_3d,MaxViT 3D,871,7,,0.722664735698769,0.6251426581096503,0.5971578182140628,0.598761110112847,0.722664735698769,0.2976104272266474,0.5721130784342476,0.0202751629254163,True,,,,
MaxViT,2.5D-to-3D,LFN,Left Neural Foraminal Narrowing,left_neural_foraminal_narrowing,1,42,train,L5/S1,nas_best_maxvit3d_3d,MaxViT 3D,871,7,,0.7559739319333816,0.7423842315888688,0.5314647343595693,0.5387119532721045,0.7559739319333816,0.2657494569152788,0.572272460542951,0.0217233888486603,True,,,,
MaxViT,2.5D-to-3D,LFN,Left Neural Foraminal Narrowing,left_neural_foraminal_narrowing,1,42,validation,L1/L2,nas_best_maxvit3d_3d,MaxViT 3D,871,7,,0.9593220338983052,0.319774011299435,0.3333333333333333,0.3264129181084198,0.9593220338983052,0.0406779661016949,0.0,0.0,True,295,283,12,0
MaxViT,2.5D-to-3D,LFN,Left Neural Foraminal Narrowing,left_neural_foraminal_narrowing,1,42,validation,L2/L3,nas_best_maxvit3d_3d,MaxViT 3D,871,7,,0.911864406779661,0.4613743064447289,0.3950248756218905,0.4114331723027375,0.911864406779661,0.0881355932203389,0.3785448063522929,0.0,True,295,268,25,2
MaxViT,2.5D-to-3D,LFN,Left Neural Foraminal Narrowing,left_neural_foraminal_narrowing,1,42,validation,L3/L4,nas_best_maxvit3d_3d,MaxViT 3D,871,7,,0.8135593220338984,0.5061571894241217,0.4638009049773755,0.4751815980629539,0.8135593220338984,0.1966101694915254,0.4292623941958887,0.0101694915254237,True,295,221,68,6
MaxViT,2.5D-to-3D,LFN,Left Neural Foraminal Narrowing,left_neural_foraminal_narrowing,1,42,validation,L4/L5,nas_best_maxvit3d_3d,MaxViT 3D,871,7,,0.6644067796610169,0.5322175189347865,0.4770174971880352,0.4885150871775075,0.6644067796610169,0.3694915254237288,0.3831353033667796,0.0338983050847457,True,295,179,95,21
MaxViT,2.5D-to-3D,LFN,Left Neural Foraminal Narrowing,left_neural_foraminal_narrowing,1,42,validation,L5/S1,nas_best_maxvit3d_3d,MaxViT 3D,871,7,,0.711864406779661,0.4230934521018909,0.4716435185185184,0.4460351469506124,0.711864406779661,0.3152542372881356,0.4636632028422264,0.0271186440677966,True,295,192,72,31
MaxViT,2.5D-to-3D,LFN,Left Neural Foraminal Narrowing,left_neural_foraminal_narrowing,1,42,test,L1/L2,nas_best_maxvit3d_3d,MaxViT 3D,871,7,,0.9594594594594594,0.3198198198198198,0.3333333333333333,0.3264367816091953,0.9594594594594594,0.0405405405405405,0.0,0.0,True,,,,
MaxViT,2.5D-to-3D,LFN,Left Neural Foraminal Narrowing,left_neural_foraminal_narrowing,1,42,test,L2/L3,nas_best_maxvit3d_3d,MaxViT 3D,871,7,,0.8918918918918919,0.4320729621888656,0.4156856670797191,0.4223244455802595,0.8918918918918919,0.1182432432432432,0.1984147952443856,0.0101351351351351,True,,,,
MaxViT,2.5D-to-3D,LFN,Left Neural Foraminal Narrowing,left_neural_foraminal_narrowing,1,42,test,L3/L4,nas_best_maxvit3d_3d,MaxViT 3D,871,7,,0.7972972972972973,0.4493651711696824,0.4489389412395617,0.4478621637334179,0.7972972972972973,0.2094594594594594,0.4523128679562658,0.0067567567567567,True,,,,
MaxViT,2.5D-to-3D,LFN,Left Neural Foraminal Narrowing,left_neural_foraminal_narrowing,1,42,test,L4/L5,nas_best_maxvit3d_3d,MaxViT 3D,871,7,,0.668918918918919,0.514624642399132,0.4895766366655952,0.4928265578222963,0.668918918918919,0.3648648648648648,0.3829315960912053,0.0337837837837837,True,,,,
MaxViT,2.5D-to-3D,LFN,Left Neural Foraminal Narrowing,left_neural_foraminal_narrowing,1,42,test,L5/S1,nas_best_maxvit3d_3d,MaxViT 3D,871,7,,0.7364864864864865,0.4431114247628009,0.487719298245614,0.4640098463627875,0.7364864864864865,0.277027027027027,0.5551696500133583,0.0135135135135135,True,,,,
MaxViT,2.5D-to-3D,LFN,Left Neural Foraminal Narrowing,left_neural_foraminal_narrowing,2,142,train,L1/L2,nas_best_maxvit3d_3d,MaxViT 3D,871,15,,0.9884141926140478,0.6409902130109384,0.566168782673637,0.5980173482032218,0.9884141926140478,0.0130340333091962,0.710862406973867,0.001448225923244,True,,,,
MaxViT,2.5D-to-3D,LFN,Left Neural Foraminal Narrowing,left_neural_foraminal_narrowing,2,142,train,L2/L3,nas_best_maxvit3d_3d,MaxViT 3D,871,15,,0.9775524981897176,0.6401613322924798,0.6029183341556567,0.6199120874846226,0.9775524981897176,0.0246198406951484,0.8223588582601201,0.002172338884866,True,,,,
MaxViT,2.5D-to-3D,LFN,Left Neural Foraminal Narrowing,left_neural_foraminal_narrowing,2,142,train,L3/L4,nas_best_maxvit3d_3d,MaxViT 3D,871,15,,0.9485879797248372,0.9218748953666688,0.7638948847089457,0.812849970460944,0.9485879797248372,0.0528602461984069,0.8661213503063785,0.001448225923244,True,,,,
MaxViT,2.5D-to-3D,LFN,Left Neural Foraminal Narrowing,left_neural_foraminal_narrowing,2,142,train,L4/L5,nas_best_maxvit3d_3d,MaxViT 3D,871,15,,0.8812454742939899,0.9094761479307616,0.8182236898786123,0.8520516888851565,0.8812454742939899,0.1267197682838522,0.8073598606483956,0.0079652425778421,True,,,,
MaxViT,2.5D-to-3D,LFN,Left Neural Foraminal Narrowing,left_neural_foraminal_narrowing,2,142,train,L5/S1,nas_best_maxvit3d_3d,MaxViT 3D,871,15,,0.9073135409123824,0.8993110563506743,0.8666744475568006,0.8714912592555869,0.9073135409123824,0.0955829109341057,0.8922046583823228,0.002896451846488,True,,,,
MaxViT,2.5D-to-3D,LFN,Left Neural Foraminal Narrowing,left_neural_foraminal_narrowing,2,142,validation,L1/L2,nas_best_maxvit3d_3d,MaxViT 3D,871,15,,0.9559322033898304,0.3197278911564625,0.3321554770318021,0.3258232235701906,0.9559322033898304,0.0440677966101694,-0.006297559695618,0.0,True,295,283,12,0
MaxViT,2.5D-to-3D,LFN,Left Neural Foraminal Narrowing,left_neural_foraminal_narrowing,2,142,validation,L2/L3,nas_best_maxvit3d_3d,MaxViT 3D,871,15,,0.8983050847457628,0.4385964912280702,0.3746867167919799,0.3859649122807018,0.8983050847457628,0.1016949152542373,0.2493638676844783,0.0,True,295,266,28,1
MaxViT,2.5D-to-3D,LFN,Left Neural Foraminal Narrowing,left_neural_foraminal_narrowing,2,142,validation,L3/L4,nas_best_maxvit3d_3d,MaxViT 3D,871,15,,0.7830508474576271,0.4753625448308123,0.4521910695742472,0.4576023391812865,0.7830508474576271,0.2169491525423728,0.469930933797518,0.0,True,295,214,75,6
MaxViT,2.5D-to-3D,LFN,Left Neural Foraminal Narrowing,left_neural_foraminal_narrowing,2,142,validation,L4/L5,nas_best_maxvit3d_3d,MaxViT 3D,871,15,,0.7084745762711865,0.68612623512805,0.5411367234256149,0.5749668944329679,0.7084745762711865,0.3220338983050847,0.4361563573011282,0.0305084745762711,True,295,178,97,20
MaxViT,2.5D-to-3D,LFN,Left Neural Foraminal Narrowing,left_neural_foraminal_narrowing,2,142,validation,L5/S1,nas_best_maxvit3d_3d,MaxViT 3D,871,15,,0.7796610169491526,0.7236418738111358,0.691481881634683,0.6973357040549217,0.7796610169491526,0.247457627118644,0.6848858003576616,0.0271186440677966,True,295,186,76,33
MaxViT,2.5D-to-3D,LFN,Left Neural Foraminal Narrowing,left_neural_foraminal_narrowing,2,142,test,L1/L2,nas_best_maxvit3d_3d,MaxViT 3D,871,15,,0.9628378378378378,0.4886621315192743,0.3624667729930887,0.3782826269872902,0.9628378378378378,0.0371621621621621,0.1440588853838065,0.0,True,,,,
MaxViT,2.5D-to-3D,LFN,Left Neural Foraminal Narrowing,left_neural_foraminal_narrowing,2,142,test,L2/L3,nas_best_maxvit3d_3d,MaxViT 3D,871,15,,0.902027027027027,0.4639778568604191,0.4110140102649466,0.4274128142741281,0.902027027027027,0.1013513513513513,0.3170872386445567,0.0033783783783783,True,,,,
MaxViT,2.5D-to-3D,LFN,Left Neural Foraminal Narrowing,left_neural_foraminal_narrowing,2,142,test,L3/L4,nas_best_maxvit3d_3d,MaxViT 3D,871,15,,0.777027027027027,0.6109632297293771,0.5147577092511013,0.5471775556521319,0.777027027027027,0.2229729729729729,0.4204687036487688,0.0,True,,,,
MaxViT,2.5D-to-3D,LFN,Left Neural Foraminal Narrowing,left_neural_foraminal_narrowing,2,142,test,L4/L5,nas_best_maxvit3d_3d,MaxViT 3D,871,15,,0.6993243243243243,0.619324983212169,0.5209238451935081,0.5393261685026874,0.6993243243243243,0.3310810810810811,0.4812195932674583,0.0304054054054054,True,,,,
MaxViT,2.5D-to-3D,LFN,Left Neural Foraminal Narrowing,left_neural_foraminal_narrowing,2,142,test,L5/S1,nas_best_maxvit3d_3d,MaxViT 3D,871,15,,0.722972972972973,0.6278409090909091,0.5866113575677302,0.5848320251110984,0.722972972972973,0.3209459459459459,0.5462193391445368,0.0439189189189189,True,,,,
MaxViT,2.5D-to-3D,LFN,Left Neural Foraminal Narrowing,left_neural_foraminal_narrowing,3,242,train,L1/L2,nas_best_maxvit3d_3d,MaxViT 3D,871,14,,0.9702898550724638,0.6567200388161086,0.3768115942028985,0.4052077709262785,0.9702898550724638,0.0304347826086956,0.2083854818523153,0.0007246376811594,True,,,,
MaxViT,2.5D-to-3D,LFN,Left Neural Foraminal Narrowing,left_neural_foraminal_narrowing,3,242,train,L2/L3,nas_best_maxvit3d_3d,MaxViT 3D,871,14,,0.9615942028985508,0.6340148070201811,0.543449393490672,0.5785595786634256,0.9615942028985508,0.0405797101449275,0.7127470992694456,0.0021739130434782,True,,,,
MaxViT,2.5D-to-3D,LFN,Left Neural Foraminal Narrowing,left_neural_foraminal_narrowing,3,242,train,L3/L4,nas_best_maxvit3d_3d,MaxViT 3D,871,14,,0.9369565217391304,0.9378249301689552,0.6288630908072029,0.6512745269275398,0.9369565217391304,0.0644927536231884,0.8213480330744174,0.0014492753623188,True,,,,
MaxViT,2.5D-to-3D,LFN,Left Neural Foraminal Narrowing,left_neural_foraminal_narrowing,3,242,train,L4/L5,nas_best_maxvit3d_3d,MaxViT 3D,871,14,,0.8840579710144928,0.8986086108610861,0.7622012344177529,0.7935424420337253,0.8840579710144928,0.1181159420289855,0.8247978436657682,0.0021739130434782,True,,,,
MaxViT,2.5D-to-3D,LFN,Left Neural Foraminal Narrowing,left_neural_foraminal_narrowing,3,242,train,L5/S1,nas_best_maxvit3d_3d,MaxViT 3D,871,14,,0.9210144927536232,0.8942759309832481,0.8902312690138082,0.8864812102462963,0.9210144927536232,0.086231884057971,0.8939025199672559,0.0072463768115942,True,,,,
MaxViT,2.5D-to-3D,LFN,Left Neural Foraminal Narrowing,left_neural_foraminal_narrowing,3,242,validation,L1/L2,nas_best_maxvit3d_3d,MaxViT 3D,871,14,,0.9763513513513512,0.3254504504504504,0.3333333333333333,0.3293447293447293,0.9763513513513512,0.027027027027027,0.0,0.0033783783783783,True,296,289,6,1
MaxViT,2.5D-to-3D,LFN,Left Neural Foraminal Narrowing,left_neural_foraminal_narrowing,3,242,validation,L2/L3,nas_best_maxvit3d_3d,MaxViT 3D,871,14,,0.8986486486486487,0.3532707200527269,0.3404460131557837,0.3376984126984126,0.8986486486486487,0.1081081081081081,0.0196872125114996,0.0067567567567567,True,296,271,23,2
MaxViT,2.5D-to-3D,LFN,Left Neural Foraminal Narrowing,left_neural_foraminal_narrowing,3,242,validation,L3/L4,nas_best_maxvit3d_3d,MaxViT 3D,871,14,,0.7601351351351351,0.4579259259259259,0.4240826873385013,0.4297491039426523,0.7601351351351351,0.25,0.3353915239966321,0.0101351351351351,True,296,215,75,6
MaxViT,2.5D-to-3D,LFN,Left Neural Foraminal Narrowing,left_neural_foraminal_narrowing,3,242,validation,L4/L5,nas_best_maxvit3d_3d,MaxViT 3D,871,14,,0.6756756756756757,0.6818925518925519,0.5100239684985447,0.5279882154882155,0.6756756756756757,0.3243243243243243,0.5066837957015381,0.0,True,296,177,99,20
MaxViT,2.5D-to-3D,LFN,Left Neural Foraminal Narrowing,left_neural_foraminal_narrowing,3,242,validation,L5/S1,nas_best_maxvit3d_3d,MaxViT 3D,871,14,,0.75,0.6461554169151983,0.6293262150220913,0.6360029984562404,0.75,0.2702702702702703,0.6609561752988048,0.0202702702702702,True,296,194,70,32
MaxViT,2.5D-to-3D,LFN,Left Neural Foraminal Narrowing,left_neural_foraminal_narrowing,3,242,test,L1/L2,nas_best_maxvit3d_3d,MaxViT 3D,871,14,,0.9628378378378378,0.3209459459459459,0.3333333333333333,0.3270223752151462,0.9628378378378378,0.0371621621621621,0.0,0.0,True,,,,
MaxViT,2.5D-to-3D,LFN,Left Neural Foraminal Narrowing,left_neural_foraminal_narrowing,3,242,test,L2/L3,nas_best_maxvit3d_3d,MaxViT 3D,871,14,,0.918918918918919,0.5220627325890485,0.4181202935849775,0.445019026246463,0.918918918918919,0.0844594594594594,0.30625,0.0033783783783783,True,,,,
MaxViT,2.5D-to-3D,LFN,Left Neural Foraminal Narrowing,left_neural_foraminal_narrowing,3,242,test,L3/L4,nas_best_maxvit3d_3d,MaxViT 3D,871,14,,0.7567567567567568,0.4253736680254594,0.4308994708994709,0.4277907884465261,0.7567567567567568,0.25,0.3633004246870002,0.0067567567567567,True,,,,
MaxViT,2.5D-to-3D,LFN,Left Neural Foraminal Narrowing,left_neural_foraminal_narrowing,3,242,test,L4/L5,nas_best_maxvit3d_3d,MaxViT 3D,871,14,,0.6891891891891891,0.621543489190548,0.5203282431711561,0.5176238351269832,0.6891891891891891,0.3175675675675675,0.5148514851485149,0.0067567567567567,True,,,,
MaxViT,2.5D-to-3D,LFN,Left Neural Foraminal Narrowing,left_neural_foraminal_narrowing,3,242,test,L5/S1,nas_best_maxvit3d_3d,MaxViT 3D,871,14,,0.7398648648648649,0.6254234417344172,0.6331806798479888,0.6193927277271023,0.7398648648648649,0.2939189189189189,0.6284199164672204,0.0337837837837837,True,,,,
MaxViT,2.5D-to-3D,LFN,Left Neural Foraminal Narrowing,left_neural_foraminal_narrowing,4,342,train,L1/L2,nas_best_maxvit3d_3d,MaxViT 3D,871,9,,0.9659666908037654,0.3219888969345885,0.3333333333333333,0.3275629220380601,0.9659666908037654,0.0347574221578566,0.0,0.000724112961622,True,,,,
MaxViT,2.5D-to-3D,LFN,Left Neural Foraminal Narrowing,left_neural_foraminal_narrowing,4,342,train,L2/L3,nas_best_maxvit3d_3d,MaxViT 3D,871,9,,0.943519188993483,0.5703767112055677,0.4996888498425946,0.5268340699021982,0.943519188993483,0.057929036929761,0.6090534702048355,0.001448225923244,True,,,,
MaxViT,2.5D-to-3D,LFN,Left Neural Foraminal Narrowing,left_neural_foraminal_narrowing,4,342,train,L3/L4,nas_best_maxvit3d_3d,MaxViT 3D,871,9,,0.8414192614047792,0.5059498834498835,0.531232969428476,0.5175438596491229,0.8414192614047792,0.1607530774800868,0.5886885027471451,0.002172338884866,True,,,,
MaxViT,2.5D-to-3D,LFN,Left Neural Foraminal Narrowing,left_neural_foraminal_narrowing,4,342,train,L4/L5,nas_best_maxvit3d_3d,MaxViT 3D,871,9,,0.775524981897176,0.7354758474628446,0.5947488065469425,0.6208911650319074,0.775524981897176,0.2338884866039102,0.632797554061086,0.0094134685010861,True,,,,
MaxViT,2.5D-to-3D,LFN,Left Neural Foraminal Narrowing,left_neural_foraminal_narrowing,4,342,train,L5/S1,nas_best_maxvit3d_3d,MaxViT 3D,871,9,,0.835626357711803,0.7909132292827946,0.7323557980774474,0.7542469131766812,0.835626357711803,0.169442433019551,0.7884973087269377,0.005068790731354,True,,,,
MaxViT,2.5D-to-3D,LFN,Left Neural Foraminal Narrowing,left_neural_foraminal_narrowing,4,342,validation,L1/L2,nas_best_maxvit3d_3d,MaxViT 3D,871,9,,0.9830508474576272,0.3276836158192091,0.3333333333333333,0.3304843304843305,0.9830508474576272,0.0169491525423728,0.0,0.0,True,295,290,5,0
MaxViT,2.5D-to-3D,LFN,Left Neural Foraminal Narrowing,left_neural_foraminal_narrowing,4,342,validation,L2/L3,nas_best_maxvit3d_3d,MaxViT 3D,871,9,,0.91864406779661,0.4530423280423281,0.3719096334185848,0.3857142857142857,0.91864406779661,0.0813559322033898,0.1697936210131333,0.0,True,295,272,23,0
MaxViT,2.5D-to-3D,LFN,Left Neural Foraminal Narrowing,left_neural_foraminal_narrowing,4,342,validation,L3/L4,nas_best_maxvit3d_3d,MaxViT 3D,871,9,,0.7898305084745763,0.4621688464118041,0.4815600830032069,0.4710115997959501,0.7898305084745763,0.2135593220338983,0.4507461831514422,0.0033898305084745,True,295,228,62,5
MaxViT,2.5D-to-3D,LFN,Left Neural Foraminal Narrowing,left_neural_foraminal_narrowing,4,342,validation,L4/L5,nas_best_maxvit3d_3d,MaxViT 3D,871,9,,0.7084745762711865,0.633809817633347,0.5221511176926874,0.5386147186147187,0.7084745762711865,0.3050847457627119,0.4776685697766857,0.0135593220338983,True,295,163,116,16
MaxViT,2.5D-to-3D,LFN,Left Neural Foraminal Narrowing,left_neural_foraminal_narrowing,4,342,validation,L5/S1,nas_best_maxvit3d_3d,MaxViT 3D,871,9,,0.7423728813559322,0.6327092058799376,0.6368977203239209,0.6340052891224104,0.7423728813559322,0.2813559322033898,0.6554443762116341,0.023728813559322,True,295,188,73,34
MaxViT,2.5D-to-3D,LFN,Left Neural Foraminal Narrowing,left_neural_foraminal_narrowing,4,342,test,L1/L2,nas_best_maxvit3d_3d,MaxViT 3D,871,9,,0.956081081081081,0.3186936936936936,0.3333333333333333,0.3258491652274035,0.956081081081081,0.0472972972972973,0.0,0.0033783783783783,True,,,,
MaxViT,2.5D-to-3D,LFN,Left Neural Foraminal Narrowing,left_neural_foraminal_narrowing,4,342,test,L2/L3,nas_best_maxvit3d_3d,MaxViT 3D,871,9,,0.8918918918918919,0.4903608502224419,0.3711977186311787,0.3823857302118171,0.8918918918918919,0.1114864864864864,0.1544237675481553,0.0033783783783783,True,,,,
MaxViT,2.5D-to-3D,LFN,Left Neural Foraminal Narrowing,left_neural_foraminal_narrowing,4,342,test,L3/L4,nas_best_maxvit3d_3d,MaxViT 3D,871,9,,0.7702702702702703,0.4495927601809955,0.4729036729036729,0.4603676233473073,0.7702702702702703,0.2297297297297297,0.4923069162084449,0.0,True,,,,
MaxViT,2.5D-to-3D,LFN,Left Neural Foraminal Narrowing,left_neural_foraminal_narrowing,4,342,test,L4/L5,nas_best_maxvit3d_3d,MaxViT 3D,871,9,,0.7094594594594594,0.5404428904428905,0.5022951698067036,0.4999534209020375,0.7094594594594594,0.3006756756756756,0.497246656654509,0.0101351351351351,True,,,,
MaxViT,2.5D-to-3D,LFN,Left Neural Foraminal Narrowing,left_neural_foraminal_narrowing,4,342,test,L5/S1,nas_best_maxvit3d_3d,MaxViT 3D,871,9,,0.7364864864864865,0.636730991258453,0.6157437395939792,0.6245936782459084,0.7364864864864865,0.2871621621621621,0.5953603976801989,0.0236486486486486,True,,,,
MaxViT,2.5D-to-3D,LFN,Left Neural Foraminal Narrowing,left_neural_foraminal_narrowing,5,442,train,L1/L2,nas_best_maxvit3d_3d,MaxViT 3D,871,14,,0.9725036179450072,0.6160237748665697,0.3886397608370702,0.4219960668633235,0.9725036179450072,0.0289435600578871,0.2343490304709141,0.0014471780028943,True,,,,
MaxViT,2.5D-to-3D,LFN,Left Neural Foraminal Narrowing,left_neural_foraminal_narrowing,5,442,train,L2/L3,nas_best_maxvit3d_3d,MaxViT 3D,871,14,,0.959479015918958,0.5807207679748986,0.5787839870496562,0.5797271120138419,0.959479015918958,0.0419681620839363,0.7364817901671208,0.0014471780028943,True,,,,
MaxViT,2.5D-to-3D,LFN,Left Neural Foraminal Narrowing,left_neural_foraminal_narrowing,5,442,train,L3/L4,nas_best_maxvit3d_3d,MaxViT 3D,871,14,,0.841534008683068,0.7243076558145051,0.4878682777233501,0.5273144639581754,0.841534008683068,0.1700434153400868,0.4554671105641098,0.0115774240231548,True,,,,
MaxViT,2.5D-to-3D,LFN,Left Neural Foraminal Narrowing,left_neural_foraminal_narrowing,5,442,train,L4/L5,nas_best_maxvit3d_3d,MaxViT 3D,871,14,,0.8053545586107091,0.7517085350825673,0.7573332835406186,0.7285769589312973,0.8053545586107091,0.2134587554269175,0.6926940551486374,0.0188133140376266,True,,,,
MaxViT,2.5D-to-3D,LFN,Left Neural Foraminal Narrowing,left_neural_foraminal_narrowing,5,442,train,L5/S1,nas_best_maxvit3d_3d,MaxViT 3D,871,14,,0.8531114327062229,0.8369296916837318,0.7655254770084506,0.7939760729332512,0.8531114327062229,0.1541244573082489,0.8078326432545143,0.0072358900144717,True,,,,
MaxViT,2.5D-to-3D,LFN,Left Neural Foraminal Narrowing,left_neural_foraminal_narrowing,5,442,validation,L1/L2,nas_best_maxvit3d_3d,MaxViT 3D,871,14,,0.972972972972973,0.6576271186440678,0.3703703703703704,0.395418098510882,0.972972972972973,0.027027027027027,0.1951053704962611,0.0,True,296,287,9,0
MaxViT,2.5D-to-3D,LFN,Left Neural Foraminal Narrowing,left_neural_foraminal_narrowing,5,442,validation,L2/L3,nas_best_maxvit3d_3d,MaxViT 3D,871,14,,0.9155405405405406,0.4904412430914197,0.4156695156695156,0.4379221341246657,0.9155405405405406,0.0844594594594594,0.3191019506808981,0.0,True,296,270,26,0
MaxViT,2.5D-to-3D,LFN,Left Neural Foraminal Narrowing,left_neural_foraminal_narrowing,5,442,validation,L3/L4,nas_best_maxvit3d_3d,MaxViT 3D,871,14,,0.7837837837837838,0.4254510921177588,0.3830340879521207,0.384701860646523,0.7837837837837838,0.2195945945945946,0.2627509293680298,0.0033783783783783,True,296,231,61,4
MaxViT,2.5D-to-3D,LFN,Left Neural Foraminal Narrowing,left_neural_foraminal_narrowing,5,442,validation,L4/L5,nas_best_maxvit3d_3d,MaxViT 3D,871,14,,0.7027027027027027,0.6352128487503185,0.6118098919615423,0.6055126608551267,0.7027027027027027,0.3175675675675675,0.5699443515447243,0.0202702702702702,True,296,177,95,24
MaxViT,2.5D-to-3D,LFN,Left Neural Foraminal Narrowing,left_neural_foraminal_narrowing,5,442,validation,L5/S1,nas_best_maxvit3d_3d,MaxViT 3D,871,14,,0.7364864864864865,0.6364900853771182,0.5807782796913231,0.599751458033409,0.7364864864864865,0.2905405405405405,0.6161611024943425,0.027027027027027,True,296,184,77,35
MaxViT,2.5D-to-3D,LFN,Left Neural Foraminal Narrowing,left_neural_foraminal_narrowing,5,442,test,L1/L2,nas_best_maxvit3d_3d,MaxViT 3D,871,14,,0.9625850340136054,0.6541524459613197,0.3611111111111111,0.3782385730211817,0.9625850340136054,0.0374149659863945,0.1484992101105845,0.0,True,,,,
MaxViT,2.5D-to-3D,LFN,Left Neural Foraminal Narrowing,left_neural_foraminal_narrowing,5,442,test,L2/L3,nas_best_maxvit3d_3d,MaxViT 3D,871,14,,0.8809523809523809,0.4405039994337085,0.3959935897435898,0.4080872572492684,0.8809523809523809,0.119047619047619,0.3375820780224025,0.0,True,,,,
MaxViT,2.5D-to-3D,LFN,Left Neural Foraminal Narrowing,left_neural_foraminal_narrowing,5,442,test,L3/L4,nas_best_maxvit3d_3d,MaxViT 3D,871,14,,0.7857142857142857,0.3971135369393679,0.3853900709219858,0.3850463582725965,0.7857142857142857,0.227891156462585,0.2694321118547479,0.0136054421768707,True,,,,
MaxViT,2.5D-to-3D,LFN,Left Neural Foraminal Narrowing,left_neural_foraminal_narrowing,5,442,test,L4/L5,nas_best_maxvit3d_3d,MaxViT 3D,871,14,,0.7040816326530612,0.5933840953442989,0.6115129835718071,0.588702147525677,0.7040816326530612,0.3129251700680272,0.6014883720930233,0.0170068027210884,True,,,,
MaxViT,2.5D-to-3D,LFN,Left Neural Foraminal Narrowing,left_neural_foraminal_narrowing,5,442,test,L5/S1,nas_best_maxvit3d_3d,MaxViT 3D,871,14,,0.7244897959183674,0.617989417989418,0.5761026716966922,0.5914201936212208,0.7244897959183674,0.3095238095238095,0.5322095123419627,0.0340136054421768,True,,,,
MaxViT,2.5D-to-3D,LSS,Left Subarticular Stenosis,left_subarticular_stenosis,1,42,train,L1/L2,nas_best_maxvit3d_3d,MaxViT 3D,201,8,,0.9378486055776892,0.4895680584497441,0.3872042694993807,0.4068178665556942,0.9378486055776892,0.0717131474103585,0.2896579117223574,0.0095617529880478,True,,,,
MaxViT,2.5D-to-3D,LSS,Left Subarticular Stenosis,left_subarticular_stenosis,1,42,train,L2/L3,nas_best_maxvit3d_3d,MaxViT 3D,201,8,,0.853386454183267,0.6611107966052305,0.5614648651460038,0.598226679801366,0.853386454183267,0.1577689243027888,0.6029192706583338,0.0111553784860557,True,,,,
MaxViT,2.5D-to-3D,LSS,Left Subarticular Stenosis,left_subarticular_stenosis,1,42,train,L3/L4,nas_best_maxvit3d_3d,MaxViT 3D,201,8,,0.7553784860557768,0.6292221897265003,0.6319711860158455,0.628194325519289,0.7553784860557768,0.2589641434262948,0.6840107214073138,0.0143426294820717,True,,,,
MaxViT,2.5D-to-3D,LSS,Left Subarticular Stenosis,left_subarticular_stenosis,1,42,train,L4/L5,nas_best_maxvit3d_3d,MaxViT 3D,201,8,,0.651792828685259,0.6145347725145441,0.6433469740519652,0.6078507079560987,0.651792828685259,0.3920318725099601,0.661590516955636,0.0438247011952191,True,,,,
MaxViT,2.5D-to-3D,LSS,Left Subarticular Stenosis,left_subarticular_stenosis,1,42,train,L5/S1,nas_best_maxvit3d_3d,MaxViT 3D,201,8,,0.7282868525896414,0.418525378817113,0.3700302678591747,0.3434553038703205,0.7282868525896414,0.3426294820717131,0.1241063598253355,0.0709163346613545,True,,,,
MaxViT,2.5D-to-3D,LSS,Left Subarticular Stenosis,left_subarticular_stenosis,1,42,validation,L1/L2,nas_best_maxvit3d_3d,MaxViT 3D,201,8,,0.9523809523809524,0.6507352941176471,0.3666666666666667,0.3857786908634366,0.9523809523809524,0.0622710622710622,0.0695296523517382,0.0146520146520146,True,273,259,10,4
MaxViT,2.5D-to-3D,LSS,Left Subarticular Stenosis,left_subarticular_stenosis,1,42,validation,L2/L3,nas_best_maxvit3d_3d,MaxViT 3D,201,8,,0.8608058608058609,0.7774411974340699,0.5576970141948115,0.6175831139176892,0.8608058608058609,0.1575091575091575,0.5763476122156179,0.0183150183150183,True,273,227,30,16
MaxViT,2.5D-to-3D,LSS,Left Subarticular Stenosis,left_subarticular_stenosis,1,42,validation,L3/L4,nas_best_maxvit3d_3d,MaxViT 3D,201,8,,0.7509157509157509,0.5918825561312607,0.5834186062880006,0.5872820718697597,0.7509157509157509,0.2637362637362637,0.62134609383127,0.0146520146520146,True,273,193,58,22
MaxViT,2.5D-to-3D,LSS,Left Subarticular Stenosis,left_subarticular_stenosis,1,42,validation,L4/L5,nas_best_maxvit3d_3d,MaxViT 3D,201,8,,0.673992673992674,0.6419566438650408,0.6533431372549019,0.6275373672107786,0.673992673992674,0.3809523809523809,0.6717454506299128,0.0549450549450549,True,273,125,80,68
MaxViT,2.5D-to-3D,LSS,Left Subarticular Stenosis,left_subarticular_stenosis,1,42,validation,L5/S1,nas_best_maxvit3d_3d,MaxViT 3D,201,8,,0.684981684981685,0.231722428748451,0.3298059964726631,0.272197962154294,0.684981684981685,0.3882783882783883,0.0136599851521902,0.0732600732600732,True,273,189,66,18
MaxViT,2.5D-to-3D,LSS,Left Subarticular Stenosis,left_subarticular_stenosis,1,42,test,L1/L2,nas_best_maxvit3d_3d,MaxViT 3D,201,8,,0.9407407407407408,0.6468401486988847,0.3571428571428571,0.3675606641123882,0.9407407407407408,0.0703703703703703,0.0689655172413794,0.0111111111111111,True,,,,
MaxViT,2.5D-to-3D,LSS,Left Subarticular Stenosis,left_subarticular_stenosis,1,42,test,L2/L3,nas_best_maxvit3d_3d,MaxViT 3D,201,8,,0.8185185185185185,0.4724421169433957,0.4718462823725981,0.4670835183266735,0.8185185185185185,0.2,0.4025309453011548,0.0185185185185185,True,,,,
MaxViT,2.5D-to-3D,LSS,Left Subarticular Stenosis,left_subarticular_stenosis,1,42,test,L3/L4,nas_best_maxvit3d_3d,MaxViT 3D,201,8,,0.7481481481481481,0.5553714239318915,0.5578762956121447,0.5565086235162963,0.7481481481481481,0.2666666666666666,0.6266980055995299,0.0148148148148148,True,,,,
MaxViT,2.5D-to-3D,LSS,Left Subarticular Stenosis,left_subarticular_stenosis,1,42,test,L4/L5,nas_best_maxvit3d_3d,MaxViT 3D,201,8,,0.6333333333333333,0.5937474290415468,0.610373845649498,0.5955519460724464,0.6333333333333333,0.4333333333333333,0.6066838046272494,0.0666666666666666,True,,,,
MaxViT,2.5D-to-3D,LSS,Left Subarticular Stenosis,left_subarticular_stenosis,1,42,test,L5/S1,nas_best_maxvit3d_3d,MaxViT 3D,201,8,,0.7185185185185186,0.3748427672955974,0.3649395509499136,0.3328093158660844,0.7185185185185186,0.3518518518518518,0.1122373300370828,0.0703703703703703,True,,,,
MaxViT,2.5D-to-3D,LSS,Left Subarticular Stenosis,left_subarticular_stenosis,2,142,train,L1/L2,nas_best_maxvit3d_3d,MaxViT 3D,201,19,,0.952076677316294,0.6778769026098524,0.4924345444392446,0.5474936476600814,0.952076677316294,0.0551118210862619,0.5078082637457976,0.0071884984025559,True,,,,
MaxViT,2.5D-to-3D,LSS,Left Subarticular Stenosis,left_subarticular_stenosis,2,142,train,L2/L3,nas_best_maxvit3d_3d,MaxViT 3D,201,19,,0.9169329073482428,0.8498426583261814,0.7367265590469123,0.7823545502477306,0.9169329073482428,0.0862619808306709,0.7969163821046126,0.0031948881789137,True,,,,
MaxViT,2.5D-to-3D,LSS,Left Subarticular Stenosis,left_subarticular_stenosis,2,142,train,L3/L4,nas_best_maxvit3d_3d,MaxViT 3D,201,19,,0.8306709265175719,0.7491123642439432,0.7425334967635391,0.7439708579771768,0.8306709265175719,0.176517571884984,0.7819171420991717,0.0071884984025559,True,,,,
MaxViT,2.5D-to-3D,LSS,Left Subarticular Stenosis,left_subarticular_stenosis,2,142,train,L4/L5,nas_best_maxvit3d_3d,MaxViT 3D,201,19,,0.8154952076677316,0.8094707509320186,0.7989414066866504,0.7979898042231087,0.8154952076677316,0.1964856230031949,0.8322589163663476,0.0119808306709265,True,,,,
MaxViT,2.5D-to-3D,LSS,Left Subarticular Stenosis,left_subarticular_stenosis,2,142,train,L5/S1,nas_best_maxvit3d_3d,MaxViT 3D,201,19,,0.8538338658146964,0.794510894478455,0.7471762986591259,0.7601044220033564,0.8538338658146964,0.1509584664536741,0.775728819843007,0.0047923322683706,True,,,,
MaxViT,2.5D-to-3D,LSS,Left Subarticular Stenosis,left_subarticular_stenosis,2,142,validation,L1/L2,nas_best_maxvit3d_3d,MaxViT 3D,201,19,,0.9413919413919414,0.5282756955760758,0.4918354451428381,0.5034188034188034,0.9413919413919414,0.0586080586080586,0.6207674943566591,0.0,True,273,257,13,3
MaxViT,2.5D-to-3D,LSS,Left Subarticular Stenosis,left_subarticular_stenosis,2,142,validation,L2/L3,nas_best_maxvit3d_3d,MaxViT 3D,201,19,,0.8864468864468864,0.7480627033422064,0.6004994333943524,0.6538265701445617,0.8864468864468864,0.1172161172161172,0.6536050156739812,0.0036630036630036,True,273,233,31,9
MaxViT,2.5D-to-3D,LSS,Left Subarticular Stenosis,left_subarticular_stenosis,2,142,validation,L3/L4,nas_best_maxvit3d_3d,MaxViT 3D,201,19,,0.7472527472527473,0.5891242412981543,0.5962899845252786,0.5811857347390342,0.7472527472527473,0.2637362637362637,0.6503792729780318,0.0109890109890109,True,273,187,65,21
MaxViT,2.5D-to-3D,LSS,Left Subarticular Stenosis,left_subarticular_stenosis,2,142,validation,L4/L5,nas_best_maxvit3d_3d,MaxViT 3D,201,19,,0.6483516483516484,0.6229295333068918,0.6254808512873029,0.6078005290549445,0.6483516483516484,0.4029304029304029,0.6269605513307985,0.0512820512820512,True,273,117,93,63
MaxViT,2.5D-to-3D,LSS,Left Subarticular Stenosis,left_subarticular_stenosis,2,142,validation,L5/S1,nas_best_maxvit3d_3d,MaxViT 3D,201,19,,0.7619047619047619,0.6259571898447939,0.6174548440065681,0.6150895140664961,0.7619047619047619,0.2454212454212454,0.6385050075532926,0.0073260073260073,True,273,203,50,20
MaxViT,2.5D-to-3D,LSS,Left Subarticular Stenosis,left_subarticular_stenosis,2,142,test,L1/L2,nas_best_maxvit3d_3d,MaxViT 3D,201,19,,0.9267399267399268,0.8650793650793651,0.5892991888322957,0.6476358919938686,0.9267399267399268,0.0805860805860805,0.5630386604284658,0.0073260073260073,True,,,,
MaxViT,2.5D-to-3D,LSS,Left Subarticular Stenosis,left_subarticular_stenosis,2,142,test,L2/L3,nas_best_maxvit3d_3d,MaxViT 3D,201,19,,0.8315018315018315,0.7026970080067425,0.5764342774146696,0.6102312719959778,0.8315018315018315,0.1904761904761904,0.5638106650689034,0.0219780219780219,True,,,,
MaxViT,2.5D-to-3D,LSS,Left Subarticular Stenosis,left_subarticular_stenosis,2,142,test,L3/L4,nas_best_maxvit3d_3d,MaxViT 3D,201,19,,0.7106227106227107,0.5891025641025641,0.611403256590243,0.5968770163892114,0.7106227106227107,0.3113553113553113,0.6290085319211532,0.0219780219780219,True,,,,
MaxViT,2.5D-to-3D,LSS,Left Subarticular Stenosis,left_subarticular_stenosis,2,142,test,L4/L5,nas_best_maxvit3d_3d,MaxViT 3D,201,19,,0.6043956043956044,0.5753651055523927,0.5902073953027485,0.5798523631483079,0.6043956043956044,0.4542124542124542,0.59039759939985,0.0586080586080586,True,,,,
MaxViT,2.5D-to-3D,LSS,Left Subarticular Stenosis,left_subarticular_stenosis,2,142,test,L5/S1,nas_best_maxvit3d_3d,MaxViT 3D,201,19,,0.7216117216117216,0.6040576059337786,0.630718954248366,0.6141912377867434,0.7216117216117216,0.3076923076923077,0.541607898448519,0.0293040293040293,True,,,,
MaxViT,2.5D-to-3D,LSS,Left Subarticular Stenosis,left_subarticular_stenosis,3,242,train,L1/L2,nas_best_maxvit3d_3d,MaxViT 3D,201,16,,0.9610802223987291,0.7938884644766998,0.6947007681563466,0.7375023274095723,0.9610802223987291,0.0413026211278792,0.7584899919300427,0.0023828435266084,True,,,,
MaxViT,2.5D-to-3D,LSS,Left Subarticular Stenosis,left_subarticular_stenosis,3,242,train,L2/L3,nas_best_maxvit3d_3d,MaxViT 3D,201,16,,0.8943606036536934,0.764849689363972,0.7097760293252863,0.7330500562949983,0.8943606036536934,0.1104050833995234,0.7637296877427373,0.0047656870532168,True,,,,
MaxViT,2.5D-to-3D,LSS,Left Subarticular Stenosis,left_subarticular_stenosis,3,242,train,L3/L4,nas_best_maxvit3d_3d,MaxViT 3D,201,16,,0.8419380460683081,0.7589001795031248,0.7492834968678973,0.7534123855016266,0.8419380460683081,0.165210484511517,0.792713417743651,0.0071485305798252,True,,,,
MaxViT,2.5D-to-3D,LSS,Left Subarticular Stenosis,left_subarticular_stenosis,3,242,train,L4/L5,nas_best_maxvit3d_3d,MaxViT 3D,201,16,,0.7823669579030977,0.7636115092636833,0.7862698534639625,0.7711812888079405,0.7823669579030977,0.2382843526608419,0.7884797122505436,0.0206513105639396,True,,,,
MaxViT,2.5D-to-3D,LSS,Left Subarticular Stenosis,left_subarticular_stenosis,3,242,train,L5/S1,nas_best_maxvit3d_3d,MaxViT 3D,201,16,,0.8260524225575854,0.7325734172448625,0.7316728302753148,0.7321197636540199,0.8260524225575854,0.1890389197776012,0.7170164423053431,0.0150913423351866,True,,,,
MaxViT,2.5D-to-3D,LSS,Left Subarticular Stenosis,left_subarticular_stenosis,3,242,validation,L1/L2,nas_best_maxvit3d_3d,MaxViT 3D,201,16,,0.9365671641791044,0.5968992248062015,0.4997384200571451,0.5235101506221349,0.9365671641791044,0.085820895522388,0.4191231112212038,0.0223880597014925,True,268,251,11,6
MaxViT,2.5D-to-3D,LSS,Left Subarticular Stenosis,left_subarticular_stenosis,3,242,validation,L2/L3,nas_best_maxvit3d_3d,MaxViT 3D,201,16,,0.8731343283582089,0.7237943262411347,0.6468030307039595,0.6767941094566482,0.8731343283582089,0.1380597014925373,0.6223620395857911,0.0111940298507462,True,268,221,38,9
MaxViT,2.5D-to-3D,LSS,Left Subarticular Stenosis,left_subarticular_stenosis,3,242,validation,L3/L4,nas_best_maxvit3d_3d,MaxViT 3D,201,16,,0.7835820895522388,0.6693989071038251,0.6385791799882067,0.6510852596724502,0.7835820895522388,0.2238805970149253,0.6914774975716804,0.0074626865671641,True,268,188,57,23
MaxViT,2.5D-to-3D,LSS,Left Subarticular Stenosis,left_subarticular_stenosis,3,242,validation,L4/L5,nas_best_maxvit3d_3d,MaxViT 3D,201,16,,0.664179104477612,0.6461988304093568,0.6650616493640235,0.649951508345669,0.664179104477612,0.3694029850746269,0.6691148537419274,0.0335820895522388,True,268,114,93,61
MaxViT,2.5D-to-3D,LSS,Left Subarticular Stenosis,left_subarticular_stenosis,3,242,validation,L5/S1,nas_best_maxvit3d_3d,MaxViT 3D,201,16,,0.7089552238805971,0.5317634759129376,0.5723470061083279,0.5475843577204439,0.7089552238805971,0.332089552238806,0.4576679063662218,0.0410447761194029,True,268,197,54,17
MaxViT,2.5D-to-3D,LSS,Left Subarticular Stenosis,left_subarticular_stenosis,3,242,test,L1/L2,nas_best_maxvit3d_3d,MaxViT 3D,201,16,,0.9372693726937268,0.4329059829059829,0.402474309089095,0.4145712443584783,0.9372693726937268,0.066420664206642,0.385766092475068,0.003690036900369,True,,,,
MaxViT,2.5D-to-3D,LSS,Left Subarticular Stenosis,left_subarticular_stenosis,3,242,test,L2/L3,nas_best_maxvit3d_3d,MaxViT 3D,201,16,,0.8487084870848709,0.5467752234993615,0.5297065473276926,0.5372884196413609,0.8487084870848709,0.1734317343173431,0.5009519647929086,0.022140221402214,True,,,,
MaxViT,2.5D-to-3D,LSS,Left Subarticular Stenosis,left_subarticular_stenosis,3,242,test,L3/L4,nas_best_maxvit3d_3d,MaxViT 3D,201,16,,0.6974169741697417,0.5774131506190647,0.563162783833175,0.5694459582198003,0.6974169741697417,0.3284132841328413,0.5556882033650096,0.025830258302583,True,,,,
MaxViT,2.5D-to-3D,LSS,Left Subarticular Stenosis,left_subarticular_stenosis,3,242,test,L4/L5,nas_best_maxvit3d_3d,MaxViT 3D,201,16,,0.6346863468634686,0.6079204095431275,0.6229019736482423,0.6114948136479237,0.6346863468634686,0.4280442804428044,0.6057837774933086,0.062730627306273,True,,,,
MaxViT,2.5D-to-3D,LSS,Left Subarticular Stenosis,left_subarticular_stenosis,3,242,test,L5/S1,nas_best_maxvit3d_3d,MaxViT 3D,201,16,,0.7306273062730627,0.5868483052135582,0.6047416651594623,0.5917100654789097,0.7306273062730627,0.2952029520295203,0.5541983129746947,0.025830258302583,True,,,,
MaxViT,2.5D-to-3D,LSS,Left Subarticular Stenosis,left_subarticular_stenosis,4,342,train,L1/L2,nas_best_maxvit3d_3d,MaxViT 3D,201,10,,0.943695479777954,0.7065423087320898,0.4641960362299346,0.5220160947373839,0.943695479777954,0.0626486915146709,0.459186759905918,0.0063441712926249,True,,,,
MaxViT,2.5D-to-3D,LSS,Left Subarticular Stenosis,left_subarticular_stenosis,4,342,train,L2/L3,nas_best_maxvit3d_3d,MaxViT 3D,201,10,,0.8548770816812054,0.6653541447173553,0.5810534845622565,0.6137695671528641,0.8548770816812054,0.1538461538461538,0.6235269400990195,0.0087232355273592,True,,,,
MaxViT,2.5D-to-3D,LSS,Left Subarticular Stenosis,left_subarticular_stenosis,4,342,train,L3/L4,nas_best_maxvit3d_3d,MaxViT 3D,201,10,,0.7850911974623315,0.6695998736118766,0.6513910809214144,0.6594160957737975,0.7850911974623315,0.2331482950039651,0.685862416618797,0.0182394924662965,True,,,,
MaxViT,2.5D-to-3D,LSS,Left Subarticular Stenosis,left_subarticular_stenosis,4,342,train,L4/L5,nas_best_maxvit3d_3d,MaxViT 3D,201,10,,0.6938937351308485,0.6807120815142321,0.6853420893913852,0.6806356310294213,0.6938937351308485,0.3298969072164948,0.7010872163437021,0.0237906423473433,True,,,,
MaxViT,2.5D-to-3D,LSS,Left Subarticular Stenosis,left_subarticular_stenosis,4,342,train,L5/S1,nas_best_maxvit3d_3d,MaxViT 3D,201,10,,0.7351308485329104,0.5953711624370307,0.4256231136491367,0.4360942782243402,0.7351308485329104,0.310071371927042,0.2983506742634007,0.0452022204599524,True,,,,
MaxViT,2.5D-to-3D,LSS,Left Subarticular Stenosis,left_subarticular_stenosis,4,342,validation,L1/L2,nas_best_maxvit3d_3d,MaxViT 3D,201,10,,0.9264705882352942,0.4466165413533834,0.3806628154454241,0.3952044530079212,0.9264705882352942,0.0955882352941176,0.1501397796415061,0.0220588235294117,True,272,253,13,6
MaxViT,2.5D-to-3D,LSS,Left Subarticular Stenosis,left_subarticular_stenosis,4,342,validation,L2/L3,nas_best_maxvit3d_3d,MaxViT 3D,201,10,,0.8161764705882353,0.5403270619988886,0.5496842133613434,0.5448048048048049,0.8161764705882353,0.2022058823529411,0.5556895858464013,0.0183823529411764,True,272,223,37,12
MaxViT,2.5D-to-3D,LSS,Left Subarticular Stenosis,left_subarticular_stenosis,4,342,validation,L3/L4,nas_best_maxvit3d_3d,MaxViT 3D,201,10,,0.7757352941176471,0.6296869119759146,0.6665715983363043,0.640301026180515,0.7757352941176471,0.2463235294117647,0.6936762274049153,0.0220588235294117,True,272,187,60,25
MaxViT,2.5D-to-3D,LSS,Left Subarticular Stenosis,left_subarticular_stenosis,4,342,validation,L4/L5,nas_best_maxvit3d_3d,MaxViT 3D,201,10,,0.6323529411764706,0.6172508589177773,0.6458008262545817,0.6222860689899796,0.6323529411764706,0.4007352941176471,0.6414812354699435,0.0330882352941176,True,272,118,97,57
MaxViT,2.5D-to-3D,LSS,Left Subarticular Stenosis,left_subarticular_stenosis,4,342,validation,L5/S1,nas_best_maxvit3d_3d,MaxViT 3D,201,10,,0.7426470588235294,0.5713459900206889,0.4262906929179468,0.4391083453583453,0.7426470588235294,0.3345588235294117,0.2233576642335766,0.0772058823529411,True,272,199,51,22
MaxViT,2.5D-to-3D,LSS,Left Subarticular Stenosis,left_subarticular_stenosis,4,342,test,L1/L2,nas_best_maxvit3d_3d,MaxViT 3D,201,10,,0.939622641509434,0.6288802421098141,0.5626344086021505,0.5567656765676569,0.939622641509434,0.0679245283018867,0.4274209389118051,0.0075471698113207,True,,,,
MaxViT,2.5D-to-3D,LSS,Left Subarticular Stenosis,left_subarticular_stenosis,4,342,test,L2/L3,nas_best_maxvit3d_3d,MaxViT 3D,201,10,,0.8339622641509434,0.5904949196984596,0.5433836996336997,0.5616300940438872,0.8339622641509434,0.1811320754716981,0.5570942517758013,0.0150943396226415,True,,,,
MaxViT,2.5D-to-3D,LSS,Left Subarticular Stenosis,left_subarticular_stenosis,4,342,test,L3/L4,nas_best_maxvit3d_3d,MaxViT 3D,201,10,,0.7169811320754716,0.5810743652299629,0.6035397621466058,0.5879452054794521,0.7169811320754716,0.3056603773584905,0.59172009343472,0.0226415094339622,True,,,,
MaxViT,2.5D-to-3D,LSS,Left Subarticular Stenosis,left_subarticular_stenosis,4,342,test,L4/L5,nas_best_maxvit3d_3d,MaxViT 3D,201,10,,0.6150943396226415,0.5905263157894737,0.6023541841252983,0.5945149710445319,0.6150943396226415,0.4188679245283019,0.6443841088537278,0.0339622641509433,True,,,,
MaxViT,2.5D-to-3D,LSS,Left Subarticular Stenosis,left_subarticular_stenosis,4,342,test,L5/S1,nas_best_maxvit3d_3d,MaxViT 3D,201,10,,0.7320754716981132,0.5552181736392262,0.4251085424622658,0.4289057840371764,0.7320754716981132,0.350943396226415,0.2496641521132581,0.0830188679245283,True,,,,
MaxViT,2.5D-to-3D,LSS,Left Subarticular Stenosis,left_subarticular_stenosis,5,442,train,L1/L2,nas_best_maxvit3d_3d,MaxViT 3D,201,10,,0.9379968203497616,0.5133652822151225,0.3492063492063492,0.3524527966806319,0.9379968203497616,0.0747217806041335,0.1182537298488034,0.012718600953895,True,,,,
MaxViT,2.5D-to-3D,LSS,Left Subarticular Stenosis,left_subarticular_stenosis,5,442,train,L2/L3,nas_best_maxvit3d_3d,MaxViT 3D,201,10,,0.8569157392686805,0.6346563346563346,0.5285750602864697,0.561165567360066,0.8569157392686805,0.1573926868044515,0.5729109237260102,0.0143084260731319,True,,,,
MaxViT,2.5D-to-3D,LSS,Left Subarticular Stenosis,left_subarticular_stenosis,5,442,train,L3/L4,nas_best_maxvit3d_3d,MaxViT 3D,201,10,,0.7885532591414944,0.6802094735260661,0.6227408772289004,0.6340540298205273,0.7885532591414944,0.232114467408585,0.6825031621144935,0.0206677265500794,True,,,,
MaxViT,2.5D-to-3D,LSS,Left Subarticular Stenosis,left_subarticular_stenosis,5,442,train,L4/L5,nas_best_maxvit3d_3d,MaxViT 3D,201,10,,0.6717011128775835,0.6413333550254089,0.6499624482992017,0.6441255621672951,0.6717011128775835,0.356120826709062,0.6859053518769695,0.0278219395866454,True,,,,
MaxViT,2.5D-to-3D,LSS,Left Subarticular Stenosis,left_subarticular_stenosis,5,442,train,L5/S1,nas_best_maxvit3d_3d,MaxViT 3D,201,10,,0.7360890302066773,0.5704933703964712,0.4176362019259016,0.4279340976931852,0.7360890302066773,0.3211446740858505,0.2772055493113685,0.0572337042925278,True,,,,
MaxViT,2.5D-to-3D,LSS,Left Subarticular Stenosis,left_subarticular_stenosis,5,442,validation,L1/L2,nas_best_maxvit3d_3d,MaxViT 3D,201,10,,0.937037037037037,0.4800995024875622,0.3528491436100132,0.3594938508566148,0.937037037037037,0.0666666666666666,0.0797546012269937,0.0037037037037037,True,270,253,16,1
MaxViT,2.5D-to-3D,LSS,Left Subarticular Stenosis,left_subarticular_stenosis,5,442,validation,L2/L3,nas_best_maxvit3d_3d,MaxViT 3D,201,10,,0.837037037037037,0.6027021919879062,0.5172672672672672,0.5425768616346774,0.837037037037037,0.1777777777777777,0.5367647058823529,0.0148148148148148,True,270,222,36,12
MaxViT,2.5D-to-3D,LSS,Left Subarticular Stenosis,left_subarticular_stenosis,5,442,validation,L3/L4,nas_best_maxvit3d_3d,MaxViT 3D,201,10,,0.7185185185185186,0.5936507936507937,0.5495238095238095,0.5572950033942942,0.7185185185185186,0.3037037037037037,0.5786852589641434,0.0222222222222222,True,270,175,70,25
MaxViT,2.5D-to-3D,LSS,Left Subarticular Stenosis,left_subarticular_stenosis,5,442,validation,L4/L5,nas_best_maxvit3d_3d,MaxViT 3D,201,10,,0.662962962962963,0.6387897457898113,0.6627850224729507,0.6455418381344308,0.662962962962963,0.362962962962963,0.6862745098039216,0.0259259259259259,True,270,122,89,59
MaxViT,2.5D-to-3D,LSS,Left Subarticular Stenosis,left_subarticular_stenosis,5,442,validation,L5/S1,nas_best_maxvit3d_3d,MaxViT 3D,201,10,,0.6962962962962963,0.5184713211821645,0.4258806214735338,0.4171866447728516,0.6962962962962963,0.3407407407407407,0.2389389439774499,0.037037037037037,True,270,186,71,13
MaxViT,2.5D-to-3D,LSS,Left Subarticular Stenosis,left_subarticular_stenosis,5,442,test,L1/L2,nas_best_maxvit3d_3d,MaxViT 3D,201,10,,0.9296296296296296,0.3110285006195787,0.3333333333333333,0.3217948717948718,0.9296296296296296,0.0925925925925925,0.0933018696678161,0.0222222222222222,True,,,,
MaxViT,2.5D-to-3D,LSS,Left Subarticular Stenosis,left_subarticular_stenosis,5,442,test,L2/L3,nas_best_maxvit3d_3d,MaxViT 3D,201,10,,0.8407407407407408,0.6491111111111111,0.4997196738022426,0.5307692307692308,0.8407407407407408,0.1777777777777777,0.5114799101572248,0.0185185185185185,True,,,,
MaxViT,2.5D-to-3D,LSS,Left Subarticular Stenosis,left_subarticular_stenosis,5,442,test,L3/L4,nas_best_maxvit3d_3d,MaxViT 3D,201,10,,0.7037037037037037,0.4921742340346991,0.4651201664663651,0.4608243608243608,0.7037037037037037,0.3296296296296296,0.4670331697598052,0.0333333333333333,True,,,,
MaxViT,2.5D-to-3D,LSS,Left Subarticular Stenosis,left_subarticular_stenosis,5,442,test,L4/L5,nas_best_maxvit3d_3d,MaxViT 3D,201,10,,0.6518518518518519,0.6223951032613774,0.6269736237478173,0.6238410480696989,0.6518518518518519,0.3592592592592593,0.7121058407006357,0.0111111111111111,True,,,,
MaxViT,2.5D-to-3D,LSS,Left Subarticular Stenosis,left_subarticular_stenosis,5,442,test,L5/S1,nas_best_maxvit3d_3d,MaxViT 3D,201,10,,0.7185185185185186,0.4830901177675371,0.3896729328201409,0.3913793791875294,0.7185185185185186,0.3444444444444444,0.2002891925929382,0.0629629629629629,True,,,,
MaxViT,2.5D-to-3D,RFN,Right Neural Foraminal Narrowing,right_neural_foraminal_narrowing,1,42,train,L1/L2,nas_best_maxvit3d_3d,MaxViT 3D,951,16,,0.9796067006554988,0.7330831020270838,0.6605163112151278,0.6828014184397163,0.9796067006554988,0.021849963583394,0.751720543340673,0.0014566642388929,True,,,,
MaxViT,2.5D-to-3D,RFN,Right Neural Foraminal Narrowing,right_neural_foraminal_narrowing,1,42,train,L2/L3,nas_best_maxvit3d_3d,MaxViT 3D,951,16,,0.9694100509832484,0.6113198493245999,0.5931719887955182,0.6018137996826981,0.9694100509832484,0.0313182811361981,0.7996887613675048,0.0007283321194464,True,,,,
MaxViT,2.5D-to-3D,RFN,Right Neural Foraminal Narrowing,right_neural_foraminal_narrowing,1,42,train,L3/L4,nas_best_maxvit3d_3d,MaxViT 3D,951,16,,0.931536780772032,0.5973360503497097,0.6066209221138799,0.6019423753362301,0.931536780772032,0.0699198834668608,0.809377568474132,0.0014566642388929,True,,,,
MaxViT,2.5D-to-3D,RFN,Right Neural Foraminal Narrowing,right_neural_foraminal_narrowing,1,42,train,L4/L5,nas_best_maxvit3d_3d,MaxViT 3D,951,16,,0.8565185724690458,0.7814625280104167,0.8186372436945394,0.7811002209657785,0.8565185724690458,0.1500364166059723,0.7970237828105902,0.0065549890750182,True,,,,
MaxViT,2.5D-to-3D,RFN,Right Neural Foraminal Narrowing,right_neural_foraminal_narrowing,1,42,train,L5/S1,nas_best_maxvit3d_3d,MaxViT 3D,951,16,,0.8557902403495994,0.8339735397758842,0.8028545739254862,0.7762556992050739,0.8557902403495994,0.1493080844865258,0.8380958124393236,0.0050983248361252,True,,,,
MaxViT,2.5D-to-3D,RFN,Right Neural Foraminal Narrowing,right_neural_foraminal_narrowing,1,42,validation,L1/L2,nas_best_maxvit3d_3d,MaxViT 3D,951,16,,0.9628378378378378,0.4692460317460317,0.4309859154929578,0.4463183874948581,0.9628378378378378,0.0371621621621621,0.6092174747959673,0.0,True,296,284,10,2
MaxViT,2.5D-to-3D,RFN,Right Neural Foraminal Narrowing,right_neural_foraminal_narrowing,1,42,validation,L2/L3,nas_best_maxvit3d_3d,MaxViT 3D,951,16,,0.9087837837837838,0.4816176470588235,0.4723095987036507,0.4766974738139248,0.9087837837837838,0.0945945945945946,0.3934426229508196,0.0033783783783783,True,296,269,26,1
MaxViT,2.5D-to-3D,RFN,Right Neural Foraminal Narrowing,right_neural_foraminal_narrowing,1,42,validation,L3/L4,nas_best_maxvit3d_3d,MaxViT 3D,951,16,,0.777027027027027,0.4531925356523539,0.4447130450353657,0.4457562639380821,0.777027027027027,0.2263513513513513,0.4532605203983295,0.0033783783783783,True,296,219,68,9
MaxViT,2.5D-to-3D,RFN,Right Neural Foraminal Narrowing,right_neural_foraminal_narrowing,1,42,validation,L4/L5,nas_best_maxvit3d_3d,MaxViT 3D,951,16,,0.7398648648648649,0.6845860529798354,0.7153805226430925,0.6931197435987414,0.7398648648648649,0.2668918918918919,0.687493639971507,0.0067567567567567,True,296,179,91,26
MaxViT,2.5D-to-3D,RFN,Right Neural Foraminal Narrowing,right_neural_foraminal_narrowing,1,42,validation,L5/S1,nas_best_maxvit3d_3d,MaxViT 3D,951,16,,0.7297297297297297,0.6032884399551066,0.6054054054054054,0.5493004941108911,0.7297297297297297,0.3141891891891892,0.616430002613468,0.0439189189189189,True,296,195,74,27
MaxViT,2.5D-to-3D,RFN,Right Neural Foraminal Narrowing,right_neural_foraminal_narrowing,1,42,test,L1/L2,nas_best_maxvit3d_3d,MaxViT 3D,951,16,,0.9695945945945946,0.5138565138565139,0.5667665667665668,0.537004662004662,0.9695945945945946,0.0405405405405405,0.4199869366427171,0.0101351351351351,True,,,,
MaxViT,2.5D-to-3D,RFN,Right Neural Foraminal Narrowing,right_neural_foraminal_narrowing,1,42,test,L2/L3,nas_best_maxvit3d_3d,MaxViT 3D,951,16,,0.8885135135135135,0.4082164821648216,0.4186369186369186,0.4130162703379224,0.8885135135135135,0.1114864864864864,0.2970639032815199,0.0,True,,,,
MaxViT,2.5D-to-3D,RFN,Right Neural Foraminal Narrowing,right_neural_foraminal_narrowing,1,42,test,L3/L4,nas_best_maxvit3d_3d,MaxViT 3D,951,16,,0.7702702702702703,0.4339353127231915,0.435672514619883,0.4341420928207042,0.7702702702702703,0.2432432432432432,0.3235831809872028,0.0135135135135135,True,,,,
MaxViT,2.5D-to-3D,RFN,Right Neural Foraminal Narrowing,right_neural_foraminal_narrowing,1,42,test,L4/L5,nas_best_maxvit3d_3d,MaxViT 3D,951,16,,0.6891891891891891,0.588989366891035,0.6101985733564681,0.5907482035864304,0.6891891891891891,0.3310810810810811,0.5276093201404404,0.0202702702702702,True,,,,
MaxViT,2.5D-to-3D,RFN,Right Neural Foraminal Narrowing,right_neural_foraminal_narrowing,1,42,test,L5/S1,nas_best_maxvit3d_3d,MaxViT 3D,951,16,,0.7432432432432432,0.6415352449223417,0.6423056054092408,0.6045170551003308,0.7432432432432432,0.2871621621621621,0.6254545454545455,0.0304054054054054,True,,,,
MaxViT,2.5D-to-3D,RFN,Right Neural Foraminal Narrowing,right_neural_foraminal_narrowing,2,142,train,L1/L2,nas_best_maxvit3d_3d,MaxViT 3D,951,8,,0.9555717407137656,0.3185239135712551,0.3333333333333333,0.3257603972687771,0.9555717407137656,0.0524399126001456,0.0,0.0080116533139111,True,,,,
MaxViT,2.5D-to-3D,RFN,Right Neural Foraminal Narrowing,right_neural_foraminal_narrowing,2,142,train,L2/L3,nas_best_maxvit3d_3d,MaxViT 3D,951,8,,0.9293517844136926,0.5492860330209728,0.4234287959688417,0.4545313710302092,0.9293517844136926,0.0713765477057538,0.4045398953933158,0.0007283321194464,True,,,,
MaxViT,2.5D-to-3D,RFN,Right Neural Foraminal Narrowing,right_neural_foraminal_narrowing,2,142,train,L3/L4,nas_best_maxvit3d_3d,MaxViT 3D,951,8,,0.8361252731245448,0.5093920320889613,0.4733847529622177,0.4847787464673648,0.8361252731245448,0.1704297159504734,0.4878776575904513,0.0065549890750182,True,,,,
MaxViT,2.5D-to-3D,RFN,Right Neural Foraminal Narrowing,right_neural_foraminal_narrowing,2,142,train,L4/L5,nas_best_maxvit3d_3d,MaxViT 3D,951,8,,0.7465404224326293,0.7193329071325435,0.5313465597616599,0.5637637328017779,0.7465404224326293,0.2607428987618354,0.5582661362394481,0.0072833211944646,True,,,,
MaxViT,2.5D-to-3D,RFN,Right Neural Foraminal Narrowing,right_neural_foraminal_narrowing,2,142,train,L5/S1,nas_best_maxvit3d_3d,MaxViT 3D,951,8,,0.7895120174799709,0.7228499899685099,0.6318338919145371,0.6611130747448016,0.7895120174799709,0.2294246176256373,0.6768054544463293,0.0189366351056081,True,,,,
MaxViT,2.5D-to-3D,RFN,Right Neural Foraminal Narrowing,right_neural_foraminal_narrowing,2,142,validation,L1/L2,nas_best_maxvit3d_3d,MaxViT 3D,951,8,,0.9763513513513512,0.3254504504504504,0.3333333333333333,0.3293447293447293,0.9763513513513512,0.027027027027027,0.0,0.0033783783783783,True,296,289,6,1
MaxViT,2.5D-to-3D,RFN,Right Neural Foraminal Narrowing,right_neural_foraminal_narrowing,2,142,validation,L2/L3,nas_best_maxvit3d_3d,MaxViT 3D,951,8,,0.9222972972972971,0.5332550860719875,0.4309408064054904,0.4598204371688716,0.9222972972972971,0.081081081081081,0.3455782312925171,0.0033783783783783,True,296,269,26,1
MaxViT,2.5D-to-3D,RFN,Right Neural Foraminal Narrowing,right_neural_foraminal_narrowing,2,142,validation,L3/L4,nas_best_maxvit3d_3d,MaxViT 3D,951,8,,0.8108108108108109,0.4760477090529884,0.493103448275862,0.4839872239397407,0.8108108108108109,0.1925675675675675,0.4742292870905588,0.0033783783783783,True,296,232,60,4
MaxViT,2.5D-to-3D,RFN,Right Neural Foraminal Narrowing,right_neural_foraminal_narrowing,2,142,validation,L4/L5,nas_best_maxvit3d_3d,MaxViT 3D,951,8,,0.7027027027027027,0.520747380926666,0.4879567207657095,0.4898698142337765,0.7027027027027027,0.3175675675675675,0.4433721260289526,0.0202702702702702,True,296,178,100,18
MaxViT,2.5D-to-3D,RFN,Right Neural Foraminal Narrowing,right_neural_foraminal_narrowing,2,142,validation,L5/S1,nas_best_maxvit3d_3d,MaxViT 3D,951,8,,0.7736486486486487,0.6640697945845004,0.5927314971730598,0.6183851609383524,0.7736486486486487,0.2398648648648648,0.6769808818653995,0.0135135135135135,True,296,199,66,31
MaxViT,2.5D-to-3D,RFN,Right Neural Foraminal Narrowing,right_neural_foraminal_narrowing,2,142,test,L1/L2,nas_best_maxvit3d_3d,MaxViT 3D,951,8,,0.972972972972973,0.3243243243243243,0.3333333333333333,0.3287671232876712,0.972972972972973,0.0304054054054054,0.0,0.0033783783783783,True,,,,
MaxViT,2.5D-to-3D,RFN,Right Neural Foraminal Narrowing,right_neural_foraminal_narrowing,2,142,test,L2/L3,nas_best_maxvit3d_3d,MaxViT 3D,951,8,,0.9087837837837838,0.4763593380614657,0.4144028214660185,0.4336660617059891,0.9087837837837838,0.0945945945945946,0.2745098039215686,0.0033783783783783,True,,,,
MaxViT,2.5D-to-3D,RFN,Right Neural Foraminal Narrowing,right_neural_foraminal_narrowing,2,142,test,L3/L4,nas_best_maxvit3d_3d,MaxViT 3D,951,8,,0.8006756756756757,0.4892784983380043,0.4885606536769327,0.4881477221902754,0.8006756756756757,0.1993243243243243,0.5432098765432098,0.0,True,,,,
MaxViT,2.5D-to-3D,RFN,Right Neural Foraminal Narrowing,right_neural_foraminal_narrowing,2,142,test,L4/L5,nas_best_maxvit3d_3d,MaxViT 3D,951,8,,0.6891891891891891,0.6735309443642777,0.5522365463671406,0.5803266377429056,0.6891891891891891,0.3175675675675675,0.5671481437268713,0.0067567567567567,True,,,,
MaxViT,2.5D-to-3D,RFN,Right Neural Foraminal Narrowing,right_neural_foraminal_narrowing,2,142,test,L5/S1,nas_best_maxvit3d_3d,MaxViT 3D,951,8,,0.706081081081081,0.5725058784010749,0.5103185201011288,0.5235516327049509,0.706081081081081,0.3108108108108108,0.5315874394936081,0.0168918918918918,True,,,,
MaxViT,2.5D-to-3D,RFN,Right Neural Foraminal Narrowing,right_neural_foraminal_narrowing,3,242,train,L1/L2,nas_best_maxvit3d_3d,MaxViT 3D,951,13,,0.970181818181818,0.5902676399026764,0.3675213675213675,0.3890011223344556,0.970181818181818,0.0334545454545454,0.1719539735455425,0.0036363636363636,True,,,,
MaxViT,2.5D-to-3D,RFN,Right Neural Foraminal Narrowing,right_neural_foraminal_narrowing,3,242,train,L2/L3,nas_best_maxvit3d_3d,MaxViT 3D,951,13,,0.9396363636363636,0.5869349230004968,0.4202562914929751,0.4562021439509954,0.9396363636363636,0.0618181818181818,0.3724262424550121,0.0014545454545454,True,,,,
MaxViT,2.5D-to-3D,RFN,Right Neural Foraminal Narrowing,right_neural_foraminal_narrowing,3,242,train,L3/L4,nas_best_maxvit3d_3d,MaxViT 3D,951,13,,0.8865454545454545,0.5499592224183111,0.5556727725011307,0.5527353569632981,0.8865454545454545,0.1149090909090909,0.6929060257972726,0.0014545454545454,True,,,,
MaxViT,2.5D-to-3D,RFN,Right Neural Foraminal Narrowing,right_neural_foraminal_narrowing,3,242,train,L4/L5,nas_best_maxvit3d_3d,MaxViT 3D,951,13,,0.8421818181818181,0.7560079691809832,0.8097679275872108,0.776315106847961,0.8421818181818181,0.1629090909090909,0.7812707617325093,0.005090909090909,True,,,,
MaxViT,2.5D-to-3D,RFN,Right Neural Foraminal Narrowing,right_neural_foraminal_narrowing,3,242,train,L5/S1,nas_best_maxvit3d_3d,MaxViT 3D,951,13,,0.8916363636363637,0.8508647957466855,0.8519550348086208,0.8500109200051851,0.8916363636363637,0.1105454545454545,0.8693245658989146,0.0021818181818181,True,,,,
MaxViT,2.5D-to-3D,RFN,Right Neural Foraminal Narrowing,right_neural_foraminal_narrowing,3,242,validation,L1/L2,nas_best_maxvit3d_3d,MaxViT 3D,951,13,,0.9591836734693876,0.3219178082191781,0.3321554770318021,0.3269565217391304,0.9591836734693876,0.0476190476190476,0.1746724890829692,0.0068027210884353,True,294,283,8,3
MaxViT,2.5D-to-3D,RFN,Right Neural Foraminal Narrowing,right_neural_foraminal_narrowing,3,242,validation,L2/L3,nas_best_maxvit3d_3d,MaxViT 3D,951,13,,0.8979591836734694,0.4726190476190475,0.4022727272727273,0.4210115864527629,0.8979591836734694,0.1020408163265306,0.2708333333333333,0.0,True,294,264,30,0
MaxViT,2.5D-to-3D,RFN,Right Neural Foraminal Narrowing,right_neural_foraminal_narrowing,3,242,validation,L3/L4,nas_best_maxvit3d_3d,MaxViT 3D,951,13,,0.782312925170068,0.4633928571428571,0.4765038444142922,0.4698384515902764,0.782312925170068,0.2210884353741496,0.4700564971751412,0.0034013605442176,True,294,220,67,7
MaxViT,2.5D-to-3D,RFN,Right Neural Foraminal Narrowing,right_neural_foraminal_narrowing,3,242,validation,L4/L5,nas_best_maxvit3d_3d,MaxViT 3D,951,13,,0.7244897959183674,0.6893017092546936,0.6944578766387277,0.6906470596868166,0.7244897959183674,0.2755102040816326,0.6670395123178883,0.0,True,294,176,94,24
MaxViT,2.5D-to-3D,RFN,Right Neural Foraminal Narrowing,right_neural_foraminal_narrowing,3,242,validation,L5/S1,nas_best_maxvit3d_3d,MaxViT 3D,951,13,,0.7210884353741497,0.6238499247486083,0.6491682970305639,0.6345253299276288,0.7210884353741497,0.2925170068027211,0.6318145483613109,0.0136054421768707,True,294,187,82,25
MaxViT,2.5D-to-3D,RFN,Right Neural Foraminal Narrowing,right_neural_foraminal_narrowing,3,242,test,L1/L2,nas_best_maxvit3d_3d,MaxViT 3D,951,13,,0.9324324324324323,0.3129251700680272,0.3333333333333333,0.3228070175438596,0.9324324324324323,0.0743243243243243,0.2279293739967895,0.0067567567567567,True,,,,
MaxViT,2.5D-to-3D,RFN,Right Neural Foraminal Narrowing,right_neural_foraminal_narrowing,3,242,test,L2/L3,nas_best_maxvit3d_3d,MaxViT 3D,951,13,,0.8885135135135135,0.5054815620186645,0.4056478405315615,0.4253440131443828,0.8885135135135135,0.1148648648648648,0.3616868335929076,0.0033783783783783,True,,,,
MaxViT,2.5D-to-3D,RFN,Right Neural Foraminal Narrowing,right_neural_foraminal_narrowing,3,242,test,L3/L4,nas_best_maxvit3d_3d,MaxViT 3D,951,13,,0.7972972972972973,0.4826281389748882,0.4821548821548821,0.4821428571428571,0.7972972972972973,0.2027027027027027,0.4968268359020852,0.0,True,,,,
MaxViT,2.5D-to-3D,RFN,Right Neural Foraminal Narrowing,right_neural_foraminal_narrowing,3,242,test,L4/L5,nas_best_maxvit3d_3d,MaxViT 3D,951,13,,0.7162162162162162,0.6349843819723339,0.6488250800438968,0.6398836098709492,0.7162162162162162,0.2972972972972973,0.5904059040590406,0.0135135135135135,True,,,,
MaxViT,2.5D-to-3D,RFN,Right Neural Foraminal Narrowing,right_neural_foraminal_narrowing,3,242,test,L5/S1,nas_best_maxvit3d_3d,MaxViT 3D,951,13,,0.7094594594594594,0.5822333611807297,0.5775012866700978,0.5653825373940712,0.7094594594594594,0.304054054054054,0.6008695891466469,0.0135135135135135,True,,,,
MaxViT,2.5D-to-3D,RFN,Right Neural Foraminal Narrowing,right_neural_foraminal_narrowing,4,342,train,L1/L2,nas_best_maxvit3d_3d,MaxViT 3D,951,10,,0.946831755280408,0.4262675556985633,0.5515116019634091,0.4606735049752946,0.946831755280408,0.0531682447195921,0.5202311031970552,0.0,True,,,,
MaxViT,2.5D-to-3D,RFN,Right Neural Foraminal Narrowing,right_neural_foraminal_narrowing,4,342,train,L2/L3,nas_best_maxvit3d_3d,MaxViT 3D,951,10,,0.9227967953386744,0.4914417733566669,0.5389210076836125,0.5112054067649469,0.9227967953386744,0.077931536780772,0.545047742672921,0.0007283321194464,True,,,,
MaxViT,2.5D-to-3D,RFN,Right Neural Foraminal Narrowing,right_neural_foraminal_narrowing,4,342,train,L3/L4,nas_best_maxvit3d_3d,MaxViT 3D,951,10,,0.8463219227967953,0.5145005001419932,0.5517936211429362,0.530068790544652,0.8463219227967953,0.1544064093226511,0.6282569364490946,0.0007283321194464,True,,,,
MaxViT,2.5D-to-3D,RFN,Right Neural Foraminal Narrowing,right_neural_foraminal_narrowing,4,342,train,L4/L5,nas_best_maxvit3d_3d,MaxViT 3D,951,10,,0.8222869628550619,0.8096281734251346,0.7216976466338806,0.7562781261643409,0.8222869628550619,0.1842680262199563,0.7178772114592125,0.0065549890750182,True,,,,
MaxViT,2.5D-to-3D,RFN,Right Neural Foraminal Narrowing,right_neural_foraminal_narrowing,4,342,train,L5/S1,nas_best_maxvit3d_3d,MaxViT 3D,951,10,,0.8747268754552076,0.8340165373693953,0.8095326568736656,0.82035149782185,0.8747268754552076,0.13401310997815,0.8276703540196815,0.0087399854333576,True,,,,
MaxViT,2.5D-to-3D,RFN,Right Neural Foraminal Narrowing,right_neural_foraminal_narrowing,4,342,validation,L1/L2,nas_best_maxvit3d_3d,MaxViT 3D,951,10,,0.929054054054054,0.3193960511033681,0.3250591016548463,0.3222026947861746,0.929054054054054,0.0709459459459459,0.2507232401157184,0.0,True,296,282,12,2
MaxViT,2.5D-to-3D,RFN,Right Neural Foraminal Narrowing,right_neural_foraminal_narrowing,4,342,validation,L2/L3,nas_best_maxvit3d_3d,MaxViT 3D,951,10,,0.8952702702702703,0.4681947405828002,0.4640320289293555,0.4660654752145159,0.8952702702702703,0.1047297297297297,0.3982161594963274,0.0,True,296,267,29,0
MaxViT,2.5D-to-3D,RFN,Right Neural Foraminal Narrowing,right_neural_foraminal_narrowing,4,342,validation,L3/L4,nas_best_maxvit3d_3d,MaxViT 3D,951,10,,0.8006756756756757,0.4580278128950695,0.4857142857142857,0.4691034482758621,0.8006756756756757,0.1993243243243243,0.4544545795326752,0.0,True,296,238,55,3
MaxViT,2.5D-to-3D,RFN,Right Neural Foraminal Narrowing,right_neural_foraminal_narrowing,4,342,validation,L4/L5,nas_best_maxvit3d_3d,MaxViT 3D,951,10,,0.706081081081081,0.6332882578318685,0.5058531746031746,0.524267233740918,0.706081081081081,0.3074324324324324,0.4782051282051283,0.0135135135135135,True,296,192,84,20
MaxViT,2.5D-to-3D,RFN,Right Neural Foraminal Narrowing,right_neural_foraminal_narrowing,4,342,validation,L5/S1,nas_best_maxvit3d_3d,MaxViT 3D,951,10,,0.7094594594594594,0.6161413990540204,0.5796248870252665,0.5940526818389414,0.7094594594594594,0.3141891891891892,0.5856185890726398,0.0236486486486486,True,296,187,78,31
MaxViT,2.5D-to-3D,RFN,Right Neural Foraminal Narrowing,right_neural_foraminal_narrowing,4,342,test,L1/L2,nas_best_maxvit3d_3d,MaxViT 3D,951,10,,0.9222972972972971,0.4079873467773824,0.4102747909199522,0.4091269841269842,0.9222972972972971,0.081081081081081,0.2792657801086347,0.0033783783783783,True,,,,
MaxViT,2.5D-to-3D,RFN,Right Neural Foraminal Narrowing,right_neural_foraminal_narrowing,4,342,test,L2/L3,nas_best_maxvit3d_3d,MaxViT 3D,951,10,,0.8817567567567568,0.454169741697417,0.4326494910941476,0.4413504054068881,0.8817567567567568,0.1182432432432432,0.4059633027522935,0.0,True,,,,
MaxViT,2.5D-to-3D,RFN,Right Neural Foraminal Narrowing,right_neural_foraminal_narrowing,4,342,test,L3/L4,nas_best_maxvit3d_3d,MaxViT 3D,951,10,,0.7635135135135135,0.4474474474474474,0.4696243552877813,0.4580915538362347,0.7635135135135135,0.2398648648648648,0.4804270462633452,0.0033783783783783,True,,,,
MaxViT,2.5D-to-3D,RFN,Right Neural Foraminal Narrowing,right_neural_foraminal_narrowing,4,342,test,L4/L5,nas_best_maxvit3d_3d,MaxViT 3D,951,10,,0.7128378378378378,0.6423280423280423,0.5357421757674056,0.5516098070926946,0.7128378378378378,0.2972972972972973,0.5488243878709258,0.0101351351351351,True,,,,
MaxViT,2.5D-to-3D,RFN,Right Neural Foraminal Narrowing,right_neural_foraminal_narrowing,4,342,test,L5/S1,nas_best_maxvit3d_3d,MaxViT 3D,951,10,,0.7364864864864865,0.5826242083667826,0.5655273547659334,0.5730127637580834,0.7364864864864865,0.2668918918918919,0.6482187921826398,0.0033783783783783,True,,,,
MaxViT,2.5D-to-3D,RFN,Right Neural Foraminal Narrowing,right_neural_foraminal_narrowing,5,442,train,L1/L2,nas_best_maxvit3d_3d,MaxViT 3D,951,6,,0.9636627906976744,0.3212209302325581,0.3333333333333333,0.3271650629163582,0.9636627906976744,0.0428779069767441,0.0,0.0065406976744186,True,,,,
MaxViT,2.5D-to-3D,RFN,Right Neural Foraminal Narrowing,right_neural_foraminal_narrowing,5,442,train,L2/L3,nas_best_maxvit3d_3d,MaxViT 3D,951,6,,0.9287790697674418,0.5091534866916718,0.4249039090913565,0.4502687652890433,0.9287790697674418,0.0712209302325581,0.3998593642909913,0.0,True,,,,
MaxViT,2.5D-to-3D,RFN,Right Neural Foraminal Narrowing,right_neural_foraminal_narrowing,5,442,train,L3/L4,nas_best_maxvit3d_3d,MaxViT 3D,951,6,,0.8270348837209303,0.4919913593945144,0.4996366567132627,0.4957730841317447,0.8270348837209303,0.1751453488372093,0.5372919752548575,0.0021802325581395,True,,,,
MaxViT,2.5D-to-3D,RFN,Right Neural Foraminal Narrowing,right_neural_foraminal_narrowing,5,442,train,L4/L5,nas_best_maxvit3d_3d,MaxViT 3D,951,6,,0.7340116279069767,0.4693447982444355,0.5136726481066104,0.4879074273434156,0.7340116279069767,0.2681686046511627,0.5642804547696091,0.0021802325581395,True,,,,
MaxViT,2.5D-to-3D,RFN,Right Neural Foraminal Narrowing,right_neural_foraminal_narrowing,5,442,train,L5/S1,nas_best_maxvit3d_3d,MaxViT 3D,951,6,,0.7681686046511628,0.7034487001331712,0.6134477068749369,0.6349808005926527,0.7681686046511628,0.2420058139534883,0.656386446268186,0.0101744186046511,True,,,,
MaxViT,2.5D-to-3D,RFN,Right Neural Foraminal Narrowing,right_neural_foraminal_narrowing,5,442,validation,L1/L2,nas_best_maxvit3d_3d,MaxViT 3D,951,6,,0.9389830508474576,0.3129943502824858,0.3333333333333333,0.3228438228438228,0.9389830508474576,0.0711864406779661,0.0,0.0101694915254237,True,295,277,15,3
MaxViT,2.5D-to-3D,RFN,Right Neural Foraminal Narrowing,right_neural_foraminal_narrowing,5,442,validation,L2/L3,nas_best_maxvit3d_3d,MaxViT 3D,951,6,,0.8915254237288136,0.4576286597563193,0.3936386768447837,0.4079742362061103,0.8915254237288136,0.111864406779661,0.3246778729805742,0.0033898305084745,True,295,262,30,3
MaxViT,2.5D-to-3D,RFN,Right Neural Foraminal Narrowing,right_neural_foraminal_narrowing,5,442,validation,L3/L4,nas_best_maxvit3d_3d,MaxViT 3D,951,6,,0.7966101694915254,0.4715585177733065,0.4867236467236467,0.4787763657801651,0.7966101694915254,0.2033898305084746,0.4995759117896522,0.0,True,295,225,65,5
MaxViT,2.5D-to-3D,RFN,Right Neural Foraminal Narrowing,right_neural_foraminal_narrowing,5,442,validation,L4/L5,nas_best_maxvit3d_3d,MaxViT 3D,951,6,,0.7220338983050848,0.4749145338630693,0.5051978810724811,0.4845285196175404,0.7220338983050848,0.2779661016949152,0.5237626491317873,0.0,True,295,179,103,13
MaxViT,2.5D-to-3D,RFN,Right Neural Foraminal Narrowing,right_neural_foraminal_narrowing,5,442,validation,L5/S1,nas_best_maxvit3d_3d,MaxViT 3D,951,6,,0.7288135593220338,0.6859567901234568,0.6151979905437353,0.6244786672146369,0.7288135593220338,0.2745762711864407,0.6585314831601701,0.0033898305084745,True,295,188,75,32
MaxViT,2.5D-to-3D,RFN,Right Neural Foraminal Narrowing,right_neural_foraminal_narrowing,5,442,test,L1/L2,nas_best_maxvit3d_3d,MaxViT 3D,951,6,,0.9727891156462584,0.3242630385487528,0.3333333333333333,0.328735632183908,0.9727891156462584,0.0306122448979591,0.0,0.0034013605442176,True,,,,
MaxViT,2.5D-to-3D,RFN,Right Neural Foraminal Narrowing,right_neural_foraminal_narrowing,5,442,test,L2/L3,nas_best_maxvit3d_3d,MaxViT 3D,951,6,,0.9081632653061223,0.5032854864433812,0.4454545454545455,0.466295609152752,0.9081632653061223,0.0918367346938775,0.4016282225237449,0.0,True,,,,
MaxViT,2.5D-to-3D,RFN,Right Neural Foraminal Narrowing,right_neural_foraminal_narrowing,5,442,test,L3/L4,nas_best_maxvit3d_3d,MaxViT 3D,951,6,,0.7993197278911565,0.4767660488853075,0.4992458521870286,0.4873543620346689,0.7993197278911565,0.2040816326530612,0.5222519264035226,0.0034013605442176,True,,,,
MaxViT,2.5D-to-3D,RFN,Right Neural Foraminal Narrowing,right_neural_foraminal_narrowing,5,442,test,L4/L5,nas_best_maxvit3d_3d,MaxViT 3D,951,6,,0.6904761904761905,0.458890688883746,0.502280701754386,0.4720238095238095,0.6904761904761905,0.3095238095238095,0.5284641686347775,0.0,True,,,,
MaxViT,2.5D-to-3D,RFN,Right Neural Foraminal Narrowing,right_neural_foraminal_narrowing,5,442,test,L5/S1,nas_best_maxvit3d_3d,MaxViT 3D,951,6,,0.7414965986394558,0.7296268762390258,0.6272347055929145,0.6288117122118727,0.7414965986394558,0.272108843537415,0.6032753703192566,0.0136054421768707,True,,,,
MaxViT,2.5D-to-3D,RSS,Right Subarticular Stenosis,right_subarticular_stenosis,1,42,train,L1/L2,nas_best_maxvit3d_3d,MaxViT 3D,833,15,,0.9667194928684628,0.5691748178700493,0.5706500015373736,0.5698842010332299,0.9667194928684628,0.0340729001584786,0.7735700102868353,0.0007923930269413,True,,,,
MaxViT,2.5D-to-3D,RSS,Right Subarticular Stenosis,right_subarticular_stenosis,1,42,train,L2/L3,nas_best_maxvit3d_3d,MaxViT 3D,833,15,,0.9397781299524564,0.8453201263278783,0.6622569681780208,0.6964015568774325,0.9397781299524564,0.0602218700475435,0.8339726634446276,0.0,True,,,,
MaxViT,2.5D-to-3D,RSS,Right Subarticular Stenosis,right_subarticular_stenosis,1,42,train,L3/L4,nas_best_maxvit3d_3d,MaxViT 3D,833,15,,0.8581616481774961,0.8391847015035422,0.7460833099130971,0.7788768436379021,0.8581616481774961,0.1418383518225039,0.8262304363277758,0.0,True,,,,
MaxViT,2.5D-to-3D,RSS,Right Subarticular Stenosis,right_subarticular_stenosis,1,42,train,L4/L5,nas_best_maxvit3d_3d,MaxViT 3D,833,15,,0.8645007923930269,0.8616536345327283,0.8589758710501744,0.860279058358907,0.8645007923930269,0.1378763866877971,0.886676677325857,0.002377179080824,True,,,,
MaxViT,2.5D-to-3D,RSS,Right Subarticular Stenosis,right_subarticular_stenosis,1,42,train,L5/S1,nas_best_maxvit3d_3d,MaxViT 3D,833,15,,0.9183835182250396,0.906853416846962,0.7902454063386362,0.8285508445997731,0.9183835182250396,0.0824088748019017,0.8822357011435564,0.0007923930269413,True,,,,
MaxViT,2.5D-to-3D,RSS,Right Subarticular Stenosis,right_subarticular_stenosis,1,42,validation,L1/L2,nas_best_maxvit3d_3d,MaxViT 3D,833,15,,0.9393939393939394,0.5247395833333334,0.4417233560090703,0.4682808296450577,0.9393939393939394,0.0719696969696969,0.3352135374697824,0.0113636363636363,True,264,245,15,4
MaxViT,2.5D-to-3D,RSS,Right Subarticular Stenosis,right_subarticular_stenosis,1,42,validation,L2/L3,nas_best_maxvit3d_3d,MaxViT 3D,833,15,,0.8409090909090909,0.5848382559774965,0.4453955421697357,0.4663406673210595,0.8409090909090909,0.1742424242424242,0.4395785832219513,0.0151515151515151,True,264,222,31,11
MaxViT,2.5D-to-3D,RSS,Right Subarticular Stenosis,right_subarticular_stenosis,1,42,validation,L3/L4,nas_best_maxvit3d_3d,MaxViT 3D,833,15,,0.7007575757575758,0.5192710688979346,0.4563805073783691,0.4669205698564654,0.7007575757575758,0.3181818181818182,0.4847817962878379,0.0189393939393939,True,264,180,61,23
MaxViT,2.5D-to-3D,RSS,Right Subarticular Stenosis,right_subarticular_stenosis,1,42,validation,L4/L5,nas_best_maxvit3d_3d,MaxViT 3D,833,15,,0.6742424242424242,0.6600122509820646,0.6694439828256069,0.6639222107216196,0.6742424242424242,0.3598484848484848,0.6675581706338594,0.034090909090909,True,264,117,86,61
MaxViT,2.5D-to-3D,RSS,Right Subarticular Stenosis,right_subarticular_stenosis,1,42,validation,L5/S1,nas_best_maxvit3d_3d,MaxViT 3D,833,15,,0.7613636363636364,0.6959348684700798,0.5412996116320924,0.5426272655634358,0.7613636363636364,0.2537878787878788,0.5668533426671334,0.0151515151515151,True,264,187,54,23
MaxViT,2.5D-to-3D,RSS,Right Subarticular Stenosis,right_subarticular_stenosis,1,42,test,L1/L2,nas_best_maxvit3d_3d,MaxViT 3D,833,15,,0.920863309352518,0.4434676434676435,0.3677662037037037,0.3780718336483932,0.920863309352518,0.0899280575539568,0.1855981855981856,0.0107913669064748,True,,,,
MaxViT,2.5D-to-3D,RSS,Right Subarticular Stenosis,right_subarticular_stenosis,1,42,test,L2/L3,nas_best_maxvit3d_3d,MaxViT 3D,833,15,,0.8057553956834532,0.3746003639761939,0.3831202046035806,0.3772650330027379,0.8057553956834532,0.2194244604316546,0.2854205223113304,0.0251798561151079,True,,,,
MaxViT,2.5D-to-3D,RSS,Right Subarticular Stenosis,right_subarticular_stenosis,1,42,test,L3/L4,nas_best_maxvit3d_3d,MaxViT 3D,833,15,,0.7230215827338129,0.5137362637362637,0.4688186813186814,0.4749107142857142,0.7230215827338129,0.2877697841726618,0.5241431471677083,0.0107913669064748,True,,,,
MaxViT,2.5D-to-3D,RSS,Right Subarticular Stenosis,right_subarticular_stenosis,1,42,test,L4/L5,nas_best_maxvit3d_3d,MaxViT 3D,833,15,,0.6726618705035972,0.6670751633986929,0.6435763419542819,0.6500181385633494,0.6726618705035972,0.3489208633093525,0.6683739356928666,0.0215827338129496,True,,,,
MaxViT,2.5D-to-3D,RSS,Right Subarticular Stenosis,right_subarticular_stenosis,1,42,test,L5/S1,nas_best_maxvit3d_3d,MaxViT 3D,833,15,,0.737410071942446,0.597542507055827,0.5077676460655184,0.510319796229509,0.737410071942446,0.2661870503597122,0.6131394880433589,0.0035971223021582,True,,,,
MaxViT,2.5D-to-3D,RSS,Right Subarticular Stenosis,right_subarticular_stenosis,2,142,train,L1/L2,nas_best_maxvit3d_3d,MaxViT 3D,833,16,,0.9698173153296268,0.585376456268475,0.5799414799414799,0.5825314653953769,0.9698173153296268,0.0325655281969817,0.7568169582495983,0.0023828435266084,True,,,,
MaxViT,2.5D-to-3D,RSS,Right Subarticular Stenosis,right_subarticular_stenosis,2,142,train,L2/L3,nas_best_maxvit3d_3d,MaxViT 3D,833,16,,0.9054805401111994,0.8812573901791492,0.5937063767857673,0.654220109278793,0.9054805401111994,0.0984908657664813,0.7054189118872425,0.0039714058776806,True,,,,
MaxViT,2.5D-to-3D,RSS,Right Subarticular Stenosis,right_subarticular_stenosis,2,142,train,L3/L4,nas_best_maxvit3d_3d,MaxViT 3D,833,16,,0.8451151707704527,0.8114709528236502,0.7414168245339483,0.7709871377881719,0.8451151707704527,0.1564733915806195,0.8029882746964352,0.0015885623510722,True,,,,
MaxViT,2.5D-to-3D,RSS,Right Subarticular Stenosis,right_subarticular_stenosis,2,142,train,L4/L5,nas_best_maxvit3d_3d,MaxViT 3D,833,16,,0.8395552025416998,0.8319877428341208,0.8360087945720712,0.8337142295130002,0.8395552025416998,0.165210484511517,0.8626291602315932,0.0047656870532168,True,,,,
MaxViT,2.5D-to-3D,RSS,Right Subarticular Stenosis,right_subarticular_stenosis,2,142,train,L5/S1,nas_best_maxvit3d_3d,MaxViT 3D,833,16,,0.8721207307386815,0.8248268345964286,0.7318906102641293,0.7698724131748005,0.8721207307386815,0.1302621127879269,0.8227303974755046,0.0023828435266084,True,,,,
MaxViT,2.5D-to-3D,RSS,Right Subarticular Stenosis,right_subarticular_stenosis,2,142,validation,L1/L2,nas_best_maxvit3d_3d,MaxViT 3D,833,16,,0.9306569343065694,0.4119262119262119,0.4354005167958656,0.4224275855481529,0.9306569343065694,0.0693430656934306,0.5344303344661061,0.0,True,274,258,12,4
MaxViT,2.5D-to-3D,RSS,Right Subarticular Stenosis,right_subarticular_stenosis,2,142,validation,L2/L3,nas_best_maxvit3d_3d,MaxViT 3D,833,16,,0.8467153284671532,0.4398148148148148,0.3988891694016662,0.4079492423050705,0.8467153284671532,0.1751824817518248,0.1858161648177495,0.0218978102189781,True,274,233,34,7
MaxViT,2.5D-to-3D,RSS,Right Subarticular Stenosis,right_subarticular_stenosis,2,142,validation,L3/L4,nas_best_maxvit3d_3d,MaxViT 3D,833,16,,0.7043795620437956,0.614186507936508,0.5317915200268141,0.5533820526069733,0.7043795620437956,0.3211678832116788,0.508822495606327,0.0255474452554744,True,274,180,68,26
MaxViT,2.5D-to-3D,RSS,Right Subarticular Stenosis,right_subarticular_stenosis,2,142,validation,L4/L5,nas_best_maxvit3d_3d,MaxViT 3D,833,16,,0.6313868613138686,0.6194037499246398,0.6205055210489993,0.6172420061167484,0.6313868613138686,0.4051094890510949,0.6069512275245834,0.0364963503649635,True,274,138,80,56
MaxViT,2.5D-to-3D,RSS,Right Subarticular Stenosis,right_subarticular_stenosis,2,142,validation,L5/S1,nas_best_maxvit3d_3d,MaxViT 3D,833,16,,0.7773722627737226,0.6473065015479876,0.6020086728849615,0.6196939998239658,0.7773722627737226,0.22992700729927,0.6777602246796559,0.0072992700729927,True,274,194,56,24
MaxViT,2.5D-to-3D,RSS,Right Subarticular Stenosis,right_subarticular_stenosis,2,142,test,L1/L2,nas_best_maxvit3d_3d,MaxViT 3D,833,16,,0.922509225092251,0.5474386724386724,0.4126984126984127,0.4399382542801011,0.922509225092251,0.088560885608856,0.3534277079688245,0.011070110701107,True,,,,
MaxViT,2.5D-to-3D,RSS,Right Subarticular Stenosis,right_subarticular_stenosis,2,142,test,L2/L3,nas_best_maxvit3d_3d,MaxViT 3D,833,16,,0.8597785977859779,0.4227787716159809,0.3907327240660574,0.3941717791411043,0.8597785977859779,0.1697416974169741,0.2866604398403668,0.029520295202952,True,,,,
MaxViT,2.5D-to-3D,RSS,Right Subarticular Stenosis,right_subarticular_stenosis,2,142,test,L3/L4,nas_best_maxvit3d_3d,MaxViT 3D,833,16,,0.7158671586715867,0.5995074967490378,0.5322404371584699,0.5476920380387433,0.7158671586715867,0.3136531365313653,0.5221960373570742,0.029520295202952,True,,,,
MaxViT,2.5D-to-3D,RSS,Right Subarticular Stenosis,right_subarticular_stenosis,2,142,test,L4/L5,nas_best_maxvit3d_3d,MaxViT 3D,833,16,,0.6974169741697417,0.6891005234861347,0.6832199188560337,0.685615129749208,0.6974169741697417,0.3210332103321033,0.718774405443283,0.018450184501845,True,,,,
MaxViT,2.5D-to-3D,RSS,Right Subarticular Stenosis,right_subarticular_stenosis,2,142,test,L5/S1,nas_best_maxvit3d_3d,MaxViT 3D,833,16,,0.7490774907749077,0.559140826873385,0.4872351694915254,0.5046570420402196,0.7490774907749077,0.2767527675276753,0.4832787025730017,0.025830258302583,True,,,,
MaxViT,2.5D-to-3D,RSS,Right Subarticular Stenosis,right_subarticular_stenosis,3,242,train,L1/L2,nas_best_maxvit3d_3d,MaxViT 3D,833,9,,0.9444444444444444,0.4948092031425364,0.5061147733912715,0.5003713245376459,0.9444444444444444,0.0579365079365079,0.599449514703752,0.0023809523809523,True,,,,
MaxViT,2.5D-to-3D,RSS,Right Subarticular Stenosis,right_subarticular_stenosis,3,242,train,L2/L3,nas_best_maxvit3d_3d,MaxViT 3D,833,9,,0.8793650793650793,0.7045364302652516,0.5394832215573188,0.5811267042734545,0.8793650793650793,0.1269841269841269,0.6167499092684445,0.0063492063492063,True,,,,
MaxViT,2.5D-to-3D,RSS,Right Subarticular Stenosis,right_subarticular_stenosis,3,242,train,L3/L4,nas_best_maxvit3d_3d,MaxViT 3D,833,9,,0.7690476190476191,0.6758552915272703,0.6366823437634783,0.653711478890792,0.7690476190476191,0.2412698412698412,0.6867088607594937,0.0103174603174603,True,,,,
MaxViT,2.5D-to-3D,RSS,Right Subarticular Stenosis,right_subarticular_stenosis,3,242,train,L4/L5,nas_best_maxvit3d_3d,MaxViT 3D,833,9,,0.719047619047619,0.6939618248250827,0.7214689268353961,0.6969838605711697,0.719047619047619,0.3079365079365079,0.7379711921544592,0.0269841269841269,True,,,,
MaxViT,2.5D-to-3D,RSS,Right Subarticular Stenosis,right_subarticular_stenosis,3,242,train,L5/S1,nas_best_maxvit3d_3d,MaxViT 3D,833,9,,0.8087301587301587,0.6763992930659598,0.6324407266693918,0.6478359136437143,0.8087301587301587,0.2015873015873016,0.7177202550119057,0.0103174603174603,True,,,,
MaxViT,2.5D-to-3D,RSS,Right Subarticular Stenosis,right_subarticular_stenosis,3,242,validation,L1/L2,nas_best_maxvit3d_3d,MaxViT 3D,833,9,,0.9363295880149812,0.5396825396825397,0.4865990111891751,0.5077658303464755,0.9363295880149812,0.0674157303370786,0.5144571740316422,0.0037453183520599,True,267,244,21,2
MaxViT,2.5D-to-3D,RSS,Right Subarticular Stenosis,right_subarticular_stenosis,3,242,validation,L2/L3,nas_best_maxvit3d_3d,MaxViT 3D,833,9,,0.8426966292134831,0.7978799856270212,0.4957517931554123,0.5526754472832905,0.8426966292134831,0.1647940074906367,0.5003508771929824,0.0074906367041198,True,267,217,41,9
MaxViT,2.5D-to-3D,RSS,Right Subarticular Stenosis,right_subarticular_stenosis,3,242,validation,L3/L4,nas_best_maxvit3d_3d,MaxViT 3D,833,9,,0.7640449438202247,0.7043346724197788,0.6250482506930554,0.6539946876772018,0.7640449438202247,0.2584269662921348,0.5835595863901566,0.0224719101123595,True,267,177,69,21
MaxViT,2.5D-to-3D,RSS,Right Subarticular Stenosis,right_subarticular_stenosis,3,242,validation,L4/L5,nas_best_maxvit3d_3d,MaxViT 3D,833,9,,0.6629213483146067,0.6452330944732725,0.6642785769499067,0.6505716577586823,0.6629213483146067,0.3745318352059925,0.6643760998910584,0.0374531835205992,True,267,118,87,62
MaxViT,2.5D-to-3D,RSS,Right Subarticular Stenosis,right_subarticular_stenosis,3,242,validation,L5/S1,nas_best_maxvit3d_3d,MaxViT 3D,833,9,,0.7490636704119851,0.6134189775109586,0.5781631041335799,0.592325517458073,0.7490636704119851,0.2883895131086142,0.5769035989087286,0.0374531835205992,True,267,177,62,28
MaxViT,2.5D-to-3D,RSS,Right Subarticular Stenosis,right_subarticular_stenosis,3,242,test,L1/L2,nas_best_maxvit3d_3d,MaxViT 3D,833,9,,0.9422382671480144,0.5075875486381323,0.5424836601307189,0.5237190315315315,0.9422382671480144,0.0613718411552346,0.6421918553266708,0.003610108303249,True,,,,
MaxViT,2.5D-to-3D,RSS,Right Subarticular Stenosis,right_subarticular_stenosis,3,242,test,L2/L3,nas_best_maxvit3d_3d,MaxViT 3D,833,9,,0.8592057761732852,0.5639562960280092,0.4732111633399187,0.5015502838469345,0.8592057761732852,0.1624548736462094,0.4155036463924776,0.0216606498194945,True,,,,
MaxViT,2.5D-to-3D,RSS,Right Subarticular Stenosis,right_subarticular_stenosis,3,242,test,L3/L4,nas_best_maxvit3d_3d,MaxViT 3D,833,9,,0.7328519855595668,0.560059179016525,0.5192163714758733,0.5326291836541196,0.7328519855595668,0.2888086642599278,0.6021606094667167,0.0216606498194945,True,,,,
MaxViT,2.5D-to-3D,RSS,Right Subarticular Stenosis,right_subarticular_stenosis,3,242,test,L4/L5,nas_best_maxvit3d_3d,MaxViT 3D,833,9,,0.6353790613718412,0.6044827128880547,0.6215962519892826,0.6093261483886484,0.6353790613718412,0.3898916967509025,0.6766990662788919,0.0252707581227436,True,,,,
MaxViT,2.5D-to-3D,RSS,Right Subarticular Stenosis,right_subarticular_stenosis,3,242,test,L5/S1,nas_best_maxvit3d_3d,MaxViT 3D,833,9,,0.7220216606498195,0.5588803088803088,0.5426801801801803,0.5287560287560288,0.7220216606498195,0.2924187725631769,0.5471112335813355,0.0144404332129963,True,,,,
MaxViT,2.5D-to-3D,RSS,Right Subarticular Stenosis,right_subarticular_stenosis,4,342,train,L1/L2,nas_best_maxvit3d_3d,MaxViT 3D,833,15,,0.9707278481012658,0.916728822978823,0.6494031691811367,0.6838047879784387,0.9707278481012658,0.0316455696202531,0.7922523385189261,0.0023734177215189,True,,,,
MaxViT,2.5D-to-3D,RSS,Right Subarticular Stenosis,right_subarticular_stenosis,4,342,train,L2/L3,nas_best_maxvit3d_3d,MaxViT 3D,833,15,,0.9018987341772152,0.827702915681639,0.706565679448648,0.7514841353800624,0.9018987341772152,0.1020569620253164,0.729362037733059,0.0039556962025316,True,,,,
MaxViT,2.5D-to-3D,RSS,Right Subarticular Stenosis,right_subarticular_stenosis,4,342,train,L3/L4,nas_best_maxvit3d_3d,MaxViT 3D,833,15,,0.8251582278481012,0.7974809005897089,0.7336835091509375,0.7543151604309513,0.8251582278481012,0.180379746835443,0.772918061702788,0.0055379746835443,True,,,,
MaxViT,2.5D-to-3D,RSS,Right Subarticular Stenosis,right_subarticular_stenosis,4,342,train,L4/L5,nas_best_maxvit3d_3d,MaxViT 3D,833,15,,0.8322784810126582,0.8203250990511067,0.8284987222689018,0.8225537333421151,0.8322784810126582,0.1716772151898734,0.8639070655174442,0.0039556962025316,True,,,,
MaxViT,2.5D-to-3D,RSS,Right Subarticular Stenosis,right_subarticular_stenosis,4,342,train,L5/S1,nas_best_maxvit3d_3d,MaxViT 3D,833,15,,0.8900316455696202,0.7885294174085672,0.8061682734809695,0.7938722692466328,0.8900316455696202,0.1123417721518987,0.8655034919685443,0.0023734177215189,True,,,,
MaxViT,2.5D-to-3D,RSS,Right Subarticular Stenosis,right_subarticular_stenosis,4,342,validation,L1/L2,nas_best_maxvit3d_3d,MaxViT 3D,833,15,,0.9522058823529412,0.5049344014861256,0.49609375,0.5001541782300339,0.9522058823529412,0.0551470588235294,0.4917387883556254,0.0073529411764705,True,272,256,12,4
MaxViT,2.5D-to-3D,RSS,Right Subarticular Stenosis,right_subarticular_stenosis,4,342,validation,L2/L3,nas_best_maxvit3d_3d,MaxViT 3D,833,15,,0.8823529411764706,0.671405766736506,0.4627003820552207,0.508931816467458,0.8823529411764706,0.1323529411764706,0.4084033613445378,0.0147058823529411,True,272,234,31,7
MaxViT,2.5D-to-3D,RSS,Right Subarticular Stenosis,right_subarticular_stenosis,4,342,validation,L3/L4,nas_best_maxvit3d_3d,MaxViT 3D,833,15,,0.7095588235294118,0.5863544116968774,0.4717113552826579,0.492354787905337,0.7095588235294118,0.3308823529411764,0.4318113995822142,0.0404411764705882,True,272,183,62,27
MaxViT,2.5D-to-3D,RSS,Right Subarticular Stenosis,right_subarticular_stenosis,4,342,validation,L4/L5,nas_best_maxvit3d_3d,MaxViT 3D,833,15,,0.6580882352941176,0.6396629727312209,0.6584167593622544,0.6463213320806594,0.6580882352941176,0.3786764705882353,0.6467457870507243,0.0367647058823529,True,272,124,90,58
MaxViT,2.5D-to-3D,RSS,Right Subarticular Stenosis,right_subarticular_stenosis,4,342,validation,L5/S1,nas_best_maxvit3d_3d,MaxViT 3D,833,15,,0.7573529411764706,0.657430709762316,0.6637353488881587,0.6541352315545864,0.7573529411764706,0.2610294117647059,0.6658780709736123,0.0183823529411764,True,272,179,68,25
MaxViT,2.5D-to-3D,RSS,Right Subarticular Stenosis,right_subarticular_stenosis,4,342,test,L1/L2,nas_best_maxvit3d_3d,MaxViT 3D,833,15,,0.9402985074626866,0.5410628019323672,0.494579945799458,0.5137894837293634,0.9402985074626866,0.0634328358208955,0.5286930766382821,0.003731343283582,True,,,,
MaxViT,2.5D-to-3D,RSS,Right Subarticular Stenosis,right_subarticular_stenosis,4,342,test,L2/L3,nas_best_maxvit3d_3d,MaxViT 3D,833,15,,0.8395522388059702,0.5547359307359307,0.4402988158955177,0.4659887915701868,0.8395522388059702,0.1940298507462686,0.3912648452203257,0.0335820895522388,True,,,,
MaxViT,2.5D-to-3D,RSS,Right Subarticular Stenosis,right_subarticular_stenosis,4,342,test,L3/L4,nas_best_maxvit3d_3d,MaxViT 3D,833,15,,0.7425373134328358,0.6186462661948323,0.5335798231488544,0.5592569844643952,0.7425373134328358,0.291044776119403,0.5336934063145684,0.0335820895522388,True,,,,
MaxViT,2.5D-to-3D,RSS,Right Subarticular Stenosis,right_subarticular_stenosis,4,342,test,L4/L5,nas_best_maxvit3d_3d,MaxViT 3D,833,15,,0.6156716417910447,0.6041896639722727,0.6146234259919221,0.6084537226130147,0.6156716417910447,0.417910447761194,0.6166035742582974,0.0335820895522388,True,,,,
MaxViT,2.5D-to-3D,RSS,Right Subarticular Stenosis,right_subarticular_stenosis,4,342,test,L5/S1,nas_best_maxvit3d_3d,MaxViT 3D,833,15,,0.7126865671641791,0.5610477691261896,0.6598913826190906,0.592729403492324,0.7126865671641791,0.3097014925373134,0.5893018453994063,0.0223880597014925,True,,,,
MaxViT,2.5D-to-3D,RSS,Right Subarticular Stenosis,right_subarticular_stenosis,5,442,train,L1/L2,nas_best_maxvit3d_3d,MaxViT 3D,833,17,,0.9737261146496816,0.8615040032202576,0.7299398187641906,0.7504945939728548,0.9737261146496816,0.0262738853503184,0.8725994049229104,0.0,True,,,,
MaxViT,2.5D-to-3D,RSS,Right Subarticular Stenosis,right_subarticular_stenosis,5,442,train,L2/L3,nas_best_maxvit3d_3d,MaxViT 3D,833,17,,0.9522292993630572,0.9111036238394729,0.7934666016857443,0.8332352539649923,0.9522292993630572,0.0477707006369426,0.8894392150419004,0.0,True,,,,
MaxViT,2.5D-to-3D,RSS,Right Subarticular Stenosis,right_subarticular_stenosis,5,442,train,L3/L4,nas_best_maxvit3d_3d,MaxViT 3D,833,17,,0.8861464968152867,0.8729202817577049,0.7932973261640487,0.8244778650254884,0.8861464968152867,0.1146496815286624,0.8565043195192188,0.000796178343949,True,,,,
MaxViT,2.5D-to-3D,RSS,Right Subarticular Stenosis,right_subarticular_stenosis,5,442,train,L4/L5,nas_best_maxvit3d_3d,MaxViT 3D,833,17,,0.926751592356688,0.92490157390264,0.9226682920088102,0.9234989648033126,0.926751592356688,0.0740445859872611,0.9391903324248236,0.000796178343949,True,,,,
MaxViT,2.5D-to-3D,RSS,Right Subarticular Stenosis,right_subarticular_stenosis,5,442,train,L5/S1,nas_best_maxvit3d_3d,MaxViT 3D,833,17,,0.947452229299363,0.9060327106679076,0.8810119921231032,0.8929948751271123,0.947452229299363,0.054140127388535,0.926993250879969,0.001592356687898,True,,,,
MaxViT,2.5D-to-3D,RSS,Right Subarticular Stenosis,right_subarticular_stenosis,5,442,validation,L1/L2,nas_best_maxvit3d_3d,MaxViT 3D,833,17,,0.9523809523809524,0.4563904563904564,0.5625227190112686,0.4929622520793346,0.9523809523809524,0.0586080586080586,0.4263610315186246,0.0109890109890109,True,273,262,7,4
MaxViT,2.5D-to-3D,RSS,Right Subarticular Stenosis,right_subarticular_stenosis,5,442,validation,L2/L3,nas_best_maxvit3d_3d,MaxViT 3D,833,17,,0.8278388278388278,0.430869727510265,0.4446859903381643,0.4376440957086118,0.8278388278388278,0.1831501831501831,0.3642185810529819,0.0109890109890109,True,273,230,36,7
MaxViT,2.5D-to-3D,RSS,Right Subarticular Stenosis,right_subarticular_stenosis,5,442,validation,L3/L4,nas_best_maxvit3d_3d,MaxViT 3D,833,17,,0.7142857142857143,0.6462815756933403,0.5000257400257401,0.4926640926640926,0.7142857142857143,0.293040293040293,0.5451263537906137,0.0073260073260073,True,273,185,63,25
MaxViT,2.5D-to-3D,RSS,Right Subarticular Stenosis,right_subarticular_stenosis,5,442,validation,L4/L5,nas_best_maxvit3d_3d,MaxViT 3D,833,17,,0.652014652014652,0.6556971102134473,0.6333475027115036,0.6370621468926555,0.652014652014652,0.358974358974359,0.6722159366413447,0.0109890109890109,True,273,129,85,59
MaxViT,2.5D-to-3D,RSS,Right Subarticular Stenosis,right_subarticular_stenosis,5,442,validation,L5/S1,nas_best_maxvit3d_3d,MaxViT 3D,833,17,,0.7765567765567766,0.7421741323102969,0.6117208364827412,0.6424193598244231,0.7765567765567766,0.2344322344322344,0.654280338664158,0.0109890109890109,True,273,196,50,27
MaxViT,2.5D-to-3D,RSS,Right Subarticular Stenosis,right_subarticular_stenosis,5,442,test,L1/L2,nas_best_maxvit3d_3d,MaxViT 3D,833,17,,0.9345454545454546,0.467583655083655,0.4896640826873384,0.4779282183537502,0.9345454545454546,0.0727272727272727,0.3950504124656279,0.0072727272727272,True,,,,
MaxViT,2.5D-to-3D,RSS,Right Subarticular Stenosis,right_subarticular_stenosis,5,442,test,L2/L3,nas_best_maxvit3d_3d,MaxViT 3D,833,17,,0.8545454545454545,0.4754675149411991,0.4484380248572388,0.4573769806430035,0.8545454545454545,0.1563636363636363,0.4181025175972709,0.0109090909090909,True,,,,
MaxViT,2.5D-to-3D,RSS,Right Subarticular Stenosis,right_subarticular_stenosis,5,442,test,L3/L4,nas_best_maxvit3d_3d,MaxViT 3D,833,17,,0.68,0.4582835955869054,0.445311332316982,0.4309290687554395,0.68,0.3454545454545454,0.4332469889769139,0.0254545454545454,True,,,,
MaxViT,2.5D-to-3D,RSS,Right Subarticular Stenosis,right_subarticular_stenosis,5,442,test,L4/L5,nas_best_maxvit3d_3d,MaxViT 3D,833,17,,0.6545454545454545,0.6575037952721753,0.6328053259871441,0.6381310233344439,0.6545454545454545,0.3636363636363636,0.6613300492610839,0.0181818181818181,True,,,,
MaxViT,2.5D-to-3D,RSS,Right Subarticular Stenosis,right_subarticular_stenosis,5,442,test,L5/S1,nas_best_maxvit3d_3d,MaxViT 3D,833,17,,0.7272727272727273,0.624911362024764,0.5836533538146441,0.60058750880683,0.7272727272727273,0.2872727272727273,0.5930776426566885,0.0145454545454545,True,,,,
MaxViT,2.5D-to-3D,SCS,Spinal Canal Stenosis,spinal_canal_stenosis,1,42,train,L1/L2,nas_best_maxvit3d_3d,MaxViT 3D,331,19,,0.984174830444612,0.8195941898772087,0.718258975514496,0.7488156722345191,0.984174830444612,0.015825169555388,0.8766002293791265,0.0,True,,,,
MaxViT,2.5D-to-3D,SCS,Spinal Canal Stenosis,spinal_canal_stenosis,1,42,train,L2/L3,nas_best_maxvit3d_3d,MaxViT 3D,331,19,,0.9547852298417484,0.8009989078280504,0.8461969403145874,0.8218018292099717,0.9547852298417484,0.0467219291635267,0.864495886078887,0.001507159005275,True,,,,
MaxViT,2.5D-to-3D,SCS,Spinal Canal Stenosis,spinal_canal_stenosis,1,42,train,L3/L4,nas_best_maxvit3d_3d,MaxViT 3D,331,19,,0.9366993217784476,0.830343911964377,0.9004154892928797,0.8610626738337824,0.9366993217784476,0.0655614167294649,0.8938521442278001,0.0022607385079125,True,,,,
MaxViT,2.5D-to-3D,SCS,Spinal Canal Stenosis,spinal_canal_stenosis,1,42,train,L4/L5,nas_best_maxvit3d_3d,MaxViT 3D,331,19,,0.9593067068575736,0.9092166275078096,0.9360129134042304,0.9221204416568356,0.9593067068575736,0.0467219291635267,0.94169917617544,0.0060286360211002,True,,,,
MaxViT,2.5D-to-3D,SCS,Spinal Canal Stenosis,spinal_canal_stenosis,1,42,train,L5/S1,nas_best_maxvit3d_3d,MaxViT 3D,331,19,,0.9796533534287868,0.8969047287577151,0.673076923076923,0.7350040479870464,0.9796533534287868,0.0211002260738507,0.7781109612404828,0.0007535795026375,True,,,,
MaxViT,2.5D-to-3D,SCS,Spinal Canal Stenosis,spinal_canal_stenosis,1,42,validation,L1/L2,nas_best_maxvit3d_3d,MaxViT 3D,331,19,,0.9615384615384616,0.5628501400560224,0.5530586766541822,0.5576525280958778,0.9615384615384616,0.0454545454545454,0.6023229183706854,0.0069930069930069,True,286,267,15,4
MaxViT,2.5D-to-3D,SCS,Spinal Canal Stenosis,spinal_canal_stenosis,1,42,validation,L2/L3,nas_best_maxvit3d_3d,MaxViT 3D,331,19,,0.8951048951048951,0.5692835692835693,0.5227920227920227,0.5425323729025274,0.8951048951048951,0.1083916083916083,0.6463314097279472,0.0034965034965034,True,286,252,26,8
MaxViT,2.5D-to-3D,SCS,Spinal Canal Stenosis,spinal_canal_stenosis,1,42,validation,L3/L4,nas_best_maxvit3d_3d,MaxViT 3D,331,19,,0.8531468531468531,0.6748030262333243,0.6855500821018062,0.6681610340146925,0.8531468531468531,0.1538461538461538,0.7453155727060221,0.0069930069930069,True,286,232,33,21
MaxViT,2.5D-to-3D,SCS,Spinal Canal Stenosis,spinal_canal_stenosis,1,42,validation,L4/L5,nas_best_maxvit3d_3d,MaxViT 3D,331,19,,0.8251748251748252,0.7002781204909977,0.7553558460421206,0.7166641228364724,0.8251748251748252,0.1958041958041958,0.7521537442014579,0.0209790209790209,True,286,216,36,34
MaxViT,2.5D-to-3D,SCS,Spinal Canal Stenosis,spinal_canal_stenosis,1,42,validation,L5/S1,nas_best_maxvit3d_3d,MaxViT 3D,331,19,,0.958041958041958,0.3193473193473193,0.3333333333333333,0.3261904761904762,0.958041958041958,0.0524475524475524,0.0,0.0104895104895104,True,286,274,9,3
MaxViT,2.5D-to-3D,SCS,Spinal Canal Stenosis,spinal_canal_stenosis,1,42,test,L1/L2,nas_best_maxvit3d_3d,MaxViT 3D,331,19,,0.965034965034965,0.4225977129202936,0.4618705035971223,0.4390584480351087,0.965034965034965,0.0419580419580419,0.3180327868852458,0.0069930069930069,True,,,,
MaxViT,2.5D-to-3D,SCS,Spinal Canal Stenosis,spinal_canal_stenosis,1,42,test,L2/L3,nas_best_maxvit3d_3d,MaxViT 3D,331,19,,0.9055944055944056,0.4478114478114478,0.4341880341880342,0.4402688066810205,0.9055944055944056,0.1013986013986013,0.5242463958060288,0.0069930069930069,True,,,,
MaxViT,2.5D-to-3D,SCS,Spinal Canal Stenosis,spinal_canal_stenosis,1,42,test,L3/L4,nas_best_maxvit3d_3d,MaxViT 3D,331,19,,0.8531468531468531,0.6219176588050711,0.6649180884475001,0.640702934694351,0.8531468531468531,0.1608391608391608,0.6803940234261827,0.0139860139860139,True,,,,
MaxViT,2.5D-to-3D,SCS,Spinal Canal Stenosis,spinal_canal_stenosis,1,42,test,L4/L5,nas_best_maxvit3d_3d,MaxViT 3D,331,19,,0.8216783216783217,0.6669423132419818,0.693880766989777,0.6745554340341071,0.8216783216783217,0.2097902097902098,0.7340549819985217,0.0314685314685314,True,,,,
MaxViT,2.5D-to-3D,SCS,Spinal Canal Stenosis,spinal_canal_stenosis,1,42,test,L5/S1,nas_best_maxvit3d_3d,MaxViT 3D,331,19,,0.9545454545454546,0.3215547703180212,0.3309090909090909,0.3261648745519713,0.9545454545454546,0.0629370629370629,0.1086375779162956,0.0174825174825174,True,,,,
MaxViT,2.5D-to-3D,SCS,Spinal Canal Stenosis,spinal_canal_stenosis,2,142,train,L1/L2,nas_best_maxvit3d_3d,MaxViT 3D,331,20,,0.987218045112782,0.5838615465689534,0.6361019932448504,0.6075940841203705,0.987218045112782,0.012781954887218,0.8782064403529374,0.0,True,,,,
MaxViT,2.5D-to-3D,SCS,Spinal Canal Stenosis,spinal_canal_stenosis,2,142,train,L2/L3,nas_best_maxvit3d_3d,MaxViT 3D,331,20,,0.9609022556390976,0.9039445892958202,0.7634224581522808,0.8186604654315026,0.9609022556390976,0.0406015037593985,0.8478831022855002,0.0015037593984962,True,,,,
MaxViT,2.5D-to-3D,SCS,Spinal Canal Stenosis,spinal_canal_stenosis,2,142,train,L3/L4,nas_best_maxvit3d_3d,MaxViT 3D,331,20,,0.97593984962406,0.9496139488645025,0.9369557646660004,0.9418697671900604,0.97593984962406,0.025563909774436,0.9528505191667213,0.0015037593984962,True,,,,
MaxViT,2.5D-to-3D,SCS,Spinal Canal Stenosis,spinal_canal_stenosis,2,142,train,L4/L5,nas_best_maxvit3d_3d,MaxViT 3D,331,20,,0.9834586466165414,0.9715080751578544,0.9571845638022108,0.964053768983793,0.9834586466165414,0.0172932330827067,0.981214583133238,0.0007518796992481,True,,,,
MaxViT,2.5D-to-3D,SCS,Spinal Canal Stenosis,spinal_canal_stenosis,2,142,train,L5/S1,nas_best_maxvit3d_3d,MaxViT 3D,331,20,,0.9894736842105264,0.9229251396823158,0.85133183105102,0.8843885048035015,0.9894736842105264,0.0105263157894736,0.9086807258460028,0.0,True,,,,
MaxViT,2.5D-to-3D,SCS,Spinal Canal Stenosis,spinal_canal_stenosis,2,142,validation,L1/L2,nas_best_maxvit3d_3d,MaxViT 3D,331,20,,0.9583333333333334,0.5806451612903226,0.4987654320987655,0.5295530741004725,0.9583333333333334,0.0520833333333333,0.4418604651162791,0.0104166666666666,True,288,270,14,4
MaxViT,2.5D-to-3D,SCS,Spinal Canal Stenosis,spinal_canal_stenosis,2,142,validation,L2/L3,nas_best_maxvit3d_3d,MaxViT 3D,331,20,,0.8993055555555556,0.4580246913580246,0.4467633533781394,0.450853889943074,0.8993055555555556,0.1180555555555555,0.3802816901408451,0.0173611111111111,True,288,257,22,9
MaxViT,2.5D-to-3D,SCS,Spinal Canal Stenosis,spinal_canal_stenosis,2,142,validation,L3/L4,nas_best_maxvit3d_3d,MaxViT 3D,331,20,,0.8333333333333334,0.6761229314420804,0.5746438746438746,0.5953896078852691,0.8333333333333334,0.1805555555555555,0.5766573570483611,0.0138888888888888,True,288,234,39,15
MaxViT,2.5D-to-3D,SCS,Spinal Canal Stenosis,spinal_canal_stenosis,2,142,validation,L4/L5,nas_best_maxvit3d_3d,MaxViT 3D,331,20,,0.8333333333333334,0.6604535570052812,0.648148148148148,0.6527572883737267,0.8333333333333334,0.1909722222222222,0.7533512064343164,0.0243055555555555,True,288,216,36,36
MaxViT,2.5D-to-3D,SCS,Spinal Canal Stenosis,spinal_canal_stenosis,2,142,validation,L5/S1,nas_best_maxvit3d_3d,MaxViT 3D,331,20,,0.9548611111111112,0.3216374269005848,0.3321256038647343,0.326797385620915,0.9548611111111112,0.0486111111111111,0.3245382585751979,0.0034722222222222,True,288,276,9,3
MaxViT,2.5D-to-3D,SCS,Spinal Canal Stenosis,spinal_canal_stenosis,2,142,test,L1/L2,nas_best_maxvit3d_3d,MaxViT 3D,331,20,,0.9501779359430604,0.3877665544332211,0.423614799079483,0.4018415446986876,0.9501779359430604,0.0498220640569395,0.6182065217391304,0.0,True,,,,
MaxViT,2.5D-to-3D,SCS,Spinal Canal Stenosis,spinal_canal_stenosis,2,142,test,L2/L3,nas_best_maxvit3d_3d,MaxViT 3D,331,20,,0.9110320284697508,0.7041343669250645,0.5634920634920636,0.5967320261437908,0.9110320284697508,0.1067615658362989,0.5059774964838255,0.0177935943060498,True,,,,
MaxViT,2.5D-to-3D,SCS,Spinal Canal Stenosis,spinal_canal_stenosis,2,142,test,L3/L4,nas_best_maxvit3d_3d,MaxViT 3D,331,20,,0.8647686832740213,0.691017316017316,0.6333553219155584,0.6471190917321725,0.8647686832740213,0.1387900355871886,0.7289112685004353,0.0035587188612099,True,,,,
MaxViT,2.5D-to-3D,SCS,Spinal Canal Stenosis,spinal_canal_stenosis,2,142,test,L4/L5,nas_best_maxvit3d_3d,MaxViT 3D,331,20,,0.8149466192170819,0.6232617956755888,0.6611606727999256,0.6371131917671297,0.8149466192170819,0.2028469750889679,0.7692797882378892,0.0177935943060498,True,,,,
MaxViT,2.5D-to-3D,SCS,Spinal Canal Stenosis,spinal_canal_stenosis,2,142,test,L5/S1,nas_best_maxvit3d_3d,MaxViT 3D,331,20,,0.9572953736654805,0.326060606060606,0.3284493284493284,0.327250608272506,0.9572953736654805,0.0498220640569395,0.2937726891929628,0.0071174377224199,True,,,,
MaxViT,2.5D-to-3D,SCS,Spinal Canal Stenosis,spinal_canal_stenosis,3,242,train,L1/L2,nas_best_maxvit3d_3d,MaxViT 3D,331,9,,0.9588014981273408,0.4316528718334587,0.3497393797237424,0.3556726238107939,0.9588014981273408,0.0509363295880149,0.1403970243722001,0.0097378277153558,True,,,,
MaxViT,2.5D-to-3D,SCS,Spinal Canal Stenosis,spinal_canal_stenosis,3,242,train,L2/L3,nas_best_maxvit3d_3d,MaxViT 3D,331,9,,0.904119850187266,0.4604669260700389,0.4038345374472785,0.4174611853124701,0.904119850187266,0.1101123595505618,0.3611696693007074,0.0142322097378277,True,,,,
MaxViT,2.5D-to-3D,SCS,Spinal Canal Stenosis,spinal_canal_stenosis,3,242,train,L3/L4,nas_best_maxvit3d_3d,MaxViT 3D,331,9,,0.8719101123595505,0.7623039623164312,0.5518142437719237,0.610144927536232,0.8719101123595505,0.1415730337078651,0.6463001494282514,0.0134831460674157,True,,,,
MaxViT,2.5D-to-3D,SCS,Spinal Canal Stenosis,spinal_canal_stenosis,3,242,train,L4/L5,nas_best_maxvit3d_3d,MaxViT 3D,331,9,,0.8164794007490637,0.6448838778267013,0.5361892118373247,0.5690224150031012,0.8164794007490637,0.2157303370786517,0.6667325249671932,0.0322097378277153,True,,,,
MaxViT,2.5D-to-3D,SCS,Spinal Canal Stenosis,spinal_canal_stenosis,3,242,train,L5/S1,nas_best_maxvit3d_3d,MaxViT 3D,331,9,,0.9655430711610486,0.3218476903870162,0.3333333333333333,0.3274898373983739,0.9655430711610486,0.045692883895131,0.0,0.0112359550561797,True,,,,
MaxViT,2.5D-to-3D,SCS,Spinal Canal Stenosis,spinal_canal_stenosis,3,242,validation,L1/L2,nas_best_maxvit3d_3d,MaxViT 3D,331,9,,0.9293286219081272,0.3097762073027091,0.3333333333333333,0.3211233211233211,0.9293286219081272,0.0848056537102473,0.0,0.0141342756183745,True,283,263,16,4
MaxViT,2.5D-to-3D,SCS,Spinal Canal Stenosis,spinal_canal_stenosis,3,242,validation,L2/L3,nas_best_maxvit3d_3d,MaxViT 3D,331,9,,0.8763250883392226,0.4112341123411234,0.3835125448028674,0.3874973239135089,0.8763250883392226,0.1484098939929328,0.2641158989598812,0.0247349823321554,True,283,248,24,11
MaxViT,2.5D-to-3D,SCS,Spinal Canal Stenosis,spinal_canal_stenosis,3,242,validation,L3/L4,nas_best_maxvit3d_3d,MaxViT 3D,331,9,,0.8692579505300353,0.7863965744400527,0.5856554046209218,0.6477158580251364,0.8692579505300353,0.1590106007067137,0.5657434659019445,0.0282685512367491,True,283,232,33,18
MaxViT,2.5D-to-3D,SCS,Spinal Canal Stenosis,spinal_canal_stenosis,3,242,validation,L4/L5,nas_best_maxvit3d_3d,MaxViT 3D,331,9,,0.833922261484099,0.6611364831071124,0.5841380070546737,0.6108134568964062,0.833922261484099,0.1943462897526501,0.7111705262552647,0.0282685512367491,True,283,216,32,35
MaxViT,2.5D-to-3D,SCS,Spinal Canal Stenosis,spinal_canal_stenosis,3,242,validation,L5/S1,nas_best_maxvit3d_3d,MaxViT 3D,331,9,,0.9752650176678446,0.3250883392226149,0.3333333333333333,0.3291592128801431,0.9752650176678446,0.0318021201413427,0.0,0.0070671378091872,True,283,276,5,2
MaxViT,2.5D-to-3D,SCS,Spinal Canal Stenosis,spinal_canal_stenosis,3,242,test,L1/L2,nas_best_maxvit3d_3d,MaxViT 3D,331,9,,0.9644128113879004,0.3214709371293001,0.3333333333333333,0.3272946859903382,0.9644128113879004,0.0391459074733096,0.0,0.0035587188612099,True,,,,
MaxViT,2.5D-to-3D,SCS,Spinal Canal Stenosis,spinal_canal_stenosis,3,242,test,L2/L3,nas_best_maxvit3d_3d,MaxViT 3D,331,9,,0.9359430604982206,0.5361616161616162,0.4141123882503192,0.4433514246947083,0.9359430604982206,0.0782918149466192,0.1886429258902791,0.0142348754448398,True,,,,
MaxViT,2.5D-to-3D,SCS,Spinal Canal Stenosis,spinal_canal_stenosis,3,242,test,L3/L4,nas_best_maxvit3d_3d,MaxViT 3D,331,9,,0.8362989323843416,0.6358915306283728,0.4370863810518983,0.4667757832620089,0.8362989323843416,0.192170818505338,0.3988018827556696,0.0284697508896797,True,,,,
MaxViT,2.5D-to-3D,SCS,Spinal Canal Stenosis,spinal_canal_stenosis,3,242,test,L4/L5,nas_best_maxvit3d_3d,MaxViT 3D,331,9,,0.800711743772242,0.6540076085530631,0.5128588516746412,0.549437597646811,0.800711743772242,0.2526690391459075,0.5783977301424603,0.0533807829181494,True,,,,
MaxViT,2.5D-to-3D,SCS,Spinal Canal Stenosis,spinal_canal_stenosis,3,242,test,L5/S1,nas_best_maxvit3d_3d,MaxViT 3D,331,9,,0.9466192170818504,0.3155397390272835,0.3333333333333333,0.3241925655088361,0.9466192170818504,0.0604982206405693,0.0,0.0071174377224199,True,,,,
MaxViT,2.5D-to-3D,SCS,Spinal Canal Stenosis,spinal_canal_stenosis,4,342,train,L1/L2,nas_best_maxvit3d_3d,MaxViT 3D,331,11,,0.9676204819277108,0.5107559501788136,0.5488374309129026,0.5280654958262332,0.9676204819277108,0.0353915662650602,0.6059389701756657,0.003012048192771,True,,,,
MaxViT,2.5D-to-3D,SCS,Spinal Canal Stenosis,spinal_canal_stenosis,4,342,train,L2/L3,nas_best_maxvit3d_3d,MaxViT 3D,331,11,,0.927710843373494,0.8240825062578527,0.5649621671172795,0.6235112606491315,0.927710843373494,0.0813253012048192,0.5998886144828561,0.0090361445783132,True,,,,
MaxViT,2.5D-to-3D,SCS,Spinal Canal Stenosis,spinal_canal_stenosis,4,342,train,L3/L4,nas_best_maxvit3d_3d,MaxViT 3D,331,11,,0.8960843373493976,0.7556991876074987,0.7297875557982403,0.7392399386895692,0.8960843373493976,0.1099397590361445,0.7873893888393659,0.0060240963855421,True,,,,
MaxViT,2.5D-to-3D,SCS,Spinal Canal Stenosis,spinal_canal_stenosis,4,342,train,L4/L5,nas_best_maxvit3d_3d,MaxViT 3D,331,11,,0.8893072289156626,0.8022296444259286,0.748959560255419,0.7713405176223512,0.8893072289156626,0.1242469879518072,0.8401157706342227,0.0135542168674698,True,,,,
MaxViT,2.5D-to-3D,SCS,Spinal Canal Stenosis,spinal_canal_stenosis,4,342,train,L5/S1,nas_best_maxvit3d_3d,MaxViT 3D,331,11,,0.9721385542168676,0.5249873545776429,0.5146335146335147,0.5193309569509186,0.9721385542168676,0.0331325301204819,0.4841405915130733,0.0052710843373493,True,,,,
MaxViT,2.5D-to-3D,SCS,Spinal Canal Stenosis,spinal_canal_stenosis,4,342,validation,L1/L2,nas_best_maxvit3d_3d,MaxViT 3D,331,11,,0.9680851063829788,0.5200781805259417,0.5720262324739936,0.5429353233830846,0.9680851063829788,0.0319148936170212,0.7451295440851576,0.0,True,282,268,11,3
MaxViT,2.5D-to-3D,SCS,Spinal Canal Stenosis,spinal_canal_stenosis,4,342,validation,L2/L3,nas_best_maxvit3d_3d,MaxViT 3D,331,11,,0.9042553191489362,0.6441520467836256,0.5024001010568867,0.5267123710703477,0.9042553191489362,0.1063829787234042,0.5768942235558889,0.0106382978723404,True,282,254,17,11
MaxViT,2.5D-to-3D,SCS,Spinal Canal Stenosis,spinal_canal_stenosis,4,342,validation,L3/L4,nas_best_maxvit3d_3d,MaxViT 3D,331,11,,0.851063829787234,0.6537407841327322,0.6307602770983638,0.6324675324675325,0.851063829787234,0.1702127659574468,0.6275916714354888,0.0212765957446808,True,282,233,31,18
MaxViT,2.5D-to-3D,SCS,Spinal Canal Stenosis,spinal_canal_stenosis,4,342,validation,L4/L5,nas_best_maxvit3d_3d,MaxViT 3D,331,11,,0.8404255319148937,0.6623497997329774,0.6769834350479512,0.6692831530418538,0.8404255319148937,0.1914893617021276,0.7481393271807085,0.0319148936170212,True,282,217,28,37
MaxViT,2.5D-to-3D,SCS,Spinal Canal Stenosis,spinal_canal_stenosis,4,342,validation,L5/S1,nas_best_maxvit3d_3d,MaxViT 3D,331,11,,0.946808510638298,0.3167259786476868,0.332089552238806,0.3242258652094718,0.946808510638298,0.0709219858156028,-0.0085836909871244,0.0177304964539007,True,282,268,10,4
MaxViT,2.5D-to-3D,SCS,Spinal Canal Stenosis,spinal_canal_stenosis,4,342,test,L1/L2,nas_best_maxvit3d_3d,MaxViT 3D,331,11,,0.944636678200692,0.4581508515815085,0.526007326007326,0.4854113345521023,0.944636678200692,0.0657439446366782,0.4648544552255389,0.0103806228373702,True,,,,
MaxViT,2.5D-to-3D,SCS,Spinal Canal Stenosis,spinal_canal_stenosis,4,342,test,L2/L3,nas_best_maxvit3d_3d,MaxViT 3D,331,11,,0.8996539792387543,0.5866064414768264,0.4688127762153475,0.4901688182720953,0.8996539792387543,0.1107266435986159,0.4753487483279189,0.0103806228373702,True,,,,
MaxViT,2.5D-to-3D,SCS,Spinal Canal Stenosis,spinal_canal_stenosis,4,342,test,L3/L4,nas_best_maxvit3d_3d,MaxViT 3D,331,11,,0.8615916955017301,0.6980899256254226,0.685220533364754,0.6914649136871359,0.8615916955017301,0.1557093425605536,0.697082308997008,0.0173010380622837,True,,,,
MaxViT,2.5D-to-3D,SCS,Spinal Canal Stenosis,spinal_canal_stenosis,4,342,test,L4/L5,nas_best_maxvit3d_3d,MaxViT 3D,331,11,,0.8442906574394463,0.7245108896271687,0.7175602635420365,0.7208803657401788,0.8442906574394463,0.1937716262975778,0.74615436589266,0.0380622837370242,True,,,,
MaxViT,2.5D-to-3D,SCS,Spinal Canal Stenosis,spinal_canal_stenosis,4,342,test,L5/S1,nas_best_maxvit3d_3d,MaxViT 3D,331,11,,0.9515570934256056,0.453755868544601,0.4963768115942029,0.4731481481481481,0.9515570934256056,0.0657439446366782,0.3382550335570469,0.0173010380622837,True,,,,
MaxViT,2.5D-to-3D,SCS,Spinal Canal Stenosis,spinal_canal_stenosis,5,442,train,L1/L2,nas_best_maxvit3d_3d,MaxViT 3D,331,9,,0.9592760180995475,0.4677162849872773,0.3855749928305134,0.4049047495905525,0.9592760180995475,0.0467571644042232,0.3173610011088231,0.0060331825037707,True,,,,
MaxViT,2.5D-to-3D,SCS,Spinal Canal Stenosis,spinal_canal_stenosis,5,442,train,L2/L3,nas_best_maxvit3d_3d,MaxViT 3D,331,9,,0.8959276018099548,0.4246176939675392,0.3677783287875031,0.3729777696875924,0.8959276018099548,0.1191553544494721,0.2632878572751403,0.0150829562594268,True,,,,
MaxViT,2.5D-to-3D,SCS,Spinal Canal Stenosis,spinal_canal_stenosis,5,442,train,L3/L4,nas_best_maxvit3d_3d,MaxViT 3D,331,9,,0.8672699849170438,0.6910075914423741,0.5958158424363306,0.6329243115977924,0.8672699849170438,0.1417797888386123,0.7074346517465749,0.0090497737556561,True,,,,
MaxViT,2.5D-to-3D,SCS,Spinal Canal Stenosis,spinal_canal_stenosis,5,442,train,L4/L5,nas_best_maxvit3d_3d,MaxViT 3D,331,9,,0.8574660633484162,0.7149071047731231,0.6929053481620029,0.6764407264963439,0.8574660633484162,0.169683257918552,0.7944743942343321,0.0271493212669683,True,,,,
MaxViT,2.5D-to-3D,SCS,Spinal Canal Stenosis,spinal_canal_stenosis,5,442,train,L5/S1,nas_best_maxvit3d_3d,MaxViT 3D,331,9,,0.9675716440422324,0.3225238813474108,0.3333333333333333,0.3278395298326306,0.9675716440422324,0.0429864253393665,0.0,0.0105580693815987,True,,,,
MaxViT,2.5D-to-3D,SCS,Spinal Canal Stenosis,spinal_canal_stenosis,5,442,validation,L1/L2,nas_best_maxvit3d_3d,MaxViT 3D,331,9,,0.951048951048951,0.4303101688260699,0.3636363636363636,0.3737321643458828,0.951048951048951,0.0559440559440559,0.3243562485235058,0.0069930069930069,True,286,271,11,4
MaxViT,2.5D-to-3D,SCS,Spinal Canal Stenosis,spinal_canal_stenosis,5,442,validation,L2/L3,nas_best_maxvit3d_3d,MaxViT 3D,331,9,,0.902097902097902,0.4010923365762076,0.3671240357703597,0.3696900114810562,0.902097902097902,0.1188811188811188,0.2822695035460993,0.0209790209790209,True,286,257,19,10
MaxViT,2.5D-to-3D,SCS,Spinal Canal Stenosis,spinal_canal_stenosis,5,442,validation,L3/L4,nas_best_maxvit3d_3d,MaxViT 3D,331,9,,0.8391608391608392,0.5917989417989418,0.4787269912792926,0.5096228851350452,0.8391608391608392,0.1783216783216783,0.5948255840958707,0.0174825174825174,True,286,239,26,21
MaxViT,2.5D-to-3D,SCS,Spinal Canal Stenosis,spinal_canal_stenosis,5,442,validation,L4/L5,nas_best_maxvit3d_3d,MaxViT 3D,331,9,,0.8286713286713286,0.6674696944304787,0.6905667925682751,0.6717091146602338,0.8286713286713286,0.2167832167832167,0.7231547684523155,0.0454545454545454,True,286,213,35,38
MaxViT,2.5D-to-3D,SCS,Spinal Canal Stenosis,spinal_canal_stenosis,5,442,validation,L5/S1,nas_best_maxvit3d_3d,MaxViT 3D,331,9,,0.9475524475524476,0.3158508158508158,0.3333333333333333,0.3243566726511071,0.9475524475524476,0.0629370629370629,0.0,0.0104895104895104,True,286,271,12,3
MaxViT,2.5D-to-3D,SCS,Spinal Canal Stenosis,spinal_canal_stenosis,5,442,test,L1/L2,nas_best_maxvit3d_3d,MaxViT 3D,331,9,,0.9581881533101044,0.6526806526806527,0.3666666666666667,0.3867965367965367,0.9581881533101044,0.0522648083623693,0.0825087532348911,0.0104529616724738,True,,,,
MaxViT,2.5D-to-3D,SCS,Spinal Canal Stenosis,spinal_canal_stenosis,5,442,test,L2/L3,nas_best_maxvit3d_3d,MaxViT 3D,331,9,,0.9163763066202092,0.4750889679715303,0.3908797235369243,0.4067597197711107,0.9163763066202092,0.1080139372822299,0.2178889359898262,0.024390243902439,True,,,,
MaxViT,2.5D-to-3D,SCS,Spinal Canal Stenosis,spinal_canal_stenosis,5,442,test,L3/L4,nas_best_maxvit3d_3d,MaxViT 3D,331,9,,0.8292682926829268,0.5739265161575918,0.5491280212608703,0.553390129879663,0.8292682926829268,0.1846689895470383,0.5512291404988336,0.0139372822299651,True,,,,
MaxViT,2.5D-to-3D,SCS,Spinal Canal Stenosis,spinal_canal_stenosis,5,442,test,L4/L5,nas_best_maxvit3d_3d,MaxViT 3D,331,9,,0.8397212543554007,0.573091806023851,0.6470238095238096,0.588115825364441,0.8397212543554007,0.1951219512195122,0.7681892575509597,0.0348432055749128,True,,,,
MaxViT,2.5D-to-3D,SCS,Spinal Canal Stenosis,spinal_canal_stenosis,5,442,test,L5/S1,nas_best_maxvit3d_3d,MaxViT 3D,331,9,,0.9651567944250872,0.321718931475029,0.3333333333333333,0.3274231678486998,0.9651567944250872,0.0418118466898954,0.0,0.0069686411149825,True,,,,
MaxViT,2D,LFN,Left Neural Foraminal Narrowing,left_neural_foraminal_narrowing,1,42,train,L1/L2,nas_best_maxvit_2d,MaxViT 2D,834,5,,0.9724837074583637,0.5468282828282828,0.367272611302462,0.38804992838142,0.9724837074583637,0.0282404055032585,0.2209227128252404,0.000724112961622,True,,,,
MaxViT,2D,LFN,Left Neural Foraminal Narrowing,left_neural_foraminal_narrowing,1,42,train,L2/L3,nas_best_maxvit_2d,MaxViT 2D,834,5,,0.9319333816075308,0.5516956638629642,0.4580272091057251,0.4884520565719475,0.9319333816075308,0.0680666183924692,0.5188937974383301,0.0,True,,,,
MaxViT,2D,LFN,Left Neural Foraminal Narrowing,left_neural_foraminal_narrowing,1,42,train,L3/L4,nas_best_maxvit_2d,MaxViT 2D,834,5,,0.8414192614047792,0.7329580749814489,0.6180064589334031,0.6605196730720423,0.8414192614047792,0.1593048515568428,0.5790270092136158,0.000724112961622,True,,,,
MaxViT,2D,LFN,Left Neural Foraminal Narrowing,left_neural_foraminal_narrowing,1,42,train,L4/L5,nas_best_maxvit_2d,MaxViT 2D,834,5,,0.7320782041998551,0.6420201902063855,0.7225766818465266,0.6660365110422918,0.7320782041998551,0.2744388124547429,0.6809155293940994,0.0065170166545981,True,,,,
MaxViT,2D,LFN,Left Neural Foraminal Narrowing,left_neural_foraminal_narrowing,1,42,train,L5/S1,nas_best_maxvit_2d,MaxViT 2D,834,5,,0.7089065894279507,0.5909310159481211,0.6661108176048508,0.5967621603985239,0.7089065894279507,0.3120926864590876,0.6902179821638029,0.0209992758870383,True,,,,
MaxViT,2D,LFN,Left Neural Foraminal Narrowing,left_neural_foraminal_narrowing,1,42,validation,L1/L2,nas_best_maxvit_2d,MaxViT 2D,834,5,,0.9627118644067796,0.6541950113378685,0.3611111111111111,0.3782606763542639,0.9627118644067796,0.0372881355932203,0.1485174494883232,0.0,True,295,283,12,0
MaxViT,2D,LFN,Left Neural Foraminal Narrowing,left_neural_foraminal_narrowing,1,42,validation,L2/L3,nas_best_maxvit_2d,MaxViT 2D,834,5,,0.9220338983050848,0.506576364350216,0.4229353233830846,0.4467552852307843,0.9220338983050848,0.0779661016949152,0.4606089514269814,0.0,True,295,268,25,2
MaxViT,2D,LFN,Left Neural Foraminal Narrowing,left_neural_foraminal_narrowing,1,42,validation,L3/L4,nas_best_maxvit_2d,MaxViT 2D,834,5,,0.8,0.6199813258636788,0.5387129210658622,0.5605257107255964,0.8,0.2,0.5187335821927278,0.0,True,295,221,68,6
MaxViT,2D,LFN,Left Neural Foraminal Narrowing,left_neural_foraminal_narrowing,1,42,validation,L4/L5,nas_best_maxvit_2d,MaxViT 2D,834,5,,0.6813559322033899,0.5602897283889742,0.5885057149391169,0.5703703703703704,0.6813559322033899,0.3322033898305084,0.5711621273211005,0.0135593220338983,True,295,179,95,21
MaxViT,2D,LFN,Left Neural Foraminal Narrowing,left_neural_foraminal_narrowing,1,42,validation,L5/S1,nas_best_maxvit_2d,MaxViT 2D,834,5,,0.711864406779661,0.5675274692990188,0.6388515531660693,0.5777931140249981,0.711864406779661,0.3050847457627119,0.7002032520325203,0.0169491525423728,True,295,192,72,31
MaxViT,2D,LFN,Left Neural Foraminal Narrowing,left_neural_foraminal_narrowing,1,42,test,L1/L2,nas_best_maxvit_2d,MaxViT 2D,834,5,,0.9594594594594594,0.3198198198198198,0.3333333333333333,0.3264367816091953,0.9594594594594594,0.0405405405405405,0.0,0.0,True,,,,
MaxViT,2D,LFN,Left Neural Foraminal Narrowing,left_neural_foraminal_narrowing,1,42,test,L2/L3,nas_best_maxvit_2d,MaxViT 2D,834,5,,0.929054054054054,0.5196158376370391,0.4419661296984716,0.4666079122600862,0.929054054054054,0.0709459459459459,0.5470708248324104,0.0,True,,,,
MaxViT,2D,LFN,Left Neural Foraminal Narrowing,left_neural_foraminal_narrowing,1,42,test,L3/L4,nas_best_maxvit_2d,MaxViT 2D,834,5,,0.8344594594594594,0.6865546218487394,0.5792844556806864,0.6164940229111352,0.8344594594594594,0.1655405405405405,0.6344020971970155,0.0,True,,,,
MaxViT,2D,LFN,Left Neural Foraminal Narrowing,left_neural_foraminal_narrowing,1,42,test,L4/L5,nas_best_maxvit_2d,MaxViT 2D,834,5,,0.722972972972973,0.6094459995750336,0.7035586092360441,0.6342390943640437,0.722972972972973,0.2871621621621621,0.6365304690451773,0.0101351351351351,True,,,,
MaxViT,2D,LFN,Left Neural Foraminal Narrowing,left_neural_foraminal_narrowing,1,42,test,L5/S1,nas_best_maxvit_2d,MaxViT 2D,834,5,,0.7331081081081081,0.6210699674086401,0.7070175438596492,0.6381602438769186,0.7331081081081081,0.2804054054054054,0.7188778492109877,0.0135135135135135,True,,,,
MaxViT,2D,LFN,Left Neural Foraminal Narrowing,left_neural_foraminal_narrowing,2,142,train,L1/L2,nas_best_maxvit_2d,MaxViT 2D,834,3,,0.9732078204199855,0.539816072734873,0.4073375653472741,0.440009854644001,0.9732078204199855,0.0275162925416364,0.3454200734684204,0.000724112961622,True,,,,
MaxViT,2D,LFN,Left Neural Foraminal Narrowing,left_neural_foraminal_narrowing,2,142,train,L2/L3,nas_best_maxvit_2d,MaxViT 2D,834,3,,0.9304851556842868,0.5399011680143756,0.4396140562469163,0.4691348020899921,0.9304851556842868,0.0695148443157132,0.493288487998777,0.0,True,,,,
MaxViT,2D,LFN,Left Neural Foraminal Narrowing,left_neural_foraminal_narrowing,2,142,train,L3/L4,nas_best_maxvit_2d,MaxViT 2D,834,3,,0.834178131788559,0.6533053007903341,0.5904478021036762,0.6142227686746694,0.834178131788559,0.168718320057929,0.5732172235992906,0.002896451846488,True,,,,
MaxViT,2D,LFN,Left Neural Foraminal Narrowing,left_neural_foraminal_narrowing,2,142,train,L4/L5,nas_best_maxvit_2d,MaxViT 2D,834,3,,0.7407675597393193,0.6758380646353981,0.6218542500819982,0.643312214172986,0.7407675597393193,0.2614047791455467,0.6336862083844383,0.002172338884866,True,,,,
MaxViT,2D,LFN,Left Neural Foraminal Narrowing,left_neural_foraminal_narrowing,2,142,train,L5/S1,nas_best_maxvit_2d,MaxViT 2D,834,3,,0.7617668356263577,0.6651784604630471,0.6614524092465269,0.6471962056501018,0.7617668356263577,0.2519913106444605,0.7107231893133864,0.0137581462708182,True,,,,
MaxViT,2D,LFN,Left Neural Foraminal Narrowing,left_neural_foraminal_narrowing,2,142,validation,L1/L2,nas_best_maxvit_2d,MaxViT 2D,834,3,,0.9593220338983052,0.487485779294653,0.3599332548095799,0.3740079365079365,0.9593220338983052,0.0406779661016949,0.1327780499755021,0.0,True,295,283,12,0
MaxViT,2D,LFN,Left Neural Foraminal Narrowing,left_neural_foraminal_narrowing,2,142,validation,L2/L3,nas_best_maxvit_2d,MaxViT 2D,834,3,,0.9152542372881356,0.5208066581306018,0.412907268170426,0.4384459984459984,0.9152542372881356,0.0847457627118644,0.3866943866943867,0.0,True,295,266,28,1
MaxViT,2D,LFN,Left Neural Foraminal Narrowing,left_neural_foraminal_narrowing,2,142,validation,L3/L4,nas_best_maxvit_2d,MaxViT 2D,834,3,,0.8067796610169492,0.6171432333178161,0.5653167185877466,0.5728810048504865,0.8067796610169492,0.1966101694915254,0.5573893473368343,0.0033898305084745,True,295,214,75,6
MaxViT,2D,LFN,Left Neural Foraminal Narrowing,left_neural_foraminal_narrowing,2,142,validation,L4/L5,nas_best_maxvit_2d,MaxViT 2D,834,3,,0.7186440677966102,0.6446906781542835,0.6558477161280359,0.6494159714619526,0.7186440677966102,0.2847457627118644,0.6268459139848208,0.0033898305084745,True,295,178,97,20
MaxViT,2D,LFN,Left Neural Foraminal Narrowing,left_neural_foraminal_narrowing,2,142,validation,L5/S1,nas_best_maxvit_2d,MaxViT 2D,834,3,,0.7593220338983051,0.6753712862890368,0.6646387474061498,0.6635834313502954,0.7593220338983051,0.2542372881355932,0.7084251265257517,0.0135593220338983,True,295,186,76,33
MaxViT,2D,LFN,Left Neural Foraminal Narrowing,left_neural_foraminal_narrowing,2,142,test,L1/L2,nas_best_maxvit_2d,MaxViT 2D,834,3,,0.9695945945945946,0.5742009132420091,0.4230728335991494,0.4614673599075679,0.9695945945945946,0.0304054054054054,0.3878676470588235,0.0,True,,,,
MaxViT,2D,LFN,Left Neural Foraminal Narrowing,left_neural_foraminal_narrowing,2,142,test,L2/L3,nas_best_maxvit_2d,MaxViT 2D,834,3,,0.9324324324324323,0.569119404034015,0.4888334026910805,0.5180930180930181,0.9324324324324323,0.0743243243243243,0.4632445250383595,0.0067567567567567,True,,,,
MaxViT,2D,LFN,Left Neural Foraminal Narrowing,left_neural_foraminal_narrowing,2,142,test,L3/L4,nas_best_maxvit_2d,MaxViT 2D,834,3,,0.8209459459459459,0.5872992992992994,0.612052411611883,0.5678495878273903,0.8209459459459459,0.1824324324324324,0.5586089364648239,0.0033783783783783,True,,,,
MaxViT,2D,LFN,Left Neural Foraminal Narrowing,left_neural_foraminal_narrowing,2,142,test,L4/L5,nas_best_maxvit_2d,MaxViT 2D,834,3,,0.7398648648648649,0.6907299741602068,0.6349305303854053,0.6570717267872004,0.7398648648648649,0.2601351351351351,0.6697003072285665,0.0,True,,,,
MaxViT,2D,LFN,Left Neural Foraminal Narrowing,left_neural_foraminal_narrowing,2,142,test,L5/S1,nas_best_maxvit_2d,MaxViT 2D,834,3,,0.6756756756756757,0.5128015881095388,0.5147208689788229,0.4979371618528774,0.6756756756756757,0.3513513513513513,0.5764066114914017,0.027027027027027,True,,,,
MaxViT,2D,LFN,Left Neural Foraminal Narrowing,left_neural_foraminal_narrowing,3,242,train,L1/L2,nas_best_maxvit_2d,MaxViT 2D,834,3,,0.9659420289855072,0.3219806763285024,0.3333333333333333,0.3275586681410493,0.9659420289855072,0.0347826086956521,0.0,0.0007246376811594,True,,,,
MaxViT,2D,LFN,Left Neural Foraminal Narrowing,left_neural_foraminal_narrowing,3,242,train,L2/L3,nas_best_maxvit_2d,MaxViT 2D,834,3,,0.922463768115942,0.561359699444332,0.4008399837507044,0.4277732250614616,0.922463768115942,0.0789855072463768,0.3597575996452677,0.0014492753623188,True,,,,
MaxViT,2D,LFN,Left Neural Foraminal Narrowing,left_neural_foraminal_narrowing,3,242,train,L3/L4,nas_best_maxvit_2d,MaxViT 2D,834,3,,0.8376811594202899,0.5134999161495891,0.4405331448660796,0.4557637725074625,0.8376811594202899,0.1637681159420289,0.4855486832380286,0.0014492753623188,True,,,,
MaxViT,2D,LFN,Left Neural Foraminal Narrowing,left_neural_foraminal_narrowing,3,242,train,L4/L5,nas_best_maxvit_2d,MaxViT 2D,834,3,,0.7695652173913043,0.7667562481707361,0.6362641879782022,0.6786075418147738,0.7695652173913043,0.2347826086956521,0.6532149860666736,0.0043478260869565,True,,,,
MaxViT,2D,LFN,Left Neural Foraminal Narrowing,left_neural_foraminal_narrowing,3,242,train,L5/S1,nas_best_maxvit_2d,MaxViT 2D,834,3,,0.7789855072463768,0.7235009288937814,0.6266880937095989,0.6570083537455632,0.7789855072463768,0.2268115942028985,0.7063715852649006,0.0057971014492753,True,,,,
MaxViT,2D,LFN,Left Neural Foraminal Narrowing,left_neural_foraminal_narrowing,3,242,validation,L1/L2,nas_best_maxvit_2d,MaxViT 2D,834,3,,0.9763513513513512,0.3254504504504504,0.3333333333333333,0.3293447293447293,0.9763513513513512,0.027027027027027,0.0,0.0033783783783783,True,296,289,6,1
MaxViT,2D,LFN,Left Neural Foraminal Narrowing,left_neural_foraminal_narrowing,3,242,validation,L2/L3,nas_best_maxvit_2d,MaxViT 2D,834,3,,0.9222972972972971,0.5092783505154639,0.3755815819027755,0.3917132689374682,0.9222972972972971,0.081081081081081,0.259002503369921,0.0033783783783783,True,296,271,23,2
MaxViT,2D,LFN,Left Neural Foraminal Narrowing,left_neural_foraminal_narrowing,3,242,validation,L3/L4,nas_best_maxvit_2d,MaxViT 2D,834,3,,0.7871621621621622,0.5047348484848485,0.4278036175710594,0.4355777547980931,0.7871621621621622,0.2195945945945946,0.3849674777162128,0.0067567567567567,True,296,215,75,6
MaxViT,2D,LFN,Left Neural Foraminal Narrowing,left_neural_foraminal_narrowing,3,242,validation,L4/L5,nas_best_maxvit_2d,MaxViT 2D,834,3,,0.7432432432432432,0.7046374105197635,0.5963818980768133,0.6267034762288811,0.7432432432432432,0.2567567567567567,0.6351250527135304,0.0,True,296,177,99,20
MaxViT,2D,LFN,Left Neural Foraminal Narrowing,left_neural_foraminal_narrowing,3,242,validation,L5/S1,nas_best_maxvit_2d,MaxViT 2D,834,3,,0.7668918918918919,0.7026260861123247,0.5892028718703977,0.6209528158342562,0.7668918918918919,0.2466216216216216,0.6579352850539291,0.0135135135135135,True,296,194,70,32
MaxViT,2D,LFN,Left Neural Foraminal Narrowing,left_neural_foraminal_narrowing,3,242,test,L1/L2,nas_best_maxvit_2d,MaxViT 2D,834,3,,0.9628378378378378,0.3209459459459459,0.3333333333333333,0.3270223752151462,0.9628378378378378,0.0371621621621621,0.0,0.0,True,,,,
MaxViT,2D,LFN,Left Neural Foraminal Narrowing,left_neural_foraminal_narrowing,3,242,test,L2/L3,nas_best_maxvit_2d,MaxViT 2D,834,3,,0.9121621621621622,0.5058419243986254,0.369316557048899,0.3823732718894009,0.9121621621621622,0.0912162162162162,0.1484126984126984,0.0033783783783783,True,,,,
MaxViT,2D,LFN,Left Neural Foraminal Narrowing,left_neural_foraminal_narrowing,3,242,test,L3/L4,nas_best_maxvit_2d,MaxViT 2D,834,3,,0.7837837837837838,0.4442140031493644,0.4084656084656085,0.4117714025500911,0.7837837837837838,0.2229729729729729,0.3658566444267613,0.0067567567567567,True,,,,
MaxViT,2D,LFN,Left Neural Foraminal Narrowing,left_neural_foraminal_narrowing,3,242,test,L4/L5,nas_best_maxvit_2d,MaxViT 2D,834,3,,0.706081081081081,0.6635509838998211,0.586906667065504,0.6074971088777672,0.706081081081081,0.3006756756756756,0.588495575221239,0.0067567567567567,True,,,,
MaxViT,2D,LFN,Left Neural Foraminal Narrowing,left_neural_foraminal_narrowing,3,242,test,L5/S1,nas_best_maxvit_2d,MaxViT 2D,834,3,,0.7601351351351351,0.7105037106359507,0.6385695230089373,0.6648206582945538,0.7601351351351351,0.25,0.6715490457168221,0.0101351351351351,True,,,,
MaxViT,2D,LFN,Left Neural Foraminal Narrowing,left_neural_foraminal_narrowing,4,342,train,L1/L2,nas_best_maxvit_2d,MaxViT 2D,834,8,,0.9724837074583637,0.6023455888320753,0.4055472263868065,0.4437130306470886,0.9724837074583637,0.0275162925416364,0.3787380134959156,0.0,True,,,,
MaxViT,2D,LFN,Left Neural Foraminal Narrowing,left_neural_foraminal_narrowing,4,342,train,L2/L3,nas_best_maxvit_2d,MaxViT 2D,834,8,,0.9355539464156408,0.8523326105525988,0.6495869634185031,0.7005493050172596,0.9355539464156408,0.0651701665459811,0.5650542603813632,0.000724112961622,True,,,,
MaxViT,2D,LFN,Left Neural Foraminal Narrowing,left_neural_foraminal_narrowing,4,342,train,L3/L4,nas_best_maxvit_2d,MaxViT 2D,834,8,,0.8616944243301955,0.8363738251384311,0.678169021703118,0.7371046135141935,0.8616944243301955,0.1383055756698044,0.6425000101650671,0.0,True,,,,
MaxViT,2D,LFN,Left Neural Foraminal Narrowing,left_neural_foraminal_narrowing,4,342,train,L4/L5,nas_best_maxvit_2d,MaxViT 2D,834,8,,0.7892831281679942,0.7089604192164206,0.7551380599184804,0.715841746444489,0.7892831281679942,0.2136133236784938,0.7506749377198277,0.002896451846488,True,,,,
MaxViT,2D,LFN,Left Neural Foraminal Narrowing,left_neural_foraminal_narrowing,4,342,train,L5/S1,nas_best_maxvit_2d,MaxViT 2D,834,8,,0.837074583635047,0.7787276108623429,0.7783492042512661,0.7756246094880256,0.837074583635047,0.165821868211441,0.8169353932065796,0.002896451846488,True,,,,
MaxViT,2D,LFN,Left Neural Foraminal Narrowing,left_neural_foraminal_narrowing,4,342,validation,L1/L2,nas_best_maxvit_2d,MaxViT 2D,834,8,,0.9830508474576272,0.3276836158192091,0.3333333333333333,0.3304843304843305,0.9830508474576272,0.0169491525423728,0.0,0.0,True,295,290,5,0
MaxViT,2D,LFN,Left Neural Foraminal Narrowing,left_neural_foraminal_narrowing,4,342,validation,L2/L3,nas_best_maxvit_2d,MaxViT 2D,834,8,,0.9389830508474576,0.5993716931216931,0.4190643648763854,0.4559523809523809,0.9389830508474576,0.0610169491525423,0.3773452157598499,0.0,True,295,272,23,0
MaxViT,2D,LFN,Left Neural Foraminal Narrowing,left_neural_foraminal_narrowing,4,342,validation,L3/L4,nas_best_maxvit_2d,MaxViT 2D,834,8,,0.8338983050847457,0.5183089430894309,0.4692510847009998,0.4852744038672462,0.8338983050847457,0.1728813559322033,0.5220772334973047,0.0067796610169491,True,295,228,62,5
MaxViT,2D,LFN,Left Neural Foraminal Narrowing,left_neural_foraminal_narrowing,4,342,validation,L4/L5,nas_best_maxvit_2d,MaxViT 2D,834,8,,0.7152542372881356,0.6185363576324839,0.7434154855087792,0.6366856330014224,0.7152542372881356,0.2915254237288135,0.6557491831336549,0.0067796610169491,True,295,163,116,16
MaxViT,2D,LFN,Left Neural Foraminal Narrowing,left_neural_foraminal_narrowing,4,342,validation,L5/S1,nas_best_maxvit_2d,MaxViT 2D,834,8,,0.7084745762711865,0.5975596041385516,0.6498962744526549,0.6145548201477418,0.7084745762711865,0.3016949152542373,0.703824651511789,0.0101694915254237,True,295,188,73,34
MaxViT,2D,LFN,Left Neural Foraminal Narrowing,left_neural_foraminal_narrowing,4,342,test,L1/L2,nas_best_maxvit_2d,MaxViT 2D,834,8,,0.9628378378378378,0.5441789912779674,0.3888888888888889,0.4164351851851851,0.9628378378378378,0.0371621621621621,0.412274368231047,0.0,True,,,,
MaxViT,2D,LFN,Left Neural Foraminal Narrowing,left_neural_foraminal_narrowing,4,342,test,L2/L3,nas_best_maxvit_2d,MaxViT 2D,834,8,,0.9121621621621622,0.5574204946996466,0.4245484790874525,0.455044955044955,0.9121621621621622,0.0878378378378378,0.4670360110803324,0.0,True,,,,
MaxViT,2D,LFN,Left Neural Foraminal Narrowing,left_neural_foraminal_narrowing,4,342,test,L3/L4,nas_best_maxvit_2d,MaxViT 2D,834,8,,0.8277027027027027,0.7525895316804408,0.5905289905289905,0.641077538154,0.8277027027027027,0.1722972972972972,0.6207416340066325,0.0,True,,,,
MaxViT,2D,LFN,Left Neural Foraminal Narrowing,left_neural_foraminal_narrowing,4,342,test,L4/L5,nas_best_maxvit_2d,MaxViT 2D,834,8,,0.6655405405405406,0.5446296296296297,0.6552836370003311,0.5586683297825082,0.6655405405405406,0.3479729729729729,0.6094708315504207,0.0135135135135135,True,,,,
MaxViT,2D,LFN,Left Neural Foraminal Narrowing,left_neural_foraminal_narrowing,4,342,test,L5/S1,nas_best_maxvit_2d,MaxViT 2D,834,8,,0.7263513513513513,0.5989383722102616,0.6508831023016798,0.6071186424095372,0.7263513513513513,0.2871621621621621,0.6909188897871194,0.0135135135135135,True,,,,
MaxViT,2D,LFN,Left Neural Foraminal Narrowing,left_neural_foraminal_narrowing,5,442,train,L1/L2,nas_best_maxvit_2d,MaxViT 2D,834,5,,0.9725036179450072,0.6100779220779221,0.3809523809523809,0.4104199733708448,0.9725036179450072,0.0282199710564399,0.2747728145398694,0.0007235890014471,True,,,,
MaxViT,2D,LFN,Left Neural Foraminal Narrowing,left_neural_foraminal_narrowing,5,442,train,L2/L3,nas_best_maxvit_2d,MaxViT 2D,834,5,,0.9421128798842258,0.5708750015042661,0.4730758703936333,0.5058491895701197,0.9421128798842258,0.0578871201157742,0.5923333898717561,0.0,True,,,,
MaxViT,2D,LFN,Left Neural Foraminal Narrowing,left_neural_foraminal_narrowing,5,442,train,L3/L4,nas_best_maxvit_2d,MaxViT 2D,834,5,,0.8509406657018813,0.522850290736622,0.5158620063511368,0.5184995543418482,0.8509406657018813,0.1497829232995658,0.6115899855037774,0.0007235890014471,True,,,,
MaxViT,2D,LFN,Left Neural Foraminal Narrowing,left_neural_foraminal_narrowing,5,442,train,L4/L5,nas_best_maxvit_2d,MaxViT 2D,834,5,,0.7727930535455861,0.7330232934401542,0.7257649328966327,0.7284995962848719,0.7727930535455861,0.2286541244573082,0.6936903990114756,0.0014471780028943,True,,,,
MaxViT,2D,LFN,Left Neural Foraminal Narrowing,left_neural_foraminal_narrowing,5,442,train,L5/S1,nas_best_maxvit_2d,MaxViT 2D,834,5,,0.7706222865412445,0.6850439721220997,0.7216526670955329,0.7005232767946419,0.7706222865412445,0.2308248914616497,0.7575478103121452,0.0014471780028943,True,,,,
MaxViT,2D,LFN,Left Neural Foraminal Narrowing,left_neural_foraminal_narrowing,5,442,validation,L1/L2,nas_best_maxvit_2d,MaxViT 2D,834,5,,0.9695945945945946,0.3231981981981982,0.3333333333333333,0.3281875357347055,0.9695945945945946,0.0304054054054054,0.0,0.0,True,296,287,9,0
MaxViT,2D,LFN,Left Neural Foraminal Narrowing,left_neural_foraminal_narrowing,5,442,validation,L2/L3,nas_best_maxvit_2d,MaxViT 2D,834,5,,0.9222972972972971,0.5472071181413742,0.3949667616334283,0.420628467140095,0.9222972972972971,0.0777027027027027,0.2760527435133986,0.0,True,296,270,26,0
MaxViT,2D,LFN,Left Neural Foraminal Narrowing,left_neural_foraminal_narrowing,5,442,validation,L3/L4,nas_best_maxvit_2d,MaxViT 2D,834,5,,0.8175675675675675,0.4797183452785112,0.4738722115771296,0.4761835184102863,0.8175675675675675,0.1824324324324324,0.4922813036020583,0.0,True,296,231,61,4
MaxViT,2D,LFN,Left Neural Foraminal Narrowing,left_neural_foraminal_narrowing,5,442,validation,L4/L5,nas_best_maxvit_2d,MaxViT 2D,834,5,,0.7297297297297297,0.7288515406162465,0.6428759044503914,0.6699949905391778,0.7297297297297297,0.2736486486486486,0.6290166706934042,0.0033783783783783,True,296,177,95,24
MaxViT,2D,LFN,Left Neural Foraminal Narrowing,left_neural_foraminal_narrowing,5,442,validation,L5/S1,nas_best_maxvit_2d,MaxViT 2D,834,5,,0.7668918918918919,0.6874375245069614,0.6785996612083568,0.6813341167911805,0.7668918918918919,0.2331081081081081,0.7535833212682785,0.0,True,296,184,77,35
MaxViT,2D,LFN,Left Neural Foraminal Narrowing,left_neural_foraminal_narrowing,5,442,test,L1/L2,nas_best_maxvit_2d,MaxViT 2D,834,5,,0.9591836734693876,0.3197278911564625,0.3333333333333333,0.3263888888888889,0.9591836734693876,0.0408163265306122,0.0,0.0,True,,,,
MaxViT,2D,LFN,Left Neural Foraminal Narrowing,left_neural_foraminal_narrowing,5,442,test,L2/L3,nas_best_maxvit_2d,MaxViT 2D,834,5,,0.8979591836734694,0.5665513264129182,0.375,0.387797633699273,0.8979591836734694,0.1054421768707483,0.2461538461538461,0.0034013605442176,True,,,,
MaxViT,2D,LFN,Left Neural Foraminal Narrowing,left_neural_foraminal_narrowing,5,442,test,L3/L4,nas_best_maxvit_2d,MaxViT 2D,834,5,,0.8027210884353742,0.4429639499592864,0.4659574468085106,0.4537858387454458,0.8027210884353742,0.2006802721088435,0.4769903762029746,0.0034013605442176,True,,,,
MaxViT,2D,LFN,Left Neural Foraminal Narrowing,left_neural_foraminal_narrowing,5,442,test,L4/L5,nas_best_maxvit_2d,MaxViT 2D,834,5,,0.7278911564625851,0.6607984607984608,0.640858505564388,0.6480017566974089,0.7278911564625851,0.272108843537415,0.6584671681236023,0.0,True,,,,
MaxViT,2D,LFN,Left Neural Foraminal Narrowing,left_neural_foraminal_narrowing,5,442,test,L5/S1,nas_best_maxvit_2d,MaxViT 2D,834,5,,0.7448979591836735,0.6636576777884989,0.689392563900825,0.6738181932955154,0.7448979591836735,0.2619047619047619,0.6856901512551803,0.0068027210884353,True,,,,
MaxViT,2D,LSS,Left Subarticular Stenosis,left_subarticular_stenosis,1,42,train,L1/L2,nas_best_maxvit_2d,MaxViT 2D,1002,14,,0.9418326693227091,0.6790174938974776,0.5456459989906843,0.5685928750148933,0.9418326693227091,0.0613545816733067,0.5951843348575983,0.0031872509960159,True,,,,
MaxViT,2D,LSS,Left Subarticular Stenosis,left_subarticular_stenosis,1,42,train,L2/L3,nas_best_maxvit_2d,MaxViT 2D,1002,14,,0.8741035856573706,0.7707459407981286,0.6111935968325483,0.6470103534033105,0.8741035856573706,0.1306772908366534,0.6910674174589987,0.0047808764940239,True,,,,
MaxViT,2D,LSS,Left Subarticular Stenosis,left_subarticular_stenosis,1,42,train,L3/L4,nas_best_maxvit_2d,MaxViT 2D,1002,14,,0.8223107569721115,0.7947164698544481,0.722294199060603,0.7335478350293932,0.8223107569721115,0.1784860557768924,0.7953323981388475,0.0007968127490039,True,,,,
MaxViT,2D,LSS,Left Subarticular Stenosis,left_subarticular_stenosis,1,42,train,L4/L5,nas_best_maxvit_2d,MaxViT 2D,1002,14,,0.7864541832669323,0.7641016281726077,0.7841831373779325,0.7685933884170747,0.7864541832669323,0.2159362549800796,0.8331729696396736,0.0023904382470119,True,,,,
MaxViT,2D,LSS,Left Subarticular Stenosis,left_subarticular_stenosis,1,42,train,L5/S1,nas_best_maxvit_2d,MaxViT 2D,1002,14,,0.8358565737051793,0.7726374449016343,0.70720090756617,0.7177264012168121,0.8358565737051793,0.1705179282868525,0.7563633355728944,0.0063745019920318,True,,,,
MaxViT,2D,LSS,Left Subarticular Stenosis,left_subarticular_stenosis,1,42,validation,L1/L2,nas_best_maxvit_2d,MaxViT 2D,1002,14,,0.956043956043956,0.5419753086419753,0.5,0.5168782068593033,0.956043956043956,0.0512820512820512,0.51624335499114,0.0073260073260073,True,273,259,10,4
MaxViT,2D,LSS,Left Subarticular Stenosis,left_subarticular_stenosis,1,42,validation,L2/L3,nas_best_maxvit_2d,MaxViT 2D,1002,14,,0.8791208791208791,0.7846831646044244,0.5749204601076848,0.6176121176121177,0.8791208791208791,0.1428571428571428,0.6219965791545625,0.0219780219780219,True,273,227,30,16
MaxViT,2D,LSS,Left Subarticular Stenosis,left_subarticular_stenosis,1,42,validation,L3/L4,nas_best_maxvit_2d,MaxViT 2D,1002,14,,0.8278388278388278,0.7284761309151553,0.7096388216631203,0.7128701449421389,0.8278388278388278,0.1721611721611721,0.7829044210953758,0.0,True,273,193,58,22
MaxViT,2D,LSS,Left Subarticular Stenosis,left_subarticular_stenosis,1,42,validation,L4/L5,nas_best_maxvit_2d,MaxViT 2D,1002,14,,0.7362637362637363,0.7150733164153936,0.7286764705882353,0.7184057390907789,0.7362637362637363,0.2747252747252747,0.7841770854683336,0.0109890109890109,True,273,125,80,68
MaxViT,2D,LSS,Left Subarticular Stenosis,left_subarticular_stenosis,1,42,validation,L5/S1,nas_best_maxvit_2d,MaxViT 2D,1002,14,,0.7472527472527473,0.6191633145615446,0.6170434503767837,0.580009679309203,0.7472527472527473,0.271062271062271,0.5926241739501172,0.0183150183150183,True,273,189,66,18
MaxViT,2D,LSS,Left Subarticular Stenosis,left_subarticular_stenosis,1,42,test,L1/L2,nas_best_maxvit_2d,MaxViT 2D,1002,14,,0.9518518518518518,0.9837092731829572,0.6031746031746031,0.6749839434810534,0.9518518518518518,0.0518518518518518,0.5443037974683544,0.0037037037037037,True,,,,
MaxViT,2D,LSS,Left Subarticular Stenosis,left_subarticular_stenosis,1,42,test,L2/L3,nas_best_maxvit_2d,MaxViT 2D,1002,14,,0.8814814814814815,0.7545945207351233,0.6674185463659148,0.6913571660407104,0.8814814814814815,0.1259259259259259,0.6072276242247914,0.0074074074074074,True,,,,
MaxViT,2D,LSS,Left Subarticular Stenosis,left_subarticular_stenosis,1,42,test,L3/L4,nas_best_maxvit_2d,MaxViT 2D,1002,14,,0.8185185185185185,0.7138567138567139,0.6792746038029057,0.665772070705267,0.8185185185185185,0.1851851851851851,0.7593830334190231,0.0037037037037037,True,,,,
MaxViT,2D,LSS,Left Subarticular Stenosis,left_subarticular_stenosis,1,42,test,L4/L5,nas_best_maxvit_2d,MaxViT 2D,1002,14,,0.7777777777777778,0.7553760937469686,0.7732277279165714,0.7603752512843421,0.7777777777777778,0.237037037037037,0.8094117647058824,0.0148148148148148,True,,,,
MaxViT,2D,LSS,Left Subarticular Stenosis,left_subarticular_stenosis,1,42,test,L5/S1,nas_best_maxvit_2d,MaxViT 2D,1002,14,,0.7851851851851852,0.6722222222222222,0.6494773202436142,0.6434507796113057,0.7851851851851852,0.2407407407407407,0.6182755288306668,0.0259259259259259,True,,,,
MaxViT,2D,LSS,Left Subarticular Stenosis,left_subarticular_stenosis,2,142,train,L1/L2,nas_best_maxvit_2d,MaxViT 2D,1002,17,,0.950479233226837,0.8045874734292352,0.4682618810235959,0.5356833248405087,0.950479233226837,0.0503194888178913,0.5951243781094528,0.0007987220447284,True,,,,
MaxViT,2D,LSS,Left Subarticular Stenosis,left_subarticular_stenosis,2,142,train,L2/L3,nas_best_maxvit_2d,MaxViT 2D,1002,17,,0.9185303514376996,0.8733193504110054,0.7161729701673499,0.777781743623911,0.9185303514376996,0.0822683706070287,0.8103369671227659,0.0007987220447284,True,,,,
MaxViT,2D,LSS,Left Subarticular Stenosis,left_subarticular_stenosis,2,142,train,L3/L4,nas_best_maxvit_2d,MaxViT 2D,1002,17,,0.8809904153354633,0.822248199367236,0.8418610971824004,0.824049368049368,0.8809904153354633,0.1190095846645367,0.8706364022179628,0.0,True,,,,
MaxViT,2D,LSS,Left Subarticular Stenosis,left_subarticular_stenosis,2,142,train,L4/L5,nas_best_maxvit_2d,MaxViT 2D,1002,17,,0.7300319488817891,0.7219607681010398,0.7564747133806247,0.7207541261420571,0.7300319488817891,0.2779552715654952,0.7867468451922508,0.0079872204472843,True,,,,
MaxViT,2D,LSS,Left Subarticular Stenosis,left_subarticular_stenosis,2,142,train,L5/S1,nas_best_maxvit_2d,MaxViT 2D,1002,17,,0.8610223642172524,0.855203897277068,0.7252483372398973,0.7756910985446757,0.8610223642172524,0.1405750798722044,0.7903538197913585,0.0015974440894568,True,,,,
MaxViT,2D,LSS,Left Subarticular Stenosis,left_subarticular_stenosis,2,142,validation,L1/L2,nas_best_maxvit_2d,MaxViT 2D,1002,17,,0.9487179487179488,0.4851301115241635,0.3846153846153846,0.4041601431447104,0.9487179487179488,0.0549450549450549,0.4023180940115904,0.0036630036630036,True,273,257,13,3
MaxViT,2D,LSS,Left Subarticular Stenosis,left_subarticular_stenosis,2,142,validation,L2/L3,nas_best_maxvit_2d,MaxViT 2D,1002,17,,0.9047619047619048,0.7128835612929665,0.6093343793745288,0.6474402943193864,0.9047619047619048,0.0952380952380952,0.7418533604887984,0.0,True,273,233,31,9
MaxViT,2D,LSS,Left Subarticular Stenosis,left_subarticular_stenosis,2,142,validation,L3/L4,nas_best_maxvit_2d,MaxViT 2D,1002,17,,0.7655677655677655,0.6349774339136042,0.6809308338720103,0.6505228758169935,0.7655677655677655,0.2417582417582417,0.7006672723285611,0.0073260073260073,True,273,187,65,21
MaxViT,2D,LSS,Left Subarticular Stenosis,left_subarticular_stenosis,2,142,validation,L4/L5,nas_best_maxvit_2d,MaxViT 2D,1002,17,,0.6666666666666666,0.6742727860374919,0.6932398545301771,0.6617545241786941,0.6666666666666666,0.3479853479853479,0.7264395995680472,0.0146520146520146,True,273,117,93,63
MaxViT,2D,LSS,Left Subarticular Stenosis,left_subarticular_stenosis,2,142,validation,L5/S1,nas_best_maxvit_2d,MaxViT 2D,1002,17,,0.7985347985347986,0.704828176193815,0.5535796387520525,0.5980753809141941,0.7985347985347986,0.2161172161172161,0.5981677980623477,0.0146520146520146,True,273,203,50,20
MaxViT,2D,LSS,Left Subarticular Stenosis,left_subarticular_stenosis,2,142,test,L1/L2,nas_best_maxvit_2d,MaxViT 2D,1002,17,,0.912087912087912,0.6984126984126985,0.4050886625165064,0.4422679266259033,0.912087912087912,0.0915750915750915,0.4724826451012667,0.0036630036630036,True,,,,
MaxViT,2D,LSS,Left Subarticular Stenosis,left_subarticular_stenosis,2,142,test,L2/L3,nas_best_maxvit_2d,MaxViT 2D,1002,17,,0.8754578754578755,0.7937876249750356,0.6829702251270878,0.726887463203655,0.8754578754578755,0.1282051282051282,0.7662184368273659,0.0036630036630036,True,,,,
MaxViT,2D,LSS,Left Subarticular Stenosis,left_subarticular_stenosis,2,142,test,L3/L4,nas_best_maxvit_2d,MaxViT 2D,1002,17,,0.7728937728937729,0.6689773849789348,0.7050841299122365,0.6819314318640162,0.7728937728937729,0.2307692307692307,0.7556895625955145,0.0036630036630036,True,,,,
MaxViT,2D,LSS,Left Subarticular Stenosis,left_subarticular_stenosis,2,142,test,L4/L5,nas_best_maxvit_2d,MaxViT 2D,1002,17,,0.6373626373626373,0.6290382048985436,0.6487443669875046,0.6247094326180704,0.6373626373626373,0.3846153846153846,0.6991381340366412,0.0219780219780219,True,,,,
MaxViT,2D,LSS,Left Subarticular Stenosis,left_subarticular_stenosis,2,142,test,L5/S1,nas_best_maxvit_2d,MaxViT 2D,1002,17,,0.73992673992674,0.6259329900184373,0.5245395127748069,0.5542809642560266,0.73992673992674,0.2673992673992674,0.5755648434187413,0.0073260073260073,True,,,,
MaxViT,2D,LSS,Left Subarticular Stenosis,left_subarticular_stenosis,3,242,train,L1/L2,nas_best_maxvit_2d,MaxViT 2D,1002,9,,0.931691818903892,0.3113057324840764,0.3333333333333333,0.3219431864965006,0.931691818903892,0.0810166799046862,0.079035286924622,0.0127084988085782,True,,,,
MaxViT,2D,LSS,Left Subarticular Stenosis,left_subarticular_stenosis,3,242,train,L2/L3,nas_best_maxvit_2d,MaxViT 2D,1002,9,,0.8332009531374106,0.7121494991562848,0.3705251009660055,0.3695473246019246,0.8332009531374106,0.1882446386020651,0.3361665812041696,0.0214455917394757,True,,,,
MaxViT,2D,LSS,Left Subarticular Stenosis,left_subarticular_stenosis,3,242,train,L3/L4,nas_best_maxvit_2d,MaxViT 2D,1002,9,,0.7966640190627482,0.7815116546273817,0.5922039285252324,0.6424496006085965,0.7966640190627482,0.2065131056393963,0.706087620056411,0.0031771247021445,True,,,,
MaxViT,2D,LSS,Left Subarticular Stenosis,left_subarticular_stenosis,3,242,train,L4/L5,nas_best_maxvit_2d,MaxViT 2D,1002,9,,0.7339158061953932,0.7690189933145279,0.7460945502392056,0.74017530350299,0.7339158061953932,0.2668784749801429,0.7691737724836729,0.0007942811755361,True,,,,
MaxViT,2D,LSS,Left Subarticular Stenosis,left_subarticular_stenosis,3,242,train,L5/S1,nas_best_maxvit_2d,MaxViT 2D,1002,9,,0.7974583002382843,0.7816921651840777,0.5422184785538823,0.5908256452404296,0.7974583002382843,0.2081016679904686,0.6441215388585966,0.0055599682287529,True,,,,
MaxViT,2D,LSS,Left Subarticular Stenosis,left_subarticular_stenosis,3,242,validation,L1/L2,nas_best_maxvit_2d,MaxViT 2D,1002,9,,0.9365671641791044,0.313358302122347,0.3333333333333333,0.323037323037323,0.9365671641791044,0.0820895522388059,0.1068527390127056,0.0186567164179104,True,268,251,11,6
MaxViT,2D,LSS,Left Subarticular Stenosis,left_subarticular_stenosis,3,242,validation,L2/L3,nas_best_maxvit_2d,MaxViT 2D,1002,9,,0.8432835820895522,0.7822477650063857,0.4619883040935672,0.5040835144569584,0.8432835820895522,0.1716417910447761,0.3707826086956521,0.0149253731343283,True,268,221,38,9
MaxViT,2D,LSS,Left Subarticular Stenosis,left_subarticular_stenosis,3,242,validation,L3/L4,nas_best_maxvit_2d,MaxViT 2D,1002,9,,0.8097014925373134,0.8108108108108109,0.5888769874114828,0.6459673931845701,0.8097014925373134,0.1940298507462686,0.6995390939666986,0.003731343283582,True,268,188,57,23
MaxViT,2D,LSS,Left Subarticular Stenosis,left_subarticular_stenosis,3,242,validation,L4/L5,nas_best_maxvit_2d,MaxViT 2D,1002,9,,0.7126865671641791,0.7302604802604803,0.7170391605666732,0.7175428661016244,0.7126865671641791,0.291044776119403,0.74501082276825,0.003731343283582,True,268,114,93,61
MaxViT,2D,LSS,Left Subarticular Stenosis,left_subarticular_stenosis,3,242,validation,L5/S1,nas_best_maxvit_2d,MaxViT 2D,1002,9,,0.8134328358208955,0.7610389610389611,0.5704651102779897,0.6190981997011086,0.8134328358208955,0.2014925373134328,0.5935420743639921,0.0149253731343283,True,268,197,54,17
MaxViT,2D,LSS,Left Subarticular Stenosis,left_subarticular_stenosis,3,242,test,L1/L2,nas_best_maxvit_2d,MaxViT 2D,1002,9,,0.948339483394834,0.3161131611316113,0.3333333333333333,0.3244949494949495,0.948339483394834,0.055350553505535,0.0,0.003690036900369,True,,,,
MaxViT,2D,LSS,Left Subarticular Stenosis,left_subarticular_stenosis,3,242,test,L2/L3,nas_best_maxvit_2d,MaxViT 2D,1002,9,,0.8450184501845018,0.3721374045801527,0.3523809523809524,0.3404828712290547,0.8450184501845018,0.1660516605166051,0.3551532683245463,0.011070110701107,True,,,,
MaxViT,2D,LSS,Left Subarticular Stenosis,left_subarticular_stenosis,3,242,test,L3/L4,nas_best_maxvit_2d,MaxViT 2D,1002,9,,0.7712177121771218,0.7108017377567141,0.5739084007240431,0.6115159694107062,0.7712177121771218,0.2361623616236162,0.6655171162014013,0.007380073800738,True,,,,
MaxViT,2D,LSS,Left Subarticular Stenosis,left_subarticular_stenosis,3,242,test,L4/L5,nas_best_maxvit_2d,MaxViT 2D,1002,9,,0.6900369003690037,0.7200018433816838,0.7093470377052467,0.6948208149239076,0.6900369003690037,0.3173431734317343,0.7384338202174892,0.007380073800738,True,,,,
MaxViT,2D,LSS,Left Subarticular Stenosis,left_subarticular_stenosis,3,242,test,L5/S1,nas_best_maxvit_2d,MaxViT 2D,1002,9,,0.8081180811808119,0.7765567765567766,0.5800415988424671,0.6331738437001595,0.8081180811808119,0.2066420664206642,0.6204647905816447,0.014760147601476,True,,,,
MaxViT,2D,LSS,Left Subarticular Stenosis,left_subarticular_stenosis,4,342,train,L1/L2,nas_best_maxvit_2d,MaxViT 2D,1002,9,,0.9413164155432197,0.7699691380525383,0.41005291005291,0.455405431919647,0.9413164155432197,0.0650277557494052,0.3690879758209443,0.0063441712926249,True,,,,
MaxViT,2D,LSS,Left Subarticular Stenosis,left_subarticular_stenosis,4,342,train,L2/L3,nas_best_maxvit_2d,MaxViT 2D,1002,9,,0.8794607454401269,0.7707093410051246,0.5848266813179094,0.6451011714478797,0.8794607454401269,0.1245043616177636,0.6842229169946843,0.0039651070578905,True,,,,
MaxViT,2D,LSS,Left Subarticular Stenosis,left_subarticular_stenosis,4,342,train,L3/L4,nas_best_maxvit_2d,MaxViT 2D,1002,9,,0.8358445678033307,0.7798548386946479,0.7479204956065976,0.7556944766360615,0.8358445678033307,0.1641554321966693,0.8119964131761757,0.0,True,,,,
MaxViT,2D,LSS,Left Subarticular Stenosis,left_subarticular_stenosis,4,342,train,L4/L5,nas_best_maxvit_2d,MaxViT 2D,1002,9,,0.7398889770023791,0.709882049004969,0.7376851815232097,0.7123268931584176,0.7398889770023791,0.2664551942902458,0.8007716489912727,0.0063441712926249,True,,,,
MaxViT,2D,LSS,Left Subarticular Stenosis,left_subarticular_stenosis,4,342,train,L5/S1,nas_best_maxvit_2d,MaxViT 2D,1002,9,,0.8334655035685964,0.7923955624968354,0.6476296703078619,0.695889943466792,0.8334655035685964,0.1712926249008723,0.7170575592243558,0.0047581284694686,True,,,,
MaxViT,2D,LSS,Left Subarticular Stenosis,left_subarticular_stenosis,4,342,validation,L1/L2,nas_best_maxvit_2d,MaxViT 2D,1002,9,,0.9301470588235294,0.4233787691036761,0.3576568359177055,0.3635057471264368,0.9301470588235294,0.088235294117647,0.1381174277726001,0.0183823529411764,True,272,253,13,6
MaxViT,2D,LSS,Left Subarticular Stenosis,left_subarticular_stenosis,4,342,validation,L2/L3,nas_best_maxvit_2d,MaxViT 2D,1002,9,,0.8713235294117647,0.8217687074829931,0.6021290348644609,0.6721190686707929,0.8713235294117647,0.1323529411764706,0.6701346779855748,0.0036764705882352,True,272,223,37,12
MaxViT,2D,LSS,Left Subarticular Stenosis,left_subarticular_stenosis,4,342,validation,L3/L4,nas_best_maxvit_2d,MaxViT 2D,1002,9,,0.8198529411764706,0.7024730059212817,0.6995127748068924,0.6958794292127625,0.8198529411764706,0.1801470588235294,0.7938501515807709,0.0,True,272,187,60,25
MaxViT,2D,LSS,Left Subarticular Stenosis,left_subarticular_stenosis,4,342,validation,L4/L5,nas_best_maxvit_2d,MaxViT 2D,1002,9,,0.6911764705882353,0.673256343156218,0.7133486199627438,0.6730149173857782,0.6911764705882353,0.3125,0.7660180351210252,0.0036764705882352,True,272,118,97,57
MaxViT,2D,LSS,Left Subarticular Stenosis,left_subarticular_stenosis,4,342,validation,L5/S1,nas_best_maxvit_2d,MaxViT 2D,1002,9,,0.8088235294117647,0.7551461988304093,0.684669634566176,0.7106567720602808,0.8088235294117647,0.1985294117647058,0.7029113781025197,0.0073529411764705,True,272,199,51,22
MaxViT,2D,LSS,Left Subarticular Stenosis,left_subarticular_stenosis,4,342,test,L1/L2,nas_best_maxvit_2d,MaxViT 2D,1002,9,,0.939622641509434,0.6464646464646465,0.3555555555555555,0.3645833333333333,0.939622641509434,0.0679245283018867,0.0778234735843087,0.0075471698113207,True,,,,
MaxViT,2D,LSS,Left Subarticular Stenosis,left_subarticular_stenosis,4,342,test,L2/L3,nas_best_maxvit_2d,MaxViT 2D,1002,9,,0.8867924528301887,0.8045267489711935,0.5400641025641025,0.604214015929433,0.8867924528301887,0.120754716981132,0.6518502299102256,0.0075471698113207,True,,,,
MaxViT,2D,LSS,Left Subarticular Stenosis,left_subarticular_stenosis,4,342,test,L3/L4,nas_best_maxvit_2d,MaxViT 2D,1002,9,,0.7886792452830189,0.7113779789641859,0.6920787836465211,0.6878888512667687,0.7886792452830189,0.2150943396226415,0.7294655062031734,0.0037735849056603,True,,,,
MaxViT,2D,LSS,Left Subarticular Stenosis,left_subarticular_stenosis,4,342,test,L4/L5,nas_best_maxvit_2d,MaxViT 2D,1002,9,,0.7433962264150943,0.7081339712918661,0.7288395852520542,0.709712188969155,0.7433962264150943,0.2716981132075471,0.7922220479849459,0.0150943396226415,True,,,,
MaxViT,2D,LSS,Left Subarticular Stenosis,left_subarticular_stenosis,4,342,test,L5/S1,nas_best_maxvit_2d,MaxViT 2D,1002,9,,0.8037735849056604,0.7234988008507172,0.592741293871613,0.625830648028381,0.8037735849056604,0.2037735849056604,0.6962570649381448,0.0075471698113207,True,,,,
MaxViT,2D,LSS,Left Subarticular Stenosis,left_subarticular_stenosis,5,442,train,L1/L2,nas_best_maxvit_2d,MaxViT 2D,1002,13,,0.9372019077901432,0.7025046629363176,0.3571428571428571,0.3679236352227655,0.9372019077901432,0.0723370429252782,0.1999491223607226,0.0095389507154213,True,,,,
MaxViT,2D,LSS,Left Subarticular Stenosis,left_subarticular_stenosis,5,442,train,L2/L3,nas_best_maxvit_2d,MaxViT 2D,1002,13,,0.8775834658187599,0.791445623342175,0.5355350605770068,0.6010753861235824,0.8775834658187599,0.1271860095389507,0.6470695695858969,0.0047694753577106,True,,,,
MaxViT,2D,LSS,Left Subarticular Stenosis,left_subarticular_stenosis,5,442,train,L3/L4,nas_best_maxvit_2d,MaxViT 2D,1002,13,,0.863275039745628,0.8402718257117495,0.7555029101225469,0.7899995573469982,0.863275039745628,0.136724960254372,0.8320124715849099,0.0,True,,,,
MaxViT,2D,LSS,Left Subarticular Stenosis,left_subarticular_stenosis,5,442,train,L4/L5,nas_best_maxvit_2d,MaxViT 2D,1002,13,,0.6915739268680445,0.7142823776888263,0.7249271135435947,0.6973441641641546,0.6915739268680445,0.3131955484896661,0.7497675266303268,0.0047694753577106,True,,,,
MaxViT,2D,LSS,Left Subarticular Stenosis,left_subarticular_stenosis,5,442,train,L5/S1,nas_best_maxvit_2d,MaxViT 2D,1002,13,,0.8314785373608903,0.8234556102972029,0.6133295505293755,0.672391916852054,0.8314785373608903,0.1748807631160572,0.7096790596702587,0.0063593004769475,True,,,,
MaxViT,2D,LSS,Left Subarticular Stenosis,left_subarticular_stenosis,5,442,validation,L1/L2,nas_best_maxvit_2d,MaxViT 2D,1002,13,,0.937037037037037,0.3135068153655514,0.3333333333333333,0.3231162196679438,0.937037037037037,0.0629629629629629,0.1853035143769967,0.0,True,270,253,16,1
MaxViT,2D,LSS,Left Subarticular Stenosis,left_subarticular_stenosis,5,442,validation,L2/L3,nas_best_maxvit_2d,MaxViT 2D,1002,13,,0.8666666666666667,0.8204081632653061,0.5495495495495495,0.6182238250873436,0.8666666666666667,0.1444444444444444,0.5837615621788284,0.0111111111111111,True,270,222,36,12
MaxViT,2D,LSS,Left Subarticular Stenosis,left_subarticular_stenosis,5,442,validation,L3/L4,nas_best_maxvit_2d,MaxViT 2D,1002,13,,0.7925925925925926,0.7297329264542379,0.6933333333333334,0.7095591211952353,0.7925925925925926,0.2074074074074074,0.75,0.0,True,270,175,70,25
MaxViT,2D,LSS,Left Subarticular Stenosis,left_subarticular_stenosis,5,442,validation,L4/L5,nas_best_maxvit_2d,MaxViT 2D,1002,13,,0.6518518518518519,0.6725482537512613,0.6851414198492507,0.6504955080952626,0.6518518518518519,0.3777777777777777,0.6774193548387097,0.0296296296296296,True,270,122,89,59
MaxViT,2D,LSS,Left Subarticular Stenosis,left_subarticular_stenosis,5,442,validation,L5/S1,nas_best_maxvit_2d,MaxViT 2D,1002,13,,0.774074074074074,0.5996816021971879,0.5006232598236232,0.5242882573181119,0.774074074074074,0.237037037037037,0.5330796976135184,0.0111111111111111,True,270,186,71,13
MaxViT,2D,LSS,Left Subarticular Stenosis,left_subarticular_stenosis,5,442,test,L1/L2,nas_best_maxvit_2d,MaxViT 2D,1002,13,,0.9407407407407408,0.8700918964076859,0.4365079365079365,0.4958843756716097,0.9407407407407408,0.0777777777777777,0.3266291230893001,0.0185185185185185,True,,,,
MaxViT,2D,LSS,Left Subarticular Stenosis,left_subarticular_stenosis,5,442,test,L2/L3,nas_best_maxvit_2d,MaxViT 2D,1002,13,,0.8518518518518519,0.7344804318488528,0.5052752293577982,0.5589712046655732,0.8518518518518519,0.1592592592592592,0.5553539019963702,0.0111111111111111,True,,,,
MaxViT,2D,LSS,Left Subarticular Stenosis,left_subarticular_stenosis,5,442,test,L3/L4,nas_best_maxvit_2d,MaxViT 2D,1002,13,,0.7851851851851852,0.674864024864025,0.6708787614164627,0.6689759268146727,0.7851851851851852,0.2148148148148148,0.7138680796638042,0.0,True,,,,
MaxViT,2D,LSS,Left Subarticular Stenosis,left_subarticular_stenosis,5,442,test,L4/L5,nas_best_maxvit_2d,MaxViT 2D,1002,13,,0.662962962962963,0.6615511210741775,0.6807998652084674,0.6550430828483877,0.662962962962963,0.3444444444444444,0.7417618174288587,0.0074074074074074,True,,,,
MaxViT,2D,LSS,Left Subarticular Stenosis,left_subarticular_stenosis,5,442,test,L5/S1,nas_best_maxvit_2d,MaxViT 2D,1002,13,,0.8074074074074075,0.7321608239255298,0.5814228073111322,0.6287726404349903,0.8074074074074075,0.2,0.6685854567002455,0.0074074074074074,True,,,,
MaxViT,2D,RFN,Right Neural Foraminal Narrowing,right_neural_foraminal_narrowing,1,42,train,L1/L2,nas_best_maxvit_2d,MaxViT 2D,572,29,,0.9701383831026948,0.7817695822146861,0.5517780817703354,0.624978780637495,0.9701383831026948,0.0298616168973051,0.6351693789331104,0.0,True,,,,
MaxViT,2D,RFN,Right Neural Foraminal Narrowing,right_neural_foraminal_narrowing,1,42,train,L2/L3,nas_best_maxvit_2d,MaxViT 2D,572,29,,0.9366351056081572,0.9245552198724404,0.5273781512605042,0.6154692945112107,0.9366351056081572,0.0633648943918426,0.5105490245891228,0.0,True,,,,
MaxViT,2D,RFN,Right Neural Foraminal Narrowing,right_neural_foraminal_narrowing,1,42,train,L3/L4,nas_best_maxvit_2d,MaxViT 2D,572,29,,0.8827385287691187,0.8621468854494165,0.7446359587204657,0.7878369461945806,0.8827385287691187,0.1172614712308812,0.691931516490255,0.0,True,,,,
MaxViT,2D,RFN,Right Neural Foraminal Narrowing,right_neural_foraminal_narrowing,1,42,train,L4/L5,nas_best_maxvit_2d,MaxViT 2D,572,29,,0.8514202476329206,0.8094727005404714,0.8111904449566788,0.8077649395686824,0.8514202476329206,0.1507647487254187,0.7929199554470133,0.0021849963583394,True,,,,
MaxViT,2D,RFN,Right Neural Foraminal Narrowing,right_neural_foraminal_narrowing,1,42,train,L5/S1,nas_best_maxvit_2d,MaxViT 2D,572,29,,0.8485069191551348,0.8249810748488753,0.7689801383725712,0.7906000493779451,0.8485069191551348,0.1587764020393299,0.8011774541144574,0.0072833211944646,True,,,,
MaxViT,2D,RFN,Right Neural Foraminal Narrowing,right_neural_foraminal_narrowing,1,42,validation,L1/L2,nas_best_maxvit_2d,MaxViT 2D,572,29,,0.9594594594594594,0.3209039548022599,0.3333333333333333,0.3270005757052389,0.9594594594594594,0.0439189189189189,0.2065761258041457,0.0033783783783783,True,296,284,10,2
MaxViT,2D,RFN,Right Neural Foraminal Narrowing,right_neural_foraminal_narrowing,1,42,validation,L2/L3,nas_best_maxvit_2d,MaxViT 2D,572,29,,0.9324324324324323,0.6030092592592592,0.4230769230769231,0.4592177984299644,0.9324324324324323,0.0675675675675675,0.4518518518518518,0.0,True,296,269,26,1
MaxViT,2D,RFN,Right Neural Foraminal Narrowing,right_neural_foraminal_narrowing,1,42,validation,L3/L4,nas_best_maxvit_2d,MaxViT 2D,572,29,,0.7972972972972973,0.7566077713136536,0.6415599725430506,0.686202285436421,0.7972972972972973,0.2094594594594594,0.5378501135503406,0.0067567567567567,True,296,219,68,9
MaxViT,2D,RFN,Right Neural Foraminal Narrowing,right_neural_foraminal_narrowing,1,42,validation,L4/L5,nas_best_maxvit_2d,MaxViT 2D,572,29,,0.75,0.6915561915561915,0.7518877770274418,0.71271746618007,0.75,0.2567567567567567,0.7081371558163039,0.0067567567567567,True,296,179,91,26
MaxViT,2D,RFN,Right Neural Foraminal Narrowing,right_neural_foraminal_narrowing,1,42,validation,L5/S1,nas_best_maxvit_2d,MaxViT 2D,572,29,,0.7432432432432432,0.5891462239063955,0.5814224480891147,0.5756255044390638,0.7432432432432432,0.2702702702702703,0.6626605884790717,0.0135135135135135,True,296,195,74,27
MaxViT,2D,RFN,Right Neural Foraminal Narrowing,right_neural_foraminal_narrowing,1,42,test,L1/L2,nas_best_maxvit_2d,MaxViT 2D,572,29,,0.9695945945945946,0.4364808494501327,0.3809523809523809,0.3959700633275763,0.9695945945945946,0.0337837837837837,0.4479328566987877,0.0033783783783783,True,,,,
MaxViT,2D,RFN,Right Neural Foraminal Narrowing,right_neural_foraminal_narrowing,1,42,test,L2/L3,nas_best_maxvit_2d,MaxViT 2D,572,29,,0.9222972972972971,0.4649654439128123,0.4029859029859029,0.4212012599109373,0.9222972972972971,0.0777027027027027,0.3468917881811204,0.0,True,,,,
MaxViT,2D,RFN,Right Neural Foraminal Narrowing,right_neural_foraminal_narrowing,1,42,test,L3/L4,nas_best_maxvit_2d,MaxViT 2D,572,29,,0.8141891891891891,0.6438095238095238,0.5309941520467837,0.5678343861952032,0.8141891891891891,0.1891891891891892,0.5334782608695653,0.0033783783783783,True,,,,
MaxViT,2D,RFN,Right Neural Foraminal Narrowing,right_neural_foraminal_narrowing,1,42,test,L4/L5,nas_best_maxvit_2d,MaxViT 2D,572,29,,0.7668918918918919,0.6834897220452313,0.7397146712936187,0.7062532603025561,0.7668918918918919,0.2364864864864864,0.6976077641249752,0.0033783783783783,True,,,,
MaxViT,2D,RFN,Right Neural Foraminal Narrowing,right_neural_foraminal_narrowing,1,42,test,L5/S1,nas_best_maxvit_2d,MaxViT 2D,572,29,,0.7736486486486487,0.6931957162486757,0.6729134493648873,0.6777141410119186,0.7736486486486487,0.2398648648648648,0.6823861784200804,0.0135135135135135,True,,,,
MaxViT,2D,RFN,Right Neural Foraminal Narrowing,right_neural_foraminal_narrowing,2,142,train,L1/L2,nas_best_maxvit_2d,MaxViT 2D,572,8,,0.9577567370721048,0.6122829542675471,0.3833822985957132,0.4124937818653578,0.9577567370721048,0.0466132556445739,0.3010944260626114,0.0043699927166788,True,,,,
MaxViT,2D,RFN,Right Neural Foraminal Narrowing,right_neural_foraminal_narrowing,2,142,train,L2/L3,nas_best_maxvit_2d,MaxViT 2D,572,8,,0.9198834668608884,0.5367078113485629,0.3646857591937683,0.375652821347928,0.9198834668608884,0.0808448652585579,0.2160034361656434,0.0007283321194464,True,,,,
MaxViT,2D,RFN,Right Neural Foraminal Narrowing,right_neural_foraminal_narrowing,2,142,train,L3/L4,nas_best_maxvit_2d,MaxViT 2D,572,8,,0.8324836125273124,0.7766171138827577,0.4962497205454951,0.5443322449770938,0.8324836125273124,0.1711580480699198,0.4961362230400638,0.0036416605972323,True,,,,
MaxViT,2D,RFN,Right Neural Foraminal Narrowing,right_neural_foraminal_narrowing,2,142,train,L4/L5,nas_best_maxvit_2d,MaxViT 2D,572,8,,0.7749453750910416,0.7350744129069252,0.6193920180289997,0.6568409367648945,0.7749453750910416,0.2279679533867443,0.648623739839991,0.0029133284777858,True,,,,
MaxViT,2D,RFN,Right Neural Foraminal Narrowing,right_neural_foraminal_narrowing,2,142,train,L5/S1,nas_best_maxvit_2d,MaxViT 2D,572,8,,0.763292061179898,0.6845807435177416,0.5852582693634639,0.6165769462706489,0.763292061179898,0.2505462490895848,0.6461803320934136,0.0138383102694828,True,,,,
MaxViT,2D,RFN,Right Neural Foraminal Narrowing,right_neural_foraminal_narrowing,2,142,validation,L1/L2,nas_best_maxvit_2d,MaxViT 2D,572,8,,0.9864864864864864,0.8299086757990867,0.7777777777777777,0.720501051826353,0.9864864864864864,0.0135135135135135,0.7967032967032968,0.0,True,296,289,6,1
MaxViT,2D,RFN,Right Neural Foraminal Narrowing,right_neural_foraminal_narrowing,2,142,validation,L2/L3,nas_best_maxvit_2d,MaxViT 2D,572,8,,0.9222972972972971,0.5758620689655173,0.3846153846153846,0.4068324773501068,0.9222972972972971,0.0777027027027027,0.3895265423242466,0.0,True,296,269,26,1
MaxViT,2D,RFN,Right Neural Foraminal Narrowing,right_neural_foraminal_narrowing,2,142,validation,L3/L4,nas_best_maxvit_2d,MaxViT 2D,572,8,,0.8209459459459459,0.4825235260226617,0.4479885057471264,0.4588273642179032,0.8209459459459459,0.179054054054054,0.4765082754938601,0.0,True,296,232,60,4
MaxViT,2D,RFN,Right Neural Foraminal Narrowing,right_neural_foraminal_narrowing,2,142,validation,L4/L5,nas_best_maxvit_2d,MaxViT 2D,572,8,,0.7466216216216216,0.6638580752055928,0.6180191427382439,0.6364688871591476,0.7466216216216216,0.2567567567567567,0.624512099921936,0.0033783783783783,True,296,178,100,18
MaxViT,2D,RFN,Right Neural Foraminal Narrowing,right_neural_foraminal_narrowing,2,142,validation,L5/S1,nas_best_maxvit_2d,MaxViT 2D,572,8,,0.7263513513513513,0.566417600664176,0.4966597405404343,0.5075947444368497,0.7263513513513513,0.2837837837837837,0.598020280057943,0.0101351351351351,True,296,199,66,31
MaxViT,2D,RFN,Right Neural Foraminal Narrowing,right_neural_foraminal_narrowing,2,142,test,L1/L2,nas_best_maxvit_2d,MaxViT 2D,572,8,,0.9763513513513512,0.6598639455782312,0.3809523809523809,0.4132302405498282,0.9763513513513512,0.027027027027027,0.3677915420760359,0.0033783783783783,True,,,,
MaxViT,2D,RFN,Right Neural Foraminal Narrowing,right_neural_foraminal_narrowing,2,142,test,L2/L3,nas_best_maxvit_2d,MaxViT 2D,572,8,,0.9155405405405406,0.5080459770114942,0.3705557144218854,0.384134495162252,0.9155405405405406,0.0844594594594594,0.3364418938307029,0.0,True,,,,
MaxViT,2D,RFN,Right Neural Foraminal Narrowing,right_neural_foraminal_narrowing,2,142,test,L3/L4,nas_best_maxvit_2d,MaxViT 2D,572,8,,0.793918918918919,0.8244990717623711,0.4901709017988087,0.5340981428262415,0.793918918918919,0.206081081081081,0.49766303138215,0.0,True,,,,
MaxViT,2D,RFN,Right Neural Foraminal Narrowing,right_neural_foraminal_narrowing,2,142,test,L4/L5,nas_best_maxvit_2d,MaxViT 2D,572,8,,0.7466216216216216,0.7753142031510619,0.611303264274651,0.6515478563735936,0.7466216216216216,0.2635135135135135,0.6292054402290622,0.0101351351351351,True,,,,
MaxViT,2D,RFN,Right Neural Foraminal Narrowing,right_neural_foraminal_narrowing,2,142,test,L5/S1,nas_best_maxvit_2d,MaxViT 2D,572,8,,0.7364864864864865,0.612446652938192,0.5249857565074957,0.5440255564017941,0.7364864864864865,0.277027027027027,0.5633932083387964,0.0135135135135135,True,,,,
MaxViT,2D,RFN,Right Neural Foraminal Narrowing,right_neural_foraminal_narrowing,3,242,train,L1/L2,nas_best_maxvit_2d,MaxViT 2D,572,15,,0.9716363636363636,0.5247863247863248,0.3846153846153846,0.4106369820655535,0.9716363636363636,0.0298181818181818,0.3772331538422827,0.0014545454545454,True,,,,
MaxViT,2D,RFN,Right Neural Foraminal Narrowing,right_neural_foraminal_narrowing,3,242,train,L2/L3,nas_best_maxvit_2d,MaxViT 2D,572,15,,0.9323636363636364,0.5779411764705883,0.3725490196078431,0.3903025576029378,0.9323636363636364,0.0676363636363636,0.2656559565854079,0.0,True,,,,
MaxViT,2D,RFN,Right Neural Foraminal Narrowing,right_neural_foraminal_narrowing,3,242,train,L3/L4,nas_best_maxvit_2d,MaxViT 2D,572,15,,0.8487272727272728,0.7912633021756182,0.5128836337791561,0.5624133403981572,0.8487272727272728,0.1512727272727272,0.5726393554325606,0.0,True,,,,
MaxViT,2D,RFN,Right Neural Foraminal Narrowing,right_neural_foraminal_narrowing,3,242,train,L4/L5,nas_best_maxvit_2d,MaxViT 2D,572,15,,0.8036363636363636,0.7464577544730217,0.7373238734048781,0.7396622480601339,0.8036363636363636,0.1985454545454545,0.7258672028914981,0.0021818181818181,True,,,,
MaxViT,2D,RFN,Right Neural Foraminal Narrowing,right_neural_foraminal_narrowing,3,242,train,L5/S1,nas_best_maxvit_2d,MaxViT 2D,572,15,,0.8138181818181818,0.742053517863423,0.7037773423553603,0.7181689768142272,0.8138181818181818,0.1949090909090909,0.7567816426174293,0.0087272727272727,True,,,,
MaxViT,2D,RFN,Right Neural Foraminal Narrowing,right_neural_foraminal_narrowing,3,242,validation,L1/L2,nas_best_maxvit_2d,MaxViT 2D,572,15,,0.9659863945578232,0.4897260273972603,0.375,0.3947826086956521,0.9659863945578232,0.0408163265306122,0.2663755458515283,0.0068027210884353,True,294,283,8,3
MaxViT,2D,RFN,Right Neural Foraminal Narrowing,right_neural_foraminal_narrowing,3,242,validation,L2/L3,nas_best_maxvit_2d,MaxViT 2D,572,15,,0.9149659863945578,0.5911730545876887,0.3987373737373738,0.4263174245025425,0.9149659863945578,0.0850340136054421,0.2971887550200802,0.0,True,294,264,30,0
MaxViT,2D,RFN,Right Neural Foraminal Narrowing,right_neural_foraminal_narrowing,3,242,validation,L3/L4,nas_best_maxvit_2d,MaxViT 2D,572,15,,0.8129251700680272,0.6600094261812184,0.5085643212508884,0.5441640888866383,0.8129251700680272,0.1870748299319728,0.5471349353049908,0.0,True,294,220,67,7
MaxViT,2D,RFN,Right Neural Foraminal Narrowing,right_neural_foraminal_narrowing,3,242,validation,L4/L5,nas_best_maxvit_2d,MaxViT 2D,572,15,,0.7312925170068028,0.7368603618603619,0.7222356544165055,0.7283936432065855,0.7312925170068028,0.272108843537415,0.6569525869429108,0.0034013605442176,True,294,176,94,24
MaxViT,2D,RFN,Right Neural Foraminal Narrowing,right_neural_foraminal_narrowing,3,242,validation,L5/S1,nas_best_maxvit_2d,MaxViT 2D,572,15,,0.7108843537414966,0.5803485676436496,0.6027355332376853,0.5850174061882162,0.7108843537414966,0.2959183673469387,0.6512864628137953,0.0068027210884353,True,294,187,82,25
MaxViT,2D,RFN,Right Neural Foraminal Narrowing,right_neural_foraminal_narrowing,3,242,test,L1/L2,nas_best_maxvit_2d,MaxViT 2D,572,15,,0.9324324324324323,0.4239666287447857,0.3529589371980676,0.3572904140844202,0.9324324324324323,0.0777027027027027,0.1597494126859828,0.0101351351351351,True,,,,
MaxViT,2D,RFN,Right Neural Foraminal Narrowing,right_neural_foraminal_narrowing,3,242,test,L2/L3,nas_best_maxvit_2d,MaxViT 2D,572,15,,0.8986486486486487,0.5334783002627526,0.4177556293835363,0.4416974738139248,0.8986486486486487,0.1013513513513513,0.468072361327423,0.0,True,,,,
MaxViT,2D,RFN,Right Neural Foraminal Narrowing,right_neural_foraminal_narrowing,3,242,test,L3/L4,nas_best_maxvit_2d,MaxViT 2D,572,15,,0.8277027027027027,0.7489247311827957,0.6376262626262627,0.6776556776556776,0.8277027027027027,0.1722972972972972,0.5657077100115075,0.0,True,,,,
MaxViT,2D,RFN,Right Neural Foraminal Narrowing,right_neural_foraminal_narrowing,3,242,test,L4/L5,nas_best_maxvit_2d,MaxViT 2D,572,15,,0.7702702702702703,0.7239437293785119,0.6534693231058163,0.6780707518181388,0.7702702702702703,0.2331081081081081,0.6679517158566644,0.0033783783783783,True,,,,
MaxViT,2D,RFN,Right Neural Foraminal Narrowing,right_neural_foraminal_narrowing,3,242,test,L5/S1,nas_best_maxvit_2d,MaxViT 2D,572,15,,0.7635135135135135,0.6584276018099547,0.6103937210499227,0.6285884724260075,0.7635135135135135,0.2533783783783784,0.6455139765554554,0.0168918918918918,True,,,,
MaxViT,2D,RFN,Right Neural Foraminal Narrowing,right_neural_foraminal_narrowing,4,342,train,L1/L2,nas_best_maxvit_2d,MaxViT 2D,572,11,,0.968681718863802,0.449053724053724,0.3608601070950468,0.3739605486727655,0.968681718863802,0.0349599417334304,0.2692519453824694,0.0036416605972323,True,,,,
MaxViT,2D,RFN,Right Neural Foraminal Narrowing,right_neural_foraminal_narrowing,4,342,train,L2/L3,nas_best_maxvit_2d,MaxViT 2D,572,11,,0.9351784413692644,0.57711583196497,0.405132533600243,0.4360454048217761,0.9351784413692644,0.0648215586307356,0.3911793573844981,0.0,True,,,,
MaxViT,2D,RFN,Right Neural Foraminal Narrowing,right_neural_foraminal_narrowing,4,342,train,L3/L4,nas_best_maxvit_2d,MaxViT 2D,572,11,,0.8448652585579024,0.6835791543756145,0.5357062058945621,0.568300018145023,0.8448652585579024,0.1551347414420976,0.5973180145211103,0.0,True,,,,
MaxViT,2D,RFN,Right Neural Foraminal Narrowing,right_neural_foraminal_narrowing,4,342,train,L4/L5,nas_best_maxvit_2d,MaxViT 2D,572,11,,0.7997086671522214,0.7230713221803295,0.746974706639623,0.7329772913346515,0.7997086671522214,0.202476329206118,0.731029069101715,0.0021849963583394,True,,,,
MaxViT,2D,RFN,Right Neural Foraminal Narrowing,right_neural_foraminal_narrowing,4,342,train,L5/S1,nas_best_maxvit_2d,MaxViT 2D,572,11,,0.7873270211216314,0.6978255770074147,0.6947675902719762,0.687447614549908,0.7873270211216314,0.2228696285506191,0.7357847661782008,0.0101966496722505,True,,,,
MaxViT,2D,RFN,Right Neural Foraminal Narrowing,right_neural_foraminal_narrowing,4,342,validation,L1/L2,nas_best_maxvit_2d,MaxViT 2D,572,11,,0.9527027027027029,0.3186440677966102,0.3333333333333333,0.3258232235701906,0.9527027027027029,0.0506756756756756,0.1862871927554982,0.0033783783783783,True,296,282,12,2
MaxViT,2D,RFN,Right Neural Foraminal Narrowing,right_neural_foraminal_narrowing,4,342,validation,L2/L3,nas_best_maxvit_2d,MaxViT 2D,572,11,,0.918918918918919,0.5925193606854506,0.401050411124026,0.4300559552358113,0.918918918918919,0.081081081081081,0.3069268292682927,0.0,True,296,267,29,0
MaxViT,2D,RFN,Right Neural Foraminal Narrowing,right_neural_foraminal_narrowing,4,342,validation,L3/L4,nas_best_maxvit_2d,MaxViT 2D,572,11,,0.8817567567567568,0.5395663956639566,0.5286478227654698,0.5335169880624426,0.8817567567567568,0.1182432432432432,0.6368989205103042,0.0,True,296,238,55,3
MaxViT,2D,RFN,Right Neural Foraminal Narrowing,right_neural_foraminal_narrowing,4,342,validation,L4/L5,nas_best_maxvit_2d,MaxViT 2D,572,11,,0.7128378378378378,0.6248317941344541,0.6361607142857143,0.6266164861036582,0.7128378378378378,0.2939189189189189,0.6005931198102017,0.0067567567567567,True,296,192,84,20
MaxViT,2D,RFN,Right Neural Foraminal Narrowing,right_neural_foraminal_narrowing,4,342,validation,L5/S1,nas_best_maxvit_2d,MaxViT 2D,572,11,,0.7263513513513513,0.6155949741315595,0.6169452516701094,0.6101821718475292,0.7263513513513513,0.2939189189189189,0.6475173210161662,0.0202702702702702,True,296,187,78,31
MaxViT,2D,RFN,Right Neural Foraminal Narrowing,right_neural_foraminal_narrowing,4,342,test,L1/L2,nas_best_maxvit_2d,MaxViT 2D,572,11,,0.9493243243243245,0.6496598639455783,0.3777777777777777,0.4030387023919515,0.9493243243243245,0.0574324324324324,0.1512834516657564,0.0067567567567567,True,,,,
MaxViT,2D,RFN,Right Neural Foraminal Narrowing,right_neural_foraminal_narrowing,4,342,test,L2/L3,nas_best_maxvit_2d,MaxViT 2D,572,11,,0.8952702702702703,0.484742158426369,0.3920165394402035,0.4086844380199255,0.8952702702702703,0.1047297297297297,0.3585011185682326,0.0,True,,,,
MaxViT,2D,RFN,Right Neural Foraminal Narrowing,right_neural_foraminal_narrowing,4,342,test,L3/L4,nas_best_maxvit_2d,MaxViT 2D,572,11,,0.793918918918919,0.8032497947752185,0.5593695409524521,0.6109706419440933,0.793918918918919,0.2094594594594594,0.552172474114699,0.0033783783783783,True,,,,
MaxViT,2D,RFN,Right Neural Foraminal Narrowing,right_neural_foraminal_narrowing,4,342,test,L4/L5,nas_best_maxvit_2d,MaxViT 2D,572,11,,0.6993243243243243,0.6875093114031167,0.6434217376504274,0.6589156246528113,0.6993243243243243,0.304054054054054,0.6035291034563084,0.0033783783783783,True,,,,
MaxViT,2D,RFN,Right Neural Foraminal Narrowing,right_neural_foraminal_narrowing,4,342,test,L5/S1,nas_best_maxvit_2d,MaxViT 2D,572,11,,0.7331081081081081,0.5853118599696393,0.6193147208121826,0.5974309853620199,0.7331081081081081,0.277027027027027,0.664303941026368,0.0101351351351351,True,,,,
MaxViT,2D,RFN,Right Neural Foraminal Narrowing,right_neural_foraminal_narrowing,5,442,train,L1/L2,nas_best_maxvit_2d,MaxViT 2D,572,7,,0.967296511627907,0.8784189595000406,0.4028906955736224,0.4514190976197055,0.967296511627907,0.037063953488372,0.270106425973326,0.004360465116279,True,,,,
MaxViT,2D,RFN,Right Neural Foraminal Narrowing,right_neural_foraminal_narrowing,5,442,train,L2/L3,nas_best_maxvit_2d,MaxViT 2D,572,7,,0.9273255813953488,0.55098392423374,0.3730418862854527,0.3903398144618122,0.9273255813953488,0.0734011627906976,0.2520791995609406,0.0007267441860465,True,,,,
MaxViT,2D,RFN,Right Neural Foraminal Narrowing,right_neural_foraminal_narrowing,5,442,train,L3/L4,nas_best_maxvit_2d,MaxViT 2D,572,7,,0.8248546511627907,0.5012926887926888,0.4367055994503606,0.4496867111859425,0.8248546511627907,0.1773255813953488,0.4584928470683055,0.0021802325581395,True,,,,
MaxViT,2D,RFN,Right Neural Foraminal Narrowing,right_neural_foraminal_narrowing,5,442,train,L4/L5,nas_best_maxvit_2d,MaxViT 2D,572,7,,0.7659883720930233,0.7669431418685827,0.6035757475942142,0.6470225774042148,0.7659883720930233,0.2405523255813953,0.6222254388007475,0.0065406976744186,True,,,,
MaxViT,2D,RFN,Right Neural Foraminal Narrowing,right_neural_foraminal_narrowing,5,442,train,L5/S1,nas_best_maxvit_2d,MaxViT 2D,572,7,,0.7463662790697675,0.6619049749139124,0.5431922450701793,0.5728771943630341,0.7463662790697675,0.2616279069767442,0.6286131353854458,0.0079941860465116,True,,,,
MaxViT,2D,RFN,Right Neural Foraminal Narrowing,right_neural_foraminal_narrowing,5,442,validation,L1/L2,nas_best_maxvit_2d,MaxViT 2D,572,7,,0.9322033898305084,0.3139269406392694,0.3309265944645006,0.3222026947861746,0.9322033898305084,0.0779661016949152,0.1057802864011706,0.0101694915254237,True,295,277,15,3
MaxViT,2D,RFN,Right Neural Foraminal Narrowing,right_neural_foraminal_narrowing,5,442,validation,L2/L3,nas_best_maxvit_2d,MaxViT 2D,572,7,,0.8949152542372881,0.7990867579908677,0.4555555555555555,0.5027827918170878,0.8949152542372881,0.1084745762711864,0.2769607843137254,0.0033898305084745,True,295,262,30,3
MaxViT,2D,RFN,Right Neural Foraminal Narrowing,right_neural_foraminal_narrowing,5,442,validation,L3/L4,nas_best_maxvit_2d,MaxViT 2D,572,7,,0.8203389830508474,0.4944331983805668,0.4679202279202279,0.4764261786910655,0.8203389830508474,0.1796610169491525,0.5119400655533011,0.0,True,295,225,65,5
MaxViT,2D,RFN,Right Neural Foraminal Narrowing,right_neural_foraminal_narrowing,5,442,validation,L4/L5,nas_best_maxvit_2d,MaxViT 2D,572,7,,0.752542372881356,0.678419452887538,0.5978362907364373,0.6247271848700017,0.752542372881356,0.247457627118644,0.6017420893976662,0.0,True,295,179,103,13
MaxViT,2D,RFN,Right Neural Foraminal Narrowing,right_neural_foraminal_narrowing,5,442,validation,L5/S1,nas_best_maxvit_2d,MaxViT 2D,572,7,,0.7491525423728813,0.6742903923148752,0.617668439716312,0.6396790019211447,0.7491525423728813,0.2677966101694915,0.6516010031980255,0.0169491525423728,True,295,188,75,32
MaxViT,2D,RFN,Right Neural Foraminal Narrowing,right_neural_foraminal_narrowing,5,442,test,L1/L2,nas_best_maxvit_2d,MaxViT 2D,572,7,,0.9727891156462584,0.658675799086758,0.3797868797868797,0.4120530565167243,0.9727891156462584,0.0340136054421768,0.1148387096774192,0.0068027210884353,True,,,,
MaxViT,2D,RFN,Right Neural Foraminal Narrowing,right_neural_foraminal_narrowing,5,442,test,L2/L3,nas_best_maxvit_2d,MaxViT 2D,572,7,,0.91156462585034,0.5821759259259259,0.3876262626262626,0.4102254428341385,0.91156462585034,0.0884353741496598,0.2523474178403756,0.0,True,,,,
MaxViT,2D,RFN,Right Neural Foraminal Narrowing,right_neural_foraminal_narrowing,5,442,test,L3/L4,nas_best_maxvit_2d,MaxViT 2D,572,7,,0.7925170068027211,0.5860835071361387,0.4857088989441931,0.5130747607811829,0.7925170068027211,0.2210884353741496,0.4180901252643565,0.0136054421768707,True,,,,
MaxViT,2D,RFN,Right Neural Foraminal Narrowing,right_neural_foraminal_narrowing,5,442,test,L4/L5,nas_best_maxvit_2d,MaxViT 2D,572,7,,0.7312925170068028,0.6578896723613017,0.5870929739808458,0.6049645774904348,0.7312925170068028,0.2687074829931973,0.6324185737346881,0.0,True,,,,
MaxViT,2D,RFN,Right Neural Foraminal Narrowing,right_neural_foraminal_narrowing,5,442,test,L5/S1,nas_best_maxvit_2d,MaxViT 2D,572,7,,0.7380952380952381,0.5890075169696023,0.5323802234249996,0.5452296799127646,0.7380952380952381,0.282312925170068,0.5681417571203266,0.0204081632653061,True,,,,
MaxViT,2D,RSS,Right Subarticular Stenosis,right_subarticular_stenosis,1,42,train,L1/L2,nas_best_maxvit_2d,MaxViT 2D,636,7,,0.9397781299524564,0.5253961113610236,0.4090566675890908,0.4359890912232063,0.9397781299524564,0.0673534072900158,0.3581128460391297,0.0071315372424722,True,,,,
MaxViT,2D,RSS,Right Subarticular Stenosis,right_subarticular_stenosis,1,42,train,L2/L3,nas_best_maxvit_2d,MaxViT 2D,636,7,,0.8851030110935024,0.776808212130311,0.5457156147945622,0.6092328416980416,0.8851030110935024,0.1172741679873217,0.6357823404622154,0.002377179080824,True,,,,
MaxViT,2D,RSS,Right Subarticular Stenosis,right_subarticular_stenosis,1,42,train,L3/L4,nas_best_maxvit_2d,MaxViT 2D,636,7,,0.7963549920760697,0.7323061339891676,0.6617340893936638,0.6865164680998411,0.7963549920760697,0.2091917591125198,0.742215834611835,0.0055467511885895,True,,,,
MaxViT,2D,RSS,Right Subarticular Stenosis,right_subarticular_stenosis,1,42,train,L4/L5,nas_best_maxvit_2d,MaxViT 2D,636,7,,0.7274167987321711,0.701616071877467,0.7057811772799935,0.6996612802912755,0.7274167987321711,0.2828843106180665,0.7692645524215608,0.0103011093502377,True,,,,
MaxViT,2D,RSS,Right Subarticular Stenosis,right_subarticular_stenosis,1,42,train,L5/S1,nas_best_maxvit_2d,MaxViT 2D,636,7,,0.783676703645008,0.6863799283154123,0.5488592921445308,0.5856134387795165,0.783676703645008,0.233755942947702,0.6087333480882882,0.0174326465927099,True,,,,
MaxViT,2D,RSS,Right Subarticular Stenosis,right_subarticular_stenosis,1,42,validation,L1/L2,nas_best_maxvit_2d,MaxViT 2D,636,7,,0.946969696969697,0.52734375,0.4444444444444444,0.4709421736237669,0.946969696969697,0.0568181818181818,0.547945205479452,0.0037878787878787,True,264,245,15,4
MaxViT,2D,RSS,Right Subarticular Stenosis,right_subarticular_stenosis,1,42,validation,L2/L3,nas_best_maxvit_2d,MaxViT 2D,636,7,,0.8712121212121212,0.6312908946370697,0.5047114563243597,0.5398692810457516,0.8712121212121212,0.1363636363636363,0.6061171204774338,0.0075757575757575,True,264,222,31,11
MaxViT,2D,RSS,Right Subarticular Stenosis,right_subarticular_stenosis,1,42,validation,L3/L4,nas_best_maxvit_2d,MaxViT 2D,636,7,,0.7916666666666666,0.7231862088588654,0.6543187877827935,0.6672321176137971,0.7916666666666666,0.2121212121212121,0.724891300441985,0.0037878787878787,True,264,180,61,23
MaxViT,2D,RSS,Right Subarticular Stenosis,right_subarticular_stenosis,1,42,validation,L4/L5,nas_best_maxvit_2d,MaxViT 2D,636,7,,0.7121212121212122,0.7056105897346773,0.7022341265574205,0.6983094855078599,0.7121212121212122,0.3106060606060606,0.7287987410386432,0.0227272727272727,True,264,117,86,61
MaxViT,2D,RSS,Right Subarticular Stenosis,right_subarticular_stenosis,1,42,validation,L5/S1,nas_best_maxvit_2d,MaxViT 2D,636,7,,0.7803030303030303,0.6238635896170143,0.5058484819780643,0.5313922266091343,0.7803030303030303,0.2462121212121212,0.5481802426343154,0.0265151515151515,True,264,187,54,23
MaxViT,2D,RSS,Right Subarticular Stenosis,right_subarticular_stenosis,1,42,test,L1/L2,nas_best_maxvit_2d,MaxViT 2D,636,7,,0.9280575539568344,0.5325252525252525,0.3703703703703704,0.38489821540669,0.9280575539568344,0.0827338129496402,0.2041461006910168,0.0107913669064748,True,,,,
MaxViT,2D,RSS,Right Subarticular Stenosis,right_subarticular_stenosis,1,42,test,L2/L3,nas_best_maxvit_2d,MaxViT 2D,636,7,,0.8453237410071942,0.7286089238845145,0.4801485811715991,0.532139577594123,0.8453237410071942,0.158273381294964,0.5947521865889212,0.0035971223021582,True,,,,
MaxViT,2D,RSS,Right Subarticular Stenosis,right_subarticular_stenosis,1,42,test,L3/L4,nas_best_maxvit_2d,MaxViT 2D,636,7,,0.7805755395683454,0.7224392327203221,0.6102602258852259,0.6481538011885818,0.7805755395683454,0.2230215827338129,0.6681958897467457,0.0035971223021582,True,,,,
MaxViT,2D,RSS,Right Subarticular Stenosis,right_subarticular_stenosis,1,42,test,L4/L5,nas_best_maxvit_2d,MaxViT 2D,636,7,,0.7517985611510791,0.7197675340532483,0.7239974767955303,0.7192557248251413,0.7517985611510791,0.2482014388489208,0.8102182559312978,0.0,True,,,,
MaxViT,2D,RSS,Right Subarticular Stenosis,right_subarticular_stenosis,1,42,test,L5/S1,nas_best_maxvit_2d,MaxViT 2D,636,7,,0.7158273381294964,0.5393162393162393,0.4443787759390596,0.4552521377165927,0.7158273381294964,0.316546762589928,0.4629879359988337,0.0323741007194244,True,,,,
MaxViT,2D,RSS,Right Subarticular Stenosis,right_subarticular_stenosis,2,142,train,L1/L2,nas_best_maxvit_2d,MaxViT 2D,636,12,,0.9412231930103256,0.5211595649551853,0.4051205051205051,0.430983492856152,0.9412231930103256,0.0635424940428911,0.4091372837087822,0.0047656870532168,True,,,,
MaxViT,2D,RSS,Right Subarticular Stenosis,right_subarticular_stenosis,2,142,train,L2/L3,nas_best_maxvit_2d,MaxViT 2D,636,12,,0.8792692613185068,0.8525200458190149,0.5830363242151534,0.659696842906225,0.8792692613185068,0.1247021445591739,0.6304225163956471,0.0039714058776806,True,,,,
MaxViT,2D,RSS,Right Subarticular Stenosis,right_subarticular_stenosis,2,142,train,L3/L4,nas_best_maxvit_2d,MaxViT 2D,636,12,,0.818109610802224,0.8082355651983429,0.6699750157867282,0.716834652178509,0.818109610802224,0.1866560762509928,0.7485093233504702,0.0047656870532168,True,,,,
MaxViT,2D,RSS,Right Subarticular Stenosis,right_subarticular_stenosis,2,142,train,L4/L5,nas_best_maxvit_2d,MaxViT 2D,636,12,,0.7823669579030977,0.7771464378480539,0.7614341113856214,0.7671594143561503,0.7823669579030977,0.2208101667990468,0.8193964466531509,0.0031771247021445,True,,,,
MaxViT,2D,RSS,Right Subarticular Stenosis,right_subarticular_stenosis,2,142,train,L5/S1,nas_best_maxvit_2d,MaxViT 2D,636,12,,0.7942811755361397,0.7350228349052431,0.539720282595616,0.5842923860894568,0.7942811755361397,0.2200158856235107,0.6276791442233469,0.0142970611596505,True,,,,
MaxViT,2D,RSS,Right Subarticular Stenosis,right_subarticular_stenosis,2,142,validation,L1/L2,nas_best_maxvit_2d,MaxViT 2D,636,12,,0.9452554744525548,0.4828431372549019,0.3611111111111111,0.37214734950584,0.9452554744525548,0.0656934306569343,0.1921375921375921,0.010948905109489,True,274,258,12,4
MaxViT,2D,RSS,Right Subarticular Stenosis,right_subarticular_stenosis,2,142,validation,L2/L3,nas_best_maxvit_2d,MaxViT 2D,636,12,,0.8868613138686131,0.7767127799736496,0.6161262788377153,0.6696844993141289,0.8868613138686131,0.1167883211678832,0.6175069797996386,0.0036496350364963,True,274,233,34,7
MaxViT,2D,RSS,Right Subarticular Stenosis,right_subarticular_stenosis,2,142,validation,L3/L4,nas_best_maxvit_2d,MaxViT 2D,636,12,,0.781021897810219,0.7451429289664584,0.6437657114127702,0.6687324242585028,0.781021897810219,0.218978102189781,0.7311616954474097,0.0,True,274,180,68,26
MaxViT,2D,RSS,Right Subarticular Stenosis,right_subarticular_stenosis,2,142,validation,L4/L5,nas_best_maxvit_2d,MaxViT 2D,636,12,,0.718978102189781,0.7016802741405223,0.6784765355417529,0.6880588441299267,0.718978102189781,0.2883211678832116,0.7467539698447696,0.0072992700729927,True,274,138,80,56
MaxViT,2D,RSS,Right Subarticular Stenosis,right_subarticular_stenosis,2,142,validation,L5/S1,nas_best_maxvit_2d,MaxViT 2D,636,12,,0.7627737226277372,0.6899347623485554,0.4797700867288496,0.5080275249320668,0.7627737226277372,0.2591240875912409,0.521120235839124,0.0218978102189781,True,274,194,56,24
MaxViT,2D,RSS,Right Subarticular Stenosis,right_subarticular_stenosis,2,142,test,L1/L2,nas_best_maxvit_2d,MaxViT 2D,636,12,,0.911439114391144,0.5269485903814263,0.3650793650793651,0.3739441195581546,0.911439114391144,0.1033210332103321,0.1688532969841539,0.014760147601476,True,,,,
MaxViT,2D,RSS,Right Subarticular Stenosis,right_subarticular_stenosis,2,142,test,L2/L3,nas_best_maxvit_2d,MaxViT 2D,636,12,,0.8892988929889298,0.7156904357668363,0.5184815184815185,0.5668013960599217,0.8892988929889298,0.1180811808118081,0.6519691780821918,0.007380073800738,True,,,,
MaxViT,2D,RSS,Right Subarticular Stenosis,right_subarticular_stenosis,2,142,test,L3/L4,nas_best_maxvit_2d,MaxViT 2D,636,12,,0.7785977859778598,0.7166804583866195,0.6113843351548269,0.647641591765081,0.7785977859778598,0.2361623616236162,0.6715704426864164,0.014760147601476,True,,,,
MaxViT,2D,RSS,Right Subarticular Stenosis,right_subarticular_stenosis,2,142,test,L4/L5,nas_best_maxvit_2d,MaxViT 2D,636,12,,0.7084870848708487,0.6895613052894124,0.6763653583079027,0.6784722222222221,0.7084870848708487,0.3025830258302583,0.7505021760964178,0.011070110701107,True,,,,
MaxViT,2D,RSS,Right Subarticular Stenosis,right_subarticular_stenosis,2,142,test,L5/S1,nas_best_maxvit_2d,MaxViT 2D,636,12,,0.7416974169741697,0.5749113475177304,0.433609934086629,0.4469565043335535,0.7416974169741697,0.2841328413284132,0.4232289449680754,0.025830258302583,True,,,,
MaxViT,2D,RSS,Right Subarticular Stenosis,right_subarticular_stenosis,3,242,train,L1/L2,nas_best_maxvit_2d,MaxViT 2D,636,13,,0.9484126984126984,0.5074731387182617,0.4438765852735188,0.4659018095708442,0.9484126984126984,0.0523809523809523,0.6030282531945846,0.0007936507936507,True,,,,
MaxViT,2D,RSS,Right Subarticular Stenosis,right_subarticular_stenosis,3,242,train,L2/L3,nas_best_maxvit_2d,MaxViT 2D,636,13,,0.9095238095238096,0.8669447956173619,0.6668811214258098,0.7384239203028713,0.9095238095238096,0.092063492063492,0.7506390698441494,0.0015873015873015,True,,,,
MaxViT,2D,RSS,Right Subarticular Stenosis,right_subarticular_stenosis,3,242,train,L3/L4,nas_best_maxvit_2d,MaxViT 2D,636,13,,0.8563492063492063,0.813527704135439,0.7786382053599669,0.794025751532964,0.8563492063492063,0.1444444444444444,0.8307144108884865,0.0007936507936507,True,,,,
MaxViT,2D,RSS,Right Subarticular Stenosis,right_subarticular_stenosis,3,242,train,L4/L5,nas_best_maxvit_2d,MaxViT 2D,636,13,,0.7777777777777778,0.7592722737421248,0.780824794870577,0.7664734075448361,0.7777777777777778,0.2253968253968254,0.8220924160074273,0.0031746031746031,True,,,,
MaxViT,2D,RSS,Right Subarticular Stenosis,right_subarticular_stenosis,3,242,train,L5/S1,nas_best_maxvit_2d,MaxViT 2D,636,13,,0.8468253968253968,0.7509890888838258,0.730526989826771,0.7392940406173597,0.8468253968253968,0.1619047619047619,0.7786944871021693,0.0087301587301587,True,,,,
MaxViT,2D,RSS,Right Subarticular Stenosis,right_subarticular_stenosis,3,242,validation,L1/L2,nas_best_maxvit_2d,MaxViT 2D,636,13,,0.9213483146067416,0.5091603053435114,0.3795862607338017,0.3970811796898754,0.9213483146067416,0.0823970037453183,0.2741277752605345,0.0037453183520599,True,267,244,21,2
MaxViT,2D,RSS,Right Subarticular Stenosis,right_subarticular_stenosis,3,242,validation,L2/L3,nas_best_maxvit_2d,MaxViT 2D,636,13,,0.8576779026217228,0.8165049706551682,0.5084901693871009,0.5674494124249027,0.8576779026217228,0.1423220973782771,0.6044444444444445,0.0,True,267,217,41,9
MaxViT,2D,RSS,Right Subarticular Stenosis,right_subarticular_stenosis,3,242,validation,L3/L4,nas_best_maxvit_2d,MaxViT 2D,636,13,,0.7940074906367042,0.7171065379994573,0.6791358154659554,0.6958904109589041,0.7940074906367042,0.2097378277153558,0.7175530750711315,0.0037453183520599,True,267,177,69,21
MaxViT,2D,RSS,Right Subarticular Stenosis,right_subarticular_stenosis,3,242,validation,L4/L5,nas_best_maxvit_2d,MaxViT 2D,636,13,,0.7415730337078652,0.727997227997228,0.7515265968255166,0.7353888227250674,0.7415730337078652,0.2659176029962546,0.7888259672877977,0.0074906367041198,True,267,118,87,62
MaxViT,2D,RSS,Right Subarticular Stenosis,right_subarticular_stenosis,3,242,validation,L5/S1,nas_best_maxvit_2d,MaxViT 2D,636,13,,0.7565543071161048,0.6476926010678871,0.6024304199536566,0.6189693469707614,0.7565543071161048,0.2546816479400749,0.6694107017367734,0.0112359550561797,True,267,177,62,28
MaxViT,2D,RSS,Right Subarticular Stenosis,right_subarticular_stenosis,3,242,test,L1/L2,nas_best_maxvit_2d,MaxViT 2D,636,13,,0.9350180505415162,0.8691358024691359,0.477124183006536,0.5495928226363008,0.9350180505415162,0.075812274368231,0.4058155239532851,0.0108303249097472,True,,,,
MaxViT,2D,RSS,Right Subarticular Stenosis,right_subarticular_stenosis,3,242,test,L2/L3,nas_best_maxvit_2d,MaxViT 2D,636,13,,0.8916967509025271,0.740903005963247,0.6090923541567318,0.6582562907961466,0.8916967509025271,0.111913357400722,0.6826592605450442,0.003610108303249,True,,,,
MaxViT,2D,RSS,Right Subarticular Stenosis,right_subarticular_stenosis,3,242,test,L3/L4,nas_best_maxvit_2d,MaxViT 2D,636,13,,0.8050541516245487,0.7259584349239522,0.7082271523132095,0.7151205840861014,0.8050541516245487,0.1985559566787003,0.7721875135267722,0.003610108303249,True,,,,
MaxViT,2D,RSS,Right Subarticular Stenosis,right_subarticular_stenosis,3,242,test,L4/L5,nas_best_maxvit_2d,MaxViT 2D,636,13,,0.6534296028880866,0.637927856569974,0.6554653143031688,0.645109582226904,0.6534296028880866,0.3537906137184115,0.7244802433982135,0.0072202166064981,True,,,,
MaxViT,2D,RSS,Right Subarticular Stenosis,right_subarticular_stenosis,3,242,test,L5/S1,nas_best_maxvit_2d,MaxViT 2D,636,13,,0.7436823104693141,0.6110088459375159,0.626090564248459,0.5962704615097562,0.7436823104693141,0.2707581227436823,0.6001912877141118,0.0144404332129963,True,,,,
MaxViT,2D,RSS,Right Subarticular Stenosis,right_subarticular_stenosis,4,342,train,L1/L2,nas_best_maxvit_2d,MaxViT 2D,636,17,,0.9477848101265824,0.8877534937480299,0.5237037037037037,0.6087056827866592,0.9477848101265824,0.055379746835443,0.5911929344445827,0.0031645569620253,True,,,,
MaxViT,2D,RSS,Right Subarticular Stenosis,right_subarticular_stenosis,4,342,train,L2/L3,nas_best_maxvit_2d,MaxViT 2D,636,17,,0.9287974683544304,0.9123568651405412,0.7690367159043608,0.8280372606179432,0.9287974683544304,0.0719936708860759,0.818342533240201,0.0007911392405063,True,,,,
MaxViT,2D,RSS,Right Subarticular Stenosis,right_subarticular_stenosis,4,342,train,L3/L4,nas_best_maxvit_2d,MaxViT 2D,636,17,,0.9050632911392406,0.881652442254242,0.8749769505371227,0.8765677432875796,0.9050632911392406,0.0957278481012658,0.8890781914848077,0.0007911392405063,True,,,,
MaxViT,2D,RSS,Right Subarticular Stenosis,right_subarticular_stenosis,4,342,train,L4/L5,nas_best_maxvit_2d,MaxViT 2D,636,17,,0.8338607594936709,0.8160581764767215,0.8342120794920609,0.822694020247738,0.8338607594936709,0.1693037974683544,0.86717862498296,0.0031645569620253,True,,,,
MaxViT,2D,RSS,Right Subarticular Stenosis,right_subarticular_stenosis,4,342,train,L5/S1,nas_best_maxvit_2d,MaxViT 2D,636,17,,0.8916139240506329,0.8590336231021941,0.7800793025864422,0.8135949585949586,0.8916139240506329,0.1123417721518987,0.8434371338095541,0.0039556962025316,True,,,,
MaxViT,2D,RSS,Right Subarticular Stenosis,right_subarticular_stenosis,4,342,validation,L1/L2,nas_best_maxvit_2d,MaxViT 2D,636,17,,0.9595588235294118,0.8470418470418469,0.5277777777777778,0.601889338731444,0.9595588235294118,0.0404411764705882,0.7080405932864949,0.0,True,272,256,12,4
MaxViT,2D,RSS,Right Subarticular Stenosis,right_subarticular_stenosis,4,342,validation,L2/L3,nas_best_maxvit_2d,MaxViT 2D,636,17,,0.9154411764705882,0.7076190476190476,0.5594745756036078,0.5979581579790348,0.9154411764705882,0.088235294117647,0.6844829124654235,0.0036764705882352,True,272,234,31,7
MaxViT,2D,RSS,Right Subarticular Stenosis,right_subarticular_stenosis,4,342,validation,L3/L4,nas_best_maxvit_2d,MaxViT 2D,636,17,,0.8125,0.7552127077822345,0.7164051941947235,0.7339096850861558,0.8125,0.1911764705882352,0.7665310274669379,0.0036764705882352,True,272,183,62,27
MaxViT,2D,RSS,Right Subarticular Stenosis,right_subarticular_stenosis,4,342,validation,L4/L5,nas_best_maxvit_2d,MaxViT 2D,636,17,,0.6507352941176471,0.6262528094719876,0.6377456433073786,0.6285902164279383,0.6507352941176471,0.375,0.6662435474316662,0.025735294117647,True,272,124,90,58
MaxViT,2D,RSS,Right Subarticular Stenosis,right_subarticular_stenosis,4,342,validation,L5/S1,nas_best_maxvit_2d,MaxViT 2D,636,17,,0.7352941176470589,0.6310059067266155,0.5806955854967685,0.5999219359875098,0.7352941176470589,0.2794117647058823,0.6149905634942032,0.0147058823529411,True,272,179,68,25
MaxViT,2D,RSS,Right Subarticular Stenosis,right_subarticular_stenosis,4,342,test,L1/L2,nas_best_maxvit_2d,MaxViT 2D,636,17,,0.9253731343283582,0.4783715012722646,0.3819783197831978,0.3984453866343629,0.9253731343283582,0.0746268656716417,0.3925657298277424,0.0,True,,,,
MaxViT,2D,RSS,Right Subarticular Stenosis,right_subarticular_stenosis,4,342,test,L2/L3,nas_best_maxvit_2d,MaxViT 2D,636,17,,0.8656716417910447,0.77646595828414,0.5416813043747805,0.6033680147432269,0.8656716417910447,0.1417910447761194,0.6327089995431704,0.0074626865671641,True,,,,
MaxViT,2D,RSS,Right Subarticular Stenosis,right_subarticular_stenosis,4,342,test,L3/L4,nas_best_maxvit_2d,MaxViT 2D,636,17,,0.8171641791044776,0.7356902356902357,0.7123661609740939,0.7194281382763058,0.8171641791044776,0.1902985074626865,0.7687335257938999,0.0074626865671641,True,,,,
MaxViT,2D,RSS,Right Subarticular Stenosis,right_subarticular_stenosis,4,342,test,L4/L5,nas_best_maxvit_2d,MaxViT 2D,636,17,,0.6902985074626866,0.6763255503565581,0.6923378474697076,0.681688124025337,0.6902985074626866,0.3208955223880597,0.7327900121380266,0.0111940298507462,True,,,,
MaxViT,2D,RSS,Right Subarticular Stenosis,right_subarticular_stenosis,4,342,test,L5/S1,nas_best_maxvit_2d,MaxViT 2D,636,17,,0.7947761194029851,0.6573061050000822,0.6696233154905696,0.6632450865187439,0.7947761194029851,0.208955223880597,0.7013870211703231,0.003731343283582,True,,,,
MaxViT,2D,RSS,Right Subarticular Stenosis,right_subarticular_stenosis,5,442,train,L1/L2,nas_best_maxvit_2d,MaxViT 2D,636,15,,0.9394904458598726,0.8716191520467836,0.4537163702690379,0.5001725372480966,0.9394904458598726,0.0628980891719745,0.5506582713222667,0.0023885350318471,True,,,,
MaxViT,2D,RSS,Right Subarticular Stenosis,right_subarticular_stenosis,5,442,train,L2/L3,nas_best_maxvit_2d,MaxViT 2D,636,15,,0.9156050955414012,0.8835404239974758,0.6878868041527045,0.7593196012240448,0.9156050955414012,0.0867834394904458,0.7740667976424361,0.0023885350318471,True,,,,
MaxViT,2D,RSS,Right Subarticular Stenosis,right_subarticular_stenosis,5,442,train,L3/L4,nas_best_maxvit_2d,MaxViT 2D,636,15,,0.8622611464968153,0.840910077292199,0.7840657559496221,0.8087551265802131,0.8622611464968153,0.1377388535031847,0.8367625360975302,0.0,True,,,,
MaxViT,2D,RSS,Right Subarticular Stenosis,right_subarticular_stenosis,5,442,train,L4/L5,nas_best_maxvit_2d,MaxViT 2D,636,15,,0.8057324840764332,0.790664681667829,0.8079679822036363,0.7974427347636995,0.8057324840764332,0.1982484076433121,0.8409591808398504,0.0039808917197452,True,,,,
MaxViT,2D,RSS,Right Subarticular Stenosis,right_subarticular_stenosis,5,442,train,L5/S1,nas_best_maxvit_2d,MaxViT 2D,636,15,,0.8471337579617835,0.777066047413094,0.7021984188650855,0.7332341470996443,0.8471337579617835,0.1600318471337579,0.7646072165760116,0.0071656050955414,True,,,,
MaxViT,2D,RSS,Right Subarticular Stenosis,right_subarticular_stenosis,5,442,validation,L1/L2,nas_best_maxvit_2d,MaxViT 2D,636,15,,0.967032967032967,0.4382022471910112,0.4285714285714285,0.4327468372836993,0.967032967032967,0.0329670329670329,0.6824350523458704,0.0,True,273,262,7,4
MaxViT,2D,RSS,Right Subarticular Stenosis,right_subarticular_stenosis,5,442,validation,L2/L3,nas_best_maxvit_2d,MaxViT 2D,636,15,,0.8644688644688645,0.6653333333333333,0.5508281573498965,0.5888888888888889,0.8644688644688645,0.1391941391941392,0.5640022358859698,0.0036630036630036,True,273,230,36,7
MaxViT,2D,RSS,Right Subarticular Stenosis,right_subarticular_stenosis,5,442,validation,L3/L4,nas_best_maxvit_2d,MaxViT 2D,636,15,,0.8241758241758241,0.7883597883597884,0.749051909051909,0.7666840122083088,0.8241758241758241,0.1758241758241758,0.7848275862068965,0.0,True,273,185,63,25
MaxViT,2D,RSS,Right Subarticular Stenosis,right_subarticular_stenosis,5,442,validation,L4/L5,nas_best_maxvit_2d,MaxViT 2D,636,15,,0.6886446886446886,0.6781537889172432,0.6967572733994399,0.6792381587813727,0.6886446886446886,0.3333333333333333,0.7091869977557373,0.0219780219780219,True,273,129,85,59
MaxViT,2D,RSS,Right Subarticular Stenosis,right_subarticular_stenosis,5,442,validation,L5/S1,nas_best_maxvit_2d,MaxViT 2D,636,15,,0.7765567765567766,0.680649824032177,0.5982489292013101,0.6284036566921998,0.7765567765567766,0.2344322344322344,0.6690679873930663,0.0109890109890109,True,273,196,50,27
MaxViT,2D,RSS,Right Subarticular Stenosis,right_subarticular_stenosis,5,442,test,L1/L2,nas_best_maxvit_2d,MaxViT 2D,636,15,,0.9418181818181818,0.4506172839506173,0.3796603912882982,0.3946703880914406,0.9418181818181818,0.0618181818181818,0.3723723723723724,0.0036363636363636,True,,,,
MaxViT,2D,RSS,Right Subarticular Stenosis,right_subarticular_stenosis,5,442,test,L2/L3,nas_best_maxvit_2d,MaxViT 2D,636,15,,0.8836363636363637,0.8492101740294511,0.5133377054774434,0.5652022315202232,0.8836363636363637,0.1163636363636363,0.6261364601920298,0.0,True,,,,
MaxViT,2D,RSS,Right Subarticular Stenosis,right_subarticular_stenosis,5,442,test,L3/L4,nas_best_maxvit_2d,MaxViT 2D,636,15,,0.8290909090909091,0.742976234913525,0.7603503422712462,0.7509190748755178,0.8290909090909091,0.1745454545454545,0.7982628598256991,0.0036363636363636,True,,,,
MaxViT,2D,RSS,Right Subarticular Stenosis,right_subarticular_stenosis,5,442,test,L4/L5,nas_best_maxvit_2d,MaxViT 2D,636,15,,0.68,0.6688421066451354,0.6866391184573003,0.671486658247114,0.68,0.3454545454545454,0.7058823529411765,0.0254545454545454,True,,,,
MaxViT,2D,RSS,Right Subarticular Stenosis,right_subarticular_stenosis,5,442,test,L5/S1,nas_best_maxvit_2d,MaxViT 2D,636,15,,0.7418181818181818,0.6098322973322973,0.5458198213574558,0.5654026119142399,0.7418181818181818,0.2618181818181818,0.6336633663366337,0.0036363636363636,True,,,,
MaxViT,2D,SCS,Spinal Canal Stenosis,spinal_canal_stenosis,1,42,train,L1/L2,nas_best_maxvit_2d,MaxViT 2D,278,6,,0.9668425018839488,0.523270592020592,0.4730225493632434,0.4932835404938409,0.9668425018839488,0.0369253956292388,0.544328624890146,0.0037678975131876,True,,,,
MaxViT,2D,SCS,Spinal Canal Stenosis,spinal_canal_stenosis,1,42,train,L2/L3,nas_best_maxvit_2d,MaxViT 2D,278,6,,0.9366993217784476,0.8127296353671934,0.6234380931859923,0.6453633954649801,0.9366993217784476,0.0663149962321024,0.7408593270056185,0.0030143180105501,True,,,,
MaxViT,2D,SCS,Spinal Canal Stenosis,spinal_canal_stenosis,1,42,train,L3/L4,nas_best_maxvit_2d,MaxViT 2D,278,6,,0.9223813112283346,0.850126464144818,0.8089520926134601,0.8234766049041036,0.9223813112283346,0.0783722682743029,0.8607527520392809,0.0007535795026375,True,,,,
MaxViT,2D,SCS,Spinal Canal Stenosis,spinal_canal_stenosis,1,42,train,L4/L5,nas_best_maxvit_2d,MaxViT 2D,278,6,,0.907309721175584,0.8123703349790307,0.8302817381481048,0.8201737878482759,0.907309721175584,0.0979653353428786,0.8899926772317173,0.0052750565184626,True,,,,
MaxViT,2D,SCS,Spinal Canal Stenosis,spinal_canal_stenosis,1,42,train,L5/S1,nas_best_maxvit_2d,MaxViT 2D,278,6,,0.9706103993971364,0.5212692710672054,0.5887035481419257,0.5509259259259259,0.9706103993971364,0.0346646571213263,0.5973907766990292,0.0052750565184626,True,,,,
MaxViT,2D,SCS,Spinal Canal Stenosis,spinal_canal_stenosis,1,42,validation,L1/L2,nas_best_maxvit_2d,MaxViT 2D,278,6,,0.958041958041958,0.5357575757575758,0.4888888888888889,0.5079004636200208,0.958041958041958,0.0419580419580419,0.7017208413001912,0.0,True,286,267,15,4
MaxViT,2D,SCS,Spinal Canal Stenosis,spinal_canal_stenosis,1,42,validation,L2/L3,nas_best_maxvit_2d,MaxViT 2D,278,6,,0.9090909090909092,0.492252984505969,0.527879527879528,0.5086101287474285,0.9090909090909092,0.0944055944055944,0.6518928901200369,0.0034965034965034,True,286,252,26,8
MaxViT,2D,SCS,Spinal Canal Stenosis,spinal_canal_stenosis,1,42,validation,L3/L4,nas_best_maxvit_2d,MaxViT 2D,278,6,,0.8916083916083916,0.7214251057045816,0.7013546798029556,0.7032280870892583,0.8916083916083916,0.1083916083916083,0.828953968437705,0.0,True,286,232,33,21
MaxViT,2D,SCS,Spinal Canal Stenosis,spinal_canal_stenosis,1,42,validation,L4/L5,nas_best_maxvit_2d,MaxViT 2D,278,6,,0.8426573426573427,0.7029823301973526,0.7569898329702252,0.7247460429955114,0.8426573426573427,0.1643356643356643,0.8192072188204963,0.0069930069930069,True,286,216,36,34
MaxViT,2D,SCS,Spinal Canal Stenosis,spinal_canal_stenosis,1,42,validation,L5/S1,nas_best_maxvit_2d,MaxViT 2D,278,6,,0.9615384615384616,0.4361111111111111,0.5543390105433901,0.476668003743816,0.9615384615384616,0.0454545454545454,0.6113509192645884,0.0069930069930069,True,286,274,9,3
MaxViT,2D,SCS,Spinal Canal Stenosis,spinal_canal_stenosis,1,42,test,L1/L2,nas_best_maxvit_2d,MaxViT 2D,278,6,,0.9755244755244756,0.4119385342789598,0.3999999999999999,0.405026455026455,0.9755244755244756,0.0244755244755244,0.6617100371747212,0.0,True,,,,
MaxViT,2D,SCS,Spinal Canal Stenosis,spinal_canal_stenosis,1,42,test,L2/L3,nas_best_maxvit_2d,MaxViT 2D,278,6,,0.944055944055944,0.532760814249364,0.565018315018315,0.5478927203065135,0.944055944055944,0.0594405594405594,0.6822593848672669,0.0034965034965034,True,,,,
MaxViT,2D,SCS,Spinal Canal Stenosis,spinal_canal_stenosis,1,42,test,L3/L4,nas_best_maxvit_2d,MaxViT 2D,278,6,,0.902097902097902,0.7429026989188768,0.7575502928444106,0.7453248505880085,0.902097902097902,0.0979020979020979,0.8223366020322137,0.0,True,,,,
MaxViT,2D,SCS,Spinal Canal Stenosis,spinal_canal_stenosis,1,42,test,L4/L5,nas_best_maxvit_2d,MaxViT 2D,278,6,,0.8531468531468531,0.7299111062229503,0.7647690555643837,0.7379220779220779,0.8531468531468531,0.1573426573426573,0.8250617668929454,0.0104895104895104,True,,,,
MaxViT,2D,SCS,Spinal Canal Stenosis,spinal_canal_stenosis,1,42,test,L5/S1,nas_best_maxvit_2d,MaxViT 2D,278,6,,0.9615384615384616,0.4893617021276595,0.553131313131313,0.5172266393092245,0.9615384615384616,0.0489510489510489,0.43208895949166,0.0104895104895104,True,,,,
MaxViT,2D,SCS,Spinal Canal Stenosis,spinal_canal_stenosis,2,142,train,L1/L2,nas_best_maxvit_2d,MaxViT 2D,278,9,,0.9639097744360904,0.8075354303491186,0.4820615892044463,0.5550698175263645,0.9639097744360904,0.0383458646616541,0.5130583353673419,0.0022556390977443,True,,,,
MaxViT,2D,SCS,Spinal Canal Stenosis,spinal_canal_stenosis,2,142,train,L2/L3,nas_best_maxvit_2d,MaxViT 2D,278,9,,0.9473684210526316,0.8562802762322187,0.6700288136153069,0.7391709289600521,0.9473684210526316,0.0571428571428571,0.7551863921786821,0.0045112781954887,True,,,,
MaxViT,2D,SCS,Spinal Canal Stenosis,spinal_canal_stenosis,2,142,train,L3/L4,nas_best_maxvit_2d,MaxViT 2D,278,9,,0.9195488721804512,0.857093765341188,0.7338875242822046,0.7825221225715375,0.9195488721804512,0.0834586466165413,0.8419825119459105,0.0030075187969924,True,,,,
MaxViT,2D,SCS,Spinal Canal Stenosis,spinal_canal_stenosis,2,142,train,L4/L5,nas_best_maxvit_2d,MaxViT 2D,278,9,,0.9278195488721804,0.8746273786889843,0.8289114208231855,0.8485743785991874,0.9278195488721804,0.0766917293233082,0.9134949478813053,0.0045112781954887,True,,,,
MaxViT,2D,SCS,Spinal Canal Stenosis,spinal_canal_stenosis,2,142,train,L5/S1,nas_best_maxvit_2d,MaxViT 2D,278,9,,0.9721804511278196,0.8062576566581144,0.6288495984283816,0.6654611813400525,0.9721804511278196,0.0300751879699248,0.6548962093862816,0.0022556390977443,True,,,,
MaxViT,2D,SCS,Spinal Canal Stenosis,spinal_canal_stenosis,2,142,validation,L1/L2,nas_best_maxvit_2d,MaxViT 2D,278,9,,0.9444444444444444,0.4835680751173708,0.3809523809523809,0.3989838213664928,0.9444444444444444,0.0625,0.3410981697171381,0.0069444444444444,True,288,270,14,4
MaxViT,2D,SCS,Spinal Canal Stenosis,spinal_canal_stenosis,2,142,validation,L2/L3,nas_best_maxvit_2d,MaxViT 2D,278,9,,0.9201388888888888,0.858974358974359,0.5041399730115684,0.5540880503144654,0.9201388888888888,0.0972222222222222,0.468944099378882,0.0173611111111111,True,288,257,22,9
MaxViT,2D,SCS,Spinal Canal Stenosis,spinal_canal_stenosis,2,142,validation,L3/L4,nas_best_maxvit_2d,MaxViT 2D,278,9,,0.8645833333333334,0.6503866503866503,0.5584045584045584,0.5924237627941332,0.8645833333333334,0.1423611111111111,0.6852229670649956,0.0069444444444444,True,288,234,39,15
MaxViT,2D,SCS,Spinal Canal Stenosis,spinal_canal_stenosis,2,142,validation,L4/L5,nas_best_maxvit_2d,MaxViT 2D,278,9,,0.8576388888888888,0.6750408845481072,0.6589506172839505,0.6525843308615166,0.8576388888888888,0.1527777777777778,0.8287671232876712,0.0104166666666666,True,288,216,36,36
MaxViT,2D,SCS,Spinal Canal Stenosis,spinal_canal_stenosis,2,142,validation,L5/S1,nas_best_maxvit_2d,MaxViT 2D,278,9,,0.9618055555555556,0.655011655011655,0.4444444444444444,0.4940688018979833,0.9618055555555556,0.0416666666666666,0.4549878345498783,0.0034722222222222,True,288,276,9,3
MaxViT,2D,SCS,Spinal Canal Stenosis,spinal_canal_stenosis,2,142,test,L1/L2,nas_best_maxvit_2d,MaxViT 2D,278,9,,0.9572953736654805,0.3248792270531401,0.3333333333333333,0.3290519877675841,0.9572953736654805,0.0427046263345195,0.6177737474495579,0.0,True,,,,
MaxViT,2D,SCS,Spinal Canal Stenosis,spinal_canal_stenosis,2,142,test,L2/L3,nas_best_maxvit_2d,MaxViT 2D,278,9,,0.9252669039145908,0.6823232323232323,0.5177248677248677,0.5550320480553038,0.9252669039145908,0.0889679715302491,0.5532160925078294,0.0142348754448398,True,,,,
MaxViT,2D,SCS,Spinal Canal Stenosis,spinal_canal_stenosis,2,142,test,L3/L4,nas_best_maxvit_2d,MaxViT 2D,278,9,,0.8896797153024911,0.758940524000765,0.6596791838706962,0.6972493186807583,0.8896797153024911,0.1103202846975089,0.7956747120774986,0.0,True,,,,
MaxViT,2D,SCS,Spinal Canal Stenosis,spinal_canal_stenosis,2,142,test,L4/L5,nas_best_maxvit_2d,MaxViT 2D,278,9,,0.8683274021352313,0.7487677441237812,0.715575276977563,0.7219561515538526,0.8683274021352313,0.1494661921708185,0.8098435751281852,0.0177935943060498,True,,,,
MaxViT,2D,SCS,Spinal Canal Stenosis,spinal_canal_stenosis,2,142,test,L5/S1,nas_best_maxvit_2d,MaxViT 2D,278,9,,0.9715302491103204,0.4916367980884109,0.4154456654456654,0.4396135265700483,0.9715302491103204,0.0427046263345195,0.2768914050437467,0.0142348754448398,True,,,,
MaxViT,2D,SCS,Spinal Canal Stenosis,spinal_canal_stenosis,3,242,train,L1/L2,nas_best_maxvit_2d,MaxViT 2D,278,9,,0.9677902621722848,0.810281716245019,0.5203120927808184,0.5953383444062647,0.9677902621722848,0.0329588014981273,0.6773023930384336,0.0007490636704119,True,,,,
MaxViT,2D,SCS,Spinal Canal Stenosis,spinal_canal_stenosis,3,242,train,L2/L3,nas_best_maxvit_2d,MaxViT 2D,278,9,,0.9438202247191012,0.7911659170783257,0.7004894488549142,0.7347897840155769,0.9438202247191012,0.0606741573033707,0.7816866859738246,0.0044943820224719,True,,,,
MaxViT,2D,SCS,Spinal Canal Stenosis,spinal_canal_stenosis,3,242,train,L3/L4,nas_best_maxvit_2d,MaxViT 2D,278,9,,0.9273408239700376,0.8430433737801576,0.776417092488518,0.7901290691974979,0.9273408239700376,0.0726591760299625,0.8826160853898973,0.0,True,,,,
MaxViT,2D,SCS,Spinal Canal Stenosis,spinal_canal_stenosis,3,242,train,L4/L5,nas_best_maxvit_2d,MaxViT 2D,278,9,,0.9108614232209736,0.8452631416011392,0.788341331266332,0.7997531851167494,0.9108614232209736,0.1003745318352059,0.8799850022365086,0.0112359550561797,True,,,,
MaxViT,2D,SCS,Spinal Canal Stenosis,spinal_canal_stenosis,3,242,train,L5/S1,nas_best_maxvit_2d,MaxViT 2D,278,9,,0.9692883895131086,0.8247474747474747,0.498865781870862,0.5103589806285053,0.9692883895131086,0.0389513108614232,0.4908834169921976,0.0082397003745318,True,,,,
MaxViT,2D,SCS,Spinal Canal Stenosis,spinal_canal_stenosis,3,242,validation,L1/L2,nas_best_maxvit_2d,MaxViT 2D,278,9,,0.9646643109540636,0.8135802469135802,0.6666666666666666,0.7245599928526758,0.9646643109540636,0.0353356890459364,0.8050158467686371,0.0,True,283,263,16,4
MaxViT,2D,SCS,Spinal Canal Stenosis,spinal_canal_stenosis,3,242,validation,L2/L3,nas_best_maxvit_2d,MaxViT 2D,278,9,,0.9293286219081272,0.7666136080458331,0.752117953730857,0.7522150820310598,0.9293286219081272,0.0742049469964664,0.8130403561683183,0.0035335689045936,True,283,248,24,11
MaxViT,2D,SCS,Spinal Canal Stenosis,spinal_canal_stenosis,3,242,validation,L3/L4,nas_best_maxvit_2d,MaxViT 2D,278,9,,0.8939929328621908,0.7437392244528214,0.6895390688494136,0.6959943977591037,0.8939929328621908,0.1201413427561837,0.7669960009409551,0.0141342756183745,True,283,232,33,18
MaxViT,2D,SCS,Spinal Canal Stenosis,spinal_canal_stenosis,3,242,validation,L4/L5,nas_best_maxvit_2d,MaxViT 2D,278,9,,0.8692579505300353,0.6983806963645675,0.7068893298059965,0.68616303551388,0.8692579505300353,0.1484098939929328,0.8265645256334708,0.0176678445229682,True,283,216,32,35
MaxViT,2D,SCS,Spinal Canal Stenosis,spinal_canal_stenosis,3,242,validation,L5/S1,nas_best_maxvit_2d,MaxViT 2D,278,9,,0.978798586572438,0.5496031746031745,0.6654589371980676,0.5964028776978417,0.978798586572438,0.0247349823321554,0.6344194057700587,0.0035335689045936,True,283,276,5,2
MaxViT,2D,SCS,Spinal Canal Stenosis,spinal_canal_stenosis,3,242,test,L1/L2,nas_best_maxvit_2d,MaxViT 2D,278,9,,0.9750889679715302,0.9916067146282974,0.7407407407407408,0.7836286360876524,0.9750889679715302,0.0249110320284697,0.6254046848219388,0.0,True,,,,
MaxViT,2D,SCS,Spinal Canal Stenosis,spinal_canal_stenosis,3,242,test,L2/L3,nas_best_maxvit_2d,MaxViT 2D,278,9,,0.9430604982206404,0.5751976695796921,0.5182790549169859,0.5344276094276094,0.9430604982206404,0.0604982206405693,0.6710210117690554,0.0035587188612099,True,,,,
MaxViT,2D,SCS,Spinal Canal Stenosis,spinal_canal_stenosis,3,242,test,L3/L4,nas_best_maxvit_2d,MaxViT 2D,278,9,,0.8896797153024911,0.7424663662799987,0.7066570881226054,0.7124542124542125,0.8896797153024911,0.1138790035587188,0.7908402294321117,0.0035587188612099,True,,,,
MaxViT,2D,SCS,Spinal Canal Stenosis,spinal_canal_stenosis,3,242,test,L4/L5,nas_best_maxvit_2d,MaxViT 2D,278,9,,0.896797153024911,0.7837505489679403,0.7192384370015948,0.7286421863363971,0.896797153024911,0.1103202846975089,0.8855104012665448,0.0071174377224199,True,,,,
MaxViT,2D,SCS,Spinal Canal Stenosis,spinal_canal_stenosis,3,242,test,L5/S1,nas_best_maxvit_2d,MaxViT 2D,278,9,,0.9466192170818504,0.4521739130434783,0.6641604010025063,0.5151994377086627,0.9466192170818504,0.0604982206405693,0.4722296753420982,0.0071174377224199,True,,,,
MaxViT,2D,SCS,Spinal Canal Stenosis,spinal_canal_stenosis,4,342,train,L1/L2,nas_best_maxvit_2d,MaxViT 2D,278,5,,0.9653614457831324,0.5072375127420999,0.4164046121593291,0.4430071059431524,0.9653614457831324,0.0376506024096385,0.472496164803857,0.003012048192771,True,,,,
MaxViT,2D,SCS,Spinal Canal Stenosis,spinal_canal_stenosis,4,342,train,L2/L3,nas_best_maxvit_2d,MaxViT 2D,278,5,,0.9292168674698796,0.8445257305296602,0.6109599171003629,0.6869896306057899,0.9292168674698796,0.0745481927710843,0.6829618727221755,0.0037650602409638,True,,,,
MaxViT,2D,SCS,Spinal Canal Stenosis,spinal_canal_stenosis,4,342,train,L3/L4,nas_best_maxvit_2d,MaxViT 2D,278,5,,0.8930722891566265,0.7325062261014438,0.6359290183448812,0.6727321514767212,0.8930722891566265,0.1114457831325301,0.7788689094765413,0.0045180722891566,True,,,,
MaxViT,2D,SCS,Spinal Canal Stenosis,spinal_canal_stenosis,4,342,train,L4/L5,nas_best_maxvit_2d,MaxViT 2D,278,5,,0.8825301204819277,0.7678745354868557,0.7203377034367033,0.7346837829365905,0.8825301204819277,0.1317771084337349,0.8361143556371322,0.0143072289156626,True,,,,
MaxViT,2D,SCS,Spinal Canal Stenosis,spinal_canal_stenosis,4,342,train,L5/S1,nas_best_maxvit_2d,MaxViT 2D,278,5,,0.9743975903614458,0.8585735963581184,0.4987308987308987,0.571967827438077,0.9743975903614458,0.0308734939759036,0.4377732619003633,0.0052710843373493,True,,,,
MaxViT,2D,SCS,Spinal Canal Stenosis,spinal_canal_stenosis,4,342,validation,L1/L2,nas_best_maxvit_2d,MaxViT 2D,278,5,,0.9574468085106383,0.4664935064935065,0.4229986431478969,0.4389195825659914,0.9574468085106383,0.0425531914893617,0.5884213086840184,0.0,True,282,268,11,3
MaxViT,2D,SCS,Spinal Canal Stenosis,spinal_canal_stenosis,4,342,validation,L2/L3,nas_best_maxvit_2d,MaxViT 2D,278,5,,0.9361702127659576,0.7765344921238458,0.6087835277274833,0.6636613215199351,0.9361702127659576,0.0744680851063829,0.6944377558391523,0.0106382978723404,True,282,254,17,11
MaxViT,2D,SCS,Spinal Canal Stenosis,spinal_canal_stenosis,4,342,validation,L3/L4,nas_best_maxvit_2d,MaxViT 2D,278,5,,0.9113475177304964,0.772078725671213,0.7296419359966363,0.7449950547633852,0.9113475177304964,0.0957446808510638,0.8202787714320957,0.0070921985815602,True,282,233,31,18
MaxViT,2D,SCS,Spinal Canal Stenosis,spinal_canal_stenosis,4,342,validation,L4/L5,nas_best_maxvit_2d,MaxViT 2D,278,5,,0.8794326241134752,0.711889708465051,0.708826337858596,0.7094058363976279,0.8794326241134752,0.1276595744680851,0.8582629674306393,0.0070921985815602,True,282,217,28,37
MaxViT,2D,SCS,Spinal Canal Stenosis,spinal_canal_stenosis,4,342,validation,L5/S1,nas_best_maxvit_2d,MaxViT 2D,278,5,,0.950354609929078,0.4335748792270531,0.3654228855721393,0.3784879336349924,0.950354609929078,0.0602836879432624,0.4228510411105179,0.0106382978723404,True,282,268,10,4
MaxViT,2D,SCS,Spinal Canal Stenosis,spinal_canal_stenosis,4,342,test,L1/L2,nas_best_maxvit_2d,MaxViT 2D,278,5,,0.9550173010380624,0.4719576719576719,0.4654456654456654,0.4682592557342723,0.9550173010380624,0.0519031141868512,0.5435957110797107,0.0069204152249134,True,,,,
MaxViT,2D,SCS,Spinal Canal Stenosis,spinal_canal_stenosis,4,342,test,L2/L3,nas_best_maxvit_2d,MaxViT 2D,278,5,,0.9273356401384084,0.7372405372405372,0.6001740993705638,0.6499025520617528,0.9273356401384084,0.0865051903114186,0.585798045602606,0.0138408304498269,True,,,,
MaxViT,2D,SCS,Spinal Canal Stenosis,spinal_canal_stenosis,4,342,test,L3/L4,nas_best_maxvit_2d,MaxViT 2D,278,5,,0.8927335640138409,0.7441383960991804,0.7398177604964457,0.7290095525389643,0.8927335640138409,0.1107266435986159,0.8265612313340629,0.0034602076124567,True,,,,
MaxViT,2D,SCS,Spinal Canal Stenosis,spinal_canal_stenosis,4,342,test,L4/L5,nas_best_maxvit_2d,MaxViT 2D,278,5,,0.8788927335640139,0.7385019850773276,0.7167317631277864,0.7246052253804192,0.8788927335640139,0.1314878892733564,0.8584783866803187,0.0103806228373702,True,,,,
MaxViT,2D,SCS,Spinal Canal Stenosis,spinal_canal_stenosis,4,342,test,L5/S1,nas_best_maxvit_2d,MaxViT 2D,278,5,,0.9550173010380624,0.6527293844367015,0.4154589371980676,0.4589698046181172,0.9550173010380624,0.0553633217993079,0.257936507936508,0.0103806228373702,True,,,,
MaxViT,2D,SCS,Spinal Canal Stenosis,spinal_canal_stenosis,5,442,train,L1/L2,nas_best_maxvit_2d,MaxViT 2D,278,3,,0.9585218702865762,0.4423781541652263,0.3633734824586559,0.3754947852508828,0.9585218702865762,0.0475113122171945,0.2805455969011414,0.0060331825037707,True,,,,
MaxViT,2D,SCS,Spinal Canal Stenosis,spinal_canal_stenosis,5,442,train,L2/L3,nas_best_maxvit_2d,MaxViT 2D,278,3,,0.9072398190045248,0.4841012364225251,0.410873315976527,0.4285452210603559,0.9072398190045248,0.1055806938159879,0.3719916165382835,0.0128205128205128,True,,,,
MaxViT,2D,SCS,Spinal Canal Stenosis,spinal_canal_stenosis,5,442,train,L3/L4,nas_best_maxvit_2d,MaxViT 2D,278,3,,0.861236802413273,0.7280645717584782,0.5179970993164348,0.5729816005767537,0.861236802413273,0.1515837104072398,0.6311513249007479,0.0128205128205128,True,,,,
MaxViT,2D,SCS,Spinal Canal Stenosis,spinal_canal_stenosis,5,442,train,L4/L5,nas_best_maxvit_2d,MaxViT 2D,278,3,,0.8536953242835595,0.7320985298334021,0.6335554206080659,0.6703188620320376,0.8536953242835595,0.1644042232277526,0.7767885846494215,0.0180995475113122,True,,,,
MaxViT,2D,SCS,Spinal Canal Stenosis,spinal_canal_stenosis,5,442,train,L5/S1,nas_best_maxvit_2d,MaxViT 2D,278,3,,0.9683257918552036,0.6561006289308177,0.3571428571428571,0.3724096796182686,0.9683257918552036,0.0414781297134238,0.0881259232846007,0.0098039215686274,True,,,,
MaxViT,2D,SCS,Spinal Canal Stenosis,spinal_canal_stenosis,5,442,validation,L1/L2,nas_best_maxvit_2d,MaxViT 2D,278,3,,0.9475524475524476,0.3169590643274854,0.3333333333333333,0.3249400479616307,0.9475524475524476,0.0629370629370629,0.1387703889585947,0.0104895104895104,True,286,271,11,4
MaxViT,2D,SCS,Spinal Canal Stenosis,spinal_canal_stenosis,5,442,validation,L2/L3,nas_best_maxvit_2d,MaxViT 2D,278,3,,0.916083916083916,0.4792429792429792,0.437299474366851,0.4510448366808683,0.916083916083916,0.1013986013986013,0.4521072796934866,0.0174825174825174,True,286,257,19,10
MaxViT,2D,SCS,Spinal Canal Stenosis,spinal_canal_stenosis,5,442,validation,L3/L4,nas_best_maxvit_2d,MaxViT 2D,278,3,,0.8741258741258742,0.4474358974358974,0.4743589743589744,0.4603309182467499,0.8741258741258742,0.1468531468531468,0.5632352941176471,0.0209790209790209,True,286,239,26,21
MaxViT,2D,SCS,Spinal Canal Stenosis,spinal_canal_stenosis,5,442,validation,L4/L5,nas_best_maxvit_2d,MaxViT 2D,278,3,,0.8776223776223776,0.8171676203651302,0.7234424088389989,0.7614100185528757,0.8776223776223776,0.1398601398601398,0.8077078234677137,0.0174825174825174,True,286,213,35,38
MaxViT,2D,SCS,Spinal Canal Stenosis,spinal_canal_stenosis,5,442,validation,L5/S1,nas_best_maxvit_2d,MaxViT 2D,278,3,,0.9475524475524476,0.3158508158508158,0.3333333333333333,0.3243566726511071,0.9475524475524476,0.0629370629370629,0.0,0.0104895104895104,True,286,271,12,3
MaxViT,2D,SCS,Spinal Canal Stenosis,spinal_canal_stenosis,5,442,test,L1/L2,nas_best_maxvit_2d,MaxViT 2D,278,3,,0.9581881533101044,0.6526806526806527,0.3666666666666667,0.3867965367965367,0.9581881533101044,0.0522648083623693,0.0825087532348911,0.0104529616724738,True,,,,
MaxViT,2D,SCS,Spinal Canal Stenosis,spinal_canal_stenosis,5,442,test,L2/L3,nas_best_maxvit_2d,MaxViT 2D,278,3,,0.9198606271777005,0.4352217830478699,0.4104875666741792,0.4180189766781945,0.9198606271777005,0.0905923344947735,0.4781225139220366,0.0104529616724738,True,,,,
MaxViT,2D,SCS,Spinal Canal Stenosis,spinal_canal_stenosis,5,442,test,L3/L4,nas_best_maxvit_2d,MaxViT 2D,278,3,,0.8606271777003485,0.711683924506132,0.475240206947524,0.5222656173336211,0.8606271777003485,0.1463414634146341,0.5572769953051644,0.0069686411149825,True,,,,
MaxViT,2D,SCS,Spinal Canal Stenosis,spinal_canal_stenosis,5,442,test,L4/L5,nas_best_maxvit_2d,MaxViT 2D,278,3,,0.8745644599303136,0.716154332034951,0.6544642857142857,0.6809144914004248,0.8745644599303136,0.1428571428571428,0.7952208402702967,0.0174216027874564,True,,,,
MaxViT,2D,SCS,Spinal Canal Stenosis,spinal_canal_stenosis,5,442,test,L5/S1,nas_best_maxvit_2d,MaxViT 2D,278,3,,0.9651567944250872,0.321718931475029,0.3333333333333333,0.3274231678486998,0.9651567944250872,0.0418118466898954,0.0,0.0069686411149825,True,,,,
ViT,2.5D-to-3D,LFN,Left Neural Foraminal Narrowing,left_neural_foraminal_narrowing,1,42,train,L1/L2,nas_best_vit3d_3d,ViT 3D,1512,9,,0.9703113685734974,0.3234371228578325,0.3333333333333333,0.3283106700967781,0.9703113685734974,0.0311368573497465,0.0,0.001448225923244,True,,,,
ViT,2.5D-to-3D,LFN,Left Neural Foraminal Narrowing,left_neural_foraminal_narrowing,1,42,train,L2/L3,nas_best_vit3d_3d,ViT 3D,1512,9,,0.9080376538740044,0.3026792179580014,0.3333333333333333,0.3172675521821632,0.9080376538740044,0.0955829109341057,0.0,0.00362056480811,True,,,,
ViT,2.5D-to-3D,LFN,Left Neural Foraminal Narrowing,left_neural_foraminal_narrowing,1,42,train,L3/L4,nas_best_vit3d_3d,ViT 3D,1512,9,,0.776249094858798,0.258749698286266,0.3333333333333333,0.291343932599538,0.776249094858798,0.2411296162201303,0.0,0.0173787110789283,True,,,,
ViT,2.5D-to-3D,LFN,Left Neural Foraminal Narrowing,left_neural_foraminal_narrowing,1,42,train,L4/L5,nas_best_vit3d_3d,ViT 3D,1512,9,,0.6097031136857349,0.2032343712285783,0.3333333333333333,0.2525116209326736,0.6097031136857349,0.4641564083997103,0.0,0.0738595220854453,True,,,,
ViT,2.5D-to-3D,LFN,Left Neural Foraminal Narrowing,left_neural_foraminal_narrowing,1,42,train,L5/S1,nas_best_vit3d_3d,ViT 3D,1512,9,,0.6263577118030412,0.3597956577266921,0.3399724449416785,0.2780460436568473,0.6263577118030412,0.4757422157856625,0.0151633788376465,0.1020999275887038,True,,,,
ViT,2.5D-to-3D,LFN,Left Neural Foraminal Narrowing,left_neural_foraminal_narrowing,1,42,validation,L1/L2,nas_best_vit3d_3d,ViT 3D,1512,9,,0.9593220338983052,0.319774011299435,0.3333333333333333,0.3264129181084198,0.9593220338983052,0.0406779661016949,0.0,0.0,True,295,283,12,0
ViT,2.5D-to-3D,LFN,Left Neural Foraminal Narrowing,left_neural_foraminal_narrowing,1,42,validation,L2/L3,nas_best_vit3d_3d,ViT 3D,1512,9,,0.9084745762711864,0.3028248587570621,0.3333333333333333,0.3173475429248075,0.9084745762711864,0.0983050847457627,0.0,0.0067796610169491,True,295,268,25,2
ViT,2.5D-to-3D,LFN,Left Neural Foraminal Narrowing,left_neural_foraminal_narrowing,1,42,validation,L3/L4,nas_best_vit3d_3d,ViT 3D,1512,9,,0.7491525423728813,0.2497175141242937,0.3333333333333333,0.2855297157622739,0.7491525423728813,0.2711864406779661,0.0,0.0203389830508474,True,295,221,68,6
ViT,2.5D-to-3D,LFN,Left Neural Foraminal Narrowing,left_neural_foraminal_narrowing,1,42,validation,L4/L5,nas_best_vit3d_3d,ViT 3D,1512,9,,0.6067796610169491,0.2022598870056497,0.3333333333333333,0.2517580872011252,0.6067796610169491,0.4644067796610169,0.0,0.0711864406779661,True,295,179,95,21
ViT,2.5D-to-3D,LFN,Left Neural Foraminal Narrowing,left_neural_foraminal_narrowing,1,42,validation,L5/S1,nas_best_vit3d_3d,ViT 3D,1512,9,,0.6610169491525424,0.4862068965517241,0.3501157407407407,0.2988090747426847,0.6610169491525424,0.4440677966101695,0.017599861961867,0.1050847457627118,True,295,192,72,31
ViT,2.5D-to-3D,LFN,Left Neural Foraminal Narrowing,left_neural_foraminal_narrowing,1,42,test,L1/L2,nas_best_vit3d_3d,ViT 3D,1512,9,,0.9594594594594594,0.3198198198198198,0.3333333333333333,0.3264367816091953,0.9594594594594594,0.0405405405405405,0.0,0.0,True,,,,
ViT,2.5D-to-3D,LFN,Left Neural Foraminal Narrowing,left_neural_foraminal_narrowing,1,42,test,L2/L3,nas_best_vit3d_3d,ViT 3D,1512,9,,0.9087837837837838,0.3029279279279279,0.3333333333333333,0.3174041297935103,0.9087837837837838,0.1013513513513513,0.0,0.0101351351351351,True,,,,
ViT,2.5D-to-3D,LFN,Left Neural Foraminal Narrowing,left_neural_foraminal_narrowing,1,42,test,L3/L4,nas_best_vit3d_3d,ViT 3D,1512,9,,0.7736486486486487,0.2578828828828829,0.3333333333333333,0.2907936507936507,0.7736486486486487,0.2601351351351351,0.0,0.0337837837837837,True,,,,
ViT,2.5D-to-3D,LFN,Left Neural Foraminal Narrowing,left_neural_foraminal_narrowing,1,42,test,L4/L5,nas_best_vit3d_3d,ViT 3D,1512,9,,0.6182432432432432,0.206081081081081,0.3333333333333333,0.2546972860125261,0.6182432432432432,0.4391891891891892,0.0,0.0574324324324324,True,,,,
ViT,2.5D-to-3D,LFN,Left Neural Foraminal Narrowing,left_neural_foraminal_narrowing,1,42,test,L5/S1,nas_best_vit3d_3d,ViT 3D,1512,9,,0.6385135135135135,0.6308705612829324,0.3435672514619883,0.2890209688596785,0.6385135135135135,0.4594594594594595,0.0226034858387799,0.0979729729729729,True,,,,
ViT,2.5D-to-3D,LFN,Left Neural Foraminal Narrowing,left_neural_foraminal_narrowing,2,142,train,L1/L2,nas_best_vit3d_3d,ViT 3D,1512,3,,0.9695872556118754,0.3231957518706251,0.3333333333333333,0.3281862745098039,0.9695872556118754,0.0318609703113685,0.0,0.001448225923244,True,,,,
ViT,2.5D-to-3D,LFN,Left Neural Foraminal Narrowing,left_neural_foraminal_narrowing,2,142,train,L2/L3,nas_best_vit3d_3d,ViT 3D,1512,3,,0.9109341057204924,0.3036447019068308,0.3333333333333333,0.3177971453833523,0.9109341057204924,0.0941346850108617,0.0,0.005068790731354,True,,,,
ViT,2.5D-to-3D,LFN,Left Neural Foraminal Narrowing,left_neural_foraminal_narrowing,2,142,train,L3/L4,nas_best_vit3d_3d,ViT 3D,1512,3,,0.782766111513396,0.260922037171132,0.3333333333333333,0.2927159490928784,0.782766111513396,0.2389572773352643,0.0,0.0217233888486603,True,,,,
ViT,2.5D-to-3D,LFN,Left Neural Foraminal Narrowing,left_neural_foraminal_narrowing,2,142,train,L4/L5,nas_best_vit3d_3d,ViT 3D,1512,3,,0.6140477914554671,0.2046825971518223,0.3333333333333333,0.2536264393599521,0.6140477914554671,0.4547429398986242,0.0,0.0687907313540912,True,,,,
ViT,2.5D-to-3D,LFN,Left Neural Foraminal Narrowing,left_neural_foraminal_narrowing,2,142,train,L5/S1,nas_best_vit3d_3d,ViT 3D,1512,3,,0.6379435191889935,0.3688303237351554,0.3375965537730243,0.2719689643396304,0.6379435191889935,0.4648805213613323,0.008553012083688,0.1028240405503258,True,,,,
ViT,2.5D-to-3D,LFN,Left Neural Foraminal Narrowing,left_neural_foraminal_narrowing,2,142,validation,L1/L2,nas_best_vit3d_3d,ViT 3D,1512,3,,0.9593220338983052,0.319774011299435,0.3333333333333333,0.3264129181084198,0.9593220338983052,0.0406779661016949,0.0,0.0,True,295,283,12,0
ViT,2.5D-to-3D,LFN,Left Neural Foraminal Narrowing,left_neural_foraminal_narrowing,2,142,validation,L2/L3,nas_best_vit3d_3d,ViT 3D,1512,3,,0.9016949152542372,0.3005649717514124,0.3333333333333333,0.3161021984551396,0.9016949152542372,0.1016949152542373,0.0,0.0033898305084745,True,295,266,28,1
ViT,2.5D-to-3D,LFN,Left Neural Foraminal Narrowing,left_neural_foraminal_narrowing,2,142,validation,L3/L4,nas_best_vit3d_3d,ViT 3D,1512,3,,0.7254237288135593,0.2418079096045197,0.3333333333333333,0.2802881466928618,0.7254237288135593,0.2949152542372881,0.0,0.0203389830508474,True,295,214,75,6
ViT,2.5D-to-3D,LFN,Left Neural Foraminal Narrowing,left_neural_foraminal_narrowing,2,142,validation,L4/L5,nas_best_vit3d_3d,ViT 3D,1512,3,,0.6033898305084746,0.2011299435028248,0.3333333333333333,0.2508809020436927,0.6033898305084746,0.4644067796610169,0.0,0.0677966101694915,True,295,178,97,20
ViT,2.5D-to-3D,LFN,Left Neural Foraminal Narrowing,left_neural_foraminal_narrowing,2,142,validation,L5/S1,nas_best_vit3d_3d,ViT 3D,1512,3,,0.6237288135593221,0.3058862433862434,0.3349368043765328,0.272041753511938,0.6237288135593221,0.4847457627118644,0.0060549831534741,0.1084745762711864,True,295,186,76,33
ViT,2.5D-to-3D,LFN,Left Neural Foraminal Narrowing,left_neural_foraminal_narrowing,2,142,test,L1/L2,nas_best_vit3d_3d,ViT 3D,1512,3,,0.9628378378378378,0.3209459459459459,0.3333333333333333,0.3270223752151462,0.9628378378378378,0.0371621621621621,0.0,0.0,True,,,,
ViT,2.5D-to-3D,LFN,Left Neural Foraminal Narrowing,left_neural_foraminal_narrowing,2,142,test,L2/L3,nas_best_vit3d_3d,ViT 3D,1512,3,,0.902027027027027,0.3006756756756756,0.3333333333333333,0.3161634103019538,0.902027027027027,0.1047297297297297,0.0,0.0067567567567567,True,,,,
ViT,2.5D-to-3D,LFN,Left Neural Foraminal Narrowing,left_neural_foraminal_narrowing,2,142,test,L3/L4,nas_best_vit3d_3d,ViT 3D,1512,3,,0.7668918918918919,0.2556306306306306,0.3333333333333333,0.2893562778840025,0.7668918918918919,0.2466216216216216,0.0,0.0135135135135135,True,,,,
ViT,2.5D-to-3D,LFN,Left Neural Foraminal Narrowing,left_neural_foraminal_narrowing,2,142,test,L4/L5,nas_best_vit3d_3d,ViT 3D,1512,3,,0.6013513513513513,0.2004504504504504,0.3333333333333333,0.250351617440225,0.6013513513513513,0.4831081081081081,0.0,0.0844594594594594,True,,,,
ViT,2.5D-to-3D,LFN,Left Neural Foraminal Narrowing,left_neural_foraminal_narrowing,2,142,test,L5/S1,nas_best_vit3d_3d,ViT 3D,1512,3,,0.6081081081081081,0.3157088122605364,0.3354713067039225,0.2662831312923772,0.6081081081081081,0.4831081081081081,0.011057594464419,0.0912162162162162,True,,,,
ViT,2.5D-to-3D,LFN,Left Neural Foraminal Narrowing,left_neural_foraminal_narrowing,3,242,train,L1/L2,nas_best_vit3d_3d,ViT 3D,1512,2,,0.9659420289855072,0.3219806763285024,0.3333333333333333,0.3275586681410493,0.9659420289855072,0.0347826086956521,0.0,0.0007246376811594,True,,,,
ViT,2.5D-to-3D,LFN,Left Neural Foraminal Narrowing,left_neural_foraminal_narrowing,3,242,train,L2/L3,nas_best_vit3d_3d,ViT 3D,1512,2,,0.9065217391304348,0.3021739130434782,0.3333333333333333,0.3169897377423033,0.9065217391304348,0.0985507246376811,0.0,0.0050724637681159,True,,,,
ViT,2.5D-to-3D,LFN,Left Neural Foraminal Narrowing,left_neural_foraminal_narrowing,3,242,train,L3/L4,nas_best_vit3d_3d,ViT 3D,1512,2,,0.7840579710144927,0.2613526570048309,0.3333333333333333,0.2929867316544814,0.7840579710144927,0.2347826086956521,0.0,0.0188405797101449,True,,,,
ViT,2.5D-to-3D,LFN,Left Neural Foraminal Narrowing,left_neural_foraminal_narrowing,3,242,train,L4/L5,nas_best_vit3d_3d,ViT 3D,1512,2,,0.6202898550724638,0.2067632850241546,0.3333333333333333,0.2552176505664877,0.6202898550724638,0.45,0.0,0.0702898550724637,True,,,,
ViT,2.5D-to-3D,LFN,Left Neural Foraminal Narrowing,left_neural_foraminal_narrowing,3,242,train,L5/S1,nas_best_vit3d_3d,ViT 3D,1512,2,,0.6333333333333333,0.2111111111111111,0.3333333333333333,0.2585034013605442,0.6333333333333333,0.4710144927536231,0.0,0.1043478260869565,True,,,,
ViT,2.5D-to-3D,LFN,Left Neural Foraminal Narrowing,left_neural_foraminal_narrowing,3,242,validation,L1/L2,nas_best_vit3d_3d,ViT 3D,1512,2,,0.9763513513513512,0.3254504504504504,0.3333333333333333,0.3293447293447293,0.9763513513513512,0.027027027027027,0.0,0.0033783783783783,True,296,289,6,1
ViT,2.5D-to-3D,LFN,Left Neural Foraminal Narrowing,left_neural_foraminal_narrowing,3,242,validation,L2/L3,nas_best_vit3d_3d,ViT 3D,1512,2,,0.9155405405405406,0.3051801801801801,0.3333333333333333,0.3186360964138742,0.9155405405405406,0.0912162162162162,0.0,0.0067567567567567,True,296,271,23,2
ViT,2.5D-to-3D,LFN,Left Neural Foraminal Narrowing,left_neural_foraminal_narrowing,3,242,validation,L3/L4,nas_best_vit3d_3d,ViT 3D,1512,2,,0.7263513513513513,0.2421171171171171,0.3333333333333333,0.2804957599478147,0.7263513513513513,0.2939189189189189,0.0,0.0202702702702702,True,296,215,75,6
ViT,2.5D-to-3D,LFN,Left Neural Foraminal Narrowing,left_neural_foraminal_narrowing,3,242,validation,L4/L5,nas_best_vit3d_3d,ViT 3D,1512,2,,0.597972972972973,0.1993243243243243,0.3333333333333333,0.2494714587737843,0.597972972972973,0.4695945945945945,0.0,0.0675675675675675,True,296,177,99,20
ViT,2.5D-to-3D,LFN,Left Neural Foraminal Narrowing,left_neural_foraminal_narrowing,3,242,validation,L5/S1,nas_best_vit3d_3d,ViT 3D,1512,2,,0.6554054054054054,0.2184684684684684,0.3333333333333333,0.2639455782312925,0.6554054054054054,0.4527027027027027,0.0,0.1081081081081081,True,296,194,70,32
ViT,2.5D-to-3D,LFN,Left Neural Foraminal Narrowing,left_neural_foraminal_narrowing,3,242,test,L1/L2,nas_best_vit3d_3d,ViT 3D,1512,2,,0.9628378378378378,0.3209459459459459,0.3333333333333333,0.3270223752151462,0.9628378378378378,0.0371621621621621,0.0,0.0,True,,,,
ViT,2.5D-to-3D,LFN,Left Neural Foraminal Narrowing,left_neural_foraminal_narrowing,3,242,test,L2/L3,nas_best_vit3d_3d,ViT 3D,1512,2,,0.9087837837837838,0.3029279279279279,0.3333333333333333,0.3174041297935103,0.9087837837837838,0.0945945945945946,0.0,0.0033783783783783,True,,,,
ViT,2.5D-to-3D,LFN,Left Neural Foraminal Narrowing,left_neural_foraminal_narrowing,3,242,test,L3/L4,nas_best_vit3d_3d,ViT 3D,1512,2,,0.7601351351351351,0.2533783783783783,0.3333333333333333,0.2879078694817658,0.7601351351351351,0.2668918918918919,0.0,0.027027027027027,True,,,,
ViT,2.5D-to-3D,LFN,Left Neural Foraminal Narrowing,left_neural_foraminal_narrowing,3,242,test,L4/L5,nas_best_vit3d_3d,ViT 3D,1512,2,,0.5777027027027027,0.1925675675675675,0.3333333333333333,0.2441113490364025,0.5777027027027027,0.5,0.0,0.0777027027027027,True,,,,
ViT,2.5D-to-3D,LFN,Left Neural Foraminal Narrowing,left_neural_foraminal_narrowing,3,242,test,L5/S1,nas_best_vit3d_3d,ViT 3D,1512,2,,0.6047297297297297,0.2015765765765765,0.3333333333333333,0.2512280701754386,0.6047297297297297,0.4932432432432432,0.0,0.0979729729729729,True,,,,
ViT,2.5D-to-3D,LFN,Left Neural Foraminal Narrowing,left_neural_foraminal_narrowing,4,342,train,L1/L2,nas_best_vit3d_3d,ViT 3D,1512,10,,0.9659666908037654,0.3219888969345885,0.3333333333333333,0.3275629220380601,0.9659666908037654,0.0347574221578566,0.0,0.000724112961622,True,,,,
ViT,2.5D-to-3D,LFN,Left Neural Foraminal Narrowing,left_neural_foraminal_narrowing,4,342,train,L2/L3,nas_best_vit3d_3d,ViT 3D,1512,10,,0.9094858797972484,0.3031619599324161,0.3333333333333333,0.3175325496144608,0.9094858797972484,0.0970311368573497,0.0,0.0065170166545981,True,,,,
ViT,2.5D-to-3D,LFN,Left Neural Foraminal Narrowing,left_neural_foraminal_narrowing,4,342,train,L3/L4,nas_best_vit3d_3d,ViT 3D,1512,10,,0.776249094858798,0.258749698286266,0.3333333333333333,0.291343932599538,0.776249094858798,0.2425778421433743,0.0,0.0188269370021723,True,,,,
ViT,2.5D-to-3D,LFN,Left Neural Foraminal Narrowing,left_neural_foraminal_narrowing,4,342,train,L4/L5,nas_best_vit3d_3d,ViT 3D,1512,10,,0.6212889210716872,0.2076978939724038,0.3325581395348837,0.2556995976754582,0.6212889210716872,0.4540188269370022,0.0052037368213553,0.0753077480086893,True,,,,
ViT,2.5D-to-3D,LFN,Left Neural Foraminal Narrowing,left_neural_foraminal_narrowing,4,342,train,L5/S1,nas_best_vit3d_3d,ViT 3D,1512,10,,0.6321506154960174,0.2107168718320058,0.3333333333333333,0.2582076308784383,0.6321506154960174,0.4721216509775525,0.0,0.1042722664735698,True,,,,
ViT,2.5D-to-3D,LFN,Left Neural Foraminal Narrowing,left_neural_foraminal_narrowing,4,342,validation,L1/L2,nas_best_vit3d_3d,ViT 3D,1512,10,,0.9830508474576272,0.3276836158192091,0.3333333333333333,0.3304843304843305,0.9830508474576272,0.0169491525423728,0.0,0.0,True,295,290,5,0
ViT,2.5D-to-3D,LFN,Left Neural Foraminal Narrowing,left_neural_foraminal_narrowing,4,342,validation,L2/L3,nas_best_vit3d_3d,ViT 3D,1512,10,,0.9220338983050848,0.3073446327683616,0.3333333333333333,0.3198118753674309,0.9220338983050848,0.0779661016949152,0.0,0.0,True,295,272,23,0
ViT,2.5D-to-3D,LFN,Left Neural Foraminal Narrowing,left_neural_foraminal_narrowing,4,342,validation,L3/L4,nas_best_vit3d_3d,ViT 3D,1512,10,,0.7728813559322034,0.2576271186440678,0.3333333333333333,0.2906309751434034,0.7728813559322034,0.2440677966101695,0.0,0.0169491525423728,True,295,228,62,5
ViT,2.5D-to-3D,LFN,Left Neural Foraminal Narrowing,left_neural_foraminal_narrowing,4,342,validation,L4/L5,nas_best_vit3d_3d,ViT 3D,1512,10,,0.5559322033898305,0.3521046643913538,0.3362068965517241,0.2439538110813757,0.5559322033898305,0.4949152542372881,0.0221853930468192,0.0508474576271186,True,295,163,116,16
ViT,2.5D-to-3D,LFN,Left Neural Foraminal Narrowing,left_neural_foraminal_narrowing,4,342,validation,L5/S1,nas_best_vit3d_3d,ViT 3D,1512,10,,0.6372881355932203,0.2124293785310734,0.3333333333333333,0.2594893029675638,0.6372881355932203,0.4779661016949152,0.0,0.1152542372881356,True,295,188,73,34
ViT,2.5D-to-3D,LFN,Left Neural Foraminal Narrowing,left_neural_foraminal_narrowing,4,342,test,L1/L2,nas_best_vit3d_3d,ViT 3D,1512,10,,0.956081081081081,0.3186936936936936,0.3333333333333333,0.3258491652274035,0.956081081081081,0.0472972972972973,0.0,0.0033783783783783,True,,,,
ViT,2.5D-to-3D,LFN,Left Neural Foraminal Narrowing,left_neural_foraminal_narrowing,4,342,test,L2/L3,nas_best_vit3d_3d,ViT 3D,1512,10,,0.8885135135135135,0.2961711711711711,0.3333333333333333,0.3136553369111508,0.8885135135135135,0.1148648648648648,0.0,0.0033783783783783,True,,,,
ViT,2.5D-to-3D,LFN,Left Neural Foraminal Narrowing,left_neural_foraminal_narrowing,4,342,test,L3/L4,nas_best_vit3d_3d,ViT 3D,1512,10,,0.75,0.25,0.3333333333333333,0.2857142857142857,0.75,0.2804054054054054,0.0,0.0304054054054054,True,,,,
ViT,2.5D-to-3D,LFN,Left Neural Foraminal Narrowing,left_neural_foraminal_narrowing,4,342,test,L4/L5,nas_best_vit3d_3d,ViT 3D,1512,10,,0.6114864864864865,0.2038288288288288,0.3333333333333333,0.2529699510831586,0.6114864864864865,0.4493243243243243,0.0,0.0608108108108108,True,,,,
ViT,2.5D-to-3D,LFN,Left Neural Foraminal Narrowing,left_neural_foraminal_narrowing,4,342,test,L5/S1,nas_best_vit3d_3d,ViT 3D,1512,10,,0.6283783783783784,0.2094594594594594,0.3333333333333333,0.2572614107883818,0.6283783783783784,0.4628378378378378,0.0,0.0912162162162162,True,,,,
ViT,2.5D-to-3D,LFN,Left Neural Foraminal Narrowing,left_neural_foraminal_narrowing,5,442,train,L1/L2,nas_best_vit3d_3d,ViT 3D,1512,3,,0.9681620839363242,0.3227206946454414,0.3333333333333333,0.3279411764705882,0.9681620839363242,0.0332850940665701,0.0,0.0014471780028943,True,,,,
ViT,2.5D-to-3D,LFN,Left Neural Foraminal Narrowing,left_neural_foraminal_narrowing,5,442,train,L2/L3,nas_best_vit3d_3d,ViT 3D,1512,3,,0.9124457308248914,0.3041485769416305,0.3333333333333333,0.3180728969605246,0.9124457308248914,0.0933429811866859,0.0,0.0057887120115774,True,,,,
ViT,2.5D-to-3D,LFN,Left Neural Foraminal Narrowing,left_neural_foraminal_narrowing,5,442,train,L3/L4,nas_best_vit3d_3d,ViT 3D,1512,3,,0.76410998552822,0.2547033285094066,0.3333333333333333,0.2887612797374897,0.76410998552822,0.2554269175108538,0.0,0.0195369030390738,True,,,,
ViT,2.5D-to-3D,LFN,Left Neural Foraminal Narrowing,left_neural_foraminal_narrowing,5,442,train,L4/L5,nas_best_vit3d_3d,ViT 3D,1512,3,,0.6049204052098408,0.2797475229907662,0.3320025308223052,0.255506795216058,0.6049204052098408,0.4609261939218524,-0.0023130478212896,0.0658465991316932,True,,,,
ViT,2.5D-to-3D,LFN,Left Neural Foraminal Narrowing,left_neural_foraminal_narrowing,5,442,train,L5/S1,nas_best_vit3d_3d,ViT 3D,1512,3,,0.6338639652677279,0.2114409847936278,0.3329532497149373,0.2586359610274579,0.6338639652677279,0.4703328509406657,-0.0010023026706964,0.1041968162083936,True,,,,
ViT,2.5D-to-3D,LFN,Left Neural Foraminal Narrowing,left_neural_foraminal_narrowing,5,442,validation,L1/L2,nas_best_vit3d_3d,ViT 3D,1512,3,,0.9695945945945946,0.3231981981981982,0.3333333333333333,0.3281875357347055,0.9695945945945946,0.0304054054054054,0.0,0.0,True,296,287,9,0
ViT,2.5D-to-3D,LFN,Left Neural Foraminal Narrowing,left_neural_foraminal_narrowing,5,442,validation,L2/L3,nas_best_vit3d_3d,ViT 3D,1512,3,,0.9121621621621622,0.304054054054054,0.3333333333333333,0.3180212014134275,0.9121621621621622,0.0878378378378378,0.0,0.0,True,296,270,26,0
ViT,2.5D-to-3D,LFN,Left Neural Foraminal Narrowing,left_neural_foraminal_narrowing,5,442,validation,L3/L4,nas_best_vit3d_3d,ViT 3D,1512,3,,0.7804054054054054,0.2601351351351351,0.3333333333333333,0.2922201138519924,0.7804054054054054,0.2331081081081081,0.0,0.0135135135135135,True,296,231,61,4
ViT,2.5D-to-3D,LFN,Left Neural Foraminal Narrowing,left_neural_foraminal_narrowing,5,442,validation,L4/L5,nas_best_vit3d_3d,ViT 3D,1512,3,,0.597972972972973,0.3664383561643835,0.3365843988502329,0.2622242323734861,0.597972972972973,0.4831081081081081,0.0007070135746606,0.081081081081081,True,296,177,95,24
ViT,2.5D-to-3D,LFN,Left Neural Foraminal Narrowing,left_neural_foraminal_narrowing,5,442,validation,L5/S1,nas_best_vit3d_3d,ViT 3D,1512,3,,0.6216216216216216,0.2072072072072072,0.3333333333333333,0.2555555555555556,0.6216216216216216,0.4966216216216216,0.0,0.1182432432432432,True,296,184,77,35
ViT,2.5D-to-3D,LFN,Left Neural Foraminal Narrowing,left_neural_foraminal_narrowing,5,442,test,L1/L2,nas_best_vit3d_3d,ViT 3D,1512,3,,0.9591836734693876,0.3197278911564625,0.3333333333333333,0.3263888888888889,0.9591836734693876,0.0408163265306122,0.0,0.0,True,,,,
ViT,2.5D-to-3D,LFN,Left Neural Foraminal Narrowing,left_neural_foraminal_narrowing,5,442,test,L2/L3,nas_best_vit3d_3d,ViT 3D,1512,3,,0.8843537414965986,0.2947845804988662,0.3333333333333333,0.3128760529482551,0.8843537414965986,0.1224489795918367,0.0,0.0068027210884353,True,,,,
ViT,2.5D-to-3D,LFN,Left Neural Foraminal Narrowing,left_neural_foraminal_narrowing,5,442,test,L3/L4,nas_best_vit3d_3d,ViT 3D,1512,3,,0.7993197278911565,0.2664399092970521,0.3333333333333333,0.2961562696912413,0.7993197278911565,0.2312925170068027,0.0,0.0306122448979591,True,,,,
ViT,2.5D-to-3D,LFN,Left Neural Foraminal Narrowing,left_neural_foraminal_narrowing,5,442,test,L4/L5,nas_best_vit3d_3d,ViT 3D,1512,3,,0.608843537414966,0.245224171539961,0.3246422893481717,0.2595744680851063,0.608843537414966,0.4693877551020408,-0.0117831893165749,0.0782312925170068,True,,,,
ViT,2.5D-to-3D,LFN,Left Neural Foraminal Narrowing,left_neural_foraminal_narrowing,5,442,test,L5/S1,nas_best_vit3d_3d,ViT 3D,1512,3,,0.6360544217687075,0.3789954337899544,0.3373983739837398,0.2673507338779305,0.6360544217687075,0.4489795918367347,0.0224349605378543,0.0850340136054421,True,,,,
ViT,2.5D-to-3D,LSS,Left Subarticular Stenosis,left_subarticular_stenosis,1,42,train,L1/L2,nas_best_vit3d_3d,ViT 3D,856,10,,0.9330677290836652,0.6443202979515829,0.3432835820895523,0.3410963111892993,0.9330677290836652,0.0820717131474103,0.0253366748368261,0.0151394422310756,True,,,,
ViT,2.5D-to-3D,LSS,Left Subarticular Stenosis,left_subarticular_stenosis,1,42,train,L2/L3,nas_best_vit3d_3d,ViT 3D,856,10,,0.8270916334661355,0.8254949514162981,0.3600797009818103,0.3526897535982176,0.8270916334661355,0.2135458167330677,0.0918709394789234,0.0406374501992031,True,,,,
ViT,2.5D-to-3D,LSS,Left Subarticular Stenosis,left_subarticular_stenosis,1,42,train,L3/L4,nas_best_vit3d_3d,ViT 3D,856,10,,0.698804780876494,0.3974063154296458,0.4321498239993025,0.4127009256653219,0.698804780876494,0.3338645418326693,0.3954040495827239,0.0326693227091633,True,,,,
ViT,2.5D-to-3D,LSS,Left Subarticular Stenosis,left_subarticular_stenosis,1,42,train,L4/L5,nas_best_vit3d_3d,ViT 3D,856,10,,0.5450199203187251,0.598559404340881,0.436810700861973,0.4031427825810891,0.5450199203187251,0.5434262948207171,0.3321733151874473,0.0884462151394422,True,,,,
ViT,2.5D-to-3D,LSS,Left Subarticular Stenosis,left_subarticular_stenosis,1,42,train,L5/S1,nas_best_vit3d_3d,ViT 3D,856,10,,0.7219123505976096,0.2406374501992032,0.3333333333333333,0.2795002313743637,0.7219123505976096,0.3553784860557769,0.0,0.0772908366533864,True,,,,
ViT,2.5D-to-3D,LSS,Left Subarticular Stenosis,left_subarticular_stenosis,1,42,validation,L1/L2,nas_best_vit3d_3d,ViT 3D,856,10,,0.945054945054945,0.3161764705882353,0.332046332046332,0.3239171374764595,0.945054945054945,0.0695970695970696,-0.0049079754601226,0.0146520146520146,True,273,259,10,4
ViT,2.5D-to-3D,LSS,Left Subarticular Stenosis,left_subarticular_stenosis,1,42,validation,L2/L3,nas_best_vit3d_3d,ViT 3D,856,10,,0.8278388278388278,0.3569023569023569,0.3511502692119432,0.3383292426062284,0.8278388278388278,0.2161172161172161,0.1608710143317409,0.0439560439560439,True,273,227,30,16
ViT,2.5D-to-3D,LSS,Left Subarticular Stenosis,left_subarticular_stenosis,1,42,validation,L3/L4,nas_best_vit3d_3d,ViT 3D,856,10,,0.7435897435897436,0.4310897435897436,0.4712048121017211,0.45021592360562,0.7435897435897436,0.282051282051282,0.4397537379067723,0.0256410256410256,True,273,193,58,22
ViT,2.5D-to-3D,LSS,Left Subarticular Stenosis,left_subarticular_stenosis,1,42,validation,L4/L5,nas_best_vit3d_3d,ViT 3D,856,10,,0.5347985347985348,0.5445850914205345,0.4462450980392156,0.412251020772019,0.5347985347985348,0.5604395604395604,0.3461039643871149,0.0952380952380952,True,273,125,80,68
ViT,2.5D-to-3D,LSS,Left Subarticular Stenosis,left_subarticular_stenosis,1,42,validation,L5/S1,nas_best_vit3d_3d,ViT 3D,856,10,,0.6923076923076923,0.2307692307692307,0.3333333333333333,0.2727272727272727,0.6923076923076923,0.3736263736263736,0.0,0.0659340659340659,True,273,189,66,18
ViT,2.5D-to-3D,LSS,Left Subarticular Stenosis,left_subarticular_stenosis,1,42,test,L1/L2,nas_best_vit3d_3d,ViT 3D,856,10,,0.937037037037037,0.3123456790123456,0.3333333333333333,0.3224984066284257,0.937037037037037,0.074074074074074,0.0,0.0111111111111111,True,,,,
ViT,2.5D-to-3D,LSS,Left Subarticular Stenosis,left_subarticular_stenosis,1,42,test,L2/L3,nas_best_vit3d_3d,ViT 3D,856,10,,0.8481481481481481,0.7833957553058677,0.3890142021720968,0.4070752570752571,0.8481481481481481,0.174074074074074,0.1265489637021604,0.0222222222222222,True,,,,
ViT,2.5D-to-3D,LSS,Left Subarticular Stenosis,left_subarticular_stenosis,1,42,test,L3/L4,nas_best_vit3d_3d,ViT 3D,856,10,,0.7185185185185186,0.4024064171122994,0.4461215932914046,0.4224286205710354,0.7185185185185186,0.3074074074074074,0.392145940676786,0.0259259259259259,True,,,,
ViT,2.5D-to-3D,LSS,Left Subarticular Stenosis,left_subarticular_stenosis,1,42,test,L4/L5,nas_best_vit3d_3d,ViT 3D,856,10,,0.5148148148148148,0.5439138576779027,0.4247319144022943,0.4060320348761934,0.5148148148148148,0.5555555555555556,0.3939828080229226,0.0703703703703703,True,,,,
ViT,2.5D-to-3D,LSS,Left Subarticular Stenosis,left_subarticular_stenosis,1,42,test,L5/S1,nas_best_vit3d_3d,ViT 3D,856,10,,0.7148148148148148,0.2382716049382716,0.3333333333333333,0.2778977681785457,0.7148148148148148,0.3592592592592593,0.0,0.074074074074074,True,,,,
ViT,2.5D-to-3D,LSS,Left Subarticular Stenosis,left_subarticular_stenosis,2,142,train,L1/L2,nas_best_vit3d_3d,ViT 3D,856,22,,0.9384984025559104,0.3135842006938884,0.3330498866213152,0.3230240549828179,0.9384984025559104,0.0734824281150159,0.0583100085079099,0.0119808306709265,True,,,,
ViT,2.5D-to-3D,LSS,Left Subarticular Stenosis,left_subarticular_stenosis,2,142,train,L2/L3,nas_best_vit3d_3d,ViT 3D,856,22,,0.8322683706070287,0.6354579151975409,0.3614288205215543,0.3566595634205002,0.8322683706070287,0.200479233226837,0.1627789291050171,0.0327476038338658,True,,,,
ViT,2.5D-to-3D,LSS,Left Subarticular Stenosis,left_subarticular_stenosis,2,142,train,L3/L4,nas_best_vit3d_3d,ViT 3D,856,22,,0.7324281150159745,0.6681839402427637,0.4545169023118802,0.4770869528934045,0.7324281150159745,0.3170926517571885,0.3744010557531256,0.0495207667731629,True,,,,
ViT,2.5D-to-3D,LSS,Left Subarticular Stenosis,left_subarticular_stenosis,2,142,train,L4/L5,nas_best_vit3d_3d,ViT 3D,856,22,,0.5926517571884984,0.6397388081818429,0.5088882521710864,0.5127649437293321,0.5926517571884984,0.4648562300319488,0.4698751895485827,0.0575079872204472,True,,,,
ViT,2.5D-to-3D,LSS,Left Subarticular Stenosis,left_subarticular_stenosis,2,142,train,L5/S1,nas_best_vit3d_3d,ViT 3D,856,22,,0.7196485623003195,0.4200037250884708,0.3408575613475391,0.2960525108499179,0.7196485623003195,0.3546325878594249,0.0197233511054771,0.0742811501597444,True,,,,
ViT,2.5D-to-3D,LSS,Left Subarticular Stenosis,left_subarticular_stenosis,2,142,validation,L1/L2,nas_best_vit3d_3d,ViT 3D,856,22,,0.9523809523809524,0.5684634448574969,0.4102564102564103,0.4433758294192202,0.9523809523809524,0.0549450549450549,0.3320025756600129,0.0073260073260073,True,273,257,13,3
ViT,2.5D-to-3D,LSS,Left Subarticular Stenosis,left_subarticular_stenosis,2,142,validation,L2/L3,nas_best_vit3d_3d,ViT 3D,856,22,,0.8754578754578755,0.8138290381636389,0.4241338112305854,0.4631720430107526,0.8754578754578755,0.1391941391941392,0.3951449763991908,0.0146520146520146,True,273,233,31,9
ViT,2.5D-to-3D,LSS,Left Subarticular Stenosis,left_subarticular_stenosis,2,142,validation,L3/L4,nas_best_vit3d_3d,ViT 3D,856,22,,0.7032967032967034,0.5642907058001397,0.4440317852082558,0.4555427513984102,0.7032967032967034,0.3223443223443223,0.4006457167455876,0.0256410256410256,True,273,187,65,21
ViT,2.5D-to-3D,LSS,Left Subarticular Stenosis,left_subarticular_stenosis,2,142,validation,L4/L5,nas_best_vit3d_3d,ViT 3D,856,22,,0.5860805860805861,0.5630172296838963,0.5224047159531031,0.51005291005291,0.5860805860805861,0.4542124542124542,0.4981112118464792,0.0402930402930402,True,273,117,93,63
ViT,2.5D-to-3D,LSS,Left Subarticular Stenosis,left_subarticular_stenosis,2,142,validation,L5/S1,nas_best_vit3d_3d,ViT 3D,856,22,,0.7326007326007326,0.2929292929292929,0.333431855500821,0.2955770508749907,0.7326007326007326,0.3296703296703296,0.0842395714981334,0.0622710622710622,True,273,203,50,20
ViT,2.5D-to-3D,LSS,Left Subarticular Stenosis,left_subarticular_stenosis,2,142,test,L1/L2,nas_best_vit3d_3d,ViT 3D,856,22,,0.912087912087912,0.6372549019607843,0.3508771929824561,0.3512820512820513,0.912087912087912,0.1098901098901098,0.0405020920502092,0.0219780219780219,True,,,,
ViT,2.5D-to-3D,LSS,Left Subarticular Stenosis,left_subarticular_stenosis,2,142,test,L2/L3,nas_best_vit3d_3d,ViT 3D,856,22,,0.8095238095238095,0.7882284382284382,0.4179193899782135,0.4469261388766032,0.8095238095238095,0.238095238095238,0.2344457797910696,0.0476190476190476,True,,,,
ViT,2.5D-to-3D,LSS,Left Subarticular Stenosis,left_subarticular_stenosis,2,142,test,L3/L4,nas_best_vit3d_3d,ViT 3D,856,22,,0.684981684981685,0.6764638869902028,0.4848390471399024,0.513774475364873,0.684981684981685,0.3516483516483517,0.4200637292605208,0.0366300366300366,True,,,,
ViT,2.5D-to-3D,LSS,Left Subarticular Stenosis,left_subarticular_stenosis,2,142,test,L4/L5,nas_best_vit3d_3d,ViT 3D,856,22,,0.5384615384615384,0.5673637058887797,0.4919616694385048,0.4916073173544819,0.5384615384615384,0.5091575091575091,0.4647885650463981,0.0476190476190476,True,,,,
ViT,2.5D-to-3D,LSS,Left Subarticular Stenosis,left_subarticular_stenosis,2,142,test,L5/S1,nas_best_vit3d_3d,ViT 3D,856,22,,0.6923076923076923,0.4531835205992509,0.3499702911467617,0.3086963615597977,0.6923076923076923,0.3809523809523809,0.022673031026253,0.0732600732600732,True,,,,
ViT,2.5D-to-3D,LSS,Left Subarticular Stenosis,left_subarticular_stenosis,3,242,train,L1/L2,nas_best_vit3d_3d,ViT 3D,856,5,,0.9237490071485306,0.3106303418803419,0.3304916169366297,0.3202533388406994,0.9237490071485306,0.0992851469420174,0.0018023248257248,0.023034154090548,True,,,,
ViT,2.5D-to-3D,LSS,Left Subarticular Stenosis,left_subarticular_stenosis,3,242,train,L2/L3,nas_best_vit3d_3d,ViT 3D,856,5,,0.8149324861000794,0.2736,0.3304347826086957,0.299343544857768,0.8149324861000794,0.2406671961874503,-0.0187405133001019,0.0555996822875297,True,,,,
ViT,2.5D-to-3D,LSS,Left Subarticular Stenosis,left_subarticular_stenosis,3,242,train,L3/L4,nas_best_vit3d_3d,ViT 3D,856,5,,0.6767275615567911,0.3742571838401034,0.4052428072509562,0.387709627767167,0.6767275615567911,0.3717235901509134,0.2660183315086144,0.0484511517077045,True,,,,
ViT,2.5D-to-3D,LSS,Left Subarticular Stenosis,left_subarticular_stenosis,3,242,train,L4/L5,nas_best_vit3d_3d,ViT 3D,856,5,,0.5194598888006354,0.4387712427176125,0.5073718035621754,0.4012488646237271,0.5194598888006354,0.653693407466243,0.4015276312088335,0.1731532962668784,True,,,,
ViT,2.5D-to-3D,LSS,Left Subarticular Stenosis,left_subarticular_stenosis,3,242,train,L5/S1,nas_best_vit3d_3d,ViT 3D,856,5,,0.7124702144559174,0.2374900714853058,0.3333333333333333,0.2773654916512059,0.7124702144559174,0.3653693407466243,0.0,0.0778395552025417,True,,,,
ViT,2.5D-to-3D,LSS,Left Subarticular Stenosis,left_subarticular_stenosis,3,242,validation,L1/L2,nas_best_vit3d_3d,ViT 3D,856,5,,0.9253731343283582,0.3119496855345912,0.3293492695883134,0.3204134366925065,0.9253731343283582,0.1082089552238805,-0.0224025974025974,0.0335820895522388,True,268,251,11,6
ViT,2.5D-to-3D,LSS,Left Subarticular Stenosis,left_subarticular_stenosis,3,242,validation,L2/L3,nas_best_vit3d_3d,ViT 3D,856,5,,0.8097014925373134,0.273989898989899,0.3273001508295626,0.2982817869415807,0.8097014925373134,0.2350746268656716,-0.0347949582815552,0.044776119402985,True,268,221,38,9
ViT,2.5D-to-3D,LSS,Left Subarticular Stenosis,left_subarticular_stenosis,3,242,validation,L3/L4,nas_best_vit3d_3d,ViT 3D,856,5,,0.6791044776119403,0.3765647180281326,0.4123429140226453,0.3936386768447837,0.6791044776119403,0.3582089552238806,0.2908435603814042,0.0373134328358208,True,268,188,57,23
ViT,2.5D-to-3D,LSS,Left Subarticular Stenosis,left_subarticular_stenosis,3,242,validation,L4/L5,nas_best_vit3d_3d,ViT 3D,856,5,,0.5111940298507462,0.5141686182669789,0.5372122797739988,0.4248033075505881,0.5111940298507462,0.6305970149253731,0.4483465519559081,0.1417910447761194,True,268,114,93,61
ViT,2.5D-to-3D,LSS,Left Subarticular Stenosis,left_subarticular_stenosis,3,242,validation,L5/S1,nas_best_vit3d_3d,ViT 3D,856,5,,0.7350746268656716,0.2450248756218905,0.3333333333333333,0.2824372759856631,0.7350746268656716,0.3283582089552239,0.0,0.0634328358208955,True,268,197,54,17
ViT,2.5D-to-3D,LSS,Left Subarticular Stenosis,left_subarticular_stenosis,3,242,test,L1/L2,nas_best_vit3d_3d,ViT 3D,856,5,,0.940959409594096,0.3159851301115242,0.3307392996108949,0.3231939163498099,0.940959409594096,0.070110701107011,-0.0180315552216379,0.011070110701107,True,,,,
ViT,2.5D-to-3D,LSS,Left Subarticular Stenosis,left_subarticular_stenosis,3,242,test,L2/L3,nas_best_vit3d_3d,ViT 3D,856,5,,0.8302583025830258,0.2788104089219331,0.3303964757709251,0.3024193548387097,0.8302583025830258,0.2103321033210332,-0.0202049082678104,0.040590405904059,True,,,,
ViT,2.5D-to-3D,LSS,Left Subarticular Stenosis,left_subarticular_stenosis,3,242,test,L3/L4,nas_best_vit3d_3d,ViT 3D,856,5,,0.6199261992619927,0.3410605621558968,0.3766153151628011,0.3577921908780704,0.6199261992619927,0.4132841328413284,0.2728586171310629,0.033210332103321,True,,,,
ViT,2.5D-to-3D,LSS,Left Subarticular Stenosis,left_subarticular_stenosis,3,242,test,L4/L5,nas_best_vit3d_3d,ViT 3D,856,5,,0.5239852398523985,0.5298005698005698,0.5117058176759669,0.4190845606470515,0.5239852398523985,0.6642066420664207,0.4055260824245064,0.1881918819188192,True,,,,
ViT,2.5D-to-3D,LSS,Left Subarticular Stenosis,left_subarticular_stenosis,3,242,test,L5/S1,nas_best_vit3d_3d,ViT 3D,856,5,,0.7195571955719557,0.5728395061728395,0.3391812865497076,0.2902298850574712,0.7195571955719557,0.3542435424354243,0.0093538329211912,0.07380073800738,True,,,,
ViT,2.5D-to-3D,LSS,Left Subarticular Stenosis,left_subarticular_stenosis,4,342,train,L1/L2,nas_best_vit3d_3d,ViT 3D,856,12,,0.9349722442505948,0.4242101526446574,0.3480764057035244,0.3501461988304093,0.9349722442505948,0.077716098334655,0.0882748801459384,0.0126883425852498,True,,,,
ViT,2.5D-to-3D,LSS,Left Subarticular Stenosis,left_subarticular_stenosis,4,342,train,L2/L3,nas_best_vit3d_3d,ViT 3D,856,12,,0.8191911181601903,0.6680602006688963,0.431299720773405,0.4472743522657491,0.8191911181601903,0.2022204599524187,0.3452476773162564,0.021411578112609,True,,,,
ViT,2.5D-to-3D,LSS,Left Subarticular Stenosis,left_subarticular_stenosis,4,342,train,L3/L4,nas_best_vit3d_3d,ViT 3D,856,12,,0.7168913560666138,0.5929560467479674,0.4652343413722282,0.4835592253079225,0.7168913560666138,0.3251387787470262,0.4115395676686629,0.0420301348136399,True,,,,
ViT,2.5D-to-3D,LSS,Left Subarticular Stenosis,left_subarticular_stenosis,4,342,train,L4/L5,nas_best_vit3d_3d,ViT 3D,856,12,,0.591593973037272,0.5496414438143186,0.5372660615618362,0.5365973141497045,0.591593973037272,0.4853291038858049,0.4986637491774831,0.0769230769230769,True,,,,
ViT,2.5D-to-3D,LSS,Left Subarticular Stenosis,left_subarticular_stenosis,4,342,train,L5/S1,nas_best_vit3d_3d,ViT 3D,856,12,,0.7081681205392546,0.4001524390243902,0.3536054336989609,0.3280724000952804,0.7081681205392546,0.3481363996827914,0.1247041591549078,0.0563045202220459,True,,,,
ViT,2.5D-to-3D,LSS,Left Subarticular Stenosis,left_subarticular_stenosis,4,342,validation,L1/L2,nas_best_vit3d_3d,ViT 3D,856,12,,0.9301470588235294,0.3100490196078431,0.3333333333333333,0.3212698412698412,0.9301470588235294,0.0919117647058823,0.0,0.0220588235294117,True,272,253,13,6
ViT,2.5D-to-3D,LSS,Left Subarticular Stenosis,left_subarticular_stenosis,4,342,validation,L2/L3,nas_best_vit3d_3d,ViT 3D,856,12,,0.8419117647058824,0.4586872913232746,0.4625297943683593,0.4597402597402597,0.8419117647058824,0.1764705882352941,0.4379764873530459,0.0183823529411764,True,272,223,37,12
ViT,2.5D-to-3D,LSS,Left Subarticular Stenosis,left_subarticular_stenosis,4,342,validation,L3/L4,nas_best_vit3d_3d,ViT 3D,856,12,,0.75,0.6049382716049383,0.4848366013071896,0.4918886267607068,0.75,0.2794117647058823,0.4873811864962307,0.0294117647058823,True,272,187,60,25
ViT,2.5D-to-3D,LSS,Left Subarticular Stenosis,left_subarticular_stenosis,4,342,validation,L4/L5,nas_best_vit3d_3d,ViT 3D,856,12,,0.5367647058823529,0.50093399750934,0.5214344907641578,0.5014515200160687,0.5367647058823529,0.5330882352941176,0.4788071703802982,0.0698529411764705,True,272,118,97,57
ViT,2.5D-to-3D,LSS,Left Subarticular Stenosis,left_subarticular_stenosis,4,342,validation,L5/S1,nas_best_vit3d_3d,ViT 3D,856,12,,0.7279411764705882,0.4546324505897977,0.3743001997509831,0.3674275180157533,0.7279411764705882,0.3382352941176471,0.1717181329400009,0.0661764705882353,True,272,199,51,22
ViT,2.5D-to-3D,LSS,Left Subarticular Stenosis,left_subarticular_stenosis,4,342,test,L1/L2,nas_best_vit3d_3d,ViT 3D,856,12,,0.939622641509434,0.5364715860899066,0.3764336917562724,0.3969498910675381,0.939622641509434,0.0679245283018867,0.1396103896103897,0.0075471698113207,True,,,,
ViT,2.5D-to-3D,LSS,Left Subarticular Stenosis,left_subarticular_stenosis,4,342,test,L2/L3,nas_best_vit3d_3d,ViT 3D,856,12,,0.8301886792452831,0.4089831565814099,0.4419642857142857,0.4239812186832054,0.8301886792452831,0.1849056603773584,0.4515051381676894,0.0150943396226415,True,,,,
ViT,2.5D-to-3D,LSS,Left Subarticular Stenosis,left_subarticular_stenosis,4,342,test,L3/L4,nas_best_vit3d_3d,ViT 3D,856,12,,0.720754716981132,0.6218323586744638,0.5156276451667513,0.5455252420163043,0.720754716981132,0.2981132075471698,0.522503188710951,0.0188679245283018,True,,,,
ViT,2.5D-to-3D,LSS,Left Subarticular Stenosis,left_subarticular_stenosis,4,342,test,L4/L5,nas_best_vit3d_3d,ViT 3D,856,12,,0.5735849056603773,0.527870917449427,0.5217770328761592,0.5222107100519914,0.5735849056603773,0.5132075471698113,0.4870676819670736,0.0867924528301886,True,,,,
ViT,2.5D-to-3D,LSS,Left Subarticular Stenosis,left_subarticular_stenosis,4,342,test,L5/S1,nas_best_vit3d_3d,ViT 3D,856,12,,0.720754716981132,0.5589990817263545,0.3805464629932715,0.3783703443690493,0.720754716981132,0.3433962264150943,0.2358179343437838,0.0641509433962264,True,,,,
ViT,2.5D-to-3D,LSS,Left Subarticular Stenosis,left_subarticular_stenosis,5,442,train,L1/L2,nas_best_vit3d_3d,ViT 3D,856,19,,0.9324324324324323,0.4036596923525552,0.3472239079715715,0.3488092052448488,0.9324324324324323,0.081081081081081,0.0573144525869193,0.0135135135135135,True,,,,
ViT,2.5D-to-3D,LSS,Left Subarticular Stenosis,left_subarticular_stenosis,5,442,train,L2/L3,nas_best_vit3d_3d,ViT 3D,856,19,,0.8449920508744038,0.6571195494855399,0.4217922876899387,0.4528670706671688,0.8449920508744038,0.1836248012718601,0.3139589715161965,0.0286168521462639,True,,,,
ViT,2.5D-to-3D,LSS,Left Subarticular Stenosis,left_subarticular_stenosis,5,442,train,L3/L4,nas_best_vit3d_3d,ViT 3D,856,19,,0.7352941176470589,0.6609479679203848,0.444672713927781,0.4645236311212503,0.7352941176470589,0.3227344992050874,0.3559368565545642,0.0580286168521462,True,,,,
ViT,2.5D-to-3D,LSS,Left Subarticular Stenosis,left_subarticular_stenosis,5,442,train,L4/L5,nas_best_vit3d_3d,ViT 3D,856,19,,0.6112877583465819,0.5920594611886109,0.5558612056722004,0.5589736343227433,0.6112877583465819,0.4562798092209857,0.5316675990428716,0.0675675675675675,True,,,,
ViT,2.5D-to-3D,LSS,Left Subarticular Stenosis,left_subarticular_stenosis,5,442,train,L5/S1,nas_best_vit3d_3d,ViT 3D,856,19,,0.724960254372019,0.6041959170499475,0.366865618421879,0.349500813651757,0.724960254372019,0.3449920508744038,0.1139740350909602,0.0699523052464228,True,,,,
ViT,2.5D-to-3D,LSS,Left Subarticular Stenosis,left_subarticular_stenosis,5,442,validation,L1/L2,nas_best_vit3d_3d,ViT 3D,856,19,,0.9333333333333332,0.312267657992565,0.3320158102766798,0.3218390804597701,0.9333333333333332,0.0703703703703703,-0.0063897763578275,0.0037037037037037,True,270,253,16,1
ViT,2.5D-to-3D,LSS,Left Subarticular Stenosis,left_subarticular_stenosis,5,442,validation,L2/L3,nas_best_vit3d_3d,ViT 3D,856,19,,0.8333333333333334,0.5732224973470109,0.3951451451451451,0.4105500948658235,0.8333333333333334,0.1888888888888888,0.3460207612456747,0.0222222222222222,True,270,222,36,12
ViT,2.5D-to-3D,LSS,Left Subarticular Stenosis,left_subarticular_stenosis,5,442,validation,L3/L4,nas_best_vit3d_3d,ViT 3D,856,19,,0.6777777777777778,0.6412770236299649,0.4342857142857142,0.4481577668428406,0.6777777777777778,0.362962962962963,0.3556085918854416,0.0407407407407407,True,270,175,70,25
ViT,2.5D-to-3D,LSS,Left Subarticular Stenosis,left_subarticular_stenosis,5,442,validation,L4/L5,nas_best_vit3d_3d,ViT 3D,856,19,,0.5925925925925926,0.559134765017118,0.5493619222151804,0.5464531199277357,0.5925925925925926,0.4962962962962963,0.4675248683440608,0.0888888888888888,True,270,122,89,59
ViT,2.5D-to-3D,LSS,Left Subarticular Stenosis,left_subarticular_stenosis,5,442,validation,L5/S1,nas_best_vit3d_3d,ViT 3D,856,19,,0.6925925925925925,0.3858639516010034,0.3583472159119592,0.3329990829540877,0.6925925925925925,0.3444444444444444,0.1349588885738587,0.037037037037037,True,270,186,71,13
ViT,2.5D-to-3D,LSS,Left Subarticular Stenosis,left_subarticular_stenosis,5,442,test,L1/L2,nas_best_vit3d_3d,ViT 3D,856,19,,0.9185185185185184,0.3096129837702872,0.3293492695883134,0.3191763191763191,0.9185185185185184,0.1074074074074074,-0.0136196961760082,0.0259259259259259,True,,,,
ViT,2.5D-to-3D,LSS,Left Subarticular Stenosis,left_subarticular_stenosis,5,442,test,L2/L3,nas_best_vit3d_3d,ViT 3D,856,19,,0.8037037037037037,0.3497150997150997,0.3454128440366972,0.3270714143397945,0.8037037037037037,0.2259259259259259,0.1961178563142834,0.0296296296296296,True,,,,
ViT,2.5D-to-3D,LSS,Left Subarticular Stenosis,left_subarticular_stenosis,5,442,test,L3/L4,nas_best_vit3d_3d,ViT 3D,856,19,,0.7111111111111111,0.6888139883258432,0.4492732947716996,0.4743558029272314,0.7111111111111111,0.3333333333333333,0.2796630002340277,0.0444444444444444,True,,,,
ViT,2.5D-to-3D,LSS,Left Subarticular Stenosis,left_subarticular_stenosis,5,442,test,L4/L5,nas_best_vit3d_3d,ViT 3D,856,19,,0.5888888888888889,0.560362447199891,0.5192164731591254,0.5161049735968843,0.5888888888888889,0.5222222222222223,0.4235549040851444,0.1111111111111111,True,,,,
ViT,2.5D-to-3D,LSS,Left Subarticular Stenosis,left_subarticular_stenosis,5,442,test,L5/S1,nas_best_vit3d_3d,ViT 3D,856,19,,0.7148148148148148,0.3288113695090439,0.3407197709228166,0.3096382783882784,0.7148148148148148,0.3555555555555555,0.0404201145767026,0.0703703703703703,True,,,,
ViT,2.5D-to-3D,RFN,Right Neural Foraminal Narrowing,right_neural_foraminal_narrowing,1,42,train,L1/L2,nas_best_vit3d_3d,ViT 3D,1943,9,,0.9606700655498908,0.3202233551832969,0.3333333333333333,0.3266468548786528,0.9606700655498908,0.0451565914056809,0.0,0.0058266569555717,True,,,,
ViT,2.5D-to-3D,RFN,Right Neural Foraminal Narrowing,right_neural_foraminal_narrowing,1,42,train,L2/L3,nas_best_vit3d_3d,ViT 3D,1943,9,,0.9104151493080844,0.3034717164360281,0.3333333333333333,0.3177023764137756,0.9104151493080844,0.0924981791697013,0.0,0.0029133284777858,True,,,,
ViT,2.5D-to-3D,RFN,Right Neural Foraminal Narrowing,right_neural_foraminal_narrowing,1,42,train,L3/L4,nas_best_vit3d_3d,ViT 3D,1943,9,,0.7698470502549163,0.3997814780822517,0.3512897118530921,0.3358673702038955,0.7698470502549163,0.2447195921340131,0.0695820176766585,0.0145666423889293,True,,,,
ViT,2.5D-to-3D,RFN,Right Neural Foraminal Narrowing,right_neural_foraminal_narrowing,1,42,train,L4/L5,nas_best_vit3d_3d,ViT 3D,1943,9,,0.6241806263656228,0.3744641788889576,0.3600944510035419,0.3268247038548448,0.6241806263656228,0.4275309541150764,0.0833614941439251,0.0517115804806991,True,,,,
ViT,2.5D-to-3D,RFN,Right Neural Foraminal Narrowing,right_neural_foraminal_narrowing,1,42,train,L5/S1,nas_best_vit3d_3d,ViT 3D,1943,9,,0.6489439184268027,0.3607010090281465,0.3404381984092128,0.2835228553477821,0.6489439184268027,0.4479242534595776,0.0164700468098634,0.0968681718863802,True,,,,
ViT,2.5D-to-3D,RFN,Right Neural Foraminal Narrowing,right_neural_foraminal_narrowing,1,42,validation,L1/L2,nas_best_vit3d_3d,ViT 3D,1943,9,,0.9594594594594594,0.3198198198198198,0.3333333333333333,0.3264367816091953,0.9594594594594594,0.0472972972972973,0.0,0.0067567567567567,True,296,284,10,2
ViT,2.5D-to-3D,RFN,Right Neural Foraminal Narrowing,right_neural_foraminal_narrowing,1,42,validation,L2/L3,nas_best_vit3d_3d,ViT 3D,1943,9,,0.9087837837837838,0.3029279279279279,0.3333333333333333,0.3174041297935103,0.9087837837837838,0.0945945945945946,0.0,0.0033783783783783,True,296,269,26,1
ViT,2.5D-to-3D,RFN,Right Neural Foraminal Narrowing,right_neural_foraminal_narrowing,1,42,validation,L3/L4,nas_best_vit3d_3d,ViT 3D,1943,9,,0.7567567567567568,0.4862470862470862,0.364602918793088,0.3462977066937462,0.7567567567567568,0.2702702702702703,0.1126655008743441,0.027027027027027,True,296,219,68,9
ViT,2.5D-to-3D,RFN,Right Neural Foraminal Narrowing,right_neural_foraminal_narrowing,1,42,validation,L4/L5,nas_best_vit3d_3d,ViT 3D,1943,9,,0.5945945945945946,0.3207729468599034,0.3403523850451224,0.2896610896610896,0.5945945945945946,0.4831081081081081,0.0341160220994474,0.0777027027027027,True,296,179,91,26
ViT,2.5D-to-3D,RFN,Right Neural Foraminal Narrowing,right_neural_foraminal_narrowing,1,42,validation,L5/S1,nas_best_vit3d_3d,ViT 3D,1943,9,,0.6621621621621622,0.4210767468499427,0.3434280434280434,0.2900626834053932,0.6621621621621622,0.429054054054054,0.0091729545790797,0.0912162162162162,True,296,195,74,27
ViT,2.5D-to-3D,RFN,Right Neural Foraminal Narrowing,right_neural_foraminal_narrowing,1,42,test,L1/L2,nas_best_vit3d_3d,ViT 3D,1943,9,,0.9662162162162162,0.322072072072072,0.3333333333333333,0.3276059564719358,0.9662162162162162,0.0439189189189189,0.0,0.0101351351351351,True,,,,
ViT,2.5D-to-3D,RFN,Right Neural Foraminal Narrowing,right_neural_foraminal_narrowing,1,42,test,L2/L3,nas_best_vit3d_3d,ViT 3D,1943,9,,0.9222972972972971,0.3074324324324324,0.3333333333333333,0.3198594024604569,0.9222972972972971,0.081081081081081,0.0,0.0033783783783783,True,,,,
ViT,2.5D-to-3D,RFN,Right Neural Foraminal Narrowing,right_neural_foraminal_narrowing,1,42,test,L3/L4,nas_best_vit3d_3d,ViT 3D,1943,9,,0.7432432432432432,0.3279297534616683,0.3339181286549708,0.3106871577459812,0.7432432432432432,0.2837837837837837,-0.012035010940919,0.027027027027027,True,,,,
ViT,2.5D-to-3D,RFN,Right Neural Foraminal Narrowing,right_neural_foraminal_narrowing,1,42,test,L4/L5,nas_best_vit3d_3d,ViT 3D,1943,9,,0.5777027027027027,0.3100426049908704,0.3299595141700405,0.2930293668548702,0.5777027027027027,0.4864864864864865,-0.0451247429480463,0.0641891891891891,True,,,,
ViT,2.5D-to-3D,RFN,Right Neural Foraminal Narrowing,right_neural_foraminal_narrowing,1,42,test,L5/S1,nas_best_vit3d_3d,ViT 3D,1943,9,,0.6385135135135135,0.2592592592592592,0.3274100198950986,0.267964170453797,0.6385135135135135,0.4459459459459459,-0.0050746268656716,0.0844594594594594,True,,,,
ViT,2.5D-to-3D,RFN,Right Neural Foraminal Narrowing,right_neural_foraminal_narrowing,2,142,train,L1/L2,nas_best_vit3d_3d,ViT 3D,1943,9,,0.9555717407137656,0.3185239135712551,0.3333333333333333,0.3257603972687771,0.9555717407137656,0.0524399126001456,0.0,0.0080116533139111,True,,,,
ViT,2.5D-to-3D,RFN,Right Neural Foraminal Narrowing,right_neural_foraminal_narrowing,2,142,train,L2/L3,nas_best_vit3d_3d,ViT 3D,1943,9,,0.9133284777858705,0.3044428259286234,0.3333333333333333,0.3182337266844309,0.9133284777858705,0.0895848506919155,0.0,0.0029133284777858,True,,,,
ViT,2.5D-to-3D,RFN,Right Neural Foraminal Narrowing,right_neural_foraminal_narrowing,2,142,train,L3/L4,nas_best_vit3d_3d,ViT 3D,1943,9,,0.775673707210488,0.258557902403496,0.3333333333333333,0.2912223133716161,0.775673707210488,0.2447195921340131,0.0,0.020393299344501,True,,,,
ViT,2.5D-to-3D,RFN,Right Neural Foraminal Narrowing,right_neural_foraminal_narrowing,2,142,train,L4/L5,nas_best_vit3d_3d,ViT 3D,1943,9,,0.6270939548434086,0.3814435191116805,0.3421278409704085,0.2817941705817731,0.6270939548434086,0.4311726147123088,0.0276185650702283,0.0582665695557174,True,,,,
ViT,2.5D-to-3D,RFN,Right Neural Foraminal Narrowing,right_neural_foraminal_narrowing,2,142,train,L5/S1,nas_best_vit3d_3d,ViT 3D,1943,9,,0.6504005826656956,0.3286086673183447,0.3340337417958385,0.2682511588706279,0.6504005826656956,0.448652585579024,-0.0022985330821059,0.0990531682447195,True,,,,
ViT,2.5D-to-3D,RFN,Right Neural Foraminal Narrowing,right_neural_foraminal_narrowing,2,142,validation,L1/L2,nas_best_vit3d_3d,ViT 3D,1943,9,,0.9763513513513512,0.3254504504504504,0.3333333333333333,0.3293447293447293,0.9763513513513512,0.027027027027027,0.0,0.0033783783783783,True,296,289,6,1
ViT,2.5D-to-3D,RFN,Right Neural Foraminal Narrowing,right_neural_foraminal_narrowing,2,142,validation,L2/L3,nas_best_vit3d_3d,ViT 3D,1943,9,,0.9087837837837838,0.3029279279279279,0.3333333333333333,0.3174041297935103,0.9087837837837838,0.0945945945945946,0.0,0.0033783783783783,True,296,269,26,1
ViT,2.5D-to-3D,RFN,Right Neural Foraminal Narrowing,right_neural_foraminal_narrowing,2,142,validation,L3/L4,nas_best_vit3d_3d,ViT 3D,1943,9,,0.7837837837837838,0.2612612612612612,0.3333333333333333,0.2929292929292929,0.7837837837837838,0.2297297297297297,0.0,0.0135135135135135,True,296,232,60,4
ViT,2.5D-to-3D,RFN,Right Neural Foraminal Narrowing,right_neural_foraminal_narrowing,2,142,validation,L4/L5,nas_best_vit3d_3d,ViT 3D,1943,9,,0.6148648648648649,0.4131944444444445,0.34812734082397,0.2840830816510358,0.6148648648648649,0.4391891891891892,0.0616781465247336,0.054054054054054,True,296,178,100,18
ViT,2.5D-to-3D,RFN,Right Neural Foraminal Narrowing,right_neural_foraminal_narrowing,2,142,validation,L5/S1,nas_best_vit3d_3d,ViT 3D,1943,9,,0.6621621621621622,0.2237442922374429,0.3283082077051926,0.2661235573659199,0.6621621621621622,0.4391891891891892,0.002836879432624,0.1013513513513513,True,296,199,66,31
ViT,2.5D-to-3D,RFN,Right Neural Foraminal Narrowing,right_neural_foraminal_narrowing,2,142,test,L1/L2,nas_best_vit3d_3d,ViT 3D,1943,9,,0.972972972972973,0.3243243243243243,0.3333333333333333,0.3287671232876712,0.972972972972973,0.0304054054054054,0.0,0.0033783783783783,True,,,,
ViT,2.5D-to-3D,RFN,Right Neural Foraminal Narrowing,right_neural_foraminal_narrowing,2,142,test,L2/L3,nas_best_vit3d_3d,ViT 3D,1943,9,,0.9087837837837838,0.3029279279279279,0.3333333333333333,0.3174041297935103,0.9087837837837838,0.0945945945945946,0.0,0.0033783783783783,True,,,,
ViT,2.5D-to-3D,RFN,Right Neural Foraminal Narrowing,right_neural_foraminal_narrowing,2,142,test,L3/L4,nas_best_vit3d_3d,ViT 3D,1943,9,,0.7263513513513513,0.2421171171171171,0.3333333333333333,0.2804957599478147,0.7263513513513513,0.2972972972972973,0.0,0.0236486486486486,True,,,,
ViT,2.5D-to-3D,RFN,Right Neural Foraminal Narrowing,right_neural_foraminal_narrowing,2,142,test,L4/L5,nas_best_vit3d_3d,ViT 3D,1943,9,,0.5878378378378378,0.3272628431639032,0.3414852857259313,0.2776880236132982,0.5878378378378378,0.4966216216216216,0.0428730877814982,0.0844594594594594,True,,,,
ViT,2.5D-to-3D,RFN,Right Neural Foraminal Narrowing,right_neural_foraminal_narrowing,2,142,test,L5/S1,nas_best_vit3d_3d,ViT 3D,1943,9,,0.6148648648648649,0.2739977090492554,0.3299140049140049,0.2606698593415861,0.6148648648648649,0.4628378378378378,-0.0140022463496816,0.0777027027027027,True,,,,
ViT,2.5D-to-3D,RFN,Right Neural Foraminal Narrowing,right_neural_foraminal_narrowing,3,242,train,L1/L2,nas_best_vit3d_3d,ViT 3D,1943,3,,0.9672727272727272,0.3224242424242424,0.3333333333333333,0.3277880468268638,0.9672727272727272,0.037090909090909,0.0,0.0043636363636363,True,,,,
ViT,2.5D-to-3D,RFN,Right Neural Foraminal Narrowing,right_neural_foraminal_narrowing,3,242,train,L2/L3,nas_best_vit3d_3d,ViT 3D,1943,3,,0.9141818181818182,0.3076358296622614,0.3299212598425197,0.3183890577507599,0.9141818181818182,0.0974545454545454,-0.0252252575976714,0.0116363636363636,True,,,,
ViT,2.5D-to-3D,RFN,Right Neural Foraminal Narrowing,right_neural_foraminal_narrowing,3,242,train,L3/L4,nas_best_vit3d_3d,ViT 3D,1943,3,,0.7796363636363637,0.2598787878787879,0.3333333333333333,0.2920583026835581,0.7796363636363637,0.2407272727272727,0.0,0.0203636363636363,True,,,,
ViT,2.5D-to-3D,RFN,Right Neural Foraminal Narrowing,right_neural_foraminal_narrowing,3,242,train,L4/L5,nas_best_vit3d_3d,ViT 3D,1943,3,,0.6181818181818182,0.4060827250608272,0.3348156694951243,0.2589532849537659,0.6181818181818182,0.4436363636363636,0.0019913645499887,0.0618181818181818,True,,,,
ViT,2.5D-to-3D,RFN,Right Neural Foraminal Narrowing,right_neural_foraminal_narrowing,3,242,train,L5/S1,nas_best_vit3d_3d,ViT 3D,1943,3,,0.6494545454545455,0.2164848484848485,0.3333333333333333,0.2624926513815402,0.6494545454545455,0.4494545454545454,0.0,0.0989090909090909,True,,,,
ViT,2.5D-to-3D,RFN,Right Neural Foraminal Narrowing,right_neural_foraminal_narrowing,3,242,validation,L1/L2,nas_best_vit3d_3d,ViT 3D,1943,3,,0.9625850340136054,0.3208616780045351,0.3333333333333333,0.3269786250722126,0.9625850340136054,0.0476190476190476,0.0,0.010204081632653,True,294,283,8,3
ViT,2.5D-to-3D,RFN,Right Neural Foraminal Narrowing,right_neural_foraminal_narrowing,3,242,validation,L2/L3,nas_best_vit3d_3d,ViT 3D,1943,3,,0.8877551020408163,0.2989690721649484,0.3295454545454545,0.3135135135135135,0.8877551020408163,0.1224489795918367,-0.0300300300300302,0.010204081632653,True,294,264,30,0
ViT,2.5D-to-3D,RFN,Right Neural Foraminal Narrowing,right_neural_foraminal_narrowing,3,242,validation,L3/L4,nas_best_vit3d_3d,ViT 3D,1943,3,,0.7482993197278912,0.2494331065759637,0.3333333333333333,0.2853437094682231,0.7482993197278912,0.2755102040816326,0.0,0.0238095238095238,True,294,220,67,7
ViT,2.5D-to-3D,RFN,Right Neural Foraminal Narrowing,right_neural_foraminal_narrowing,3,242,validation,L4/L5,nas_best_vit3d_3d,ViT 3D,1943,3,,0.5986394557823129,0.1995464852607709,0.3333333333333333,0.2496453900709219,0.5986394557823129,0.4829931972789115,0.0,0.0816326530612244,True,294,176,94,24
ViT,2.5D-to-3D,RFN,Right Neural Foraminal Narrowing,right_neural_foraminal_narrowing,3,242,validation,L5/S1,nas_best_vit3d_3d,ViT 3D,1943,3,,0.6360544217687075,0.2120181405895691,0.3333333333333333,0.2591822591822592,0.6360544217687075,0.4489795918367347,0.0,0.0850340136054421,True,294,187,82,25
ViT,2.5D-to-3D,RFN,Right Neural Foraminal Narrowing,right_neural_foraminal_narrowing,3,242,test,L1/L2,nas_best_vit3d_3d,ViT 3D,1943,3,,0.9324324324324323,0.3108108108108108,0.3333333333333333,0.3216783216783216,0.9324324324324323,0.081081081081081,0.0,0.0135135135135135,True,,,,
ViT,2.5D-to-3D,RFN,Right Neural Foraminal Narrowing,right_neural_foraminal_narrowing,3,242,test,L2/L3,nas_best_vit3d_3d,ViT 3D,1943,3,,0.8648648648648649,0.2912400455062571,0.330749354005168,0.3097398669086509,0.8648648648648649,0.152027027027027,0.0407730379448503,0.0168918918918918,True,,,,
ViT,2.5D-to-3D,RFN,Right Neural Foraminal Narrowing,right_neural_foraminal_narrowing,3,242,test,L3/L4,nas_best_vit3d_3d,ViT 3D,1943,3,,0.7432432432432432,0.2477477477477477,0.3333333333333333,0.2842377260981912,0.7432432432432432,0.2702702702702703,0.0,0.0135135135135135,True,,,,
ViT,2.5D-to-3D,RFN,Right Neural Foraminal Narrowing,right_neural_foraminal_narrowing,3,242,test,L4/L5,nas_best_vit3d_3d,ViT 3D,1943,3,,0.6182432432432432,0.373015873015873,0.3351350281143581,0.2614597737038523,0.6182432432432432,0.4527027027027027,0.0010737843227489,0.0709459459459459,True,,,,
ViT,2.5D-to-3D,RFN,Right Neural Foraminal Narrowing,right_neural_foraminal_narrowing,3,242,test,L5/S1,nas_best_vit3d_3d,ViT 3D,1943,3,,0.6756756756756757,0.2252252252252252,0.3333333333333333,0.2688172043010752,0.6756756756756757,0.4222972972972973,0.0,0.0979729729729729,True,,,,
ViT,2.5D-to-3D,RFN,Right Neural Foraminal Narrowing,right_neural_foraminal_narrowing,4,342,train,L1/L2,nas_best_vit3d_3d,ViT 3D,1943,5,,0.9643117261471232,0.3223764304845386,0.3323293172690763,0.3272772216042516,0.9643117261471232,0.0422432629278951,-0.0041572038954542,0.0065549890750182,True,,,,
ViT,2.5D-to-3D,RFN,Right Neural Foraminal Narrowing,right_neural_foraminal_narrowing,4,342,train,L2/L3,nas_best_vit3d_3d,ViT 3D,1943,5,,0.9198834668608884,0.3066278222869628,0.3333333333333333,0.3194233687405159,0.9198834668608884,0.0830298616168973,0.0,0.0029133284777858,True,,,,
ViT,2.5D-to-3D,RFN,Right Neural Foraminal Narrowing,right_neural_foraminal_narrowing,4,342,train,L3/L4,nas_best_vit3d_3d,ViT 3D,1943,5,,0.7720320466132556,0.490853509415505,0.3403772312162723,0.3056551016739262,0.7720320466132556,0.246176256372906,0.0227148481212828,0.0182083029861616,True,,,,
ViT,2.5D-to-3D,RFN,Right Neural Foraminal Narrowing,right_neural_foraminal_narrowing,4,342,train,L4/L5,nas_best_vit3d_3d,ViT 3D,1943,5,,0.6052439912600146,0.3242715833389408,0.3336837913181998,0.26206116568029,0.6052439912600146,0.4573925710123816,-0.0049405306495884,0.0626365622723962,True,,,,
ViT,2.5D-to-3D,RFN,Right Neural Foraminal Narrowing,right_neural_foraminal_narrowing,4,342,train,L5/S1,nas_best_vit3d_3d,ViT 3D,1943,5,,0.6525855790240349,0.2175285263413449,0.3333333333333333,0.2632584104598208,0.6525855790240349,0.4457392571012382,0.0,0.0983248361252731,True,,,,
ViT,2.5D-to-3D,RFN,Right Neural Foraminal Narrowing,right_neural_foraminal_narrowing,4,342,validation,L1/L2,nas_best_vit3d_3d,ViT 3D,1943,5,,0.9391891891891893,0.317351598173516,0.3286052009456264,0.3228803716608595,0.9391891891891893,0.0675675675675675,-0.0183486238532109,0.0067567567567567,True,296,282,12,2
ViT,2.5D-to-3D,RFN,Right Neural Foraminal Narrowing,right_neural_foraminal_narrowing,4,342,validation,L2/L3,nas_best_vit3d_3d,ViT 3D,1943,5,,0.902027027027027,0.3006756756756756,0.3333333333333333,0.3161634103019538,0.902027027027027,0.0979729729729729,0.0,0.0,True,296,267,29,0
ViT,2.5D-to-3D,RFN,Right Neural Foraminal Narrowing,right_neural_foraminal_narrowing,4,342,validation,L3/L4,nas_best_vit3d_3d,ViT 3D,1943,5,,0.8209459459459459,0.6059564719358533,0.3636363636363636,0.3554925435832808,0.8209459459459459,0.1891891891891892,0.1135156023572602,0.0101351351351351,True,296,238,55,3
ViT,2.5D-to-3D,RFN,Right Neural Foraminal Narrowing,right_neural_foraminal_narrowing,4,342,validation,L4/L5,nas_best_vit3d_3d,ViT 3D,1943,5,,0.6418918918918919,0.3461085439884026,0.3410218253968253,0.2940133839754024,0.6418918918918919,0.4222972972972973,0.0187113569801498,0.0641891891891891,True,296,192,84,20
ViT,2.5D-to-3D,RFN,Right Neural Foraminal Narrowing,right_neural_foraminal_narrowing,4,342,validation,L5/S1,nas_best_vit3d_3d,ViT 3D,1943,5,,0.6317567567567568,0.2105855855855856,0.3333333333333333,0.2581090407177364,0.6317567567567568,0.4729729729729729,0.0,0.1047297297297297,True,296,187,78,31
ViT,2.5D-to-3D,RFN,Right Neural Foraminal Narrowing,right_neural_foraminal_narrowing,4,342,test,L1/L2,nas_best_vit3d_3d,ViT 3D,1943,5,,0.9256756756756755,0.3138602520045819,0.3273596176821983,0.3204678362573099,0.9256756756756755,0.081081081081081,-0.0234625833539146,0.0067567567567567,True,,,,
ViT,2.5D-to-3D,RFN,Right Neural Foraminal Narrowing,right_neural_foraminal_narrowing,4,342,test,L2/L3,nas_best_vit3d_3d,ViT 3D,1943,5,,0.8851351351351351,0.295045045045045,0.3333333333333333,0.3130227001194743,0.8851351351351351,0.1216216216216216,0.0,0.0067567567567567,True,,,,
ViT,2.5D-to-3D,RFN,Right Neural Foraminal Narrowing,right_neural_foraminal_narrowing,4,342,test,L3/L4,nas_best_vit3d_3d,ViT 3D,1943,5,,0.722972972972973,0.2442922374429224,0.327217125382263,0.2797385620915033,0.722972972972973,0.3141891891891892,-0.0213634181469035,0.0371621621621621,True,,,,
ViT,2.5D-to-3D,RFN,Right Neural Foraminal Narrowing,right_neural_foraminal_narrowing,4,342,test,L4/L5,nas_best_vit3d_3d,ViT 3D,1943,5,,0.5878378378378378,0.284037558685446,0.3291884423619871,0.265267921423429,0.5878378378378378,0.4898648648648648,-0.0075563159395495,0.0777027027027027,True,,,,
ViT,2.5D-to-3D,RFN,Right Neural Foraminal Narrowing,right_neural_foraminal_narrowing,4,342,test,L5/S1,nas_best_vit3d_3d,ViT 3D,1943,5,,0.6655405405405406,0.2218468468468468,0.3333333333333333,0.2663962136578769,0.6655405405405406,0.4155405405405405,0.0,0.081081081081081,True,,,,
ViT,2.5D-to-3D,RFN,Right Neural Foraminal Narrowing,right_neural_foraminal_narrowing,5,442,train,L1/L2,nas_best_vit3d_3d,ViT 3D,1943,9,,0.9636627906976744,0.3212209302325581,0.3333333333333333,0.3271650629163582,0.9636627906976744,0.0428779069767441,0.0,0.0065406976744186,True,,,,
ViT,2.5D-to-3D,RFN,Right Neural Foraminal Narrowing,right_neural_foraminal_narrowing,5,442,train,L2/L3,nas_best_vit3d_3d,ViT 3D,1943,9,,0.9200581395348836,0.3066860465116279,0.3333333333333333,0.3194549583648751,0.9200581395348836,0.0821220930232558,0.0,0.0021802325581395,True,,,,
ViT,2.5D-to-3D,RFN,Right Neural Foraminal Narrowing,right_neural_foraminal_narrowing,5,442,train,L3/L4,nas_best_vit3d_3d,ViT 3D,1943,9,,0.7754360465116279,0.5917575757575757,0.3345070422535212,0.2934766932352046,0.7754360465116279,0.2434593023255813,0.003890817670298,0.0188953488372093,True,,,,
ViT,2.5D-to-3D,RFN,Right Neural Foraminal Narrowing,right_neural_foraminal_narrowing,5,442,train,L4/L5,nas_best_vit3d_3d,ViT 3D,1943,9,,0.6242732558139535,0.3619176283812664,0.3520143378633945,0.3126511122395346,0.6242732558139535,0.4353197674418604,0.0621913833884764,0.0595930232558139,True,,,,
ViT,2.5D-to-3D,RFN,Right Neural Foraminal Narrowing,right_neural_foraminal_narrowing,5,442,train,L5/S1,nas_best_vit3d_3d,ViT 3D,1943,9,,0.6475290697674418,0.3827250608272506,0.3350279002861163,0.2673712144137433,0.6475290697674418,0.4469476744186046,0.0007270457706851,0.0944767441860465,True,,,,
ViT,2.5D-to-3D,RFN,Right Neural Foraminal Narrowing,right_neural_foraminal_narrowing,5,442,validation,L1/L2,nas_best_vit3d_3d,ViT 3D,1943,9,,0.9389830508474576,0.3129943502824858,0.3333333333333333,0.3228438228438228,0.9389830508474576,0.0711864406779661,0.0,0.0101694915254237,True,295,277,15,3
ViT,2.5D-to-3D,RFN,Right Neural Foraminal Narrowing,right_neural_foraminal_narrowing,5,442,validation,L2/L3,nas_best_vit3d_3d,ViT 3D,1943,9,,0.888135593220339,0.296045197740113,0.3333333333333333,0.3135846798324356,0.888135593220339,0.1220338983050847,0.0,0.0101694915254237,True,295,262,30,3
ViT,2.5D-to-3D,RFN,Right Neural Foraminal Narrowing,right_neural_foraminal_narrowing,5,442,validation,L3/L4,nas_best_vit3d_3d,ViT 3D,1943,9,,0.7627118644067796,0.2542372881355932,0.3333333333333333,0.2884615384615385,0.7627118644067796,0.2542372881355932,0.0,0.0169491525423728,True,295,225,65,5
ViT,2.5D-to-3D,RFN,Right Neural Foraminal Narrowing,right_neural_foraminal_narrowing,5,442,validation,L4/L5,nas_best_vit3d_3d,ViT 3D,1943,9,,0.6474576271186441,0.4250633713561471,0.3831606732837952,0.3566839841349645,0.6474576271186441,0.3830508474576271,0.176170884052101,0.0305084745762711,True,295,179,103,13
ViT,2.5D-to-3D,RFN,Right Neural Foraminal Narrowing,right_neural_foraminal_narrowing,5,442,validation,L5/S1,nas_best_vit3d_3d,ViT 3D,1943,9,,0.6338983050847458,0.2127417519908987,0.3315602836879432,0.2591822591822592,0.6338983050847458,0.4711864406779661,0.0104140589796224,0.1050847457627118,True,295,188,75,32
ViT,2.5D-to-3D,RFN,Right Neural Foraminal Narrowing,right_neural_foraminal_narrowing,5,442,test,L1/L2,nas_best_vit3d_3d,ViT 3D,1943,9,,0.9727891156462584,0.3242630385487528,0.3333333333333333,0.328735632183908,0.9727891156462584,0.0306122448979591,0.0,0.0034013605442176,True,,,,
ViT,2.5D-to-3D,RFN,Right Neural Foraminal Narrowing,right_neural_foraminal_narrowing,5,442,test,L2/L3,nas_best_vit3d_3d,ViT 3D,1943,9,,0.8979591836734694,0.2993197278911564,0.3333333333333333,0.3154121863799283,0.8979591836734694,0.1020408163265306,0.0,0.0,True,,,,
ViT,2.5D-to-3D,RFN,Right Neural Foraminal Narrowing,right_neural_foraminal_narrowing,5,442,test,L3/L4,nas_best_vit3d_3d,ViT 3D,1943,9,,0.7517006802721088,0.4178082191780821,0.3369532428355957,0.2958501837789609,0.7517006802721088,0.2755102040816326,0.0091723994163019,0.0272108843537414,True,,,,
ViT,2.5D-to-3D,RFN,Right Neural Foraminal Narrowing,right_neural_foraminal_narrowing,5,442,test,L4/L5,nas_best_vit3d_3d,ViT 3D,1943,9,,0.564625850340136,0.3016325617801632,0.3332748538011696,0.2780703706451055,0.564625850340136,0.5034013605442177,0.031742694975825,0.0680272108843537,True,,,,
ViT,2.5D-to-3D,RFN,Right Neural Foraminal Narrowing,right_neural_foraminal_narrowing,5,442,test,L5/S1,nas_best_vit3d_3d,ViT 3D,1943,9,,0.6870748299319728,0.3961187214611872,0.3384615384615384,0.2817555225898903,0.6870748299319728,0.4047619047619047,0.0245483487399794,0.0918367346938775,True,,,,
ViT,2.5D-to-3D,RSS,Right Subarticular Stenosis,right_subarticular_stenosis,1,42,train,L1/L2,nas_best_vit3d_3d,ViT 3D,1376,5,,0.9072900158478604,0.3090418353576248,0.3256541524459613,0.3171305913308406,0.9072900158478604,0.1164817749603803,-0.0344180373957598,0.0237717908082408,True,,,,
ViT,2.5D-to-3D,RSS,Right Subarticular Stenosis,right_subarticular_stenosis,1,42,train,L2/L3,nas_best_vit3d_3d,ViT 3D,1376,5,,0.8375594294770206,0.4377195054728718,0.3469967532467533,0.332754658178387,0.8375594294770206,0.1909667194928684,0.0527388620568923,0.028526148969889,True,,,,
ViT,2.5D-to-3D,RSS,Right Subarticular Stenosis,right_subarticular_stenosis,1,42,train,L3/L4,nas_best_vit3d_3d,ViT 3D,1376,5,,0.6830427892234548,0.3886438389854049,0.3990422501060799,0.3822938305382446,0.6830427892234548,0.3922345483359746,0.174006432367459,0.0752773375594294,True,,,,
ViT,2.5D-to-3D,RSS,Right Subarticular Stenosis,right_subarticular_stenosis,1,42,train,L4/L5,nas_best_vit3d_3d,ViT 3D,1376,5,,0.5190174326465927,0.4699180079910131,0.4314341216362706,0.4113569074424381,0.5190174326465927,0.5974643423137876,0.2908264761490097,0.1164817749603803,True,,,,
ViT,2.5D-to-3D,RSS,Right Subarticular Stenosis,right_subarticular_stenosis,1,42,train,L5/S1,nas_best_vit3d_3d,ViT 3D,1376,5,,0.713946117274168,0.2379820390913893,0.3333333333333333,0.277700724302666,0.713946117274168,0.3700475435816164,0.0,0.0839936608557844,True,,,,
ViT,2.5D-to-3D,RSS,Right Subarticular Stenosis,right_subarticular_stenosis,1,42,validation,L1/L2,nas_best_vit3d_3d,ViT 3D,1376,5,,0.9204545454545454,0.3091603053435114,0.3306122448979592,0.3195266272189349,0.9204545454545454,0.0946969696969697,-0.010672853828306,0.0151515151515151,True,264,245,15,4
ViT,2.5D-to-3D,RSS,Right Subarticular Stenosis,right_subarticular_stenosis,1,42,validation,L2/L3,nas_best_vit3d_3d,ViT 3D,1376,5,,0.8257575757575758,0.3290717065036131,0.3365785139978688,0.3195619528989488,0.8257575757575758,0.2121212121212121,0.0402755189897638,0.0378787878787878,True,264,222,31,11
ViT,2.5D-to-3D,RSS,Right Subarticular Stenosis,right_subarticular_stenosis,1,42,validation,L3/L4,nas_best_vit3d_3d,ViT 3D,1376,5,,0.678030303030303,0.3666666666666667,0.3965088038858531,0.3795615013006317,0.678030303030303,0.3446969696969697,0.3689780005569479,0.0227272727272727,True,264,180,61,23
ViT,2.5D-to-3D,RSS,Right Subarticular Stenosis,right_subarticular_stenosis,1,42,validation,L4/L5,nas_best_vit3d_3d,ViT 3D,1376,5,,0.5378787878787878,0.519670594141271,0.481980572906993,0.4794817432273263,0.5378787878787878,0.5606060606060606,0.3788819875776398,0.0984848484848484,True,264,117,86,61
ViT,2.5D-to-3D,RSS,Right Subarticular Stenosis,right_subarticular_stenosis,1,42,validation,L5/S1,nas_best_vit3d_3d,ViT 3D,1376,5,,0.7083333333333334,0.2361111111111111,0.3333333333333333,0.2764227642276423,0.7083333333333334,0.3787878787878788,0.0,0.0871212121212121,True,264,187,54,23
ViT,2.5D-to-3D,RSS,Right Subarticular Stenosis,right_subarticular_stenosis,1,42,test,L1/L2,nas_best_vit3d_3d,ViT 3D,1376,5,,0.8812949640287769,0.3058676654182272,0.3190104166666667,0.3123008285532186,0.8812949640287769,0.1546762589928057,-0.053156945279615,0.0359712230215827,True,,,,
ViT,2.5D-to-3D,RSS,Right Subarticular Stenosis,right_subarticular_stenosis,1,42,test,L2/L3,nas_best_vit3d_3d,ViT 3D,1376,5,,0.8201438848920863,0.3268318397469689,0.3387894288150042,0.3183227041851257,0.8201438848920863,0.2194244604316546,0.1158709479653613,0.039568345323741,True,,,,
ViT,2.5D-to-3D,RSS,Right Subarticular Stenosis,right_subarticular_stenosis,1,42,test,L3/L4,nas_best_vit3d_3d,ViT 3D,1376,5,,0.6906474820143885,0.3828781084386465,0.4045673076923077,0.3913654618473896,0.6906474820143885,0.3381294964028777,0.3195674424814205,0.0287769784172661,True,,,,
ViT,2.5D-to-3D,RSS,Right Subarticular Stenosis,right_subarticular_stenosis,1,42,test,L4/L5,nas_best_vit3d_3d,ViT 3D,1376,5,,0.5215827338129496,0.4374182169881095,0.4193475714156979,0.4076592847483475,0.5215827338129496,0.5935251798561151,0.291589700220328,0.1151079136690647,True,,,,
ViT,2.5D-to-3D,RSS,Right Subarticular Stenosis,right_subarticular_stenosis,1,42,test,L5/S1,nas_best_vit3d_3d,ViT 3D,1376,5,,0.6726618705035972,0.2250300842358604,0.3315602836879432,0.268100358422939,0.6726618705035972,0.4244604316546763,-0.0049178260686812,0.0971223021582733,True,,,,
ViT,2.5D-to-3D,RSS,Right Subarticular Stenosis,right_subarticular_stenosis,2,142,train,L1/L2,nas_best_vit3d_3d,ViT 3D,1376,7,,0.9285146942017474,0.4356847855049294,0.3457072457072457,0.3454696876584627,0.9285146942017474,0.0826052422557585,0.0616890816084554,0.0111199364575059,True,,,,
ViT,2.5D-to-3D,RSS,Right Subarticular Stenosis,right_subarticular_stenosis,2,142,train,L2/L3,nas_best_vit3d_3d,ViT 3D,1376,7,,0.8236695790309769,0.4177379401925483,0.4023211262585762,0.4049852994576612,0.8236695790309769,0.1953931691818904,0.2851536699639628,0.0190627482128673,True,,,,
ViT,2.5D-to-3D,RSS,Right Subarticular Stenosis,right_subarticular_stenosis,2,142,train,L3/L4,nas_best_vit3d_3d,ViT 3D,1376,7,,0.6743447180301827,0.3850799796403845,0.4289748236004722,0.405564955818763,0.6743447180301827,0.3534551231135822,0.3728302704417664,0.0277998411437648,True,,,,
ViT,2.5D-to-3D,RSS,Right Subarticular Stenosis,right_subarticular_stenosis,2,142,train,L4/L5,nas_best_vit3d_3d,ViT 3D,1376,7,,0.4535345512311358,0.5173643982173504,0.4959829824108559,0.4476749378885885,0.4535345512311358,0.7196187450357426,0.3239232489240091,0.1731532962668784,True,,,,
ViT,2.5D-to-3D,RSS,Right Subarticular Stenosis,right_subarticular_stenosis,2,142,train,L5/S1,nas_best_vit3d_3d,ViT 3D,1376,7,,0.7069102462271644,0.3636143410852713,0.3480930937495445,0.3122253877809433,0.7069102462271644,0.3733121525019857,0.0603287996214872,0.0802223987291501,True,,,,
ViT,2.5D-to-3D,RSS,Right Subarticular Stenosis,right_subarticular_stenosis,2,142,validation,L1/L2,nas_best_vit3d_3d,ViT 3D,1376,7,,0.9416058394160584,0.3138686131386861,0.3333333333333333,0.3233082706766917,0.9416058394160584,0.072992700729927,0.0,0.0145985401459854,True,274,258,12,4
ViT,2.5D-to-3D,RSS,Right Subarticular Stenosis,right_subarticular_stenosis,2,142,validation,L2/L3,nas_best_vit3d_3d,ViT 3D,1376,7,,0.8467153284671532,0.4304103755323267,0.4240090886139864,0.4258648169349226,0.8467153284671532,0.1605839416058394,0.401419989077007,0.0072992700729927,True,274,233,34,7
ViT,2.5D-to-3D,RSS,Right Subarticular Stenosis,right_subarticular_stenosis,2,142,validation,L3/L4,nas_best_vit3d_3d,ViT 3D,1376,7,,0.6058394160583942,0.3464176829268293,0.3836601307189542,0.3637992831541218,0.6058394160583942,0.4233576642335766,0.2754227101530569,0.0291970802919708,True,274,180,68,26
ViT,2.5D-to-3D,RSS,Right Subarticular Stenosis,right_subarticular_stenosis,2,142,validation,L4/L5,nas_best_vit3d_3d,ViT 3D,1376,7,,0.3795620437956204,0.470718462823726,0.4559351276742581,0.3733618233618234,0.3795620437956204,0.8321167883211679,0.2420226453937209,0.2116788321167883,True,274,138,80,56
ViT,2.5D-to-3D,RSS,Right Subarticular Stenosis,right_subarticular_stenosis,2,142,validation,L5/S1,nas_best_vit3d_3d,ViT 3D,1376,7,,0.718978102189781,0.4327838827838827,0.3723613156602847,0.3537235158380533,0.718978102189781,0.364963503649635,0.0603213379686179,0.083941605839416,True,274,194,56,24
ViT,2.5D-to-3D,RSS,Right Subarticular Stenosis,right_subarticular_stenosis,2,142,test,L1/L2,nas_best_vit3d_3d,ViT 3D,1376,7,,0.904059040590406,0.4690210656753408,0.3478458049886621,0.3454576213838605,0.904059040590406,0.1143911439114391,0.0362563969121344,0.018450184501845,True,,,,
ViT,2.5D-to-3D,RSS,Right Subarticular Stenosis,right_subarticular_stenosis,2,142,test,L2/L3,nas_best_vit3d_3d,ViT 3D,1376,7,,0.8228782287822878,0.4025610717100079,0.4417187750521084,0.419692531280514,0.8228782287822878,0.2029520295202952,0.3162821309737103,0.025830258302583,True,,,,
ViT,2.5D-to-3D,RSS,Right Subarticular Stenosis,right_subarticular_stenosis,2,142,test,L3/L4,nas_best_vit3d_3d,ViT 3D,1376,7,,0.6494464944649446,0.3725349040139616,0.4214025500910747,0.3941685765215177,0.6494464944649446,0.3837638376383764,0.3351966540657924,0.033210332103321,True,,,,
ViT,2.5D-to-3D,RSS,Right Subarticular Stenosis,right_subarticular_stenosis,2,142,test,L4/L5,nas_best_vit3d_3d,ViT 3D,1376,7,,0.4428044280442804,0.4941807132209608,0.4825201398388812,0.4337431921289363,0.4428044280442804,0.7011070110701108,0.3520795047014112,0.1439114391143911,True,,,,
ViT,2.5D-to-3D,RSS,Right Subarticular Stenosis,right_subarticular_stenosis,2,142,test,L5/S1,nas_best_vit3d_3d,ViT 3D,1376,7,,0.6937269372693727,0.3113766907541226,0.3381297080979284,0.3020817443125769,0.6937269372693727,0.3653136531365313,0.0824481145486031,0.059040590405904,True,,,,
ViT,2.5D-to-3D,RSS,Right Subarticular Stenosis,right_subarticular_stenosis,3,242,train,L1/L2,nas_best_vit3d_3d,ViT 3D,1376,9,,0.930952380952381,0.3105639396346306,0.3330494037478705,0.3214138923140156,0.930952380952381,0.0825396825396825,-0.0011861303361468,0.0134920634920634,True,,,,
ViT,2.5D-to-3D,RSS,Right Subarticular Stenosis,right_subarticular_stenosis,3,242,train,L2/L3,nas_best_vit3d_3d,ViT 3D,1376,9,,0.8388888888888889,0.39195310418332,0.338442520639431,0.3163646356756606,0.8388888888888889,0.1952380952380952,0.0305760647394984,0.0341269841269841,True,,,,
ViT,2.5D-to-3D,RSS,Right Subarticular Stenosis,right_subarticular_stenosis,3,242,train,L3/L4,nas_best_vit3d_3d,ViT 3D,1376,9,,0.6968253968253968,0.6391641727583445,0.3877702124802049,0.3765552105452587,0.6968253968253968,0.3873015873015873,0.1508780036968576,0.0841269841269841,True,,,,
ViT,2.5D-to-3D,RSS,Right Subarticular Stenosis,right_subarticular_stenosis,3,242,train,L4/L5,nas_best_vit3d_3d,ViT 3D,1376,9,,0.5317460317460317,0.5207540667218087,0.437934431470793,0.4074415416197456,0.5317460317460317,0.6126984126984127,0.2789379931811038,0.1444444444444444,True,,,,
ViT,2.5D-to-3D,RSS,Right Subarticular Stenosis,right_subarticular_stenosis,3,242,train,L5/S1,nas_best_vit3d_3d,ViT 3D,1376,9,,0.7317460317460317,0.4967635346945692,0.3578628448705034,0.332250529084039,0.7317460317460317,0.3484126984126984,0.103969930417495,0.0801587301587301,True,,,,
ViT,2.5D-to-3D,RSS,Right Subarticular Stenosis,right_subarticular_stenosis,3,242,validation,L1/L2,nas_best_vit3d_3d,ViT 3D,1376,9,,0.9138576779026216,0.3046192259675406,0.3333333333333333,0.3183300717547292,0.9138576779026216,0.0936329588014981,0.0,0.0074906367041198,True,267,244,21,2
ViT,2.5D-to-3D,RSS,Right Subarticular Stenosis,right_subarticular_stenosis,3,242,validation,L2/L3,nas_best_vit3d_3d,ViT 3D,1376,9,,0.8127340823970037,0.3838383838383838,0.3399273163238545,0.3145278145278145,0.8127340823970037,0.2172284644194756,0.0594115966866608,0.0299625468164794,True,267,217,41,9
ViT,2.5D-to-3D,RSS,Right Subarticular Stenosis,right_subarticular_stenosis,3,242,validation,L3/L4,nas_best_vit3d_3d,ViT 3D,1376,9,,0.6891385767790262,0.4693601697005574,0.401773286076897,0.3956758688466005,0.6891385767790262,0.3595505617977528,0.2805459846276174,0.048689138576779,True,267,177,69,21
ViT,2.5D-to-3D,RSS,Right Subarticular Stenosis,right_subarticular_stenosis,3,242,validation,L4/L5,nas_best_vit3d_3d,ViT 3D,1376,9,,0.5355805243445693,0.5148081892267938,0.4817635833076719,0.4693162393162393,0.5355805243445693,0.5842696629213483,0.3628237948539939,0.1198501872659176,True,267,118,87,62
ViT,2.5D-to-3D,RSS,Right Subarticular Stenosis,right_subarticular_stenosis,3,242,validation,L5/S1,nas_best_vit3d_3d,ViT 3D,1376,9,,0.6666666666666666,0.3923476005188067,0.3491889921632951,0.3053763440860215,0.6666666666666666,0.4344569288389513,0.0523612676938493,0.1011235955056179,True,267,177,62,28
ViT,2.5D-to-3D,RSS,Right Subarticular Stenosis,right_subarticular_stenosis,3,242,test,L1/L2,nas_best_vit3d_3d,ViT 3D,1376,9,,0.9169675090252708,0.3067632850241545,0.3320261437908496,0.3188951663527934,0.9169675090252708,0.1010830324909747,-0.0051566080977847,0.0180505415162454,True,,,,
ViT,2.5D-to-3D,RSS,Right Subarticular Stenosis,right_subarticular_stenosis,3,242,test,L2/L3,nas_best_vit3d_3d,ViT 3D,1376,9,,0.8592057761732852,0.5374845105328377,0.3890455753116697,0.4011241854288273,0.8592057761732852,0.1696750902527075,0.1703826955074875,0.0288808664259927,True,,,,
ViT,2.5D-to-3D,RSS,Right Subarticular Stenosis,right_subarticular_stenosis,3,242,test,L3/L4,nas_best_vit3d_3d,ViT 3D,1376,9,,0.7220216606498195,0.683663249675975,0.4626419147750574,0.4899586158246666,0.7220216606498195,0.3465703971119133,0.3249063329817031,0.0685920577617328,True,,,,
ViT,2.5D-to-3D,RSS,Right Subarticular Stenosis,right_subarticular_stenosis,3,242,test,L4/L5,nas_best_vit3d_3d,ViT 3D,1376,9,,0.5054151624548736,0.5123760309009291,0.4426703042120488,0.4291139139522453,0.5054151624548736,0.631768953068592,0.2954225316430041,0.1371841155234657,True,,,,
ViT,2.5D-to-3D,RSS,Right Subarticular Stenosis,right_subarticular_stenosis,3,242,test,L5/S1,nas_best_vit3d_3d,ViT 3D,1376,9,,0.6678700361010831,0.5037453183520599,0.3765647226173542,0.3498884811856968,0.6678700361010831,0.3826714801444043,0.1130704898446834,0.0505415162454873,True,,,,
ViT,2.5D-to-3D,RSS,Right Subarticular Stenosis,right_subarticular_stenosis,4,342,train,L1/L2,nas_best_vit3d_3d,ViT 3D,1376,13,,0.9248417721518988,0.4203320968026851,0.3410835942689059,0.3367573236289214,0.9248417721518988,0.0893987341772152,0.0193897740289491,0.0142405063291139,True,,,,
ViT,2.5D-to-3D,RSS,Right Subarticular Stenosis,right_subarticular_stenosis,4,342,train,L2/L3,nas_best_vit3d_3d,ViT 3D,1376,13,,0.8346518987341772,0.4099934605552582,0.3460270827189551,0.32885621073112,0.8346518987341772,0.1922468354430379,0.1107612403521629,0.0268987341772151,True,,,,
ViT,2.5D-to-3D,RSS,Right Subarticular Stenosis,right_subarticular_stenosis,4,342,train,L3/L4,nas_best_vit3d_3d,ViT 3D,1376,13,,0.7009493670886076,0.5638714332566378,0.4739595434579853,0.457016958495457,0.7009493670886076,0.3686708860759494,0.3778373413519261,0.0696202531645569,True,,,,
ViT,2.5D-to-3D,RSS,Right Subarticular Stenosis,right_subarticular_stenosis,4,342,train,L4/L5,nas_best_vit3d_3d,ViT 3D,1376,13,,0.5680379746835443,0.5503154841795097,0.4897407443042751,0.480256667749076,0.5680379746835443,0.5363924050632911,0.4123959209295164,0.1044303797468354,True,,,,
ViT,2.5D-to-3D,RSS,Right Subarticular Stenosis,right_subarticular_stenosis,4,342,train,L5/S1,nas_best_vit3d_3d,ViT 3D,1376,13,,0.7143987341772152,0.3723033875859712,0.3727504795632286,0.3541117963502885,0.7143987341772152,0.3504746835443038,0.1679087967100182,0.0648734177215189,True,,,,
ViT,2.5D-to-3D,RSS,Right Subarticular Stenosis,right_subarticular_stenosis,4,342,validation,L1/L2,nas_best_vit3d_3d,ViT 3D,1376,13,,0.9448529411764706,0.482716049382716,0.3611111111111111,0.3720803910917979,0.9448529411764706,0.0661764705882353,0.1920792079207922,0.0110294117647058,True,272,256,12,4
ViT,2.5D-to-3D,RSS,Right Subarticular Stenosis,right_subarticular_stenosis,4,342,validation,L2/L3,nas_best_vit3d_3d,ViT 3D,1376,13,,0.8676470588235294,0.6222222222222222,0.3548387096774193,0.34992784992785,0.8676470588235294,0.1580882352941176,0.0553253716792591,0.025735294117647,True,272,234,31,7
ViT,2.5D-to-3D,RSS,Right Subarticular Stenosis,right_subarticular_stenosis,4,342,validation,L3/L4,nas_best_vit3d_3d,ViT 3D,1376,13,,0.6801470588235294,0.4618298620113502,0.4389440559897108,0.4285685953691309,0.6801470588235294,0.3786764705882353,0.3890589644615999,0.0588235294117647,True,272,183,62,27
ViT,2.5D-to-3D,RSS,Right Subarticular Stenosis,right_subarticular_stenosis,4,342,validation,L4/L5,nas_best_vit3d_3d,ViT 3D,1376,13,,0.5588235294117647,0.5263918757467145,0.4900795122152185,0.4808347223584011,0.5588235294117647,0.5367647058823529,0.4021845306811118,0.0955882352941176,True,272,124,90,58
ViT,2.5D-to-3D,RSS,Right Subarticular Stenosis,right_subarticular_stenosis,4,342,validation,L5/S1,nas_best_vit3d_3d,ViT 3D,1376,13,,0.6433823529411765,0.3311574665342225,0.3532424142841494,0.3240989560430612,0.6433823529411765,0.4227941176470588,0.1212665810868635,0.0661764705882353,True,272,179,68,25
ViT,2.5D-to-3D,RSS,Right Subarticular Stenosis,right_subarticular_stenosis,4,342,test,L1/L2,nas_best_vit3d_3d,ViT 3D,1376,13,,0.9104477611940298,0.4189991518235793,0.3612466124661246,0.3688673531193216,0.9104477611940298,0.0970149253731343,0.0888485947416136,0.0074626865671641,True,,,,
ViT,2.5D-to-3D,RSS,Right Subarticular Stenosis,right_subarticular_stenosis,4,342,test,L2/L3,nas_best_vit3d_3d,ViT 3D,1376,13,,0.835820895522388,0.4083333333333334,0.3626018612276387,0.3563200084939215,0.835820895522388,0.2052238805970149,0.1582639908631097,0.0410447761194029,True,,,,
ViT,2.5D-to-3D,RSS,Right Subarticular Stenosis,right_subarticular_stenosis,4,342,test,L3/L4,nas_best_vit3d_3d,ViT 3D,1376,13,,0.7238805970149254,0.5737873237873238,0.4850446365511202,0.481722970312623,0.7238805970149254,0.3432835820895522,0.4272165637001168,0.0671641791044776,True,,,,
ViT,2.5D-to-3D,RSS,Right Subarticular Stenosis,right_subarticular_stenosis,4,342,test,L4/L5,nas_best_vit3d_3d,ViT 3D,1376,13,,0.5485074626865671,0.5500645364704955,0.5006533618436683,0.4936903985338427,0.5485074626865671,0.5447761194029851,0.4095854689326499,0.0932835820895522,True,,,,
ViT,2.5D-to-3D,RSS,Right Subarticular Stenosis,right_subarticular_stenosis,4,342,test,L5/S1,nas_best_vit3d_3d,ViT 3D,1376,13,,0.7350746268656716,0.397223988133079,0.3839032021198481,0.3752871408936689,0.7350746268656716,0.3171641791044776,0.1550223214285713,0.0522388059701492,True,,,,
ViT,2.5D-to-3D,RSS,Right Subarticular Stenosis,right_subarticular_stenosis,5,442,train,L1/L2,nas_best_vit3d_3d,ViT 3D,1376,10,,0.9211783439490446,0.4923948220064725,0.3739452859745726,0.3889814690497064,0.9211783439490446,0.090764331210191,0.1538288794071413,0.0119426751592356,True,,,,
ViT,2.5D-to-3D,RSS,Right Subarticular Stenosis,right_subarticular_stenosis,5,442,train,L2/L3,nas_best_vit3d_3d,ViT 3D,1376,10,,0.8359872611464968,0.4007894483488977,0.3551543965922941,0.3463782474680757,0.8359872611464968,0.1942675159235669,0.1447054817841336,0.0302547770700636,True,,,,
ViT,2.5D-to-3D,RSS,Right Subarticular Stenosis,right_subarticular_stenosis,5,442,train,L3/L4,nas_best_vit3d_3d,ViT 3D,1376,10,,0.7062101910828026,0.6090527664522533,0.4225085887636556,0.4226080129383953,0.7062101910828026,0.3415605095541401,0.3371885128978057,0.0477707006369426,True,,,,
ViT,2.5D-to-3D,RSS,Right Subarticular Stenosis,right_subarticular_stenosis,5,442,train,L4/L5,nas_best_vit3d_3d,ViT 3D,1376,10,,0.5573248407643312,0.5070267896354853,0.5043970465150878,0.4886620023273858,0.5573248407643312,0.5342356687898089,0.4560580483659477,0.0915605095541401,True,,,,
ViT,2.5D-to-3D,RSS,Right Subarticular Stenosis,right_subarticular_stenosis,5,442,train,L5/S1,nas_best_vit3d_3d,ViT 3D,1376,10,,0.7173566878980892,0.5060936873592994,0.365450598783932,0.3446374358506106,0.7173566878980892,0.357484076433121,0.1107742236646143,0.0748407643312101,True,,,,
ViT,2.5D-to-3D,RSS,Right Subarticular Stenosis,right_subarticular_stenosis,5,442,validation,L1/L2,nas_best_vit3d_3d,ViT 3D,1376,10,,0.956043956043956,0.3900497512437811,0.3784078516902944,0.3825995807127882,0.956043956043956,0.0512820512820512,0.344275420336269,0.0073260073260073,True,273,262,7,4
ViT,2.5D-to-3D,RSS,Right Subarticular Stenosis,right_subarticular_stenosis,5,442,validation,L2/L3,nas_best_vit3d_3d,ViT 3D,1376,10,,0.8424908424908425,0.4169154228855721,0.3489533011272142,0.3377412087373885,0.8424908424908425,0.1794871794871795,0.0918361782189015,0.0219780219780219,True,273,230,36,7
ViT,2.5D-to-3D,RSS,Right Subarticular Stenosis,right_subarticular_stenosis,5,442,validation,L3/L4,nas_best_vit3d_3d,ViT 3D,1376,10,,0.7032967032967034,0.7204278812974465,0.4167939367939368,0.4130956058666902,0.7032967032967034,0.3333333333333333,0.3568017320060281,0.0366300366300366,True,273,185,63,25
ViT,2.5D-to-3D,RSS,Right Subarticular Stenosis,right_subarticular_stenosis,5,442,validation,L4/L5,nas_best_vit3d_3d,ViT 3D,1376,10,,0.5531135531135531,0.5045528092261304,0.5063955420560026,0.5013342112986242,0.5531135531135531,0.5347985347985348,0.4453892391144993,0.0879120879120879,True,273,129,85,59
ViT,2.5D-to-3D,RSS,Right Subarticular Stenosis,right_subarticular_stenosis,5,442,validation,L5/S1,nas_best_vit3d_3d,ViT 3D,1376,10,,0.7289377289377289,0.3836575875486381,0.3682312925170068,0.3455708382860701,0.7289377289377289,0.3479853479853479,0.1648766328011611,0.0769230769230769,True,273,196,50,27
ViT,2.5D-to-3D,RSS,Right Subarticular Stenosis,right_subarticular_stenosis,5,442,test,L1/L2,nas_best_vit3d_3d,ViT 3D,1376,10,,0.9309090909090908,0.3969864698646986,0.3532668881506091,0.3583980956381712,0.9309090909090908,0.08,0.0482076637824474,0.0109090909090909,True,,,,
ViT,2.5D-to-3D,RSS,Right Subarticular Stenosis,right_subarticular_stenosis,5,442,test,L2/L3,nas_best_vit3d_3d,ViT 3D,1376,10,,0.8436363636363636,0.4696463380673907,0.3731571679169932,0.3751683501683502,0.8436363636363636,0.1745454545454545,0.2003409204853105,0.0181818181818181,True,,,,
ViT,2.5D-to-3D,RSS,Right Subarticular Stenosis,right_subarticular_stenosis,5,442,test,L3/L4,nas_best_vit3d_3d,ViT 3D,1376,10,,0.7127272727272728,0.5207271491675162,0.4495262009386303,0.4439134226744846,0.7127272727272728,0.3381818181818182,0.3412847669009204,0.0509090909090909,True,,,,
ViT,2.5D-to-3D,RSS,Right Subarticular Stenosis,right_subarticular_stenosis,5,442,test,L4/L5,nas_best_vit3d_3d,ViT 3D,1376,10,,0.5527272727272727,0.5281065839285017,0.5331726354453626,0.5288356580578996,0.5527272727272727,0.5490909090909091,0.4341170038272279,0.1018181818181818,True,,,,
ViT,2.5D-to-3D,RSS,Right Subarticular Stenosis,right_subarticular_stenosis,5,442,test,L5/S1,nas_best_vit3d_3d,ViT 3D,1376,10,,0.6690909090909091,0.3370339912280702,0.3461910451157763,0.3160493827160494,0.6690909090909091,0.4109090909090909,0.0296662546353523,0.08,True,,,,
ViT,2.5D-to-3D,SCS,Spinal Canal Stenosis,spinal_canal_stenosis,1,42,train,L1/L2,nas_best_vit3d_3d,ViT 3D,398,13,,0.9555388093443858,0.3185129364481286,0.3333333333333333,0.3257546563904945,0.9555388093443858,0.0550113036925395,0.0,0.0105501130369253,True,,,,
ViT,2.5D-to-3D,SCS,Spinal Canal Stenosis,spinal_canal_stenosis,1,42,train,L2/L3,nas_best_vit3d_3d,ViT 3D,398,13,,0.8967596081386586,0.4659863945578231,0.3395758303321328,0.3282330573826559,0.8967596081386586,0.1326299924642049,0.0114383589767654,0.0293896006028636,True,,,,
ViT,2.5D-to-3D,SCS,Spinal Canal Stenosis,spinal_canal_stenosis,1,42,train,L3/L4,nas_best_vit3d_3d,ViT 3D,398,13,,0.827430293896006,0.6776302697041109,0.3874912985978103,0.3976685998570944,0.827430293896006,0.2238131122833458,0.1629443376944626,0.0512434061793519,True,,,,
ViT,2.5D-to-3D,SCS,Spinal Canal Stenosis,spinal_canal_stenosis,1,42,train,L4/L5,nas_best_vit3d_3d,ViT 3D,398,13,,0.7686510926902789,0.5656282425681675,0.4885968115772661,0.4762829844062829,0.7686510926902789,0.3398643556895252,0.4331036619662944,0.108515448379804,True,,,,
ViT,2.5D-to-3D,SCS,Spinal Canal Stenosis,spinal_canal_stenosis,1,42,train,L5/S1,nas_best_vit3d_3d,ViT 3D,398,13,,0.9660889223813112,0.3220296407937704,0.3333333333333333,0.3275840040884119,0.9660889223813112,0.0437076111529766,0.0,0.0097965335342878,True,,,,
ViT,2.5D-to-3D,SCS,Spinal Canal Stenosis,spinal_canal_stenosis,1,42,validation,L1/L2,nas_best_vit3d_3d,ViT 3D,398,13,,0.9335664335664337,0.3111888111888112,0.3333333333333333,0.321880650994575,0.9335664335664337,0.0804195804195804,0.0,0.0139860139860139,True,286,267,15,4
ViT,2.5D-to-3D,SCS,Spinal Canal Stenosis,spinal_canal_stenosis,1,42,validation,L2/L3,nas_best_vit3d_3d,ViT 3D,398,13,,0.8776223776223776,0.2935672514619883,0.332010582010582,0.3116076970825574,0.8776223776223776,0.1503496503496503,-0.0050029779630731,0.0279720279720279,True,286,252,26,8
ViT,2.5D-to-3D,SCS,Spinal Canal Stenosis,spinal_canal_stenosis,1,42,validation,L3/L4,nas_best_vit3d_3d,ViT 3D,398,13,,0.8216783216783217,0.4090354090354091,0.3809648206199931,0.3760941311522456,0.8216783216783217,0.2307692307692307,0.2206642066420664,0.0524475524475524,True,286,232,33,21
ViT,2.5D-to-3D,SCS,Spinal Canal Stenosis,spinal_canal_stenosis,1,42,validation,L4/L5,nas_best_vit3d_3d,ViT 3D,398,13,,0.7447552447552448,0.7032721280602637,0.451525054466231,0.4328141744389032,0.7447552447552448,0.3916083916083916,0.3553362122146823,0.1363636363636363,True,286,216,36,34
ViT,2.5D-to-3D,SCS,Spinal Canal Stenosis,spinal_canal_stenosis,1,42,validation,L5/S1,nas_best_vit3d_3d,ViT 3D,398,13,,0.958041958041958,0.3193473193473193,0.3333333333333333,0.3261904761904762,0.958041958041958,0.0524475524475524,0.0,0.0104895104895104,True,286,274,9,3
ViT,2.5D-to-3D,SCS,Spinal Canal Stenosis,spinal_canal_stenosis,1,42,test,L1/L2,nas_best_vit3d_3d,ViT 3D,398,13,,0.972027972027972,0.324009324009324,0.3333333333333333,0.3286052009456264,0.972027972027972,0.0384615384615384,0.0,0.0104895104895104,True,,,,
ViT,2.5D-to-3D,SCS,Spinal Canal Stenosis,spinal_canal_stenosis,1,42,test,L2/L3,nas_best_vit3d_3d,ViT 3D,398,13,,0.9090909090909092,0.303030303030303,0.3333333333333333,0.3174603174603174,0.9090909090909092,0.1083916083916083,0.0,0.0174825174825174,True,,,,
ViT,2.5D-to-3D,SCS,Spinal Canal Stenosis,spinal_canal_stenosis,1,42,test,L3/L4,nas_best_vit3d_3d,ViT 3D,398,13,,0.8391608391608392,0.7695200176952003,0.4004583651642475,0.4221117424242424,0.8391608391608392,0.2027972027972027,0.1982222222222222,0.0419580419580419,True,,,,
ViT,2.5D-to-3D,SCS,Spinal Canal Stenosis,spinal_canal_stenosis,1,42,test,L4/L5,nas_best_vit3d_3d,ViT 3D,398,13,,0.7797202797202797,0.5137442833511726,0.4816555431961438,0.4695960877000826,0.7797202797202797,0.3321678321678322,0.4635602217765718,0.1118881118881118,True,,,,
ViT,2.5D-to-3D,SCS,Spinal Canal Stenosis,spinal_canal_stenosis,1,42,test,L5/S1,nas_best_vit3d_3d,ViT 3D,398,13,,0.9615384615384616,0.3205128205128205,0.3333333333333333,0.326797385620915,0.9615384615384616,0.0489510489510489,0.0,0.0104895104895104,True,,,,
ViT,2.5D-to-3D,SCS,Spinal Canal Stenosis,spinal_canal_stenosis,2,142,train,L1/L2,nas_best_vit3d_3d,ViT 3D,398,16,,0.9578947368421052,0.3192982456140351,0.3333333333333333,0.3261648745519713,0.9578947368421052,0.0511278195488721,0.0,0.0090225563909774,True,,,,
ViT,2.5D-to-3D,SCS,Spinal Canal Stenosis,spinal_canal_stenosis,2,142,train,L2/L3,nas_best_vit3d_3d,ViT 3D,398,16,,0.8924812030075188,0.3407085224407463,0.3346137256976375,0.3203863903665097,0.8924812030075188,0.1330827067669173,-0.0002332905633966,0.025563909774436,True,,,,
ViT,2.5D-to-3D,SCS,Spinal Canal Stenosis,spinal_canal_stenosis,2,142,train,L3/L4,nas_best_vit3d_3d,ViT 3D,398,16,,0.825563909774436,0.4063237376120812,0.3535802349560719,0.3401390675531555,0.825563909774436,0.2308270676691729,0.0940621655701591,0.056390977443609,True,,,,
ViT,2.5D-to-3D,SCS,Spinal Canal Stenosis,spinal_canal_stenosis,2,142,train,L4/L5,nas_best_vit3d_3d,ViT 3D,398,16,,0.7676691729323308,0.416331850059763,0.4476981351981352,0.429793886685901,0.7676691729323308,0.3496240601503759,0.3779173012442738,0.1172932330827067,True,,,,
ViT,2.5D-to-3D,SCS,Spinal Canal Stenosis,spinal_canal_stenosis,2,142,train,L5/S1,nas_best_vit3d_3d,ViT 3D,398,16,,0.9639097744360904,0.3213032581453634,0.3333333333333333,0.3272077590607453,0.9639097744360904,0.0451127819548872,0.0,0.0090225563909774,True,,,,
ViT,2.5D-to-3D,SCS,Spinal Canal Stenosis,spinal_canal_stenosis,2,142,validation,L1/L2,nas_best_vit3d_3d,ViT 3D,398,16,,0.9375,0.3125,0.3333333333333333,0.3225806451612903,0.9375,0.0763888888888889,0.0,0.0138888888888888,True,288,270,14,4
ViT,2.5D-to-3D,SCS,Spinal Canal Stenosis,spinal_canal_stenosis,2,142,validation,L2/L3,nas_best_vit3d_3d,ViT 3D,398,16,,0.8819444444444444,0.2970760233918129,0.3294422827496757,0.3124231242312423,0.8819444444444444,0.1493055555555555,-0.0138504155124652,0.03125,True,288,257,22,9
ViT,2.5D-to-3D,SCS,Spinal Canal Stenosis,spinal_canal_stenosis,2,142,validation,L3/L4,nas_best_vit3d_3d,ViT 3D,398,16,,0.8125,0.4065959952885747,0.3475783475783476,0.329464861379755,0.8125,0.2361111111111111,0.0551568587246258,0.0486111111111111,True,288,234,39,15
ViT,2.5D-to-3D,SCS,Spinal Canal Stenosis,spinal_canal_stenosis,2,142,validation,L4/L5,nas_best_vit3d_3d,ViT 3D,398,16,,0.7777777777777778,0.4283854166666667,0.4614197530864197,0.442256563642406,0.7777777777777778,0.3194444444444444,0.4307692307692308,0.0972222222222222,True,288,216,36,36
ViT,2.5D-to-3D,SCS,Spinal Canal Stenosis,spinal_canal_stenosis,2,142,validation,L5/S1,nas_best_vit3d_3d,ViT 3D,398,16,,0.9583333333333334,0.3194444444444445,0.3333333333333333,0.326241134751773,0.9583333333333334,0.0520833333333333,0.0,0.0104166666666666,True,288,276,9,3
ViT,2.5D-to-3D,SCS,Spinal Canal Stenosis,spinal_canal_stenosis,2,142,test,L1/L2,nas_best_vit3d_3d,ViT 3D,398,16,,0.9572953736654805,0.3190984578884935,0.3333333333333333,0.326060606060606,0.9572953736654805,0.0604982206405693,0.0,0.0177935943060498,True,,,,
ViT,2.5D-to-3D,SCS,Spinal Canal Stenosis,spinal_canal_stenosis,2,142,test,L2/L3,nas_best_vit3d_3d,ViT 3D,398,16,,0.8932384341637011,0.2988095238095238,0.332010582010582,0.3145363408521303,0.8932384341637011,0.1387900355871886,-0.0047675804529199,0.0320284697508896,True,,,,
ViT,2.5D-to-3D,SCS,Spinal Canal Stenosis,spinal_canal_stenosis,2,142,test,L3/L4,nas_best_vit3d_3d,ViT 3D,398,16,,0.8256227758007118,0.2771804062126642,0.3319027181688126,0.3020833333333333,0.8256227758007118,0.2313167259786477,0.0307243696881334,0.0569395017793594,True,,,,
ViT,2.5D-to-3D,SCS,Spinal Canal Stenosis,spinal_canal_stenosis,2,142,test,L4/L5,nas_best_vit3d_3d,ViT 3D,398,16,,0.7295373665480427,0.3626091978918489,0.4143202304618529,0.3867270354054495,0.7295373665480427,0.4128113879003559,0.2679568291775214,0.1423487544483986,True,,,,
ViT,2.5D-to-3D,SCS,Spinal Canal Stenosis,spinal_canal_stenosis,2,142,test,L5/S1,nas_best_vit3d_3d,ViT 3D,398,16,,0.9715302491103204,0.3238434163701068,0.3333333333333333,0.3285198555956679,0.9715302491103204,0.0427046263345195,0.0,0.0142348754448398,True,,,,
ViT,2.5D-to-3D,SCS,Spinal Canal Stenosis,spinal_canal_stenosis,3,242,train,L1/L2,nas_best_vit3d_3d,ViT 3D,398,19,,0.9580524344569288,0.319350811485643,0.3333333333333333,0.3261922978831931,0.9580524344569288,0.0539325842696629,0.0,0.0119850187265917,True,,,,
ViT,2.5D-to-3D,SCS,Spinal Canal Stenosis,spinal_canal_stenosis,3,242,train,L2/L3,nas_best_vit3d_3d,ViT 3D,398,19,,0.8936329588014982,0.2978776529338327,0.3333333333333333,0.3146097046413502,0.8936329588014982,0.1340823970037453,0.0,0.0277153558052434,True,,,,
ViT,2.5D-to-3D,SCS,Spinal Canal Stenosis,spinal_canal_stenosis,3,242,train,L3/L4,nas_best_vit3d_3d,ViT 3D,398,19,,0.8314606741573034,0.5892016981635956,0.3928157951888714,0.4079741111017618,0.8314606741573034,0.2202247191011236,0.2184412733260154,0.0516853932584269,True,,,,
ViT,2.5D-to-3D,SCS,Spinal Canal Stenosis,spinal_canal_stenosis,3,242,train,L4/L5,nas_best_vit3d_3d,ViT 3D,398,19,,0.7655430711610487,0.5504113018597997,0.4597886507078838,0.4480943653979922,0.7655430711610487,0.346816479400749,0.3878005463249281,0.1123595505617977,True,,,,
ViT,2.5D-to-3D,SCS,Spinal Canal Stenosis,spinal_canal_stenosis,3,242,train,L5/S1,nas_best_vit3d_3d,ViT 3D,398,19,,0.9655430711610486,0.3218476903870162,0.3333333333333333,0.3274898373983739,0.9655430711610486,0.045692883895131,0.0,0.0112359550561797,True,,,,
ViT,2.5D-to-3D,SCS,Spinal Canal Stenosis,spinal_canal_stenosis,3,242,validation,L1/L2,nas_best_vit3d_3d,ViT 3D,398,19,,0.9293286219081272,0.3097762073027091,0.3333333333333333,0.3211233211233211,0.9293286219081272,0.0848056537102473,0.0,0.0141342756183745,True,283,263,16,4
ViT,2.5D-to-3D,SCS,Spinal Canal Stenosis,spinal_canal_stenosis,3,242,validation,L2/L3,nas_best_vit3d_3d,ViT 3D,398,19,,0.8763250883392226,0.2921083627797409,0.3333333333333333,0.3113622096672944,0.8763250883392226,0.1625441696113074,0.0,0.03886925795053,True,283,248,24,11
ViT,2.5D-to-3D,SCS,Spinal Canal Stenosis,spinal_canal_stenosis,3,242,validation,L3/L4,nas_best_vit3d_3d,ViT 3D,398,19,,0.8374558303886925,0.4643467643467643,0.435823754789272,0.4420355314664257,0.8374558303886925,0.2120141342756183,0.2775585982826641,0.0494699646643109,True,283,232,33,18
ViT,2.5D-to-3D,SCS,Spinal Canal Stenosis,spinal_canal_stenosis,3,242,validation,L4/L5,nas_best_vit3d_3d,ViT 3D,398,19,,0.7985865724381626,0.5596262657187241,0.5172508818342152,0.4948525159051475,0.7985865724381626,0.2862190812720848,0.5355166227718615,0.0848056537102473,True,283,216,32,35
ViT,2.5D-to-3D,SCS,Spinal Canal Stenosis,spinal_canal_stenosis,3,242,validation,L5/S1,nas_best_vit3d_3d,ViT 3D,398,19,,0.9752650176678446,0.3250883392226149,0.3333333333333333,0.3291592128801431,0.9752650176678446,0.0318021201413427,0.0,0.0070671378091872,True,283,276,5,2
ViT,2.5D-to-3D,SCS,Spinal Canal Stenosis,spinal_canal_stenosis,3,242,test,L1/L2,nas_best_vit3d_3d,ViT 3D,398,19,,0.9644128113879004,0.3214709371293001,0.3333333333333333,0.3272946859903382,0.9644128113879004,0.0391459074733096,0.0,0.0035587188612099,True,,,,
ViT,2.5D-to-3D,SCS,Spinal Canal Stenosis,spinal_canal_stenosis,3,242,test,L2/L3,nas_best_vit3d_3d,ViT 3D,398,19,,0.9288256227758008,0.3096085409252669,0.3333333333333333,0.3210332103321033,0.9288256227758008,0.0854092526690391,0.0,0.0142348754448398,True,,,,
ViT,2.5D-to-3D,SCS,Spinal Canal Stenosis,spinal_canal_stenosis,3,242,test,L3/L4,nas_best_vit3d_3d,ViT 3D,398,19,,0.8078291814946619,0.3109857978279031,0.334813653779171,0.3173583221775992,0.8078291814946619,0.2313167259786477,0.2278512997062632,0.0391459074733096,True,,,,
ViT,2.5D-to-3D,SCS,Spinal Canal Stenosis,spinal_canal_stenosis,3,242,test,L4/L5,nas_best_vit3d_3d,ViT 3D,398,19,,0.7686832740213523,0.4213721918639951,0.4523125996810207,0.4346849463614887,0.7686832740213523,0.3451957295373665,0.4225413236326504,0.1138790035587188,True,,,,
ViT,2.5D-to-3D,SCS,Spinal Canal Stenosis,spinal_canal_stenosis,3,242,test,L5/S1,nas_best_vit3d_3d,ViT 3D,398,19,,0.9466192170818504,0.3155397390272835,0.3333333333333333,0.3241925655088361,0.9466192170818504,0.0604982206405693,0.0,0.0071174377224199,True,,,,
ViT,2.5D-to-3D,SCS,Spinal Canal Stenosis,spinal_canal_stenosis,4,342,train,L1/L2,nas_best_vit3d_3d,ViT 3D,398,14,,0.9578313253012049,0.3192771084337349,0.3333333333333333,0.3261538461538462,0.9578313253012049,0.0512048192771084,0.0,0.0090361445783132,True,,,,
ViT,2.5D-to-3D,SCS,Spinal Canal Stenosis,spinal_canal_stenosis,4,342,train,L2/L3,nas_best_vit3d_3d,ViT 3D,398,14,,0.8930722891566265,0.4092243186582809,0.3361103805354002,0.3205680719121579,0.8930722891566265,0.1310240963855421,0.0214191502932051,0.0240963855421686,True,,,,
ViT,2.5D-to-3D,SCS,Spinal Canal Stenosis,spinal_canal_stenosis,4,342,train,L3/L4,nas_best_vit3d_3d,ViT 3D,398,14,,0.8275602409638554,0.4047002249897011,0.3800422162728247,0.3785204065577898,0.8275602409638554,0.2183734939759036,0.2136432753748998,0.045933734939759,True,,,,
ViT,2.5D-to-3D,SCS,Spinal Canal Stenosis,spinal_canal_stenosis,4,342,train,L4/L5,nas_best_vit3d_3d,ViT 3D,398,14,,0.7650602409638554,0.4580939062632427,0.4025505917974592,0.3964339094423659,0.7650602409638554,0.3411144578313253,0.2820470573697419,0.1061746987951807,True,,,,
ViT,2.5D-to-3D,SCS,Spinal Canal Stenosis,spinal_canal_stenosis,4,342,train,L5/S1,nas_best_vit3d_3d,ViT 3D,398,14,,0.9691265060240964,0.3230421686746987,0.3333333333333333,0.3281070745697896,0.9691265060240964,0.0391566265060241,0.0,0.0082831325301204,True,,,,
ViT,2.5D-to-3D,SCS,Spinal Canal Stenosis,spinal_canal_stenosis,4,342,validation,L1/L2,nas_best_vit3d_3d,ViT 3D,398,14,,0.950354609929078,0.3167848699763593,0.3333333333333333,0.3248484848484848,0.950354609929078,0.0602836879432624,0.0,0.0106382978723404,True,282,268,11,3
ViT,2.5D-to-3D,SCS,Spinal Canal Stenosis,spinal_canal_stenosis,4,342,validation,L2/L3,nas_best_vit3d_3d,ViT 3D,398,14,,0.9042553191489362,0.469047619047619,0.3529411764705882,0.3521913397726526,0.9042553191489362,0.1312056737588652,0.0872231686541737,0.0354609929078014,True,282,254,17,11
ViT,2.5D-to-3D,SCS,Spinal Canal Stenosis,spinal_canal_stenosis,4,342,validation,L3/L4,nas_best_vit3d_3d,ViT 3D,398,14,,0.8191489361702128,0.5148148148148148,0.3662041523733341,0.3680405372642196,0.8191489361702128,0.2304964539007092,0.1866898219934256,0.0496453900709219,True,282,233,31,18
ViT,2.5D-to-3D,SCS,Spinal Canal Stenosis,spinal_canal_stenosis,4,342,validation,L4/L5,nas_best_vit3d_3d,ViT 3D,398,14,,0.8085106382978723,0.7918567918567918,0.4502740067256197,0.4597021742653812,0.8085106382978723,0.2872340425531915,0.4192219679633867,0.0957446808510638,True,282,217,28,37
ViT,2.5D-to-3D,SCS,Spinal Canal Stenosis,spinal_canal_stenosis,4,342,validation,L5/S1,nas_best_vit3d_3d,ViT 3D,398,14,,0.950354609929078,0.3167848699763593,0.3333333333333333,0.3248484848484848,0.950354609929078,0.0638297872340425,0.0,0.0141843971631205,True,282,268,10,4
ViT,2.5D-to-3D,SCS,Spinal Canal Stenosis,spinal_canal_stenosis,4,342,test,L1/L2,nas_best_vit3d_3d,ViT 3D,398,14,,0.944636678200692,0.314878892733564,0.3333333333333333,0.3238434163701068,0.944636678200692,0.0761245674740484,0.0,0.0207612456747404,True,,,,
ViT,2.5D-to-3D,SCS,Spinal Canal Stenosis,spinal_canal_stenosis,4,342,test,L2/L3,nas_best_vit3d_3d,ViT 3D,398,14,,0.9065743944636678,0.3021914648212226,0.3333333333333333,0.3169993950393224,0.9065743944636678,0.1211072664359861,0.0,0.0276816608996539,True,,,,
ViT,2.5D-to-3D,SCS,Spinal Canal Stenosis,spinal_canal_stenosis,4,342,test,L3/L4,nas_best_vit3d_3d,ViT 3D,398,14,,0.7923875432525952,0.4256892230576441,0.392011311417462,0.3940595804688877,0.7923875432525952,0.2664359861591695,0.1536107226722249,0.0588235294117647,True,,,,
ViT,2.5D-to-3D,SCS,Spinal Canal Stenosis,spinal_canal_stenosis,4,342,test,L4/L5,nas_best_vit3d_3d,ViT 3D,398,14,,0.7508650519031141,0.5757861635220126,0.4134151313107402,0.4191701415774556,0.7508650519031141,0.3806228373702422,0.256205894562059,0.1314878892733564,True,,,,
ViT,2.5D-to-3D,SCS,Spinal Canal Stenosis,spinal_canal_stenosis,4,342,test,L5/S1,nas_best_vit3d_3d,ViT 3D,398,14,,0.9550173010380624,0.3183391003460207,0.3333333333333333,0.3256637168141593,0.9550173010380624,0.0588235294117647,0.0,0.0138408304498269,True,,,,
ViT,2.5D-to-3D,SCS,Spinal Canal Stenosis,spinal_canal_stenosis,5,442,train,L1/L2,nas_best_vit3d_3d,ViT 3D,398,7,,0.9562594268476622,0.3187531422825541,0.3333333333333333,0.3258802364430738,0.9562594268476622,0.0542986425339366,0.0,0.0105580693815987,True,,,,
ViT,2.5D-to-3D,SCS,Spinal Canal Stenosis,spinal_canal_stenosis,5,442,train,L2/L3,nas_best_vit3d_3d,ViT 3D,398,7,,0.8831070889894419,0.2972835745112973,0.3296734234234234,0.3126418368709118,0.8831070889894419,0.1478129713423831,-0.0203444438908539,0.030920060331825,True,,,,
ViT,2.5D-to-3D,SCS,Spinal Canal Stenosis,spinal_canal_stenosis,5,442,train,L3/L4,nas_best_vit3d_3d,ViT 3D,398,7,,0.8122171945701357,0.4075341671652035,0.3711394401366802,0.3690559812256608,0.8122171945701357,0.2496229260935143,0.0956026422176108,0.06184012066365,True,,,,
ViT,2.5D-to-3D,SCS,Spinal Canal Stenosis,spinal_canal_stenosis,5,442,train,L4/L5,nas_best_vit3d_3d,ViT 3D,398,7,,0.7662141779788839,0.545822403606864,0.4152942384550946,0.4143117772192653,0.7662141779788839,0.3431372549019608,0.2977743341128969,0.1093514328808446,True,,,,
ViT,2.5D-to-3D,SCS,Spinal Canal Stenosis,spinal_canal_stenosis,5,442,train,L5/S1,nas_best_vit3d_3d,ViT 3D,398,7,,0.9675716440422324,0.3225238813474108,0.3333333333333333,0.3278395298326306,0.9675716440422324,0.0429864253393665,0.0,0.0105580693815987,True,,,,
ViT,2.5D-to-3D,SCS,Spinal Canal Stenosis,spinal_canal_stenosis,5,442,validation,L1/L2,nas_best_vit3d_3d,ViT 3D,398,7,,0.9475524475524476,0.3158508158508158,0.3333333333333333,0.3243566726511071,0.9475524475524476,0.0664335664335664,0.0,0.0139860139860139,True,286,271,11,4
ViT,2.5D-to-3D,SCS,Spinal Canal Stenosis,spinal_canal_stenosis,5,442,validation,L2/L3,nas_best_vit3d_3d,ViT 3D,398,7,,0.8881118881118881,0.3002364066193853,0.3294422827496757,0.3141620284477427,0.8881118881118881,0.1503496503496503,0.0350877192982456,0.0384615384615384,True,286,257,19,10
ViT,2.5D-to-3D,SCS,Spinal Canal Stenosis,spinal_canal_stenosis,5,442,validation,L3/L4,nas_best_vit3d_3d,ViT 3D,398,7,,0.8321678321678322,0.528937728937729,0.3921201996515804,0.4052372685185185,0.8321678321678322,0.2377622377622377,0.1317742298178548,0.0699300699300699,True,286,239,26,21
ViT,2.5D-to-3D,SCS,Spinal Canal Stenosis,spinal_canal_stenosis,5,442,validation,L4/L5,nas_best_vit3d_3d,ViT 3D,398,7,,0.7447552447552448,0.4480083857442348,0.3845341052160918,0.3790400894456565,0.7447552447552448,0.3741258741258741,0.2224155610104713,0.1188811188811188,True,286,213,35,38
ViT,2.5D-to-3D,SCS,Spinal Canal Stenosis,spinal_canal_stenosis,5,442,validation,L5/S1,nas_best_vit3d_3d,ViT 3D,398,7,,0.9475524475524476,0.3158508158508158,0.3333333333333333,0.3243566726511071,0.9475524475524476,0.0629370629370629,0.0,0.0104895104895104,True,286,271,12,3
ViT,2.5D-to-3D,SCS,Spinal Canal Stenosis,spinal_canal_stenosis,5,442,test,L1/L2,nas_best_vit3d_3d,ViT 3D,398,7,,0.9547038327526132,0.3182346109175377,0.3333333333333333,0.3256090314913844,0.9547038327526132,0.0557491289198606,0.0,0.0104529616724738,True,,,,
ViT,2.5D-to-3D,SCS,Spinal Canal Stenosis,spinal_canal_stenosis,5,442,test,L2/L3,nas_best_vit3d_3d,ViT 3D,398,7,,0.9059233449477352,0.303030303030303,0.3320561941251596,0.3168799512492382,0.9059233449477352,0.1254355400696864,-0.0045372050816696,0.0313588850174216,True,,,,
ViT,2.5D-to-3D,SCS,Spinal Canal Stenosis,spinal_canal_stenosis,5,442,test,L3/L4,nas_best_vit3d_3d,ViT 3D,398,7,,0.818815331010453,0.419047619047619,0.3534682580868362,0.3419902912621359,0.818815331010453,0.2160278745644599,0.0778935820076796,0.0348432055749128,True,,,,
ViT,2.5D-to-3D,SCS,Spinal Canal Stenosis,spinal_canal_stenosis,5,442,test,L4/L5,nas_best_vit3d_3d,ViT 3D,398,7,,0.7839721254355401,0.5091230936819172,0.3854166666666667,0.389720257604508,0.7839721254355401,0.3205574912891986,0.2149155958679769,0.1045296167247386,True,,,,
ViT,2.5D-to-3D,SCS,Spinal Canal Stenosis,spinal_canal_stenosis,5,442,test,L5/S1,nas_best_vit3d_3d,ViT 3D,398,7,,0.9651567944250872,0.321718931475029,0.3333333333333333,0.3274231678486998,0.9651567944250872,0.0418118466898954,0.0,0.0069686411149825,True,,,,
ViT,2D,LFN,Left Neural Foraminal Narrowing,left_neural_foraminal_narrowing,1,42,train,L1/L2,nas_best_vit_2d,ViT 2D,2091,5,,0.9703113685734974,0.3234371228578325,0.3333333333333333,0.3283106700967781,0.9703113685734974,0.0311368573497465,0.0,0.001448225923244,True,,,,
ViT,2D,LFN,Left Neural Foraminal Narrowing,left_neural_foraminal_narrowing,1,42,train,L2/L3,nas_best_vit_2d,ViT 2D,2091,5,,0.9080376538740044,0.3026792179580014,0.3333333333333333,0.3172675521821632,0.9080376538740044,0.0955829109341057,0.0,0.00362056480811,True,,,,
ViT,2D,LFN,Left Neural Foraminal Narrowing,left_neural_foraminal_narrowing,1,42,train,L3/L4,nas_best_vit_2d,ViT 2D,2091,5,,0.776249094858798,0.258749698286266,0.3333333333333333,0.291343932599538,0.776249094858798,0.2411296162201303,0.0,0.0173787110789283,True,,,,
ViT,2D,LFN,Left Neural Foraminal Narrowing,left_neural_foraminal_narrowing,1,42,train,L4/L5,nas_best_vit_2d,ViT 2D,2091,5,,0.6097031136857349,0.2032343712285783,0.3333333333333333,0.2525116209326736,0.6097031136857349,0.4641564083997103,0.0,0.0738595220854453,True,,,,
ViT,2D,LFN,Left Neural Foraminal Narrowing,left_neural_foraminal_narrowing,1,42,train,L5/S1,nas_best_vit_2d,ViT 2D,2091,5,,0.6263577118030412,0.208785903934347,0.3333333333333333,0.2567527456218462,0.6263577118030412,0.4779145546705286,0.0,0.1042722664735698,True,,,,
ViT,2D,LFN,Left Neural Foraminal Narrowing,left_neural_foraminal_narrowing,1,42,validation,L1/L2,nas_best_vit_2d,ViT 2D,2091,5,,0.9593220338983052,0.319774011299435,0.3333333333333333,0.3264129181084198,0.9593220338983052,0.0406779661016949,0.0,0.0,True,295,283,12,0
ViT,2D,LFN,Left Neural Foraminal Narrowing,left_neural_foraminal_narrowing,1,42,validation,L2/L3,nas_best_vit_2d,ViT 2D,2091,5,,0.9084745762711864,0.3028248587570621,0.3333333333333333,0.3173475429248075,0.9084745762711864,0.0983050847457627,0.0,0.0067796610169491,True,295,268,25,2
ViT,2D,LFN,Left Neural Foraminal Narrowing,left_neural_foraminal_narrowing,1,42,validation,L3/L4,nas_best_vit_2d,ViT 2D,2091,5,,0.7491525423728813,0.2497175141242937,0.3333333333333333,0.2855297157622739,0.7491525423728813,0.2711864406779661,0.0,0.0203389830508474,True,295,221,68,6
ViT,2D,LFN,Left Neural Foraminal Narrowing,left_neural_foraminal_narrowing,1,42,validation,L4/L5,nas_best_vit_2d,ViT 2D,2091,5,,0.6067796610169491,0.2022598870056497,0.3333333333333333,0.2517580872011252,0.6067796610169491,0.4644067796610169,0.0,0.0711864406779661,True,295,179,95,21
ViT,2D,LFN,Left Neural Foraminal Narrowing,left_neural_foraminal_narrowing,1,42,validation,L5/S1,nas_best_vit_2d,ViT 2D,2091,5,,0.6508474576271186,0.2169491525423728,0.3333333333333333,0.2628336755646817,0.6508474576271186,0.4542372881355932,0.0,0.1050847457627118,True,295,192,72,31
ViT,2D,LFN,Left Neural Foraminal Narrowing,left_neural_foraminal_narrowing,1,42,test,L1/L2,nas_best_vit_2d,ViT 2D,2091,5,,0.9594594594594594,0.3198198198198198,0.3333333333333333,0.3264367816091953,0.9594594594594594,0.0405405405405405,0.0,0.0,True,,,,
ViT,2D,LFN,Left Neural Foraminal Narrowing,left_neural_foraminal_narrowing,1,42,test,L2/L3,nas_best_vit_2d,ViT 2D,2091,5,,0.9087837837837838,0.3029279279279279,0.3333333333333333,0.3174041297935103,0.9087837837837838,0.1013513513513513,0.0,0.0101351351351351,True,,,,
ViT,2D,LFN,Left Neural Foraminal Narrowing,left_neural_foraminal_narrowing,1,42,test,L3/L4,nas_best_vit_2d,ViT 2D,2091,5,,0.7736486486486487,0.2578828828828829,0.3333333333333333,0.2907936507936507,0.7736486486486487,0.2601351351351351,0.0,0.0337837837837837,True,,,,
ViT,2D,LFN,Left Neural Foraminal Narrowing,left_neural_foraminal_narrowing,1,42,test,L4/L5,nas_best_vit_2d,ViT 2D,2091,5,,0.6182432432432432,0.206081081081081,0.3333333333333333,0.2546972860125261,0.6182432432432432,0.4391891891891892,0.0,0.0574324324324324,True,,,,
ViT,2D,LFN,Left Neural Foraminal Narrowing,left_neural_foraminal_narrowing,1,42,test,L5/S1,nas_best_vit_2d,ViT 2D,2091,5,,0.6418918918918919,0.2139639639639639,0.3333333333333333,0.2606310013717421,0.6418918918918919,0.4594594594594595,0.0,0.1013513513513513,True,,,,
ViT,2D,LFN,Left Neural Foraminal Narrowing,left_neural_foraminal_narrowing,2,142,train,L1/L2,nas_best_vit_2d,ViT 2D,2091,3,,0.9695872556118754,0.3231957518706251,0.3333333333333333,0.3281862745098039,0.9695872556118754,0.0318609703113685,0.0,0.001448225923244,True,,,,
ViT,2D,LFN,Left Neural Foraminal Narrowing,left_neural_foraminal_narrowing,2,142,train,L2/L3,nas_best_vit_2d,ViT 2D,2091,3,,0.9109341057204924,0.3036447019068308,0.3333333333333333,0.3177971453833523,0.9109341057204924,0.0941346850108617,0.0,0.005068790731354,True,,,,
ViT,2D,LFN,Left Neural Foraminal Narrowing,left_neural_foraminal_narrowing,2,142,train,L3/L4,nas_best_vit_2d,ViT 2D,2091,3,,0.782766111513396,0.260922037171132,0.3333333333333333,0.2927159490928784,0.782766111513396,0.2389572773352643,0.0,0.0217233888486603,True,,,,
ViT,2D,LFN,Left Neural Foraminal Narrowing,left_neural_foraminal_narrowing,2,142,train,L4/L5,nas_best_vit_2d,ViT 2D,2091,3,,0.6140477914554671,0.2046825971518223,0.3333333333333333,0.2536264393599521,0.6140477914554671,0.4547429398986242,0.0,0.0687907313540912,True,,,,
ViT,2D,LFN,Left Neural Foraminal Narrowing,left_neural_foraminal_narrowing,2,142,train,L5/S1,nas_best_vit_2d,ViT 2D,2091,3,,0.6372194062273715,0.2124064687424571,0.3333333333333333,0.2594722099366062,0.6372194062273715,0.4670528602461984,0.0,0.1042722664735698,True,,,,
ViT,2D,LFN,Left Neural Foraminal Narrowing,left_neural_foraminal_narrowing,2,142,validation,L1/L2,nas_best_vit_2d,ViT 2D,2091,3,,0.9593220338983052,0.319774011299435,0.3333333333333333,0.3264129181084198,0.9593220338983052,0.0406779661016949,0.0,0.0,True,295,283,12,0
ViT,2D,LFN,Left Neural Foraminal Narrowing,left_neural_foraminal_narrowing,2,142,validation,L2/L3,nas_best_vit_2d,ViT 2D,2091,3,,0.9016949152542372,0.3005649717514124,0.3333333333333333,0.3161021984551396,0.9016949152542372,0.1016949152542373,0.0,0.0033898305084745,True,295,266,28,1
ViT,2D,LFN,Left Neural Foraminal Narrowing,left_neural_foraminal_narrowing,2,142,validation,L3/L4,nas_best_vit_2d,ViT 2D,2091,3,,0.7254237288135593,0.2418079096045197,0.3333333333333333,0.2802881466928618,0.7254237288135593,0.2949152542372881,0.0,0.0203389830508474,True,295,214,75,6
ViT,2D,LFN,Left Neural Foraminal Narrowing,left_neural_foraminal_narrowing,2,142,validation,L4/L5,nas_best_vit_2d,ViT 2D,2091,3,,0.6033898305084746,0.2011299435028248,0.3333333333333333,0.2508809020436927,0.6033898305084746,0.4644067796610169,0.0,0.0677966101694915,True,295,178,97,20
ViT,2D,LFN,Left Neural Foraminal Narrowing,left_neural_foraminal_narrowing,2,142,validation,L5/S1,nas_best_vit_2d,ViT 2D,2091,3,,0.6305084745762712,0.2101694915254237,0.3333333333333333,0.2577962577962578,0.6305084745762712,0.4813559322033898,0.0,0.111864406779661,True,295,186,76,33
ViT,2D,LFN,Left Neural Foraminal Narrowing,left_neural_foraminal_narrowing,2,142,test,L1/L2,nas_best_vit_2d,ViT 2D,2091,3,,0.9628378378378378,0.3209459459459459,0.3333333333333333,0.3270223752151462,0.9628378378378378,0.0371621621621621,0.0,0.0,True,,,,
ViT,2D,LFN,Left Neural Foraminal Narrowing,left_neural_foraminal_narrowing,2,142,test,L2/L3,nas_best_vit_2d,ViT 2D,2091,3,,0.902027027027027,0.3006756756756756,0.3333333333333333,0.3161634103019538,0.902027027027027,0.1047297297297297,0.0,0.0067567567567567,True,,,,
ViT,2D,LFN,Left Neural Foraminal Narrowing,left_neural_foraminal_narrowing,2,142,test,L3/L4,nas_best_vit_2d,ViT 2D,2091,3,,0.7668918918918919,0.2556306306306306,0.3333333333333333,0.2893562778840025,0.7668918918918919,0.2466216216216216,0.0,0.0135135135135135,True,,,,
ViT,2D,LFN,Left Neural Foraminal Narrowing,left_neural_foraminal_narrowing,2,142,test,L4/L5,nas_best_vit_2d,ViT 2D,2091,3,,0.6013513513513513,0.2004504504504504,0.3333333333333333,0.250351617440225,0.6013513513513513,0.4831081081081081,0.0,0.0844594594594594,True,,,,
ViT,2D,LFN,Left Neural Foraminal Narrowing,left_neural_foraminal_narrowing,2,142,test,L5/S1,nas_best_vit_2d,ViT 2D,2091,3,,0.6114864864864865,0.2038288288288288,0.3333333333333333,0.2529699510831586,0.6114864864864865,0.4831081081081081,0.0,0.0945945945945946,True,,,,
ViT,2D,LFN,Left Neural Foraminal Narrowing,left_neural_foraminal_narrowing,3,242,train,L1/L2,nas_best_vit_2d,ViT 2D,2091,2,,0.9659420289855072,0.3219806763285024,0.3333333333333333,0.3275586681410493,0.9659420289855072,0.0347826086956521,0.0,0.0007246376811594,True,,,,
ViT,2D,LFN,Left Neural Foraminal Narrowing,left_neural_foraminal_narrowing,3,242,train,L2/L3,nas_best_vit_2d,ViT 2D,2091,2,,0.9065217391304348,0.3021739130434782,0.3333333333333333,0.3169897377423033,0.9065217391304348,0.0985507246376811,0.0,0.0050724637681159,True,,,,
ViT,2D,LFN,Left Neural Foraminal Narrowing,left_neural_foraminal_narrowing,3,242,train,L3/L4,nas_best_vit_2d,ViT 2D,2091,2,,0.7840579710144927,0.2613526570048309,0.3333333333333333,0.2929867316544814,0.7840579710144927,0.2347826086956521,0.0,0.0188405797101449,True,,,,
ViT,2D,LFN,Left Neural Foraminal Narrowing,left_neural_foraminal_narrowing,3,242,train,L4/L5,nas_best_vit_2d,ViT 2D,2091,2,,0.6202898550724638,0.2067632850241546,0.3333333333333333,0.2552176505664877,0.6202898550724638,0.45,0.0,0.0702898550724637,True,,,,
ViT,2D,LFN,Left Neural Foraminal Narrowing,left_neural_foraminal_narrowing,3,242,train,L5/S1,nas_best_vit_2d,ViT 2D,2091,2,,0.6333333333333333,0.2111111111111111,0.3333333333333333,0.2585034013605442,0.6333333333333333,0.4710144927536231,0.0,0.1043478260869565,True,,,,
ViT,2D,LFN,Left Neural Foraminal Narrowing,left_neural_foraminal_narrowing,3,242,validation,L1/L2,nas_best_vit_2d,ViT 2D,2091,2,,0.9763513513513512,0.3254504504504504,0.3333333333333333,0.3293447293447293,0.9763513513513512,0.027027027027027,0.0,0.0033783783783783,True,296,289,6,1
ViT,2D,LFN,Left Neural Foraminal Narrowing,left_neural_foraminal_narrowing,3,242,validation,L2/L3,nas_best_vit_2d,ViT 2D,2091,2,,0.9155405405405406,0.3051801801801801,0.3333333333333333,0.3186360964138742,0.9155405405405406,0.0912162162162162,0.0,0.0067567567567567,True,296,271,23,2
ViT,2D,LFN,Left Neural Foraminal Narrowing,left_neural_foraminal_narrowing,3,242,validation,L3/L4,nas_best_vit_2d,ViT 2D,2091,2,,0.7263513513513513,0.2421171171171171,0.3333333333333333,0.2804957599478147,0.7263513513513513,0.2939189189189189,0.0,0.0202702702702702,True,296,215,75,6
ViT,2D,LFN,Left Neural Foraminal Narrowing,left_neural_foraminal_narrowing,3,242,validation,L4/L5,nas_best_vit_2d,ViT 2D,2091,2,,0.597972972972973,0.1993243243243243,0.3333333333333333,0.2494714587737843,0.597972972972973,0.4695945945945945,0.0,0.0675675675675675,True,296,177,99,20
ViT,2D,LFN,Left Neural Foraminal Narrowing,left_neural_foraminal_narrowing,3,242,validation,L5/S1,nas_best_vit_2d,ViT 2D,2091,2,,0.6554054054054054,0.2184684684684684,0.3333333333333333,0.2639455782312925,0.6554054054054054,0.4527027027027027,0.0,0.1081081081081081,True,296,194,70,32
ViT,2D,LFN,Left Neural Foraminal Narrowing,left_neural_foraminal_narrowing,3,242,test,L1/L2,nas_best_vit_2d,ViT 2D,2091,2,,0.9628378378378378,0.3209459459459459,0.3333333333333333,0.3270223752151462,0.9628378378378378,0.0371621621621621,0.0,0.0,True,,,,
ViT,2D,LFN,Left Neural Foraminal Narrowing,left_neural_foraminal_narrowing,3,242,test,L2/L3,nas_best_vit_2d,ViT 2D,2091,2,,0.9087837837837838,0.3029279279279279,0.3333333333333333,0.3174041297935103,0.9087837837837838,0.0945945945945946,0.0,0.0033783783783783,True,,,,
ViT,2D,LFN,Left Neural Foraminal Narrowing,left_neural_foraminal_narrowing,3,242,test,L3/L4,nas_best_vit_2d,ViT 2D,2091,2,,0.7601351351351351,0.2533783783783783,0.3333333333333333,0.2879078694817658,0.7601351351351351,0.2668918918918919,0.0,0.027027027027027,True,,,,
ViT,2D,LFN,Left Neural Foraminal Narrowing,left_neural_foraminal_narrowing,3,242,test,L4/L5,nas_best_vit_2d,ViT 2D,2091,2,,0.5777027027027027,0.1925675675675675,0.3333333333333333,0.2441113490364025,0.5777027027027027,0.5,0.0,0.0777027027027027,True,,,,
ViT,2D,LFN,Left Neural Foraminal Narrowing,left_neural_foraminal_narrowing,3,242,test,L5/S1,nas_best_vit_2d,ViT 2D,2091,2,,0.6047297297297297,0.2015765765765765,0.3333333333333333,0.2512280701754386,0.6047297297297297,0.4932432432432432,0.0,0.0979729729729729,True,,,,
ViT,2D,LFN,Left Neural Foraminal Narrowing,left_neural_foraminal_narrowing,4,342,train,L1/L2,nas_best_vit_2d,ViT 2D,2091,2,,0.9659666908037654,0.3219888969345885,0.3333333333333333,0.3275629220380601,0.9659666908037654,0.0347574221578566,0.0,0.000724112961622,True,,,,
ViT,2D,LFN,Left Neural Foraminal Narrowing,left_neural_foraminal_narrowing,4,342,train,L2/L3,nas_best_vit_2d,ViT 2D,2091,2,,0.9094858797972484,0.3031619599324161,0.3333333333333333,0.3175325496144608,0.9094858797972484,0.0970311368573497,0.0,0.0065170166545981,True,,,,
ViT,2D,LFN,Left Neural Foraminal Narrowing,left_neural_foraminal_narrowing,4,342,train,L3/L4,nas_best_vit_2d,ViT 2D,2091,2,,0.776249094858798,0.258749698286266,0.3333333333333333,0.291343932599538,0.776249094858798,0.2425778421433743,0.0,0.0188269370021723,True,,,,
ViT,2D,LFN,Left Neural Foraminal Narrowing,left_neural_foraminal_narrowing,4,342,train,L4/L5,nas_best_vit_2d,ViT 2D,2091,2,,0.6227371469949312,0.2075790489983104,0.3333333333333333,0.2558381674847538,0.6227371469949312,0.4540188269370022,0.0,0.0767559739319333,True,,,,
ViT,2D,LFN,Left Neural Foraminal Narrowing,left_neural_foraminal_narrowing,4,342,train,L5/S1,nas_best_vit_2d,ViT 2D,2091,2,,0.6321506154960174,0.2107168718320058,0.3333333333333333,0.2582076308784383,0.6321506154960174,0.4721216509775525,0.0,0.1042722664735698,True,,,,
ViT,2D,LFN,Left Neural Foraminal Narrowing,left_neural_foraminal_narrowing,4,342,validation,L1/L2,nas_best_vit_2d,ViT 2D,2091,2,,0.9830508474576272,0.3276836158192091,0.3333333333333333,0.3304843304843305,0.9830508474576272,0.0169491525423728,0.0,0.0,True,295,290,5,0
ViT,2D,LFN,Left Neural Foraminal Narrowing,left_neural_foraminal_narrowing,4,342,validation,L2/L3,nas_best_vit_2d,ViT 2D,2091,2,,0.9220338983050848,0.3073446327683616,0.3333333333333333,0.3198118753674309,0.9220338983050848,0.0779661016949152,0.0,0.0,True,295,272,23,0
ViT,2D,LFN,Left Neural Foraminal Narrowing,left_neural_foraminal_narrowing,4,342,validation,L3/L4,nas_best_vit_2d,ViT 2D,2091,2,,0.7728813559322034,0.2576271186440678,0.3333333333333333,0.2906309751434034,0.7728813559322034,0.2440677966101695,0.0,0.0169491525423728,True,295,228,62,5
ViT,2D,LFN,Left Neural Foraminal Narrowing,left_neural_foraminal_narrowing,4,342,validation,L4/L5,nas_best_vit_2d,ViT 2D,2091,2,,0.5525423728813559,0.1841807909604519,0.3333333333333333,0.2372634643377001,0.5525423728813559,0.5016949152542373,0.0,0.0542372881355932,True,295,163,116,16
ViT,2D,LFN,Left Neural Foraminal Narrowing,left_neural_foraminal_narrowing,4,342,validation,L5/S1,nas_best_vit_2d,ViT 2D,2091,2,,0.6372881355932203,0.2124293785310734,0.3333333333333333,0.2594893029675638,0.6372881355932203,0.4779661016949152,0.0,0.1152542372881356,True,295,188,73,34
ViT,2D,LFN,Left Neural Foraminal Narrowing,left_neural_foraminal_narrowing,4,342,test,L1/L2,nas_best_vit_2d,ViT 2D,2091,2,,0.956081081081081,0.3186936936936936,0.3333333333333333,0.3258491652274035,0.956081081081081,0.0472972972972973,0.0,0.0033783783783783,True,,,,
ViT,2D,LFN,Left Neural Foraminal Narrowing,left_neural_foraminal_narrowing,4,342,test,L2/L3,nas_best_vit_2d,ViT 2D,2091,2,,0.8885135135135135,0.2961711711711711,0.3333333333333333,0.3136553369111508,0.8885135135135135,0.1148648648648648,0.0,0.0033783783783783,True,,,,
ViT,2D,LFN,Left Neural Foraminal Narrowing,left_neural_foraminal_narrowing,4,342,test,L3/L4,nas_best_vit_2d,ViT 2D,2091,2,,0.75,0.25,0.3333333333333333,0.2857142857142857,0.75,0.2804054054054054,0.0,0.0304054054054054,True,,,,
ViT,2D,LFN,Left Neural Foraminal Narrowing,left_neural_foraminal_narrowing,4,342,test,L4/L5,nas_best_vit_2d,ViT 2D,2091,2,,0.6114864864864865,0.2038288288288288,0.3333333333333333,0.2529699510831586,0.6114864864864865,0.4493243243243243,0.0,0.0608108108108108,True,,,,
ViT,2D,LFN,Left Neural Foraminal Narrowing,left_neural_foraminal_narrowing,4,342,test,L5/S1,nas_best_vit_2d,ViT 2D,2091,2,,0.6283783783783784,0.2094594594594594,0.3333333333333333,0.2572614107883818,0.6283783783783784,0.4628378378378378,0.0,0.0912162162162162,True,,,,
ViT,2D,LFN,Left Neural Foraminal Narrowing,left_neural_foraminal_narrowing,5,442,train,L1/L2,nas_best_vit_2d,ViT 2D,2091,2,,0.9681620839363242,0.3227206946454414,0.3333333333333333,0.3279411764705882,0.9681620839363242,0.0332850940665701,0.0,0.0014471780028943,True,,,,
ViT,2D,LFN,Left Neural Foraminal Narrowing,left_neural_foraminal_narrowing,5,442,train,L2/L3,nas_best_vit_2d,ViT 2D,2091,2,,0.9124457308248914,0.3041485769416305,0.3333333333333333,0.3180728969605246,0.9124457308248914,0.0933429811866859,0.0,0.0057887120115774,True,,,,
ViT,2D,LFN,Left Neural Foraminal Narrowing,left_neural_foraminal_narrowing,5,442,train,L3/L4,nas_best_vit_2d,ViT 2D,2091,2,,0.76410998552822,0.2547033285094066,0.3333333333333333,0.2887612797374897,0.76410998552822,0.2554269175108538,0.0,0.0195369030390738,True,,,,
ViT,2D,LFN,Left Neural Foraminal Narrowing,left_neural_foraminal_narrowing,5,442,train,L4/L5,nas_best_vit_2d,ViT 2D,2091,2,,0.6092619392185239,0.2030873130728413,0.3333333333333333,0.2523980815347721,0.6092619392185239,0.4573082489146165,0.0,0.0665701881331403,True,,,,
ViT,2D,LFN,Left Neural Foraminal Narrowing,left_neural_foraminal_narrowing,5,442,train,L5/S1,nas_best_vit_2d,ViT 2D,2091,2,,0.6345875542691751,0.2115291847563917,0.3333333333333333,0.2588165855098126,0.6345875542691751,0.4696092619392185,0.0,0.1041968162083936,True,,,,
ViT,2D,LFN,Left Neural Foraminal Narrowing,left_neural_foraminal_narrowing,5,442,validation,L1/L2,nas_best_vit_2d,ViT 2D,2091,2,,0.9695945945945946,0.3231981981981982,0.3333333333333333,0.3281875357347055,0.9695945945945946,0.0304054054054054,0.0,0.0,True,296,287,9,0
ViT,2D,LFN,Left Neural Foraminal Narrowing,left_neural_foraminal_narrowing,5,442,validation,L2/L3,nas_best_vit_2d,ViT 2D,2091,2,,0.9121621621621622,0.304054054054054,0.3333333333333333,0.3180212014134275,0.9121621621621622,0.0878378378378378,0.0,0.0,True,296,270,26,0
ViT,2D,LFN,Left Neural Foraminal Narrowing,left_neural_foraminal_narrowing,5,442,validation,L3/L4,nas_best_vit_2d,ViT 2D,2091,2,,0.7804054054054054,0.2601351351351351,0.3333333333333333,0.2922201138519924,0.7804054054054054,0.2331081081081081,0.0,0.0135135135135135,True,296,231,61,4
ViT,2D,LFN,Left Neural Foraminal Narrowing,left_neural_foraminal_narrowing,5,442,validation,L4/L5,nas_best_vit_2d,ViT 2D,2091,2,,0.597972972972973,0.1993243243243243,0.3333333333333333,0.2494714587737843,0.597972972972973,0.4831081081081081,0.0,0.081081081081081,True,296,177,95,24
ViT,2D,LFN,Left Neural Foraminal Narrowing,left_neural_foraminal_narrowing,5,442,validation,L5/S1,nas_best_vit_2d,ViT 2D,2091,2,,0.6216216216216216,0.2072072072072072,0.3333333333333333,0.2555555555555556,0.6216216216216216,0.4966216216216216,0.0,0.1182432432432432,True,296,184,77,35
ViT,2D,LFN,Left Neural Foraminal Narrowing,left_neural_foraminal_narrowing,5,442,test,L1/L2,nas_best_vit_2d,ViT 2D,2091,2,,0.9591836734693876,0.3197278911564625,0.3333333333333333,0.3263888888888889,0.9591836734693876,0.0408163265306122,0.0,0.0,True,,,,
ViT,2D,LFN,Left Neural Foraminal Narrowing,left_neural_foraminal_narrowing,5,442,test,L2/L3,nas_best_vit_2d,ViT 2D,2091,2,,0.8843537414965986,0.2947845804988662,0.3333333333333333,0.3128760529482551,0.8843537414965986,0.1224489795918367,0.0,0.0068027210884353,True,,,,
ViT,2D,LFN,Left Neural Foraminal Narrowing,left_neural_foraminal_narrowing,5,442,test,L3/L4,nas_best_vit_2d,ViT 2D,2091,2,,0.7993197278911565,0.2664399092970521,0.3333333333333333,0.2961562696912413,0.7993197278911565,0.2312925170068027,0.0,0.0306122448979591,True,,,,
ViT,2D,LFN,Left Neural Foraminal Narrowing,left_neural_foraminal_narrowing,5,442,test,L4/L5,nas_best_vit_2d,ViT 2D,2091,2,,0.6292517006802721,0.209750566893424,0.3333333333333333,0.2574808629088378,0.6292517006802721,0.4523809523809524,0.0,0.0816326530612244,True,,,,
ViT,2D,LFN,Left Neural Foraminal Narrowing,left_neural_foraminal_narrowing,5,442,test,L5/S1,nas_best_vit_2d,ViT 2D,2091,2,,0.6326530612244898,0.2108843537414966,0.3333333333333333,0.2583333333333333,0.6326530612244898,0.4557823129251701,0.0,0.0884353741496598,True,,,,
ViT,2D,LSS,Left Subarticular Stenosis,left_subarticular_stenosis,1,42,train,L1/L2,nas_best_vit_2d,ViT 2D,74,10,,0.9418326693227091,0.4829329294067916,0.4449097540526622,0.459562522910839,0.9418326693227091,0.0621513944223107,0.5168431183830606,0.0039840637450199,True,,,,
ViT,2D,LSS,Left Subarticular Stenosis,left_subarticular_stenosis,1,42,train,L2/L3,nas_best_vit_2d,ViT 2D,74,10,,0.8836653386454183,0.7462056983818105,0.6377977477199267,0.6764754485893917,0.8836653386454183,0.1211155378486055,0.7164248199238361,0.0047808764940239,True,,,,
ViT,2D,LSS,Left Subarticular Stenosis,left_subarticular_stenosis,1,42,train,L3/L4,nas_best_vit_2d,ViT 2D,74,10,,0.8119521912350598,0.7362258898124466,0.7081529407918397,0.7207497930036652,0.8119521912350598,0.1896414342629482,0.7776184799768033,0.0015936254980079,True,,,,
ViT,2D,LSS,Left Subarticular Stenosis,left_subarticular_stenosis,1,42,train,L4/L5,nas_best_vit_2d,ViT 2D,74,10,,0.747410358565737,0.7417024575852423,0.7224785083786832,0.7304801207268059,0.747410358565737,0.2573705179282868,0.7793650352160535,0.0047808764940239,True,,,,
ViT,2D,LSS,Left Subarticular Stenosis,left_subarticular_stenosis,1,42,train,L5/S1,nas_best_vit_2d,ViT 2D,74,10,,0.7936254980079681,0.7251415864252303,0.5894437996404269,0.6329666218529023,0.7936254980079681,0.2143426294820717,0.6502138575857962,0.0079681274900398,True,,,,
ViT,2D,LSS,Left Subarticular Stenosis,left_subarticular_stenosis,1,42,validation,L1/L2,nas_best_vit_2d,ViT 2D,74,10,,0.9487179487179488,0.4470125786163522,0.4294723294723295,0.4368108566581849,0.9487179487179488,0.0586080586080586,0.3929286190793861,0.0073260073260073,True,273,259,10,4
ViT,2D,LSS,Left Subarticular Stenosis,left_subarticular_stenosis,1,42,validation,L2/L3,nas_best_vit_2d,ViT 2D,74,10,,0.8864468864468864,0.7375910364145658,0.6259911894273128,0.6688623204752236,0.8864468864468864,0.1135531135531135,0.7762709175985407,0.0,True,273,227,30,16
ViT,2D,LSS,Left Subarticular Stenosis,left_subarticular_stenosis,1,42,validation,L3/L4,nas_best_vit_2d,ViT 2D,74,10,,0.8095238095238095,0.7277462121212123,0.7371833395596127,0.731926687060423,0.8095238095238095,0.1904761904761904,0.760695863254779,0.0,True,273,193,58,22
ViT,2D,LSS,Left Subarticular Stenosis,left_subarticular_stenosis,1,42,validation,L4/L5,nas_best_vit_2d,ViT 2D,74,10,,0.7362637362637363,0.7312965807589463,0.7086176470588236,0.7157010166478973,0.7362637362637363,0.2673992673992674,0.7812990675169033,0.0036630036630036,True,273,125,80,68
ViT,2D,LSS,Left Subarticular Stenosis,left_subarticular_stenosis,1,42,validation,L5/S1,nas_best_vit_2d,ViT 2D,74,10,,0.7838827838827839,0.6530755604422455,0.549623216289883,0.5793585148423859,0.7838827838827839,0.238095238095238,0.5495339119254259,0.0219780219780219,True,273,189,66,18
ViT,2D,LSS,Left Subarticular Stenosis,left_subarticular_stenosis,1,42,test,L1/L2,nas_best_vit_2d,ViT 2D,74,10,,0.9518518518518518,0.5048555048555049,0.4735554300771692,0.4868229166666666,0.9518518518518518,0.0481481481481481,0.6324607329842932,0.0,True,,,,
ViT,2D,LSS,Left Subarticular Stenosis,left_subarticular_stenosis,1,42,test,L2/L3,nas_best_vit_2d,ViT 2D,74,10,,0.8703703703703703,0.6006216006216006,0.5348370927318294,0.5548255665902725,0.8703703703703703,0.1407407407407407,0.5311390007103955,0.0111111111111111,True,,,,
ViT,2D,LSS,Left Subarticular Stenosis,left_subarticular_stenosis,1,42,test,L3/L4,nas_best_vit_2d,ViT 2D,74,10,,0.7851851851851852,0.6607223942208462,0.6336162788992977,0.6460145185677758,0.7851851851851852,0.2222222222222222,0.6863542309507388,0.0074074074074074,True,,,,
ViT,2D,LSS,Left Subarticular Stenosis,left_subarticular_stenosis,1,42,test,L4/L5,nas_best_vit_2d,ViT 2D,74,10,,0.7481481481481481,0.7524743925832856,0.7387044264792902,0.7411850573610712,0.7481481481481481,0.2629629629629629,0.7753646677471637,0.0111111111111111,True,,,,
ViT,2D,LSS,Left Subarticular Stenosis,left_subarticular_stenosis,1,42,test,L5/S1,nas_best_vit_2d,ViT 2D,74,10,,0.7888888888888889,0.7919736448038335,0.5878359543071842,0.6369947058119102,0.7888888888888889,0.2222222222222222,0.6114430247263529,0.0111111111111111,True,,,,
ViT,2D,LSS,Left Subarticular Stenosis,left_subarticular_stenosis,2,142,train,L1/L2,nas_best_vit_2d,ViT 2D,74,14,,0.9528753993610224,0.5008752188047012,0.4615761558860833,0.4773708225428536,0.9528753993610224,0.0495207667731629,0.5843821091377746,0.0023961661341853,True,,,,
ViT,2D,LSS,Left Subarticular Stenosis,left_subarticular_stenosis,2,142,train,L2/L3,nas_best_vit_2d,ViT 2D,74,14,,0.8929712460063898,0.760877748590414,0.6717041957106188,0.7055814426339403,0.8929712460063898,0.1118210862619808,0.7341402558793864,0.0047923322683706,True,,,,
ViT,2D,LSS,Left Subarticular Stenosis,left_subarticular_stenosis,2,142,train,L3/L4,nas_best_vit_2d,ViT 2D,74,14,,0.8146964856230032,0.7408895259330043,0.7068078895074664,0.7223732449605508,0.8146964856230032,0.1876996805111821,0.7694893397261362,0.0023961661341853,True,,,,
ViT,2D,LSS,Left Subarticular Stenosis,left_subarticular_stenosis,2,142,train,L4/L5,nas_best_vit_2d,ViT 2D,74,14,,0.7659744408945687,0.7525468930606835,0.7429502062408909,0.747105728590507,0.7659744408945687,0.2380191693290735,0.803995559585724,0.0039936102236421,True,,,,
ViT,2D,LSS,Left Subarticular Stenosis,left_subarticular_stenosis,2,142,train,L5/S1,nas_best_vit_2d,ViT 2D,74,14,,0.8162939297124601,0.7366628410478672,0.6533280622250263,0.6867254829967654,0.8162939297124601,0.1892971246006389,0.7129017522702772,0.005591054313099,True,,,,
ViT,2D,LSS,Left Subarticular Stenosis,left_subarticular_stenosis,2,142,validation,L1/L2,nas_best_vit_2d,ViT 2D,74,14,,0.9633699633699634,0.5577946768060836,0.5115234959592936,0.531103678929766,0.9633699633699634,0.0402930402930402,0.6131880108991825,0.0036630036630036,True,273,257,13,3
ViT,2D,LSS,Left Subarticular Stenosis,left_subarticular_stenosis,2,142,validation,L2/L3,nas_best_vit_2d,ViT 2D,74,14,,0.912087912087912,0.7193123124929007,0.6740863804410807,0.6924519456165026,0.912087912087912,0.0879120879120879,0.784331797235023,0.0,True,273,233,31,9
ViT,2D,LSS,Left Subarticular Stenosis,left_subarticular_stenosis,2,142,validation,L3/L4,nas_best_vit_2d,ViT 2D,74,14,,0.7912087912087912,0.6907342657342657,0.7175360587125293,0.7002426442610578,0.7912087912087912,0.2124542124542124,0.73229170071585,0.0036630036630036,True,273,187,65,21
ViT,2D,LSS,Left Subarticular Stenosis,left_subarticular_stenosis,2,142,validation,L4/L5,nas_best_vit_2d,ViT 2D,74,14,,0.7252747252747253,0.7278325590815307,0.7066314808250292,0.7145443561328323,0.7252747252747253,0.2783882783882784,0.7591775802402118,0.0036630036630036,True,273,117,93,63
ViT,2D,LSS,Left Subarticular Stenosis,left_subarticular_stenosis,2,142,validation,L5/S1,nas_best_vit_2d,ViT 2D,74,14,,0.7912087912087912,0.7186895438916627,0.6104926108374384,0.6466502190190968,0.7912087912087912,0.2234432234432234,0.609878844361603,0.0146520146520146,True,273,203,50,20
ViT,2D,LSS,Left Subarticular Stenosis,left_subarticular_stenosis,2,142,test,L1/L2,nas_best_vit_2d,ViT 2D,74,14,,0.9230769230769232,0.481981981981982,0.4521080928126768,0.4635706174167713,0.9230769230769232,0.0842490842490842,0.4983325393044306,0.0073260073260073,True,,,,
ViT,2D,LSS,Left Subarticular Stenosis,left_subarticular_stenosis,2,142,test,L2/L3,nas_best_vit_2d,ViT 2D,74,14,,0.8498168498168498,0.7266483516483516,0.6608932461873639,0.6892078681552366,0.8498168498168498,0.1538461538461538,0.7290444825408283,0.0036630036630036,True,,,,
ViT,2D,LSS,Left Subarticular Stenosis,left_subarticular_stenosis,2,142,test,L3/L4,nas_best_vit_2d,ViT 2D,74,14,,0.7655677655677655,0.6883700528861819,0.647351125591944,0.6647574647574648,0.7655677655677655,0.2344322344322344,0.7262386011093354,0.0,True,,,,
ViT,2D,LSS,Left Subarticular Stenosis,left_subarticular_stenosis,2,142,test,L4/L5,nas_best_vit_2d,ViT 2D,74,14,,0.6886446886446886,0.681029842320165,0.6701763738948864,0.6743236308089865,0.6886446886446886,0.3113553113553113,0.7571657300725206,0.0,True,,,,
ViT,2D,LSS,Left Subarticular Stenosis,left_subarticular_stenosis,2,142,test,L5/S1,nas_best_vit_2d,ViT 2D,74,14,,0.7619047619047619,0.635277726555617,0.5581105169340463,0.5835877127849738,0.7619047619047619,0.2417582417582417,0.6341636449629513,0.0036630036630036,True,,,,
ViT,2D,LSS,Left Subarticular Stenosis,left_subarticular_stenosis,3,242,train,L1/L2,nas_best_vit_2d,ViT 2D,74,23,,0.9515488482922956,0.7087697369850737,0.554895911254514,0.6016553523298886,0.9515488482922956,0.0508339952343129,0.6710904435968441,0.0023828435266084,True,,,,
ViT,2D,LSS,Left Subarticular Stenosis,left_subarticular_stenosis,3,242,train,L2/L3,nas_best_vit_2d,ViT 2D,74,23,,0.8967434471803019,0.7449997956234925,0.7140826057966804,0.7281708317184279,0.8967434471803019,0.1096108022239873,0.768645710030929,0.0063542494042891,True,,,,
ViT,2D,LSS,Left Subarticular Stenosis,left_subarticular_stenosis,3,242,train,L3/L4,nas_best_vit_2d,ViT 2D,74,23,,0.8419380460683081,0.7716990630141076,0.7548653842600292,0.7628517082836707,0.8419380460683081,0.1596505162827641,0.8093747207222778,0.0015885623510722,True,,,,
ViT,2D,LSS,Left Subarticular Stenosis,left_subarticular_stenosis,3,242,train,L4/L5,nas_best_vit_2d,ViT 2D,74,23,,0.7736298649722002,0.7624837496960043,0.7539447085547643,0.7578665567397257,0.7736298649722002,0.2359015091342335,0.796265890457987,0.0095313741064336,True,,,,
ViT,2D,LSS,Left Subarticular Stenosis,left_subarticular_stenosis,3,242,train,L5/S1,nas_best_vit_2d,ViT 2D,74,23,,0.8220810166799047,0.7477460747102459,0.6877578942796334,0.7126310195737108,0.8220810166799047,0.1858617950754567,0.7249971191370139,0.0079428117553613,True,,,,
ViT,2D,LSS,Left Subarticular Stenosis,left_subarticular_stenosis,3,242,validation,L1/L2,nas_best_vit_2d,ViT 2D,74,23,,0.9253731343283582,0.5782696759259259,0.4667793472574348,0.5036379574841113,0.9253731343283582,0.0820895522388059,0.5133398519346277,0.0074626865671641,True,268,251,11,6
ViT,2D,LSS,Left Subarticular Stenosis,left_subarticular_stenosis,3,242,validation,L2/L3,nas_best_vit_2d,ViT 2D,74,23,,0.8656716417910447,0.6749984279695654,0.6510500736506929,0.6612404018233398,0.8656716417910447,0.1380597014925373,0.6764086687306501,0.003731343283582,True,268,221,38,9
ViT,2D,LSS,Left Subarticular Stenosis,left_subarticular_stenosis,3,242,validation,L3/L4,nas_best_vit_2d,ViT 2D,74,23,,0.7947761194029851,0.6801407091333943,0.6784775305516334,0.678645222538672,0.7947761194029851,0.208955223880597,0.7362473275189194,0.003731343283582,True,268,188,57,23
ViT,2D,LSS,Left Subarticular Stenosis,left_subarticular_stenosis,3,242,validation,L4/L5,nas_best_vit_2d,ViT 2D,74,23,,0.7313432835820896,0.7226369308376478,0.7242957561363306,0.7219174370361507,0.7313432835820896,0.2761194029850746,0.7686023600256813,0.0074626865671641,True,268,114,93,61
ViT,2D,LSS,Left Subarticular Stenosis,left_subarticular_stenosis,3,242,validation,L5/S1,nas_best_vit_2d,ViT 2D,74,23,,0.7985074626865671,0.6700641025641025,0.5905743007863044,0.619167458056347,0.7985074626865671,0.2164179104477611,0.6024811218985977,0.0149253731343283,True,268,197,54,17
ViT,2D,LSS,Left Subarticular Stenosis,left_subarticular_stenosis,3,242,test,L1/L2,nas_best_vit_2d,ViT 2D,74,23,,0.96309963099631,0.5377622377622377,0.5089294622368552,0.5219750698474103,0.96309963099631,0.03690036900369,0.6266189032791403,0.0,True,,,,
ViT,2D,LSS,Left Subarticular Stenosis,left_subarticular_stenosis,3,242,test,L2/L3,nas_best_vit_2d,ViT 2D,74,23,,0.904059040590406,0.7502854633289416,0.769852924037946,0.7564775851427931,0.904059040590406,0.0996309963099631,0.7673682029423083,0.003690036900369,True,,,,
ViT,2D,LSS,Left Subarticular Stenosis,left_subarticular_stenosis,3,242,test,L3/L4,nas_best_vit_2d,ViT 2D,74,23,,0.8007380073800738,0.7117947803341061,0.7334605183767194,0.721359086270167,0.8007380073800738,0.2029520295202952,0.7681848878217153,0.003690036900369,True,,,,
ViT,2D,LSS,Left Subarticular Stenosis,left_subarticular_stenosis,3,242,test,L4/L5,nas_best_vit_2d,ViT 2D,74,23,,0.7232472324723247,0.7007686255522606,0.6980148099551085,0.6992070707070708,0.7232472324723247,0.2804428044280442,0.781089478044739,0.003690036900369,True,,,,
ViT,2D,LSS,Left Subarticular Stenosis,left_subarticular_stenosis,3,242,test,L5/S1,nas_best_vit_2d,ViT 2D,74,23,,0.7970479704797048,0.7053125237335763,0.6728371616326038,0.6845548119741668,0.7970479704797048,0.2324723247232472,0.6055894327665297,0.029520295202952,True,,,,
ViT,2D,LSS,Left Subarticular Stenosis,left_subarticular_stenosis,4,342,train,L1/L2,nas_best_vit_2d,ViT 2D,74,15,,0.9547977795400476,0.7226425438596492,0.5150255582458972,0.569786589111396,0.9547977795400476,0.0467882632831086,0.6633699866522595,0.0015860428231562,True,,,,
ViT,2D,LSS,Left Subarticular Stenosis,left_subarticular_stenosis,4,342,train,L2/L3,nas_best_vit_2d,ViT 2D,74,15,,0.8842188739095955,0.7478094613984521,0.618999325139676,0.6638891618079721,0.8842188739095955,0.119746233148295,0.7102303787025659,0.0039651070578905,True,,,,
ViT,2D,LSS,Left Subarticular Stenosis,left_subarticular_stenosis,4,342,train,L3/L4,nas_best_vit_2d,ViT 2D,74,15,,0.816812053925456,0.7505692167577415,0.6938003626589708,0.7180586157086347,0.816812053925456,0.1847739888977002,0.7708729929335314,0.0015860428231562,True,,,,
ViT,2D,LSS,Left Subarticular Stenosis,left_subarticular_stenosis,4,342,train,L4/L5,nas_best_vit_2d,ViT 2D,74,15,,0.7660586835844568,0.7729285859310986,0.74321520853211,0.7535018589837369,0.7660586835844568,0.2371134020618556,0.7973315170701343,0.0031720856463124,True,,,,
ViT,2D,LSS,Left Subarticular Stenosis,left_subarticular_stenosis,4,342,train,L5/S1,nas_best_vit_2d,ViT 2D,74,15,,0.809674861221253,0.7492210987319123,0.6298273153527837,0.6711267649755023,0.809674861221253,0.1958762886597938,0.6806272155012552,0.0055511498810467,True,,,,
ViT,2D,LSS,Left Subarticular Stenosis,left_subarticular_stenosis,4,342,validation,L1/L2,nas_best_vit_2d,ViT 2D,74,15,,0.9338235294117648,0.6165319764541555,0.5105064018107497,0.5357214680744092,0.9338235294117648,0.0735294117647058,0.5626423690205011,0.0073529411764705,True,272,253,13,6
ViT,2D,LSS,Left Subarticular Stenosis,left_subarticular_stenosis,4,342,validation,L2/L3,nas_best_vit_2d,ViT 2D,74,15,,0.9080882352941176,0.8697993147332355,0.7860966347513433,0.8219294049431035,0.9080882352941176,0.0919117647058823,0.8117177982057814,0.0,True,272,223,37,12
ViT,2D,LSS,Left Subarticular Stenosis,left_subarticular_stenosis,4,342,validation,L3/L4,nas_best_vit_2d,ViT 2D,74,15,,0.8345588235294118,0.7261540273198305,0.7099524658348187,0.7175064991671727,0.8345588235294118,0.1654411764705882,0.802363882968417,0.0,True,272,187,60,25
ViT,2D,LSS,Left Subarticular Stenosis,left_subarticular_stenosis,4,342,validation,L4/L5,nas_best_vit_2d,ViT 2D,74,15,,0.7463235294117647,0.737063246351172,0.7341219844415628,0.7353528398783666,0.7463235294117647,0.2536764705882353,0.7836890876400351,0.0,True,272,118,97,57
ViT,2D,LSS,Left Subarticular Stenosis,left_subarticular_stenosis,4,342,validation,L5/S1,nas_best_vit_2d,ViT 2D,74,15,,0.7941176470588235,0.6864112523540489,0.6914459403374567,0.687782001301302,0.7941176470588235,0.2205882352941176,0.6784087352644573,0.0147058823529411,True,272,199,51,22
ViT,2D,LSS,Left Subarticular Stenosis,left_subarticular_stenosis,4,342,test,L1/L2,nas_best_vit_2d,ViT 2D,74,15,,0.9433962264150944,0.5146025472112429,0.482168458781362,0.4961927995860131,0.9433962264150944,0.0641509433962264,0.3689760743848507,0.0075471698113207,True,,,,
ViT,2D,LSS,Left Subarticular Stenosis,left_subarticular_stenosis,4,342,test,L2/L3,nas_best_vit_2d,ViT 2D,74,15,,0.879245283018868,0.7362707535121329,0.5924908424908425,0.636682615629984,0.879245283018868,0.1245283018867924,0.695931547716618,0.0037735849056603,True,,,,
ViT,2D,LSS,Left Subarticular Stenosis,left_subarticular_stenosis,4,342,test,L3/L4,nas_best_vit_2d,ViT 2D,74,15,,0.7962264150943397,0.7210495283018868,0.6860504486202811,0.7010543614317198,0.7962264150943397,0.2075471698113207,0.7275285459169869,0.0037735849056603,True,,,,
ViT,2D,LSS,Left Subarticular Stenosis,left_subarticular_stenosis,4,342,test,L4/L5,nas_best_vit_2d,ViT 2D,74,15,,0.7509433962264151,0.736236827145918,0.7348555877301428,0.7347917539449798,0.7509433962264151,0.2566037735849056,0.793613707165109,0.0075471698113207,True,,,,
ViT,2D,LSS,Left Subarticular Stenosis,left_subarticular_stenosis,4,342,test,L5/S1,nas_best_vit_2d,ViT 2D,74,15,,0.7509433962264151,0.6055102040816326,0.5420275277323149,0.5640589569160998,0.7509433962264151,0.2566037735849056,0.646155558028263,0.0075471698113207,True,,,,
ViT,2D,LSS,Left Subarticular Stenosis,left_subarticular_stenosis,5,442,train,L1/L2,nas_best_vit_2d,ViT 2D,74,18,,0.949920508744038,0.6969345957561107,0.7110805428562438,0.702834566662486,0.949920508744038,0.0524642289348171,0.7221782579089755,0.0023847376788553,True,,,,
ViT,2D,LSS,Left Subarticular Stenosis,left_subarticular_stenosis,5,442,train,L2/L3,nas_best_vit_2d,ViT 2D,74,18,,0.895866454689984,0.7213171950728302,0.7591388477294517,0.7380773021313402,0.895866454689984,0.1081081081081081,0.7855017354379703,0.0039745627980922,True,,,,
ViT,2D,LSS,Left Subarticular Stenosis,left_subarticular_stenosis,5,442,train,L3/L4,nas_best_vit_2d,ViT 2D,74,18,,0.821939586645469,0.7234610637527316,0.775245226048069,0.7448438081437233,0.821939586645469,0.1796502384737678,0.8085149751957602,0.0015898251192368,True,,,,
ViT,2D,LSS,Left Subarticular Stenosis,left_subarticular_stenosis,5,442,train,L4/L5,nas_best_vit_2d,ViT 2D,74,18,,0.7615262321144675,0.749043162161033,0.7612659076532066,0.7531344754912022,0.7615262321144675,0.2456279809220985,0.7963722152316668,0.0071542130365659,True,,,,
ViT,2D,LSS,Left Subarticular Stenosis,left_subarticular_stenosis,5,442,train,L5/S1,nas_best_vit_2d,ViT 2D,74,18,,0.814785373608903,0.7067960021326215,0.7296169816929076,0.7170872749775793,0.814785373608903,0.1963434022257551,0.726865909675871,0.0111287758346581,True,,,,
ViT,2D,LSS,Left Subarticular Stenosis,left_subarticular_stenosis,5,442,validation,L1/L2,nas_best_vit_2d,ViT 2D,74,18,,0.9518518518518518,0.5241830065359477,0.5142457180500659,0.519007704682076,0.9518518518518518,0.0481481481481481,0.6060606060606061,0.0,True,270,253,16,1
ViT,2D,LSS,Left Subarticular Stenosis,left_subarticular_stenosis,5,442,validation,L2/L3,nas_best_vit_2d,ViT 2D,74,18,,0.8444444444444444,0.6123674757493347,0.6629129129129129,0.6334257250311257,0.8444444444444444,0.1592592592592592,0.7071583514099784,0.0037037037037037,True,270,222,36,12
ViT,2D,LSS,Left Subarticular Stenosis,left_subarticular_stenosis,5,442,validation,L3/L4,nas_best_vit_2d,ViT 2D,74,18,,0.8037037037037037,0.726750175834844,0.7876190476190476,0.7516261031258669,0.8037037037037037,0.2,0.7775816416593115,0.0037037037037037,True,270,175,70,25
ViT,2D,LSS,Left Subarticular Stenosis,left_subarticular_stenosis,5,442,validation,L4/L5,nas_best_vit_2d,ViT 2D,74,18,,0.7111111111111111,0.7061888351831961,0.7261833031022974,0.7087481420814754,0.7111111111111111,0.3,0.7476310191452331,0.0111111111111111,True,270,122,89,59
ViT,2D,LSS,Left Subarticular Stenosis,left_subarticular_stenosis,5,442,validation,L5/S1,nas_best_vit_2d,ViT 2D,74,18,,0.7444444444444445,0.5542542542542542,0.5717195369626084,0.5618365680547704,0.7444444444444445,0.2703703703703703,0.5617761391415862,0.0148148148148148,True,270,186,71,13
ViT,2D,LSS,Left Subarticular Stenosis,left_subarticular_stenosis,5,442,test,L1/L2,nas_best_vit_2d,ViT 2D,74,18,,0.937037037037037,0.7932795698924732,0.6401694808069309,0.6394641134120091,0.937037037037037,0.0666666666666666,0.6844319775596073,0.0037037037037037,True,,,,
ViT,2D,LSS,Left Subarticular Stenosis,left_subarticular_stenosis,5,442,test,L2/L3,nas_best_vit_2d,ViT 2D,74,18,,0.8555555555555555,0.6722801627725227,0.7060907237512741,0.6865965877460131,0.8555555555555555,0.1555555555555555,0.6878311976105598,0.0111111111111111,True,,,,
ViT,2D,LSS,Left Subarticular Stenosis,left_subarticular_stenosis,5,442,test,L3/L4,nas_best_vit_2d,ViT 2D,74,18,,0.7407407407407407,0.622361111111111,0.6749006418292854,0.6383268565731434,0.7407407407407407,0.2629629629629629,0.6694838514941142,0.0037037037037037,True,,,,
ViT,2D,LSS,Left Subarticular Stenosis,left_subarticular_stenosis,5,442,test,L4/L5,nas_best_vit_2d,ViT 2D,74,18,,0.725925925925926,0.7099230376509545,0.7183949596135976,0.7120870273044186,0.725925925925926,0.2740740740740741,0.7920353061182005,0.0,True,,,,
ViT,2D,LSS,Left Subarticular Stenosis,left_subarticular_stenosis,5,442,test,L5/S1,nas_best_vit_2d,ViT 2D,74,18,,0.7666666666666667,0.6789269553975436,0.6903336370341445,0.6810283802046464,0.7666666666666667,0.2444444444444444,0.6551724137931034,0.0111111111111111,True,,,,
ViT,2D,RFN,Right Neural Foraminal Narrowing,right_neural_foraminal_narrowing,1,42,train,L1/L2,nas_best_vit_2d,ViT 2D,132,23,,0.9701383831026948,0.6976932608902869,0.4899311621672105,0.5438938938938939,0.9701383831026948,0.0305899490167516,0.5974036359759023,0.0007283321194464,True,,,,
ViT,2D,RFN,Right Neural Foraminal Narrowing,right_neural_foraminal_narrowing,1,42,train,L2/L3,nas_best_vit_2d,ViT 2D,132,23,,0.9373634377276038,0.5549676660787771,0.4825949579831932,0.5096723685546488,0.9373634377276038,0.0626365622723962,0.5651190712954575,0.0,True,,,,
ViT,2D,RFN,Right Neural Foraminal Narrowing,right_neural_foraminal_narrowing,1,42,train,L3/L4,nas_best_vit_2d,ViT 2D,132,23,,0.8550619082301529,0.7736480066201429,0.5543342416581853,0.5918545341409941,0.8550619082301529,0.144938091769847,0.6131578463006565,0.0,True,,,,
ViT,2D,RFN,Right Neural Foraminal Narrowing,right_neural_foraminal_narrowing,1,42,train,L4/L5,nas_best_vit_2d,ViT 2D,132,23,,0.8062636562272396,0.7598535875674033,0.7279781701477653,0.7418834163120689,0.8062636562272396,0.1959213401310997,0.7233868598593546,0.0021849963583394,True,,,,
ViT,2D,RFN,Right Neural Foraminal Narrowing,right_neural_foraminal_narrowing,1,42,train,L5/S1,nas_best_vit_2d,ViT 2D,132,23,,0.8164603058994901,0.7432936548346559,0.7175431454073156,0.7291267010484431,0.8164603058994901,0.1959213401310997,0.7479331156528204,0.0123816460305899,True,,,,
ViT,2D,RFN,Right Neural Foraminal Narrowing,right_neural_foraminal_narrowing,1,42,validation,L1/L2,nas_best_vit_2d,ViT 2D,132,23,,0.9695945945945946,0.5168891085846102,0.4654929577464788,0.4861239434691852,0.9695945945945946,0.0304054054054054,0.6302054414214325,0.0,True,296,284,10,2
ViT,2D,RFN,Right Neural Foraminal Narrowing,right_neural_foraminal_narrowing,1,42,validation,L2/L3,nas_best_vit_2d,ViT 2D,132,23,,0.9358108108108107,0.559984183471728,0.4706415022400152,0.5012860310421287,0.9358108108108107,0.0641891891891891,0.5493589743589744,0.0,True,296,269,26,1
ViT,2D,RFN,Right Neural Foraminal Narrowing,right_neural_foraminal_narrowing,1,42,validation,L3/L4,nas_best_vit_2d,ViT 2D,132,23,,0.8209459459459459,0.8317345834835917,0.5659489061987047,0.6149973143625368,0.8209459459459459,0.179054054054054,0.6056309703368526,0.0,True,296,219,68,9
ViT,2D,RFN,Right Neural Foraminal Narrowing,right_neural_foraminal_narrowing,1,42,validation,L4/L5,nas_best_vit_2d,ViT 2D,132,23,,0.7668918918918919,0.7780914198439971,0.693494587349336,0.7267239998607291,0.7668918918918919,0.2331081081081081,0.7064505001724732,0.0,True,296,179,91,26
ViT,2D,RFN,Right Neural Foraminal Narrowing,right_neural_foraminal_narrowing,1,42,validation,L5/S1,nas_best_vit_2d,ViT 2D,132,23,,0.7466216216216216,0.6258201744898695,0.6166730833397499,0.6209164699730737,0.7466216216216216,0.2668918918918919,0.6524883946885458,0.0135135135135135,True,296,195,74,27
ViT,2D,RFN,Right Neural Foraminal Narrowing,right_neural_foraminal_narrowing,1,42,test,L1/L2,nas_best_vit_2d,ViT 2D,132,23,,0.9662162162162162,0.4228044158840006,0.4262404262404262,0.4245134575569358,0.9662162162162162,0.0337837837837837,0.6060686718126165,0.0,True,,,,
ViT,2D,RFN,Right Neural Foraminal Narrowing,right_neural_foraminal_narrowing,1,42,test,L2/L3,nas_best_vit_2d,ViT 2D,132,23,,0.9121621621621622,0.4538818845388188,0.455044955044955,0.4544623566561409,0.9121621621621622,0.0878378378378378,0.4148418491484185,0.0,True,,,,
ViT,2D,RFN,Right Neural Foraminal Narrowing,right_neural_foraminal_narrowing,1,42,test,L3/L4,nas_best_vit_2d,ViT 2D,132,23,,0.8108108108108109,0.4696459544944393,0.4695906432748538,0.4688814234166978,0.8108108108108109,0.1891891891891892,0.526508226691042,0.0,True,,,,
ViT,2D,RFN,Right Neural Foraminal Narrowing,right_neural_foraminal_narrowing,1,42,test,L4/L5,nas_best_vit_2d,ViT 2D,132,23,,0.7736486486486487,0.7148812141302754,0.6945633314054366,0.7040665292254756,0.7736486486486487,0.2263513513513513,0.6926224426534409,0.0,True,,,,
ViT,2D,RFN,Right Neural Foraminal Narrowing,right_neural_foraminal_narrowing,1,42,test,L5/S1,nas_best_vit_2d,ViT 2D,132,23,,0.7466216216216216,0.6734586618152415,0.6192314648635865,0.6379606203337349,0.7466216216216216,0.2601351351351351,0.6479501938212147,0.0067567567567567,True,,,,
ViT,2D,RFN,Right Neural Foraminal Narrowing,right_neural_foraminal_narrowing,2,142,train,L1/L2,nas_best_vit_2d,ViT 2D,132,15,,0.96285506190823,0.7572209793686303,0.6468043237250555,0.6832481746729768,0.96285506190823,0.0378732702112163,0.6437878351109829,0.0007283321194464,True,,,,
ViT,2D,RFN,Right Neural Foraminal Narrowing,right_neural_foraminal_narrowing,2,142,train,L2/L3,nas_best_vit_2d,ViT 2D,132,15,,0.9278951201747996,0.5291653796834489,0.4307953678663061,0.4590931007864249,0.9278951201747996,0.0721048798252003,0.435333851221954,0.0,True,,,,
ViT,2D,RFN,Right Neural Foraminal Narrowing,right_neural_foraminal_narrowing,2,142,train,L3/L4,nas_best_vit_2d,ViT 2D,132,15,,0.8383102694828842,0.5073494869226111,0.4752012072434607,0.4855447242572857,0.8383102694828842,0.1638747268754552,0.5329773809225804,0.0021849963583394,True,,,,
ViT,2D,RFN,Right Neural Foraminal Narrowing,right_neural_foraminal_narrowing,2,142,train,L4/L5,nas_best_vit_2d,ViT 2D,132,15,,0.7603787327021122,0.702344368627025,0.663609772400323,0.6802873368195153,0.7603787327021122,0.2418062636562272,0.6536487214660265,0.0021849963583394,True,,,,
ViT,2D,RFN,Right Neural Foraminal Narrowing,right_neural_foraminal_narrowing,2,142,train,L5/S1,nas_best_vit_2d,ViT 2D,132,15,,0.774217042971595,0.6982662132712999,0.6415001576143654,0.6643647901665884,0.774217042971595,0.2367079388201019,0.6901971452488294,0.010924981791697,True,,,,
ViT,2D,RFN,Right Neural Foraminal Narrowing,right_neural_foraminal_narrowing,2,142,validation,L1/L2,nas_best_vit_2d,ViT 2D,132,15,,0.9695945945945946,0.5775862068965517,0.7176086120722799,0.6170408750719631,0.9695945945945946,0.0337837837837837,0.4436090225563909,0.0033783783783783,True,296,289,6,1
ViT,2D,RFN,Right Neural Foraminal Narrowing,right_neural_foraminal_narrowing,2,142,validation,L2/L3,nas_best_vit_2d,ViT 2D,132,15,,0.929054054054054,0.5440790069765334,0.4450004765989896,0.4751021924934968,0.929054054054054,0.0709459459459459,0.482,0.0,True,296,269,26,1
ViT,2D,RFN,Right Neural Foraminal Narrowing,right_neural_foraminal_narrowing,2,142,validation,L3/L4,nas_best_vit_2d,ViT 2D,132,15,,0.8344594594594594,0.4961824158190335,0.4866858237547893,0.4905449464368887,0.8344594594594594,0.1655405405405405,0.5317665289256198,0.0,True,296,232,60,4
ViT,2D,RFN,Right Neural Foraminal Narrowing,right_neural_foraminal_narrowing,2,142,validation,L4/L5,nas_best_vit_2d,ViT 2D,132,15,,0.7871621621621622,0.6770502299051278,0.6638618393674572,0.6677707305614282,0.7871621621621622,0.2128378378378378,0.7052724743962574,0.0,True,296,178,100,18
ViT,2D,RFN,Right Neural Foraminal Narrowing,right_neural_foraminal_narrowing,2,142,validation,L5/S1,nas_best_vit_2d,ViT 2D,132,15,,0.7533783783783784,0.6398898153662894,0.6096849513124436,0.62075719541326,0.7533783783783784,0.2601351351351351,0.6628069046853222,0.0135135135135135,True,296,199,66,31
ViT,2D,RFN,Right Neural Foraminal Narrowing,right_neural_foraminal_narrowing,2,142,test,L1/L2,nas_best_vit_2d,ViT 2D,132,15,,0.9695945945945946,0.460919540229885,0.4250992063492063,0.4398308342945021,0.9695945945945946,0.0337837837837837,0.3869520193303417,0.0033783783783783,True,,,,
ViT,2D,RFN,Right Neural Foraminal Narrowing,right_neural_foraminal_narrowing,2,142,test,L2/L3,nas_best_vit_2d,ViT 2D,132,15,,0.9222972972972971,0.5102958746222503,0.4541035173005434,0.4749900978894358,0.9222972972972971,0.0777027027027027,0.4746913580246914,0.0,True,,,,
ViT,2D,RFN,Right Neural Foraminal Narrowing,right_neural_foraminal_narrowing,2,142,test,L3/L4,nas_best_vit_2d,ViT 2D,132,15,,0.793918918918919,0.4894713261648746,0.4559187094070815,0.4631354081837387,0.793918918918919,0.2094594594594594,0.4730752113929684,0.0033783783783783,True,,,,
ViT,2D,RFN,Right Neural Foraminal Narrowing,right_neural_foraminal_narrowing,2,142,test,L4/L5,nas_best_vit_2d,ViT 2D,132,15,,0.7533783783783784,0.6812421246486382,0.634906077862791,0.6520006939734713,0.7533783783783784,0.2567567567567567,0.6614217163263029,0.0101351351351351,True,,,,
ViT,2D,RFN,Right Neural Foraminal Narrowing,right_neural_foraminal_narrowing,2,142,test,L5/S1,nas_best_vit_2d,ViT 2D,132,15,,0.722972972972973,0.6161223172143556,0.5891776163515293,0.6006606831214161,0.722972972972973,0.2905405405405405,0.5898101191178204,0.0135135135135135,True,,,,
ViT,2D,RFN,Right Neural Foraminal Narrowing,right_neural_foraminal_narrowing,3,242,train,L1/L2,nas_best_vit_2d,ViT 2D,132,15,,0.9723636363636364,0.5040314773324482,0.4927189769295032,0.4981008284417801,0.9723636363636364,0.0283636363636363,0.5743773262968751,0.0007272727272727,True,,,,
ViT,2D,RFN,Right Neural Foraminal Narrowing,right_neural_foraminal_narrowing,3,242,train,L2/L3,nas_best_vit_2d,ViT 2D,132,15,,0.9338181818181818,0.5277969701622397,0.4121455406309505,0.4402805673033135,0.9338181818181818,0.0661818181818181,0.3804190125327431,0.0,True,,,,
ViT,2D,RFN,Right Neural Foraminal Narrowing,right_neural_foraminal_narrowing,3,242,train,L3/L4,nas_best_vit_2d,ViT 2D,132,15,,0.84,0.7226581471144112,0.5220116947728888,0.541923268382711,0.84,0.16,0.5836017553422863,0.0,True,,,,
ViT,2D,RFN,Right Neural Foraminal Narrowing,right_neural_foraminal_narrowing,3,242,train,L4/L5,nas_best_vit_2d,ViT 2D,132,15,,0.7723636363636364,0.7229108944513737,0.6281160599300576,0.6529006306517013,0.7723636363636364,0.2290909090909091,0.6556668464382076,0.0014545454545454,True,,,,
ViT,2D,RFN,Right Neural Foraminal Narrowing,right_neural_foraminal_narrowing,3,242,train,L5/S1,nas_best_vit_2d,ViT 2D,132,15,,0.7905454545454546,0.6980418936019208,0.6813948711876053,0.6890727931851813,0.7905454545454546,0.2210909090909091,0.7209363009925486,0.0116363636363636,True,,,,
ViT,2D,RFN,Right Neural Foraminal Narrowing,right_neural_foraminal_narrowing,3,242,validation,L1/L2,nas_best_vit_2d,ViT 2D,132,15,,0.9659863945578232,0.4692218350754936,0.4559776207302708,0.4619883040935672,0.9659863945578232,0.0374149659863945,0.5063291139240507,0.0034013605442176,True,294,283,8,3
ViT,2D,RFN,Right Neural Foraminal Narrowing,right_neural_foraminal_narrowing,3,242,validation,L2/L3,nas_best_vit_2d,ViT 2D,132,15,,0.9285714285714286,0.5928460625969523,0.453030303030303,0.4910319322950003,0.9285714285714286,0.0714285714285714,0.4795144157814871,0.0,True,294,264,30,0
ViT,2D,RFN,Right Neural Foraminal Narrowing,right_neural_foraminal_narrowing,3,242,validation,L3/L4,nas_best_vit_2d,ViT 2D,132,15,,0.8163265306122449,0.4938596491228069,0.4985753052917232,0.4960768398268398,0.8163265306122449,0.1836734693877551,0.575076280713024,0.0,True,294,220,67,7
ViT,2D,RFN,Right Neural Foraminal Narrowing,right_neural_foraminal_narrowing,3,242,validation,L4/L5,nas_best_vit_2d,ViT 2D,132,15,,0.7414965986394558,0.7742747673782157,0.6315280464216634,0.6643627993833192,0.7414965986394558,0.2585034013605442,0.6458954041204437,0.0,True,294,176,94,24
ViT,2D,RFN,Right Neural Foraminal Narrowing,right_neural_foraminal_narrowing,3,242,validation,L5/S1,nas_best_vit_2d,ViT 2D,132,15,,0.7414965986394558,0.6262824491404364,0.6139367853571583,0.6179401091538563,0.7414965986394558,0.2687074829931973,0.6515519116539781,0.010204081632653,True,294,187,82,25
ViT,2D,RFN,Right Neural Foraminal Narrowing,right_neural_foraminal_narrowing,3,242,test,L1/L2,nas_best_vit_2d,ViT 2D,132,15,,0.945945945945946,0.4893617021276595,0.4755434782608695,0.4817204301075269,0.945945945945946,0.054054054054054,0.6341161928306551,0.0,True,,,,
ViT,2D,RFN,Right Neural Foraminal Narrowing,right_neural_foraminal_narrowing,3,242,test,L2/L3,nas_best_vit_2d,ViT 2D,132,15,,0.8986486486486487,0.5203457727176892,0.43421926910299,0.4575991978226615,0.8986486486486487,0.1013513513513513,0.494017094017094,0.0,True,,,,
ViT,2D,RFN,Right Neural Foraminal Narrowing,right_neural_foraminal_narrowing,3,242,test,L3/L4,nas_best_vit_2d,ViT 2D,132,15,,0.831081081081081,0.5164047422111938,0.5035353535353536,0.5085146952462357,0.831081081081081,0.1689189189189189,0.5707656612529002,0.0,True,,,,
ViT,2D,RFN,Right Neural Foraminal Narrowing,right_neural_foraminal_narrowing,3,242,test,L4/L5,nas_best_vit_2d,ViT 2D,132,15,,0.7837837837837838,0.8350275729187429,0.6506692009186664,0.6839527513684818,0.7837837837837838,0.2162162162162162,0.6836339345357382,0.0,True,,,,
ViT,2D,RFN,Right Neural Foraminal Narrowing,right_neural_foraminal_narrowing,3,242,test,L5/S1,nas_best_vit_2d,ViT 2D,132,15,,0.7668918918918919,0.6820476908712202,0.6287004632012353,0.6412488868316282,0.7668918918918919,0.2466216216216216,0.655813953488372,0.0135135135135135,True,,,,
ViT,2D,RFN,Right Neural Foraminal Narrowing,right_neural_foraminal_narrowing,4,342,train,L1/L2,nas_best_vit_2d,ViT 2D,132,11,,0.9708667152221412,0.4665448702998263,0.4066543953592146,0.4263258988091203,0.9708667152221412,0.0298616168973051,0.5195823941541692,0.0007283321194464,True,,,,
ViT,2D,RFN,Right Neural Foraminal Narrowing,right_neural_foraminal_narrowing,4,342,train,L2/L3,nas_best_vit_2d,ViT 2D,132,11,,0.9293517844136926,0.5198319577062093,0.4030211585672528,0.4286317760730996,0.9293517844136926,0.0706482155863073,0.3654149453712042,0.0,True,,,,
ViT,2D,RFN,Right Neural Foraminal Narrowing,right_neural_foraminal_narrowing,4,342,train,L3/L4,nas_best_vit_2d,ViT 2D,132,11,,0.8353969410050983,0.8438245499891565,0.4915270859277709,0.514495532546074,0.8353969410050983,0.1675163874726875,0.5253192873993329,0.0029133284777858,True,,,,
ViT,2D,RFN,Right Neural Foraminal Narrowing,right_neural_foraminal_narrowing,4,342,train,L4/L5,nas_best_vit_2d,ViT 2D,132,11,,0.7764020393299345,0.7444814659304507,0.6101130838265122,0.6445850255128606,0.7764020393299345,0.2257829570284049,0.6522847195953094,0.0021849963583394,True,,,,
ViT,2D,RFN,Right Neural Foraminal Narrowing,right_neural_foraminal_narrowing,4,342,train,L5/S1,nas_best_vit_2d,ViT 2D,132,11,,0.7822286962855062,0.7325280793693207,0.6258280249234197,0.6572465291988469,0.7822286962855062,0.2272396212672978,0.6833543259593038,0.009468317552804,True,,,,
ViT,2D,RFN,Right Neural Foraminal Narrowing,right_neural_foraminal_narrowing,4,342,validation,L1/L2,nas_best_vit_2d,ViT 2D,132,11,,0.9594594594594594,0.4885844748858448,0.3888888888888889,0.4108594657375145,0.9594594594594594,0.0405405405405405,0.4908256880733945,0.0,True,296,282,12,2
ViT,2D,RFN,Right Neural Foraminal Narrowing,right_neural_foraminal_narrowing,4,342,validation,L2/L3,nas_best_vit_2d,ViT 2D,132,11,,0.9121621621621622,0.5288424312814556,0.3985535322226527,0.4229526885806574,0.9121621621621622,0.0878378378378378,0.2824911430169681,0.0,True,296,267,29,0
ViT,2D,RFN,Right Neural Foraminal Narrowing,right_neural_foraminal_narrowing,4,342,validation,L3/L4,nas_best_vit_2d,ViT 2D,132,11,,0.8513513513513513,0.5068069504224454,0.4741023682200152,0.4861674554879423,0.8513513513513513,0.1486486486486486,0.5170214343988726,0.0,True,296,238,55,3
ViT,2D,RFN,Right Neural Foraminal Narrowing,right_neural_foraminal_narrowing,4,342,validation,L4/L5,nas_best_vit_2d,ViT 2D,132,11,,0.7398648648648649,0.71125,0.5455357142857142,0.5602355072463768,0.7398648648648649,0.2635135135135135,0.5778665145464917,0.0033783783783783,True,296,192,84,20
ViT,2D,RFN,Right Neural Foraminal Narrowing,right_neural_foraminal_narrowing,4,342,validation,L5/S1,nas_best_vit_2d,ViT 2D,132,11,,0.7128378378378378,0.5926115373685706,0.5350593955907049,0.5519571388589021,0.7128378378378378,0.3141891891891892,0.5487804878048781,0.027027027027027,True,296,187,78,31
ViT,2D,RFN,Right Neural Foraminal Narrowing,right_neural_foraminal_narrowing,4,342,test,L1/L2,nas_best_vit_2d,ViT 2D,132,11,,0.9425675675675677,0.3141891891891892,0.3333333333333333,0.3234782608695652,0.9425675675675677,0.0641891891891891,0.0,0.0067567567567567,True,,,,
ViT,2D,RFN,Right Neural Foraminal Narrowing,right_neural_foraminal_narrowing,4,342,test,L2/L3,nas_best_vit_2d,ViT 2D,132,11,,0.8986486486486487,0.4954407294832827,0.4115776081424936,0.4321184995737425,0.8986486486486487,0.1013513513513513,0.407051282051282,0.0,True,,,,
ViT,2D,RFN,Right Neural Foraminal Narrowing,right_neural_foraminal_narrowing,4,342,test,L3/L4,nas_best_vit_2d,ViT 2D,132,11,,0.8006756756756757,0.8106710327979624,0.497987543516778,0.52487922705314,0.8006756756756757,0.2027027027027027,0.5404877560218339,0.0033783783783783,True,,,,
ViT,2D,RFN,Right Neural Foraminal Narrowing,right_neural_foraminal_narrowing,4,342,test,L4/L5,nas_best_vit_2d,ViT 2D,132,11,,0.7331081081081081,0.7305061082024432,0.5520814561182196,0.5715787254111356,0.7331081081081081,0.2736486486486486,0.5837469393157303,0.0067567567567567,True,,,,
ViT,2D,RFN,Right Neural Foraminal Narrowing,right_neural_foraminal_narrowing,4,342,test,L5/S1,nas_best_vit_2d,ViT 2D,132,11,,0.7533783783783784,0.6022829405509246,0.5539114495205866,0.5662847379265289,0.7533783783783784,0.2567567567567567,0.613933513599491,0.0101351351351351,True,,,,
ViT,2D,RFN,Right Neural Foraminal Narrowing,right_neural_foraminal_narrowing,5,442,train,L1/L2,nas_best_vit_2d,ViT 2D,132,1,,0.9636627906976744,0.3212209302325581,0.3333333333333333,0.3271650629163582,0.9636627906976744,0.0428779069767441,0.0,0.0065406976744186,True,,,,
ViT,2D,RFN,Right Neural Foraminal Narrowing,right_neural_foraminal_narrowing,5,442,train,L2/L3,nas_best_vit_2d,ViT 2D,132,1,,0.9200581395348836,0.3066860465116279,0.3333333333333333,0.3194549583648751,0.9200581395348836,0.0821220930232558,0.0,0.0021802325581395,True,,,,
ViT,2D,RFN,Right Neural Foraminal Narrowing,right_neural_foraminal_narrowing,5,442,train,L3/L4,nas_best_vit_2d,ViT 2D,132,1,,0.7747093023255814,0.2582364341085271,0.3333333333333333,0.291018291018291,0.7747093023255814,0.2441860465116279,0.0,0.0188953488372093,True,,,,
ViT,2D,RFN,Right Neural Foraminal Narrowing,right_neural_foraminal_narrowing,5,442,train,L4/L5,nas_best_vit_2d,ViT 2D,132,1,,0.623546511627907,0.2078488372093023,0.3333333333333333,0.2560429722470904,0.623546511627907,0.4447674418604651,0.0,0.068313953488372,True,,,,
ViT,2D,RFN,Right Neural Foraminal Narrowing,right_neural_foraminal_narrowing,5,442,train,L5/S1,nas_best_vit_2d,ViT 2D,132,1,,0.6475290697674418,0.2158430232558139,0.3333333333333333,0.2620202911336568,0.6475290697674418,0.4469476744186046,0.0,0.0944767441860465,True,,,,
ViT,2D,RFN,Right Neural Foraminal Narrowing,right_neural_foraminal_narrowing,5,442,validation,L1/L2,nas_best_vit_2d,ViT 2D,132,1,,0.9389830508474576,0.3129943502824858,0.3333333333333333,0.3228438228438228,0.9389830508474576,0.0711864406779661,0.0,0.0101694915254237,True,295,277,15,3
ViT,2D,RFN,Right Neural Foraminal Narrowing,right_neural_foraminal_narrowing,5,442,validation,L2/L3,nas_best_vit_2d,ViT 2D,132,1,,0.888135593220339,0.296045197740113,0.3333333333333333,0.3135846798324356,0.888135593220339,0.1220338983050847,0.0,0.0101694915254237,True,295,262,30,3
ViT,2D,RFN,Right Neural Foraminal Narrowing,right_neural_foraminal_narrowing,5,442,validation,L3/L4,nas_best_vit_2d,ViT 2D,132,1,,0.7627118644067796,0.2542372881355932,0.3333333333333333,0.2884615384615385,0.7627118644067796,0.2542372881355932,0.0,0.0169491525423728,True,295,225,65,5
ViT,2D,RFN,Right Neural Foraminal Narrowing,right_neural_foraminal_narrowing,5,442,validation,L4/L5,nas_best_vit_2d,ViT 2D,132,1,,0.6067796610169491,0.2022598870056497,0.3333333333333333,0.2517580872011252,0.6067796610169491,0.4372881355932203,0.0,0.0440677966101694,True,295,179,103,13
ViT,2D,RFN,Right Neural Foraminal Narrowing,right_neural_foraminal_narrowing,5,442,validation,L5/S1,nas_best_vit_2d,ViT 2D,132,1,,0.6372881355932203,0.2124293785310734,0.3333333333333333,0.2594893029675638,0.6372881355932203,0.4711864406779661,0.0,0.1084745762711864,True,295,188,75,32
ViT,2D,RFN,Right Neural Foraminal Narrowing,right_neural_foraminal_narrowing,5,442,test,L1/L2,nas_best_vit_2d,ViT 2D,132,1,,0.9727891156462584,0.3242630385487528,0.3333333333333333,0.328735632183908,0.9727891156462584,0.0306122448979591,0.0,0.0034013605442176,True,,,,
ViT,2D,RFN,Right Neural Foraminal Narrowing,right_neural_foraminal_narrowing,5,442,test,L2/L3,nas_best_vit_2d,ViT 2D,132,1,,0.8979591836734694,0.2993197278911564,0.3333333333333333,0.3154121863799283,0.8979591836734694,0.1020408163265306,0.0,0.0,True,,,,
ViT,2D,RFN,Right Neural Foraminal Narrowing,right_neural_foraminal_narrowing,5,442,test,L3/L4,nas_best_vit_2d,ViT 2D,132,1,,0.7517006802721088,0.2505668934240362,0.3333333333333333,0.286084142394822,0.7517006802721088,0.2755102040816326,0.0,0.0272108843537414,True,,,,
ViT,2D,RFN,Right Neural Foraminal Narrowing,right_neural_foraminal_narrowing,5,442,test,L4/L5,nas_best_vit_2d,ViT 2D,132,1,,0.5816326530612245,0.1938775510204081,0.3333333333333333,0.2451612903225806,0.5816326530612245,0.4965986394557823,0.0,0.0782312925170068,True,,,,
ViT,2D,RFN,Right Neural Foraminal Narrowing,right_neural_foraminal_narrowing,5,442,test,L5/S1,nas_best_vit_2d,ViT 2D,132,1,,0.6836734693877551,0.227891156462585,0.3333333333333333,0.2707070707070707,0.6836734693877551,0.4115646258503401,0.0,0.0952380952380952,True,,,,
ViT,2D,RSS,Right Subarticular Stenosis,right_subarticular_stenosis,1,42,train,L1/L2,nas_best_vit_2d,ViT 2D,1627,9,,0.9508716323296356,0.8571428571428571,0.5596385634781539,0.5947956847618152,0.9508716323296356,0.0507131537242472,0.6659608258337745,0.0015847860538827,True,,,,
ViT,2D,RSS,Right Subarticular Stenosis,right_subarticular_stenosis,1,42,train,L2/L3,nas_best_vit_2d,ViT 2D,1627,9,,0.8882725832012678,0.6965849385144297,0.6362046214019899,0.6619364912133984,0.8882725832012678,0.1133122028526149,0.708546866211898,0.0015847860538827,True,,,,
ViT,2D,RSS,Right Subarticular Stenosis,right_subarticular_stenosis,1,42,train,L3/L4,nas_best_vit_2d,ViT 2D,1627,9,,0.8114104595879557,0.7356496049227327,0.72665333090865,0.7258605958533387,0.8114104595879557,0.1933438985736925,0.779516381762493,0.0047543581616481,True,,,,
ViT,2D,RSS,Right Subarticular Stenosis,right_subarticular_stenosis,1,42,train,L4/L5,nas_best_vit_2d,ViT 2D,1627,9,,0.7472266244057052,0.729803588846142,0.7271410937956194,0.7277638346796574,0.7472266244057052,0.2575277337559429,0.7901500894576194,0.0047543581616481,True,,,,
ViT,2D,RSS,Right Subarticular Stenosis,right_subarticular_stenosis,1,42,train,L5/S1,nas_best_vit_2d,ViT 2D,1627,9,,0.8082408874801902,0.6853806799228415,0.6404488839560982,0.6580954994695406,0.8082408874801902,0.205229793977813,0.6978645936321846,0.0134706814580031,True,,,,
ViT,2D,RSS,Right Subarticular Stenosis,right_subarticular_stenosis,1,42,validation,L1/L2,nas_best_vit_2d,ViT 2D,1627,9,,0.9356060606060606,0.4738992746960875,0.4612244897959184,0.4667818740399385,0.9356060606060606,0.0681818181818181,0.5207841713559629,0.0037878787878787,True,264,245,15,4
ViT,2D,RSS,Right Subarticular Stenosis,right_subarticular_stenosis,1,42,validation,L2/L3,nas_best_vit_2d,ViT 2D,1627,9,,0.8901515151515151,0.731525145860456,0.71173372786276,0.7211227900608111,0.8901515151515151,0.1136363636363636,0.7450660872714104,0.0037878787878787,True,264,222,31,11
ViT,2D,RSS,Right Subarticular Stenosis,right_subarticular_stenosis,1,42,validation,L3/L4,nas_best_vit_2d,ViT 2D,1627,9,,0.8106060606060606,0.7781471004243281,0.708732610015575,0.7350072916999139,0.8106060606060606,0.1931818181818181,0.7458402964469955,0.0037878787878787,True,264,180,61,23
ViT,2D,RSS,Right Subarticular Stenosis,right_subarticular_stenosis,1,42,validation,L4/L5,nas_best_vit_2d,ViT 2D,1627,9,,0.7272727272727273,0.7187203095579472,0.7161494906443439,0.7154153794393429,0.7272727272727273,0.2840909090909091,0.7615734546427616,0.0113636363636363,True,264,117,86,61
ViT,2D,RSS,Right Subarticular Stenosis,right_subarticular_stenosis,1,42,validation,L5/S1,nas_best_vit_2d,ViT 2D,1627,9,,0.803030303030303,0.6869614512471656,0.6533479150699951,0.6684438221622164,0.803030303030303,0.2196969696969697,0.662379421221865,0.0227272727272727,True,264,187,54,23
ViT,2D,RSS,Right Subarticular Stenosis,right_subarticular_stenosis,1,42,test,L1/L2,nas_best_vit_2d,ViT 2D,1627,9,,0.9424460431654677,0.509382951653944,0.49609375,0.5020819138466197,0.9424460431654677,0.0575539568345323,0.6596265687174778,0.0,True,,,,
ViT,2D,RSS,Right Subarticular Stenosis,right_subarticular_stenosis,1,42,test,L2/L3,nas_best_vit_2d,ViT 2D,1627,9,,0.8489208633093526,0.662290758141138,0.6351723298014859,0.6476372141608193,0.8489208633093526,0.1546762589928057,0.6927648705732108,0.0035971223021582,True,,,,
ViT,2D,RSS,Right Subarticular Stenosis,right_subarticular_stenosis,1,42,test,L3/L4,nas_best_vit_2d,ViT 2D,1627,9,,0.8057553956834532,0.7437260315999387,0.7128815628815629,0.7258930750089639,0.8057553956834532,0.2014388489208633,0.7148425479536362,0.0071942446043165,True,,,,
ViT,2D,RSS,Right Subarticular Stenosis,right_subarticular_stenosis,1,42,test,L4/L5,nas_best_vit_2d,ViT 2D,1627,9,,0.7517985611510791,0.7276943521459153,0.7278453636117869,0.7274999498216871,0.7517985611510791,0.2553956834532374,0.7885438429240786,0.0071942446043165,True,,,,
ViT,2D,RSS,Right Subarticular Stenosis,right_subarticular_stenosis,1,42,test,L5/S1,nas_best_vit_2d,ViT 2D,1627,9,,0.7482014388489209,0.6063932682077571,0.5483789260385005,0.5685881370091895,0.7482014388489209,0.2733812949640288,0.6008223737884673,0.0215827338129496,True,,,,
ViT,2D,RSS,Right Subarticular Stenosis,right_subarticular_stenosis,2,142,train,L1/L2,nas_best_vit_2d,ViT 2D,1627,5,,0.9444003177124702,0.5203552121583027,0.4484561484561484,0.4730992518083884,0.9444003177124702,0.0595710881652104,0.4996937807095872,0.0039714058776806,True,,,,
ViT,2D,RSS,Right Subarticular Stenosis,right_subarticular_stenosis,2,142,train,L2/L3,nas_best_vit_2d,ViT 2D,1627,5,,0.8705321683876092,0.4863022405847767,0.500475214589088,0.4932662172349724,0.8705321683876092,0.1318506751389992,0.614942263033049,0.0023828435266084,True,,,,
ViT,2D,RSS,Right Subarticular Stenosis,right_subarticular_stenosis,2,142,train,L3/L4,nas_best_vit_2d,ViT 2D,1627,5,,0.7950754567116759,0.7072018600666964,0.6520708069077231,0.6749845162358756,0.7950754567116759,0.2088959491660047,0.7333717584616088,0.0039714058776806,True,,,,
ViT,2D,RSS,Right Subarticular Stenosis,right_subarticular_stenosis,2,142,train,L4/L5,nas_best_vit_2d,ViT 2D,1627,5,,0.7013502779984114,0.6791428255992059,0.6756176583862893,0.6766965702900604,0.7013502779984114,0.3089753772835584,0.7384764929917196,0.0103256552819698,True,,,,
ViT,2D,RSS,Right Subarticular Stenosis,right_subarticular_stenosis,2,142,train,L5/S1,nas_best_vit_2d,ViT 2D,1627,5,,0.7656870532168387,0.4365871003233641,0.4680569521561084,0.4509692323144397,0.7656870532168387,0.2541699761715647,0.5149423132991795,0.0198570293884034,True,,,,
ViT,2D,RSS,Right Subarticular Stenosis,right_subarticular_stenosis,2,142,validation,L1/L2,nas_best_vit_2d,ViT 2D,1627,5,,0.948905109489051,0.4637060816836097,0.4153746770025839,0.4316123642439431,0.948905109489051,0.0547445255474452,0.4996777658431793,0.0036496350364963,True,274,258,12,4
ViT,2D,RSS,Right Subarticular Stenosis,right_subarticular_stenosis,2,142,validation,L2/L3,nas_best_vit_2d,ViT 2D,1627,5,,0.8868613138686131,0.4977698483496878,0.5234789194647816,0.5100094764273869,0.8868613138686131,0.1167883211678832,0.6077803974402156,0.0036496350364963,True,274,233,34,7
ViT,2D,RSS,Right Subarticular Stenosis,right_subarticular_stenosis,2,142,validation,L3/L4,nas_best_vit_2d,ViT 2D,1627,5,,0.7992700729927007,0.744617307091534,0.7176638176638176,0.728548034143443,0.7992700729927007,0.2007299270072992,0.7659865213205379,0.0,True,274,180,68,26
ViT,2D,RSS,Right Subarticular Stenosis,right_subarticular_stenosis,2,142,validation,L4/L5,nas_best_vit_2d,ViT 2D,1627,5,,0.7226277372262774,0.686327557498021,0.7038992408557626,0.6928632922692864,0.7226277372262774,0.2992700729927007,0.734835069801919,0.0218978102189781,True,274,138,80,56
ViT,2D,RSS,Right Subarticular Stenosis,right_subarticular_stenosis,2,142,validation,L5/S1,nas_best_vit_2d,ViT 2D,1627,5,,0.7445255474452555,0.418086500655308,0.4521354933726068,0.4341192787794729,0.7445255474452555,0.2773722627737226,0.4682427664079039,0.0218978102189781,True,274,194,56,24
ViT,2D,RSS,Right Subarticular Stenosis,right_subarticular_stenosis,2,142,test,L1/L2,nas_best_vit_2d,ViT 2D,1627,5,,0.922509225092251,0.5188529784537389,0.4126984126984127,0.4364648384469182,0.922509225092251,0.084870848708487,0.4275991551279042,0.007380073800738,True,,,,
ViT,2D,RSS,Right Subarticular Stenosis,right_subarticular_stenosis,2,142,test,L2/L3,nas_best_vit_2d,ViT 2D,1627,5,,0.8597785977859779,0.4305074305074305,0.4779541446208112,0.450828853046595,0.8597785977859779,0.1402214022140221,0.6257178163843862,0.0,True,,,,
ViT,2D,RSS,Right Subarticular Stenosis,right_subarticular_stenosis,2,142,test,L3/L4,nas_best_vit_2d,ViT 2D,1627,5,,0.7749077490774908,0.73224043715847,0.6909705958886286,0.7076901726082054,0.7749077490774908,0.2361623616236162,0.6980549454047688,0.011070110701107,True,,,,
ViT,2D,RSS,Right Subarticular Stenosis,right_subarticular_stenosis,2,142,test,L4/L5,nas_best_vit_2d,ViT 2D,1627,5,,0.7158671586715867,0.6969311610957627,0.6974629843986889,0.6970121381886086,0.7158671586715867,0.2952029520295203,0.7576331114808652,0.011070110701107,True,,,,
ViT,2D,RSS,Right Subarticular Stenosis,right_subarticular_stenosis,2,142,test,L5/S1,nas_best_vit_2d,ViT 2D,1627,5,,0.7564575645756457,0.4311051693404635,0.4498293314500941,0.4383348043542218,0.7564575645756457,0.2583025830258302,0.489321608040201,0.014760147601476,True,,,,
ViT,2D,RSS,Right Subarticular Stenosis,right_subarticular_stenosis,3,242,train,L1/L2,nas_best_vit_2d,ViT 2D,1627,7,,0.9404761904761904,0.4769125683060109,0.4228493362631574,0.4409085915604505,0.9404761904761904,0.0626984126984127,0.4896172828010057,0.0031746031746031,True,,,,
ViT,2D,RSS,Right Subarticular Stenosis,right_subarticular_stenosis,3,242,train,L2/L3,nas_best_vit_2d,ViT 2D,1627,7,,0.8857142857142857,0.7406705605803103,0.5682850442220965,0.6239387777218224,0.8857142857142857,0.119047619047619,0.6532169008341686,0.0047619047619047,True,,,,
ViT,2D,RSS,Right Subarticular Stenosis,right_subarticular_stenosis,3,242,train,L3/L4,nas_best_vit_2d,ViT 2D,1627,7,,0.8023809523809524,0.7284320145207243,0.6654340464465694,0.6913105399600342,0.8023809523809524,0.2015873015873016,0.7455713630105553,0.0039682539682539,True,,,,
ViT,2D,RSS,Right Subarticular Stenosis,right_subarticular_stenosis,3,242,train,L4/L5,nas_best_vit_2d,ViT 2D,1627,7,,0.7222222222222222,0.7097385098622149,0.6837905484782439,0.69316611556875,0.7222222222222222,0.288095238095238,0.7462812347294577,0.0103174603174603,True,,,,
ViT,2D,RSS,Right Subarticular Stenosis,right_subarticular_stenosis,3,242,train,L5/S1,nas_best_vit_2d,ViT 2D,1627,7,,0.7880952380952381,0.6457101045623714,0.5497607536721322,0.5814389673511737,0.7880952380952381,0.2293650793650793,0.6277415004613528,0.0174603174603174,True,,,,
ViT,2D,RSS,Right Subarticular Stenosis,right_subarticular_stenosis,3,242,validation,L1/L2,nas_best_vit_2d,ViT 2D,1627,7,,0.9363295880149812,0.5318087709392058,0.4720921155347384,0.4947015425888665,0.9363295880149812,0.0636704119850187,0.5789815416009647,0.0,True,267,244,21,2
ViT,2D,RSS,Right Subarticular Stenosis,right_subarticular_stenosis,3,242,validation,L2/L3,nas_best_vit_2d,ViT 2D,1627,7,,0.8801498127340824,0.7419970157060009,0.5638646401825002,0.6118518518518518,0.8801498127340824,0.1198501872659176,0.6912625569126256,0.0,True,267,217,41,9
ViT,2D,RSS,Right Subarticular Stenosis,right_subarticular_stenosis,3,242,validation,L3/L4,nas_best_vit_2d,ViT 2D,1627,7,,0.8052434456928839,0.7514952841039797,0.7326502204910459,0.7413981719771868,0.8052434456928839,0.1947565543071161,0.7528041875867962,0.0,True,267,177,69,21
ViT,2D,RSS,Right Subarticular Stenosis,right_subarticular_stenosis,3,242,validation,L4/L5,nas_best_vit_2d,ViT 2D,1627,7,,0.7453183520599251,0.752261957071244,0.7267533082374431,0.7361459203564467,0.7453183520599251,0.2696629213483146,0.7587476563735345,0.0149812734082397,True,267,118,87,62
ViT,2D,RSS,Right Subarticular Stenosis,right_subarticular_stenosis,3,242,validation,L5/S1,nas_best_vit_2d,ViT 2D,1627,7,,0.7378277153558053,0.6149826580691126,0.5319695036753539,0.5537873984674975,0.7378277153558053,0.2883895131086142,0.5649519239377607,0.0262172284644194,True,267,177,62,28
ViT,2D,RSS,Right Subarticular Stenosis,right_subarticular_stenosis,3,242,test,L1/L2,nas_best_vit_2d,ViT 2D,1627,7,,0.9314079422382672,0.482521847690387,0.4287581699346405,0.4465730097914006,0.9314079422382672,0.075812274368231,0.4450677137591153,0.0072202166064981,True,,,,
ViT,2D,RSS,Right Subarticular Stenosis,right_subarticular_stenosis,3,242,test,L2/L3,nas_best_vit_2d,ViT 2D,1627,7,,0.8916967509025271,0.6570191713048855,0.6090923541567318,0.6234798991900952,0.8916967509025271,0.111913357400722,0.7177745530890117,0.003610108303249,True,,,,
ViT,2D,RSS,Right Subarticular Stenosis,right_subarticular_stenosis,3,242,test,L3/L4,nas_best_vit_2d,ViT 2D,1627,7,,0.8050541516245487,0.7422275899087493,0.6864558866354497,0.7102209777639504,0.8050541516245487,0.1985559566787003,0.7595742412937218,0.003610108303249,True,,,,
ViT,2D,RSS,Right Subarticular Stenosis,right_subarticular_stenosis,3,242,test,L4/L5,nas_best_vit_2d,ViT 2D,1627,7,,0.6859205776173285,0.6927852144442005,0.6581920785754435,0.6691853039888325,0.6859205776173285,0.3321299638989169,0.6993167741523529,0.0180505415162454,True,,,,
ViT,2D,RSS,Right Subarticular Stenosis,right_subarticular_stenosis,3,242,test,L5/S1,nas_best_vit_2d,ViT 2D,1627,7,,0.7472924187725631,0.6613737455492958,0.5604611190137506,0.5772471051063924,0.7472924187725631,0.2707581227436823,0.5239491295820781,0.0180505415162454,True,,,,
ViT,2D,RSS,Right Subarticular Stenosis,right_subarticular_stenosis,4,342,train,L1/L2,nas_best_vit_2d,ViT 2D,1627,8,,0.9430379746835444,0.4986328610489685,0.4973830534206282,0.4979104351572763,0.9430379746835444,0.057753164556962,0.6365476628634523,0.0007911392405063,True,,,,
ViT,2D,RSS,Right Subarticular Stenosis,right_subarticular_stenosis,4,342,train,L2/L3,nas_best_vit_2d,ViT 2D,1627,8,,0.877373417721519,0.7038783288783289,0.6014879942217315,0.6394862425402918,0.877373417721519,0.1242088607594936,0.6805033974302617,0.0015822784810126,True,,,,
ViT,2D,RSS,Right Subarticular Stenosis,right_subarticular_stenosis,4,342,train,L3/L4,nas_best_vit_2d,ViT 2D,1627,8,,0.817246835443038,0.7506808799327981,0.722766419038121,0.7352848258928546,0.817246835443038,0.1867088607594936,0.7705295007564297,0.0039556962025316,True,,,,
ViT,2D,RSS,Right Subarticular Stenosis,right_subarticular_stenosis,4,342,train,L4/L5,nas_best_vit_2d,ViT 2D,1627,8,,0.7412974683544303,0.7223041962051493,0.7222760934773285,0.7222896167331072,0.7412974683544303,0.2618670886075949,0.7897488739070274,0.0031645569620253,True,,,,
ViT,2D,RSS,Right Subarticular Stenosis,right_subarticular_stenosis,4,342,train,L5/S1,nas_best_vit_2d,ViT 2D,1627,8,,0.7840189873417721,0.6511888397721864,0.5842540163828461,0.6089623808918906,0.7840189873417721,0.2294303797468354,0.654580143014023,0.0134493670886075,True,,,,
ViT,2D,RSS,Right Subarticular Stenosis,right_subarticular_stenosis,4,342,validation,L1/L2,nas_best_vit_2d,ViT 2D,1627,8,,0.9558823529411764,0.4923076923076923,0.4973958333333333,0.4948320413436692,0.9558823529411764,0.0441176470588235,0.6861538461538462,0.0,True,272,256,12,4
ViT,2D,RSS,Right Subarticular Stenosis,right_subarticular_stenosis,4,342,validation,L2/L3,nas_best_vit_2d,ViT 2D,1627,8,,0.8860294117647058,0.5954415954415954,0.584944923654601,0.5895400895400895,0.8860294117647058,0.1139705882352941,0.6913616398243045,0.0,True,272,234,31,7
ViT,2D,RSS,Right Subarticular Stenosis,right_subarticular_stenosis,4,342,validation,L3/L4,nas_best_vit_2d,ViT 2D,1627,8,,0.8198529411764706,0.7685182902611721,0.7166336969791932,0.7387085231442128,0.8198529411764706,0.1801470588235294,0.7842807199274893,0.0,True,272,183,62,27
ViT,2D,RSS,Right Subarticular Stenosis,right_subarticular_stenosis,4,342,validation,L4/L5,nas_best_vit_2d,ViT 2D,1627,8,,0.6838235294117647,0.6831020408163265,0.6629300045317842,0.6710790933336316,0.6838235294117647,0.3235294117647059,0.711705069124424,0.0073529411764705,True,272,124,90,58
ViT,2D,RSS,Right Subarticular Stenosis,right_subarticular_stenosis,4,342,validation,L5/S1,nas_best_vit_2d,ViT 2D,1627,8,,0.75,0.6539890953599644,0.5904962208347025,0.6105817157363549,0.75,0.2683823529411764,0.6209791149016184,0.0183823529411764,True,272,179,68,25
ViT,2D,RSS,Right Subarticular Stenosis,right_subarticular_stenosis,4,342,test,L1/L2,nas_best_vit_2d,ViT 2D,1627,8,,0.9477611940298508,0.5505952380952381,0.5126016260162601,0.5290049085229809,0.9477611940298508,0.0522388059701492,0.6596516690856313,0.0,True,,,,
ViT,2D,RSS,Right Subarticular Stenosis,right_subarticular_stenosis,4,342,test,L2/L3,nas_best_vit_2d,ViT 2D,1627,8,,0.8395522388059702,0.763206824893361,0.564450689866573,0.5949593090848696,0.8395522388059702,0.1641791044776119,0.6242608960682718,0.003731343283582,True,,,,
ViT,2D,RSS,Right Subarticular Stenosis,right_subarticular_stenosis,4,342,test,L3/L4,nas_best_vit_2d,ViT 2D,1627,8,,0.7910447761194029,0.6880588049942888,0.6801918241658899,0.6840270225142491,0.7910447761194029,0.2126865671641791,0.7495089031113364,0.003731343283582,True,,,,
ViT,2D,RSS,Right Subarticular Stenosis,right_subarticular_stenosis,4,342,test,L4/L5,nas_best_vit_2d,ViT 2D,1627,8,,0.664179104477612,0.6567030912051949,0.6584937039676882,0.6575781281690224,0.664179104477612,0.3470149253731343,0.7014851485148514,0.0111940298507462,True,,,,
ViT,2D,RSS,Right Subarticular Stenosis,right_subarticular_stenosis,4,342,test,L5/S1,nas_best_vit_2d,ViT 2D,1627,8,,0.7910447761194029,0.6409375933114362,0.6342783258308592,0.6374532089034673,0.7910447761194029,0.2201492537313432,0.6552679490224016,0.0111940298507462,True,,,,
ViT,2D,RSS,Right Subarticular Stenosis,right_subarticular_stenosis,5,442,train,L1/L2,nas_best_vit_2d,ViT 2D,1627,6,,0.9371019108280256,0.5044784580498867,0.4980939510679925,0.5010234152582852,0.9371019108280256,0.0636942675159235,0.6250800862018755,0.000796178343949,True,,,,
ViT,2D,RSS,Right Subarticular Stenosis,right_subarticular_stenosis,5,442,train,L2/L3,nas_best_vit_2d,ViT 2D,1627,6,,0.8877388535031847,0.7120139377712285,0.7022786090700595,0.706658920321711,0.8877388535031847,0.1154458598726114,0.7441226285458632,0.0031847133757961,True,,,,
ViT,2D,RSS,Right Subarticular Stenosis,right_subarticular_stenosis,5,442,train,L3/L4,nas_best_vit_2d,ViT 2D,1627,6,,0.7953821656050956,0.701945202368889,0.7005038503201977,0.6984402732296658,0.7953821656050956,0.2093949044585987,0.754681227645025,0.0047770700636942,True,,,,
ViT,2D,RSS,Right Subarticular Stenosis,right_subarticular_stenosis,5,442,train,L4/L5,nas_best_vit_2d,ViT 2D,1627,6,,0.7221337579617835,0.6973006737636419,0.7069270562365829,0.6998704780314872,0.7221337579617835,0.2898089171974522,0.7605806474710852,0.0119426751592356,True,,,,
ViT,2D,RSS,Right Subarticular Stenosis,right_subarticular_stenosis,5,442,train,L5/S1,nas_best_vit_2d,ViT 2D,1627,6,,0.7882165605095541,0.6457673000216627,0.6070844793067015,0.6236313164410137,0.7882165605095541,0.2285031847133758,0.652546220776731,0.0167197452229299,True,,,,
ViT,2D,RSS,Right Subarticular Stenosis,right_subarticular_stenosis,5,442,validation,L1/L2,nas_best_vit_2d,ViT 2D,1627,6,,0.967032967032967,0.4533018867924528,0.474918211559433,0.4635041113219482,0.967032967032967,0.0329670329670329,0.701203940167822,0.0,True,273,262,7,4
ViT,2D,RSS,Right Subarticular Stenosis,right_subarticular_stenosis,5,442,validation,L2/L3,nas_best_vit_2d,ViT 2D,1627,6,,0.8571428571428571,0.604044630404463,0.6175293305728088,0.6000752539821899,0.8571428571428571,0.1538461538461538,0.570979570455736,0.0109890109890109,True,273,230,36,7
ViT,2D,RSS,Right Subarticular Stenosis,right_subarticular_stenosis,5,442,validation,L3/L4,nas_best_vit_2d,ViT 2D,1627,6,,0.7802197802197802,0.6945321250381835,0.7145373945373944,0.7037196482737803,0.7802197802197802,0.2197802197802197,0.7491039426523298,0.0,True,273,185,63,25
ViT,2D,RSS,Right Subarticular Stenosis,right_subarticular_stenosis,5,442,validation,L4/L5,nas_best_vit_2d,ViT 2D,1627,6,,0.717948717948718,0.6938828132503204,0.693684321711867,0.6936874999918988,0.717948717948718,0.2893772893772894,0.7570002252083177,0.0073260073260073,True,273,129,85,59
ViT,2D,RSS,Right Subarticular Stenosis,right_subarticular_stenosis,5,442,validation,L5/S1,nas_best_vit_2d,ViT 2D,1627,6,,0.8131868131868132,0.7569491461671557,0.6344066515495087,0.6733850009111334,0.8131868131868132,0.2051282051282051,0.6766215585627624,0.0183150183150183,True,273,196,50,27
ViT,2D,RSS,Right Subarticular Stenosis,right_subarticular_stenosis,5,442,test,L1/L2,nas_best_vit_2d,ViT 2D,1627,6,,0.9490909090909092,0.4910600255427841,0.4948320413436692,0.4929351316634554,0.9490909090909092,0.0509090909090909,0.6312260536398469,0.0,True,,,,
ViT,2D,RSS,Right Subarticular Stenosis,right_subarticular_stenosis,5,442,test,L2/L3,nas_best_vit_2d,ViT 2D,1627,6,,0.8581818181818182,0.6237228607918263,0.6487302120489893,0.6328361017838925,0.8581818181818182,0.1418181818181818,0.6665423001585673,0.0,True,,,,
ViT,2D,RSS,Right Subarticular Stenosis,right_subarticular_stenosis,5,442,test,L3/L4,nas_best_vit_2d,ViT 2D,1627,6,,0.8290909090909091,0.7341906232676011,0.7575404298568141,0.7451037110201778,0.8290909090909091,0.1745454545454545,0.7988413260379787,0.0036363636363636,True,,,,
ViT,2D,RSS,Right Subarticular Stenosis,right_subarticular_stenosis,5,442,test,L4/L5,nas_best_vit_2d,ViT 2D,1627,6,,0.68,0.6577111429937829,0.6603535353535354,0.6586936194208298,0.68,0.3490909090909091,0.6864501679731243,0.029090909090909,True,,,,
ViT,2D,RSS,Right Subarticular Stenosis,right_subarticular_stenosis,5,442,test,L5/S1,nas_best_vit_2d,ViT 2D,1627,6,,0.7745454545454545,0.6776572941621485,0.593168629458952,0.6225057938582256,0.7745454545454545,0.2436363636363636,0.6199407699901283,0.0181818181818181,True,,,,
ViT,2D,SCS,Spinal Canal Stenosis,spinal_canal_stenosis,1,42,train,L1/L2,nas_best_vit_2d,ViT 2D,72,7,,0.9660889223813112,0.736123621369523,0.5976374075743162,0.6462166925093563,0.9660889223813112,0.0346646571213263,0.7040121190717386,0.0007535795026375,True,,,,
ViT,2D,SCS,Spinal Canal Stenosis,spinal_canal_stenosis,1,42,train,L2/L3,nas_best_vit_2d,ViT 2D,72,7,,0.92991710625471,0.734994378408349,0.6804711628241039,0.7053157286273625,0.92991710625471,0.0783722682743029,0.7084757228739207,0.0082893745290128,True,,,,
ViT,2D,SCS,Spinal Canal Stenosis,spinal_canal_stenosis,1,42,train,L3/L4,nas_best_vit_2d,ViT 2D,72,7,,0.8952524491333835,0.7646517139647702,0.6959988698671765,0.7253128340564673,0.8952524491333835,0.1100226073850791,0.7881393139673188,0.0052750565184626,True,,,,
ViT,2D,SCS,Spinal Canal Stenosis,spinal_canal_stenosis,1,42,train,L4/L5,nas_best_vit_2d,ViT 2D,72,7,,0.8613413715146948,0.7195467563940796,0.6661928830197499,0.6614786141539046,0.8613413715146948,0.1605124340617935,0.8017993737905842,0.0218538055764883,True,,,,
ViT,2D,SCS,Spinal Canal Stenosis,spinal_canal_stenosis,1,42,train,L5/S1,nas_best_vit_2d,ViT 2D,72,7,,0.9623210248681237,0.7484269543093073,0.5757292791711669,0.6289298922311973,0.9623210248681237,0.0391861341371514,0.5941408426088761,0.001507159005275,True,,,,
ViT,2D,SCS,Spinal Canal Stenosis,spinal_canal_stenosis,1,42,validation,L1/L2,nas_best_vit_2d,ViT 2D,72,7,,0.9615384615384616,0.5481754817548176,0.5530586766541822,0.55059892606361,0.9615384615384616,0.0419580419580419,0.6788063532809241,0.0034965034965034,True,286,267,15,4
ViT,2D,SCS,Spinal Canal Stenosis,spinal_canal_stenosis,1,42,validation,L2/L3,nas_best_vit_2d,ViT 2D,72,7,,0.8986013986013986,0.6161569354340438,0.6796398046398046,0.6380914361752685,0.8986013986013986,0.1118881118881118,0.6815144766146993,0.0104895104895104,True,286,252,26,8
ViT,2D,SCS,Spinal Canal Stenosis,spinal_canal_stenosis,1,42,validation,L3/L4,nas_best_vit_2d,ViT 2D,72,7,,0.8811188811188811,0.6679271708683473,0.6421667413046723,0.6538530687015974,0.8811188811188811,0.1223776223776223,0.8045798707294551,0.0034965034965034,True,286,232,33,21
ViT,2D,SCS,Spinal Canal Stenosis,spinal_canal_stenosis,1,42,validation,L4/L5,nas_best_vit_2d,ViT 2D,72,7,,0.8706293706293706,0.6965546942291129,0.7158678286129266,0.6978042713268703,0.8706293706293706,0.1328671328671328,0.8637770897832817,0.0034965034965034,True,286,216,36,34
ViT,2D,SCS,Spinal Canal Stenosis,spinal_canal_stenosis,1,42,validation,L5/S1,nas_best_vit_2d,ViT 2D,72,7,,0.951048951048951,0.7511133949982871,0.5124357934576912,0.5748792270531401,0.951048951048951,0.0559440559440559,0.356000900698041,0.0069930069930069,True,286,274,9,3
ViT,2D,SCS,Spinal Canal Stenosis,spinal_canal_stenosis,1,42,test,L1/L2,nas_best_vit_2d,ViT 2D,72,7,,0.9790209790209792,0.4802781120470651,0.5976019184652278,0.522007722007722,0.9790209790209792,0.0209790209790209,0.7629179331306991,0.0,True,,,,
ViT,2D,SCS,Spinal Canal Stenosis,spinal_canal_stenosis,1,42,test,L2/L3,nas_best_vit_2d,ViT 2D,72,7,,0.9230769230769232,0.5472448521393289,0.5351648351648352,0.5378436512737783,0.9230769230769232,0.0839160839160839,0.646820146423216,0.0069930069930069,True,,,,
ViT,2D,SCS,Spinal Canal Stenosis,spinal_canal_stenosis,1,42,test,L3/L4,nas_best_vit_2d,ViT 2D,72,7,,0.8811188811188811,0.6814384445963393,0.738587556234615,0.7065858140790384,0.8811188811188811,0.1223776223776223,0.7853810895225732,0.0034965034965034,True,,,,
ViT,2D,SCS,Spinal Canal Stenosis,spinal_canal_stenosis,1,42,test,L4/L5,nas_best_vit_2d,ViT 2D,72,7,,0.8601398601398601,0.675783676172378,0.6447070819428995,0.6525369484012115,0.8601398601398601,0.1678321678321678,0.7845219315800626,0.0279720279720279,True,,,,
ViT,2D,SCS,Spinal Canal Stenosis,spinal_canal_stenosis,1,42,test,L5/S1,nas_best_vit_2d,ViT 2D,72,7,,0.9405594405594404,0.7175403671754038,0.5168686868686868,0.5598536413894482,0.9405594405594404,0.0664335664335664,0.3180592991913746,0.0069930069930069,True,,,,
ViT,2D,SCS,Spinal Canal Stenosis,spinal_canal_stenosis,2,142,train,L1/L2,nas_best_vit_2d,ViT 2D,72,7,,0.9639097744360904,0.8118149438180137,0.4507119864262721,0.4938564733675326,0.9639097744360904,0.037593984962406,0.5467397066619544,0.0015037593984962,True,,,,
ViT,2D,SCS,Spinal Canal Stenosis,spinal_canal_stenosis,2,142,train,L2/L3,nas_best_vit_2d,ViT 2D,72,7,,0.9263157894736842,0.7328030446686693,0.5593977432605869,0.6091399773364347,0.9263157894736842,0.0796992481203007,0.6422287390029325,0.0060150375939849,True,,,,
ViT,2D,SCS,Spinal Canal Stenosis,spinal_canal_stenosis,2,142,train,L3/L4,nas_best_vit_2d,ViT 2D,72,7,,0.8834586466165414,0.7607153943715687,0.6143881928959581,0.6674762013083888,0.8834586466165414,0.1255639097744361,0.726945178356834,0.0090225563909774,True,,,,
ViT,2D,SCS,Spinal Canal Stenosis,spinal_canal_stenosis,2,142,train,L4/L5,nas_best_vit_2d,ViT 2D,72,7,,0.8548872180451128,0.7097160265477097,0.6213035330682389,0.6457203919933278,0.8548872180451128,0.1714285714285714,0.7625014231698036,0.0263157894736842,True,,,,
ViT,2D,SCS,Spinal Canal Stenosis,spinal_canal_stenosis,2,142,train,L5/S1,nas_best_vit_2d,ViT 2D,72,7,,0.9646616541353384,0.5921468841989722,0.5627347316114867,0.5286769601903701,0.9646616541353384,0.0428571428571428,0.4922909126964454,0.0075187969924812,True,,,,
ViT,2D,SCS,Spinal Canal Stenosis,spinal_canal_stenosis,2,142,validation,L1/L2,nas_best_vit_2d,ViT 2D,72,7,,0.9513888888888888,0.5065710872162486,0.4511463844797178,0.4715820596077189,0.9513888888888888,0.0520833333333333,0.548172757475083,0.0034722222222222,True,288,270,14,4
ViT,2D,SCS,Spinal Canal Stenosis,spinal_canal_stenosis,2,142,validation,L2/L3,nas_best_vit_2d,ViT 2D,72,7,,0.9201388888888888,0.8332644912570563,0.5179944713018644,0.5552598225602028,0.9201388888888888,0.0902777777777777,0.5701492537313433,0.0104166666666666,True,288,257,22,9
ViT,2D,SCS,Spinal Canal Stenosis,spinal_canal_stenosis,2,142,validation,L3/L4,nas_best_vit_2d,ViT 2D,72,7,,0.8854166666666666,0.7680318813131312,0.6293447293447293,0.6776905634048491,0.8854166666666666,0.1180555555555555,0.7489466802266453,0.0034722222222222,True,288,234,39,15
ViT,2D,SCS,Spinal Canal Stenosis,spinal_canal_stenosis,2,142,validation,L4/L5,nas_best_vit_2d,ViT 2D,72,7,,0.8819444444444444,0.7821470786896318,0.6929012345679012,0.724761013441826,0.8819444444444444,0.1284722222222222,0.8378887841658813,0.0104166666666666,True,288,216,36,36
ViT,2D,SCS,Spinal Canal Stenosis,spinal_canal_stenosis,2,142,validation,L5/S1,nas_best_vit_2d,ViT 2D,72,7,,0.9618055555555556,0.543859649122807,0.5543478260869565,0.5490196078431372,0.9618055555555556,0.0451388888888888,0.4749034749034749,0.0069444444444444,True,288,276,9,3
ViT,2D,SCS,Spinal Canal Stenosis,spinal_canal_stenosis,2,142,test,L1/L2,nas_best_vit_2d,ViT 2D,72,7,,0.9608540925266904,0.4105616605616606,0.4273322711984422,0.4185321853218532,0.9608540925266904,0.0391459074733096,0.6767750705845446,0.0,True,,,,
ViT,2D,SCS,Spinal Canal Stenosis,spinal_canal_stenosis,2,142,test,L2/L3,nas_best_vit_2d,ViT 2D,72,7,,0.9252669039145908,0.8271128271128271,0.5484126984126984,0.569077052805753,0.9252669039145908,0.0818505338078291,0.6389378004092705,0.0071174377224199,True,,,,
ViT,2D,SCS,Spinal Canal Stenosis,spinal_canal_stenosis,2,142,test,L3/L4,nas_best_vit_2d,ViT 2D,72,7,,0.8896797153024911,0.7470751015832983,0.6606130199553171,0.6970586366812782,0.8896797153024911,0.1174377224199288,0.7563678968951377,0.0071174377224199,True,,,,
ViT,2D,SCS,Spinal Canal Stenosis,spinal_canal_stenosis,2,142,test,L4/L5,nas_best_vit_2d,ViT 2D,72,7,,0.8256227758007118,0.6224018195267905,0.601740854319611,0.603929708039297,0.8256227758007118,0.195729537366548,0.7472851984590397,0.0213523131672597,True,,,,
ViT,2D,SCS,Spinal Canal Stenosis,spinal_canal_stenosis,2,142,test,L5/S1,nas_best_vit_2d,ViT 2D,72,7,,0.9750889679715302,0.8261390887290169,0.4987789987789988,0.5735430530348861,0.9750889679715302,0.0391459074733096,0.3350354963258189,0.0142348754448398,True,,,,
ViT,2D,SCS,Spinal Canal Stenosis,spinal_canal_stenosis,3,242,train,L1/L2,nas_best_vit_2d,ViT 2D,72,16,,0.9752808988764043,0.7748868778280543,0.7109362783424551,0.7341324564195042,0.9752808988764043,0.0269662921348314,0.7807110172474481,0.0022471910112359,True,,,,
ViT,2D,SCS,Spinal Canal Stenosis,spinal_canal_stenosis,3,242,train,L2/L3,nas_best_vit_2d,ViT 2D,72,16,,0.9393258426966292,0.78645162717639,0.6988570177170345,0.7278443523508757,0.9393258426966292,0.0689138576779026,0.7365532952043318,0.0082397003745318,True,,,,
ViT,2D,SCS,Spinal Canal Stenosis,spinal_canal_stenosis,3,242,train,L3/L4,nas_best_vit_2d,ViT 2D,72,16,,0.9243445692883896,0.8326118533037038,0.7546620156043943,0.7873364454254602,0.9243445692883896,0.0786516853932584,0.8543894549992905,0.0029962546816479,True,,,,
ViT,2D,SCS,Spinal Canal Stenosis,spinal_canal_stenosis,3,242,train,L4/L5,nas_best_vit_2d,ViT 2D,72,16,,0.8823970037453184,0.7767752569935963,0.7482238668953126,0.7601339444742857,0.8823970037453184,0.1310861423220973,0.838353887833316,0.0134831460674157,True,,,,
ViT,2D,SCS,Spinal Canal Stenosis,spinal_canal_stenosis,3,242,train,L5/S1,nas_best_vit_2d,ViT 2D,72,16,,0.9670411985018726,0.6960489599188229,0.4741754743056077,0.532594415063906,0.9670411985018726,0.0382022471910112,0.4784309954139193,0.0052434456928838,True,,,,
ViT,2D,SCS,Spinal Canal Stenosis,spinal_canal_stenosis,3,242,validation,L1/L2,nas_best_vit_2d,ViT 2D,72,16,,0.9469964664310954,0.6718679330619629,0.6211977186311787,0.6412429378531074,0.9469964664310954,0.0530035335689045,0.7310738042445359,0.0,True,283,263,16,4
ViT,2D,SCS,Spinal Canal Stenosis,spinal_canal_stenosis,3,242,validation,L2/L3,nas_best_vit_2d,ViT 2D,72,16,,0.9045936395759716,0.6411147136019762,0.6181981101335939,0.6253754863895425,0.9045936395759716,0.1024734982332155,0.7242448401098414,0.0070671378091872,True,283,248,24,11
ViT,2D,SCS,Spinal Canal Stenosis,spinal_canal_stenosis,3,242,validation,L3/L4,nas_best_vit_2d,ViT 2D,72,16,,0.8904593639575972,0.7469582704876823,0.7145884128642749,0.7288735151139866,0.8904593639575972,0.1166077738515901,0.7794882594503527,0.0070671378091872,True,283,232,33,18
ViT,2D,SCS,Spinal Canal Stenosis,spinal_canal_stenosis,3,242,validation,L4/L5,nas_best_vit_2d,ViT 2D,72,16,,0.8833922261484098,0.7242703533026114,0.7317019400352733,0.7228437459384341,0.8833922261484098,0.1201413427561837,0.874191158310694,0.0035335689045936,True,283,216,32,35
ViT,2D,SCS,Spinal Canal Stenosis,spinal_canal_stenosis,3,242,validation,L5/S1,nas_best_vit_2d,ViT 2D,72,16,,0.9646643109540636,0.3761214630779848,0.3951690821256039,0.3840579710144927,0.9646643109540636,0.0353356890459364,0.4886158294181424,0.0,True,283,276,5,2
ViT,2D,SCS,Spinal Canal Stenosis,spinal_canal_stenosis,3,242,test,L1/L2,nas_best_vit_2d,ViT 2D,72,16,,0.9786476868327402,0.7074481074481075,0.8135848025146918,0.6880252100840337,0.9786476868327402,0.0213523131672597,0.7940889106008794,0.0,True,,,,
ViT,2D,SCS,Spinal Canal Stenosis,spinal_canal_stenosis,3,242,test,L2/L3,nas_best_vit_2d,ViT 2D,72,16,,0.9501779359430604,0.6368972746331237,0.6224457215836526,0.6154431120210587,0.9501779359430604,0.0498220640569395,0.7750714694110921,0.0,True,,,,
ViT,2D,SCS,Spinal Canal Stenosis,spinal_canal_stenosis,3,242,test,L3/L4,nas_best_vit_2d,ViT 2D,72,16,,0.8790035587188612,0.7264868603042878,0.6507532218739115,0.6830064712260672,0.8790035587188612,0.1245551601423487,0.7515829211764987,0.0035587188612099,True,,,,
ViT,2D,SCS,Spinal Canal Stenosis,spinal_canal_stenosis,3,242,test,L4/L5,nas_best_vit_2d,ViT 2D,72,16,,0.900355871886121,0.7821335354045634,0.7577153110047847,0.7692957288015627,0.900355871886121,0.1067615658362989,0.8815727495847485,0.0071174377224199,True,,,,
ViT,2D,SCS,Spinal Canal Stenosis,spinal_canal_stenosis,3,242,test,L5/S1,nas_best_vit_2d,ViT 2D,72,16,,0.9395017793594306,0.3176895306859206,0.3308270676691729,0.3241252302025783,0.9395017793594306,0.0640569395017793,0.2699402442192777,0.0035587188612099,True,,,,
ViT,2D,SCS,Spinal Canal Stenosis,spinal_canal_stenosis,4,342,train,L1/L2,nas_best_vit_2d,ViT 2D,72,15,,0.9759036144578314,0.5481835237932798,0.5370926243567753,0.5423625956830563,0.9759036144578314,0.0248493975903614,0.7282634114400637,0.0007530120481927,True,,,,
ViT,2D,SCS,Spinal Canal Stenosis,spinal_canal_stenosis,4,342,train,L2/L3,nas_best_vit_2d,ViT 2D,72,15,,0.9375,0.7897326791988472,0.6553060971582871,0.7023305713747714,0.9375,0.0640060240963855,0.7618306827982557,0.0015060240963855,True,,,,
ViT,2D,SCS,Spinal Canal Stenosis,spinal_canal_stenosis,4,342,train,L3/L4,nas_best_vit_2d,ViT 2D,72,15,,0.908132530120482,0.7818817878028405,0.724533386579083,0.7490248185827036,0.908132530120482,0.0971385542168674,0.8131572319123481,0.0052710843373493,True,,,,
ViT,2D,SCS,Spinal Canal Stenosis,spinal_canal_stenosis,4,342,train,L4/L5,nas_best_vit_2d,ViT 2D,72,15,,0.8878012048192772,0.8052511660003807,0.7543551769299102,0.7750528283774699,0.8878012048192772,0.1242469879518072,0.8350279350745986,0.0120481927710843,True,,,,
ViT,2D,SCS,Spinal Canal Stenosis,spinal_canal_stenosis,4,342,train,L5/S1,nas_best_vit_2d,ViT 2D,72,15,,0.9713855421686748,0.6873088685015291,0.5577829577829577,0.6028558873097966,0.9713855421686748,0.0316265060240963,0.5682480233042031,0.003012048192771,True,,,,
ViT,2D,SCS,Spinal Canal Stenosis,spinal_canal_stenosis,4,342,validation,L1/L2,nas_best_vit_2d,ViT 2D,72,15,,0.975177304964539,0.8851714167699297,0.6843811246796322,0.728780395649475,0.975177304964539,0.0248226950354609,0.8123930811632769,0.0,True,282,268,11,3
ViT,2D,SCS,Spinal Canal Stenosis,spinal_canal_stenosis,4,342,validation,L2/L3,nas_best_vit_2d,ViT 2D,72,15,,0.9219858156028368,0.6037201871505192,0.5821438095639115,0.5754593175853019,0.9219858156028368,0.0851063829787234,0.7048665620094191,0.0070921985815602,True,282,254,17,11
ViT,2D,SCS,Spinal Canal Stenosis,spinal_canal_stenosis,4,342,validation,L3/L4,nas_best_vit_2d,ViT 2D,72,15,,0.9219858156028368,0.8311764705882352,0.7789879038667631,0.8023054464914932,0.9219858156028368,0.0851063829787234,0.8332981463497023,0.0070921985815602,True,282,233,31,18
ViT,2D,SCS,Spinal Canal Stenosis,spinal_canal_stenosis,4,342,validation,L4/L5,nas_best_vit_2d,ViT 2D,72,15,,0.8794326241134752,0.7507810841144175,0.7083592809399261,0.7224243654853928,0.8794326241134752,0.1312056737588652,0.8307511933673897,0.0106382978723404,True,282,217,28,37
ViT,2D,SCS,Spinal Canal Stenosis,spinal_canal_stenosis,4,342,validation,L5/S1,nas_best_vit_2d,ViT 2D,72,15,,0.946808510638298,0.3189964157706093,0.332089552238806,0.3254113345521023,0.946808510638298,0.0638297872340425,0.2378378378378378,0.0106382978723404,True,282,268,10,4
ViT,2D,SCS,Spinal Canal Stenosis,spinal_canal_stenosis,4,342,test,L1/L2,nas_best_vit_2d,ViT 2D,72,15,,0.9515570934256056,0.4534493284493284,0.5284493284493285,0.4822954822954823,0.9515570934256056,0.0484429065743944,0.7056598283136912,0.0,True,,,,
ViT,2D,SCS,Spinal Canal Stenosis,spinal_canal_stenosis,4,342,test,L2/L3,nas_best_vit_2d,ViT 2D,72,15,,0.9100346020761244,0.617909117909118,0.5781103522164189,0.5804364825478069,0.9100346020761244,0.0934256055363321,0.6578764746703678,0.0034602076124567,True,,,,
ViT,2D,SCS,Spinal Canal Stenosis,spinal_canal_stenosis,4,342,test,L3/L4,nas_best_vit_2d,ViT 2D,72,15,,0.8996539792387543,0.787101233287976,0.736035505282589,0.7387935723841869,0.8996539792387543,0.1072664359861591,0.8165279062596361,0.0069204152249134,True,,,,
ViT,2D,SCS,Spinal Canal Stenosis,spinal_canal_stenosis,4,342,test,L4/L5,nas_best_vit_2d,ViT 2D,72,15,,0.8719723183391004,0.7856075165492206,0.716567378124959,0.7400587350128635,0.8719723183391004,0.1384083044982699,0.8328723725233833,0.0103806228373702,True,,,,
ViT,2D,SCS,Spinal Canal Stenosis,spinal_canal_stenosis,4,342,test,L5/S1,nas_best_vit_2d,ViT 2D,72,15,,0.9550173010380624,0.6527293844367015,0.4154589371980676,0.4589698046181172,0.9550173010380624,0.0553633217993079,0.257936507936508,0.0103806228373702,True,,,,
ViT,2D,SCS,Spinal Canal Stenosis,spinal_canal_stenosis,5,442,train,L1/L2,nas_best_vit_2d,ViT 2D,72,17,,0.9683257918552036,0.7071771791039856,0.8646400917694294,0.7687187733585112,0.9683257918552036,0.0316742081447963,0.8200186147521911,0.0,True,,,,
ViT,2D,SCS,Spinal Canal Stenosis,spinal_canal_stenosis,5,442,train,L2/L3,nas_best_vit_2d,ViT 2D,72,17,,0.940422322775264,0.7916585196381641,0.6841894020793103,0.7179326570996744,0.940422322775264,0.0610859728506787,0.7794540651599648,0.0015082956259426,True,,,,
ViT,2D,SCS,Spinal Canal Stenosis,spinal_canal_stenosis,5,442,train,L3/L4,nas_best_vit_2d,ViT 2D,72,17,,0.9260935143288084,0.8145206444979914,0.8064134811740201,0.8101150265780407,0.9260935143288084,0.0761689291101055,0.8710976892760386,0.002262443438914,True,,,,
ViT,2D,SCS,Spinal Canal Stenosis,spinal_canal_stenosis,5,442,train,L4/L5,nas_best_vit_2d,ViT 2D,72,17,,0.8906485671191554,0.7932041385808509,0.7598456639501704,0.7753908901449886,0.8906485671191554,0.1161387631975867,0.8658844947911399,0.006787330316742,True,,,,
ViT,2D,SCS,Spinal Canal Stenosis,spinal_canal_stenosis,5,442,train,L5/S1,nas_best_vit_2d,ViT 2D,72,17,,0.9592760180995475,0.5586082078017561,0.5996759442347638,0.5287910478571957,0.9592760180995475,0.0580693815987933,0.4170116027194543,0.0173453996983408,True,,,,
ViT,2D,SCS,Spinal Canal Stenosis,spinal_canal_stenosis,5,442,validation,L1/L2,nas_best_vit_2d,ViT 2D,72,17,,0.9545454545454546,0.6339506172839506,0.6453650900145366,0.6393822497254146,0.9545454545454546,0.0454545454545454,0.7516366065464262,0.0,True,286,271,11,4
ViT,2D,SCS,Spinal Canal Stenosis,spinal_canal_stenosis,5,442,validation,L2/L3,nas_best_vit_2d,ViT 2D,72,17,,0.9265734265734266,0.7077124183006536,0.6668168475663867,0.6727035984848485,0.9265734265734266,0.0769230769230769,0.754874651810585,0.0034965034965034,True,286,257,19,10
ViT,2D,SCS,Spinal Canal Stenosis,spinal_canal_stenosis,5,442,validation,L3/L4,nas_best_vit_2d,ViT 2D,72,17,,0.9055944055944056,0.759121830550402,0.6629193679402884,0.6897628886265249,0.9055944055944056,0.0979020979020979,0.8116438356164384,0.0034965034965034,True,286,239,26,21
ViT,2D,SCS,Spinal Canal Stenosis,spinal_canal_stenosis,5,442,validation,L4/L5,nas_best_vit_2d,ViT 2D,72,17,,0.8671328671328671,0.7295957929760747,0.7267064374551402,0.7278440412243229,0.8671328671328671,0.1468531468531468,0.8235657001850709,0.0139860139860139,True,286,213,35,38
ViT,2D,SCS,Spinal Canal Stenosis,spinal_canal_stenosis,5,442,validation,L5/S1,nas_best_vit_2d,ViT 2D,72,17,,0.9475524475524476,0.4630483017579792,0.6629766297662977,0.5248484848484848,0.9475524475524476,0.0629370629370629,0.522271714922049,0.0104895104895104,True,286,271,12,3
ViT,2D,SCS,Spinal Canal Stenosis,spinal_canal_stenosis,5,442,test,L1/L2,nas_best_vit_2d,ViT 2D,72,17,,0.9337979094076656,0.5318763326226014,0.6421735604217357,0.5734932349323493,0.9337979094076656,0.0696864111498257,0.5874281233664401,0.0034843205574912,True,,,,
ViT,2D,SCS,Spinal Canal Stenosis,spinal_canal_stenosis,5,442,test,L2/L3,nas_best_vit_2d,ViT 2D,72,17,,0.9372822299651568,0.6507771329464345,0.6167079858763428,0.6246415444888727,0.9372822299651568,0.0766550522648083,0.6467547386559449,0.0139372822299651,True,,,,
ViT,2D,SCS,Spinal Canal Stenosis,spinal_canal_stenosis,5,442,test,L3/L4,nas_best_vit_2d,ViT 2D,72,17,,0.89198606271777,0.7295353535353536,0.7015835574216478,0.6933407180829861,0.89198606271777,0.1080139372822299,0.7849771612248351,0.0,True,,,,
ViT,2D,SCS,Spinal Canal Stenosis,spinal_canal_stenosis,5,442,test,L4/L5,nas_best_vit_2d,ViT 2D,72,17,,0.8815331010452961,0.718875138229977,0.749702380952381,0.7329064594872557,0.8815331010452961,0.1289198606271777,0.8441615840183859,0.0104529616724738,True,,,,
ViT,2D,SCS,Spinal Canal Stenosis,spinal_canal_stenosis,5,442,test,L5/S1,nas_best_vit_2d,ViT 2D,72,17,,0.951219512195122,0.3238434163701068,0.3285198555956679,0.3261648745519713,0.951219512195122,0.0627177700348432,0.2160117671779784,0.0139372822299651,True,,,,
